account_id,label_kor,DB손해보험_연결_전기말,DB손해보험_연결_당기말,DB손해보험_별도_전기말,DB손해보험_별도_당기말,DB손해보험_연결_전기_누적,DB손해보험_별도_2025-03-31_누적,DB손해보험_연결_2025-03-31_누적,DB손해보험_별도_전기_누적,DB손해보험_연결_2025-12-31_단일,DB손해보험_별도_2025-12-31_단일,DB손해보험_별도_2025-03-31,DB손해보험_별도_2024-12-31,DB손해보험_연결_2025-03-31,DB손해보험_별도_당기_단일,DB손해보험_별도_2025-03-31_단일,DB손해보험_연결_당기_단일,DB손해보험_연결_2025-03-31_단일,DB손해보험_연결_2024-12-31,KB생명_연결_당기_단일,KB생명_연결_2025-03-31_누적,KB생명_연결_2025-03-31_단일,KB생명_연결_전기_누적,KB생명_별도_전기_누적,KB생명_별도_당기_단일,KB생명_별도_2025-03-31_누적,KB생명_별도_2025-03-31_단일,KB생명_연결_전기말,KB생명_연결_당기말,KB생명_별도_전기말,KB생명_별도_당기말,KB생명_연결_2025-03-31,KB생명_별도_2025-03-31,KB손해보험_연결_2025-03-31_누적,KB손해보험_별도_당기_단일,KB손해보험_연결_전기_누적,KB손해보험_연결_당기_단일,KB손해보험_별도_2025-03-31_누적,KB손해보험_별도_전기_누적,KB손해보험_별도_2025-03-31_단일,KB손해보험_연결_2025-03-31_단일,KB손해보험_별도_당기말,KB손해보험_연결_당기말,KB손해보험_연결_2025-03-31,KB손해보험_별도_2025-03-31,KB손해보험_연결_전기말,KB손해보험_별도_전기말,교보생명_연결_전기_누적,교보생명_별도_2025-03-31_누적,교보생명_연결_2025-03-31_누적,교보생명_별도_전기_누적,교보생명_연결_2025-03-31_단일,교보생명_연결_당기_단일,교보생명_별도_당기_단일,교보생명_별도_2025-03-31_단일,교보생명_연결_전기말,교보생명_별도_전기말,교보생명_별도_당기말,교보생명_연결_당기말,교보생명_연결_2025-03-31,교보생명_별도_2025-03-31,동양생명_별도_당기말,동양생명_별도_전기말,동양생명_연결_당기말,동양생명_연결_전기말,동양생명_별도_2025-03-31_단일,동양생명_별도_2025-03-31_누적,동양생명_별도_당기_단일,동양생명_별도_전기_누적,동양생명_연결_당기_단일,동양생명_연결_전기_누적,동양생명_연결_2025-03-31_단일,동양생명_연결_2025-03-31_누적,동양생명_별도_2025-03-31,동양생명_연결_2025-03-31,메리츠화재_연결_2025-03-31_누적,메리츠화재_연결_전기_누적,메리츠화재_별도_전기_누적,메리츠화재_별도_2025-03-31_누적,메리츠화재_연결_2025-03-31_단일,메리츠화재_연결_당기_단일,메리츠화재_별도_당기_단일,메리츠화재_별도_2025-03-31_단일,메리츠화재_별도_당기말,메리츠화재_별도_2025-03-31,메리츠화재_연결_당기말,메리츠화재_연결_2025-03-31,메리츠화재_별도_전기말,메리츠화재_연결_전기말,미래에셋생명_별도_당기말,미래에셋생명_별도_2025-03-31,미래에셋생명_연결_당기말,미래에셋생명_연결_2025-03-31,미래에셋생명_별도_전기_누적,미래에셋생명_별도_2025-03-31_누적,미래에셋생명_연결_전기_누적,미래에셋생명_연결_2025-03-31_누적,미래에셋생명_연결_전기말,미래에셋생명_별도_전기말,미래에셋생명_별도_2025-03-31_단일,미래에셋생명_별도_당기_단일,미래에셋생명_연결_당기_단일,미래에셋생명_연결_2025-03-31_단일,삼성생명_연결_전기_누적,삼성생명_별도_전기_누적,삼성생명_별도_2025-03-31_누적,삼성생명_연결_전기말,삼성생명_연결_당기말,삼성생명_별도_전기말,삼성생명_별도_당기말,삼성생명_연결_2025-03-31,삼성생명_별도_2025-03-31,삼성생명_연결_2025-03-31_누적,삼성생명_별도_2024-12-31,삼성생명_연결_2024-12-31,삼성생명_별도_당기_단일,삼성생명_별도_2025-03-31_단일,삼성생명_연결_당기_단일,삼성생명_연결_2025-03-31_단일,삼성생명_연결_2025-12-31_단일,삼성화재_별도_전기말,삼성화재_연결_당기말,삼성화재_연결_전기말,삼성화재_별도_당기말,삼성화재_연결_2025-03-31_누적,삼성화재_연결_전기_누적,삼성화재_별도_2025-03-31_누적,삼성화재_별도_전기_누적,삼성화재_연결_2024-12-31,삼성화재_별도_2025-03-31,삼성화재_별도_2024-12-31,삼성화재_연결_2025-03-31,삼성화재_연결_2025-03-31_단일,삼성화재_별도_당기_단일,삼성화재_별도_2025-03-31_단일,삼성화재_연결_당기_단일,신한라이프생명_별도_전기말,신한라이프생명_별도_당기말,신한라이프생명_연결_당기말,신한라이프생명_연결_전기말,신한라이프생명_연결_전기_누적,신한라이프생명_별도_2025-03-31_누적,신한라이프생명_별도_전기_누적,신한라이프생명_연결_2025-03-31_누적,신한라이프생명_별도_당기_단일,신한라이프생명_별도_2025-03-31_단일,신한라이프생명_연결_2025-03-31_단일,신한라이프생명_연결_당기_단일,신한라이프생명_별도_2025-03-31,신한라이프생명_연결_2025-03-31,한화생명_연결_전기_누적,한화생명_연결_2025-03-31_누적,한화생명_별도_2025-03-31_누적,한화생명_별도_전기_누적,한화생명_연결_당기말,한화생명_별도_전기말,한화생명_별도_당기말,한화생명_연결_전기말,한화생명_별도_2025-12-31_단일,한화생명_별도_2025-03-31_단일,한화생명_별도_당기_단일,한화생명_연결_2025-03-31_단일,한화생명_연결_당기_단일,한화생명_별도_2025-03-31,한화생명_연결_2025-03-31,한화생명_연결_2025-12-31_단일,한화생명_연결_2024-12-31,한화생명_별도_2024-12-31,현대해상_연결_전기_누적,현대해상_연결_2025-03-31_누적,현대해상_별도_전기_누적,현대해상_별도_2025-03-31_누적,현대해상_연결_당기_단일,현대해상_연결_2025-03-31_단일,현대해상_별도_2025-03-31_단일,현대해상_별도_당기_단일,현대해상_연결_당기말,현대해상_별도_2025-03-31,현대해상_연결_2025-03-31,현대해상_별도_당기말,현대해상_연결_전기말,현대해상_별도_전기말,현대해상_별도_2024-12-31,현대해상_연결_2024-12-31
dart_AdditionReversalOfCreditLossFinancialAssets,"기대신용손실전(환)입, 금융자산",,,,,,,,,,,,,,,,,,,,,,,,,,,,,,,,,,,,,,,,,,,,,,,,,,,,,,,,,,,,,,,,,,-4913000000,,823000000,,952000000,,-4913000000,,,,,,,,,,,,,,,,,,,,,,,,,,,,,,,-72247000000,,,,,,,,,,,,,,,,,,,,,,,,,,,,,,,,,,,,,,,,,,,,,,,,,,,,,,,,,,,,,,,,,,,,,,,,,,,,,,,,
dart_AdditionalImpairmentLossesOfFinancialAssets,신용손실충당금 전입액,,,,,28730000000,22519000000,24530000000,27409000000,,,,,,27409000000,22519000000,28730000000,24530000000,,,,,,,,,,,,,,,,,,,,,,,,,,,,,,,,,,,,,,,,,,,,,,,,0,0,823000000,823000000,952000000,952000000,0,0,,,,,,,,,,,,,,,,,,,,,,,,,,,,,,,,,,,,,,,,,,,,,,,,,,,,11536555296,12359412925,9593333702,11981434463,,,,,11536555296,11981434463,9593333702,12359412925,,,,,8547000000,4868000000,8390000000,5005000000,8390000000,4868000000,5005000000,8547000000,,,10885000000,30967000000,22087000000,20493000000,,,,,,,,,,,,,,,3201872980,0,748882830,0,3201872980,0,0,748882830,,,,,,,,
dart_AdditionsToLeaseLiabilities,리스부채의 추가,,,,,13975000000,12651000000,13700000000,13401000000,,,,,,,,,,,,,,,,,,,,,,,,,,,,,,,,,,,,,,,,,,,,,,,,,,,,,,,,,,,,,,,,,,,,,,,,,,,,,,,,,,,,,,,,,,,,,,,,,,,,,,,,,,,,,,,,,,,,22398000000,25528000000,19100000000,21071000000,,,,,,,,,,,,,,,,,,,,,,,,,,,,,,,,,,,,,,,,,,,,,,,,,,,,,,,,
dart_AdjustedProfitLossNetOfCapastropheReserve,비상위험준비금 반영후 조정이익,,,,,,,,,,,,,,,,,,,,,,,,,,,,,,,,,286196000000,201649000000,193428000000,193428000000,292287000000,201649000000,292287000000,286196000000,,,,,,,,,,,,,,,,,,,,,,,,,,,,,,,,,,,456586067669,464612265249,459833837240,453223639780,456586067669,464612265249,459833837240,453223639780,,,,,,,,,,,,,,,,,,,,,,,,,,,,,,,,,,,,,,,,,,570089180709,663176661282,516692399108,601308267460,,,,,570089180709,601308267460,516692399108,663176661282,,,,,,,,,,,,,,,,,,,,,,,,,,,,,,,,,229407901917,192317085553,216229094585,191633166540,229407901917,192317085553,191633166540,216229094585,,,,,,,,
dart_AdjustedProfitLossNetOfRegulatoryReserve,감독목적상 적립금 전입(환입) 후 조정이익,,,,,-111773000000,104214000000,50591000000,-26980000000,,,,,,,,,,,,,,,,,,,,,,,,,,,,,,,,,,,,,,,,,,,,,,,,,,,,,,,,,,-16519000000,,-83062000000,,-84731000000,,-17065000000,,,,,,,,,,,,,,,,,,,,,,,,,,,,,,,,,,,,,,,,,,,,,,,,,,,,,,,,,,,,,,,,,,,,,,,,,,,,,,,,,,,,,,,,,,,,,,,,,,,,,,,,,,,,,,,
dart_AdjustedProfitLossNetOfRegulatoryReserveForCreditLoss,대손준비금 반영후 조정이익(손실),,,,,,,,,,,,,,,,,,,,,,,,,,,,,,,,,311880000000,211443000000,203223000000,203223000000,317972000000,211443000000,317972000000,311880000000,,,,,,,,,,,,,,,,,,,,,,,,,,,,,,,,,,,181491392466,436543599744,431765171735,178128964577,181491392466,436543599744,431765171735,178128964577,,,,,,,,,,,,,,,,,,,,,,,,,,,,,,,,,,,,,,,,,,608916639242,636510386269,555519857641,574641992447,,,,,608916639242,574641992447,555519857641,636510386269,,,,,,,,,,,,,,,,,,,,,,,,,,,,,,,,,206438987745,200430604160,193275333251,199746685147,206438987745,200430604160,199746685147,193275333251,,,,,,,,
dart_AdjustedProfitLossNetOfSurrenderValueReserve,해약환급금준비금 반영후 조정이익,,,,,,,,,,,,,,,,,,,,,,,,,,,,,,,,,-301966000000,27145000000,18924000000,18924000000,-295875000000,27145000000,-295875000000,-301966000000,,,,,,,,,,,,,,,,,,,,,,,,,,,,,,,,,,,239894544164,222185470868,217407042859,236532116275,239894544164,222185470868,217407042859,236532116275,,,,,,,,,,,,,,,,,,,,,,,,,,,,,,,,,,,,,,,,,,135282854154,100184193373,81886072553,38315799551,,,,,135282854154,38315799551,81886072553,100184193373,,,,,,,,,,,,,,,,,,,,,,,,,,,,,,,,,38043664706,61190701650,24864857374,60506782637,38043664706,61190701650,60506782637,24864857374,,,,,,,,
dart_AdjustedProfitLossPerShareNetOfRegulatoryReserve,감독목적상 적립금 전입(환입) 후 주당조정이익,,,,,-1843000000,1736000000,843000000,-445000000,,,,,,,,,,,,,,,,,,,,,,,,,,,,,,,,,,,,,,,,,,,,,,,,,,,,,,,,,,-106000000,,-532000000,,-543000000,,-109000000,,,,,,,,,,,,,,,,,,,,,,,,,,,,,,,,,,,,,,,,,,,,,,,,,,,,,,,,,,,,,,,,,,,,,,,,,,,,,,,,,,,,,,,,,,,,,,,,,,,,,,,,,,,,,,,
dart_AdjustmentsForAssetsLiabilitiesOfOperatingActivities,영업활동으로 인한 자산 부채의 변동,,,,,4664163000000,1973939000000,2525882000000,4840623000000,,,,,,,,,,,,520784000000,,249412000000,258468000000,,544946000000,,,,,,,,2040952000000,,2992151000000,,2044991000000,2771672000000,,,,,,,,,151245591333,2013333822512,1849772859852,187594008274,,,,,,,,,,,,,,,,121993000000,,44403000000,,33809000000,,120182000000,,,-648229691642,1439189159770,1436613914417,-642712125483,,,,,,,,,,,,,,,-353734046737,-168945987873,-372165729472,-183448971048,,,,,,,-6042685000000,-4198440000000,-690849000000,,,,,,,-2113011000000,,,,,,,,,,,,3285587851313,3979577230931,3301329828705,3895315921762,,,,,,,,,,,,,-540172000000,-411572000000,-629369000000,-442257000000,,,,,,,668868000000,450841000000,740437000000,67104000000,,,,,,,,,,,,,,,,,,,,,,,,,,,,,,
dart_AdvertisingExpenses,광고선전비,,,,,,,,,,,,,,,,,,,,,,,,,,,,,,,,,,,,,,,,,,,,,,,,,,,,,,,,,,,,,,,,,,254000000,,781000000,,781000000,,254000000,,,,,,,,,,,,,,,,,,,,,,,,,,,,,,,,,,,,,,,,,,,,,,,,,,,,5932000000,14099000000,5932000000,14099000000,,,,,,,,,,,,,,,,,,,,,,,,,,,,,,,,,,,,,,,,,,,,,,,,,,,,,,,,
dart_AllowanceForCreditRiskAdjustment,신용위험조정충당금,-34000000,-533000000,-34000000,-533000000,,,,,,,,,,,,,,,,,,,,,,,,,,,,,,,,,,,,,,,,,,,,,,,,,,,,,,,,,,,,,,,,,,,,,,,,,,,,,,,,,,,,,,,,,,,,,,,,,,,,,,,,,,,,,,,,,,,,,,,,,,,,,,,,,,,,,,,,,,,,,,,,,,,,,,,,,,,,,,,,,,,,,,,,,,,,,,,,,,,
dart_AllowanceForOwnCreditRiskAdjustment,자기신용위험조정충당금,-4988000000,-8610000000,0,0,,,,,,,,,,,,,,,,,,,,,,,,,,,,,,,,,,,,,,,,,,,,,,,,,,,,,,,,,,,,,,,,,,,,,,,,,,,,,,,,,,,,,,,,,,,,,,,,,,,,,,,,,,,,,,,,,,,,,,,,,,,,,,,,,,,,,,,,,,,,,,,,,,,,,,,,,,,,,,,,,,,,,,,,,,,,,,,,,,,
dart_AmountContractuallyRequiredToPayAtMaturityToHolderOfObligation,계약조건에 따라 채권자에게 만기에 상환하여야 할 금액,,,,,,,,,,,,,,,,,,,,,,,,,,,,,,,,,,,,,,,,,,,,,,,,,,,,,,,,,,,,,,,,,,,,,,,,,,,,,,,,,,,,,,,,,,,,,,,,,,,,,,,,,,,,,,,,,,,,,,,,,,,,,,,,,,,,,,,,,,,,,,,,,,,,,,,,,,2506080000000,,,2242481000000,,,,,,,,,,,,,,,,,,,,,,,,,,
dart_AnnualDividendsPaid,연차배당,,,,,460890000000,408296000000,408296000000,460890000000,,,,,,,,,,,,130000000000,,,,,130000000000,,,,,,,,299982000000,,0,,299981000000,0,,,,,,,,,128478845200,120487306800,128647771300,119488584250,,,,,,,,,,,,,,,,,,,,,,,,,513160000000,490000000000,490000000000,513160000000,,,,,,,,,,,,,,,,,,,,,,,,,1017411000000,951747000000,808086000000,,,,,,,873750000000,,,,,,,,,,,,,,,,,,,,,,,,,,,,0,378307000000,0,378307000000,,,,,,,13050000000,11004000000,,,,,,,,,,,,,,,,,,,,,,,,,,,,,,,,
dart_BondsIssuedNominalValue,"사채, 명목금액",,,1469000000000,1469000000000,,,,,,,,,,,,,,,,,,,,,,,,,,,,,,,,,,,,,,,,,,,,,,,,,,,,,,,,,,,,,,,,,,,,,,,,,,,,,,,,,,,,,,,,,,,,,,,,,,,,,,,,,,,,,,,,,,,,,,,,,,,,,,,,,,,,,,,,,,,,,,,,,,,,,,4872906000000,,,4695939000000,,,,,,,,,,,,,,,,,,,3183000000000,,,3183000000000,3183000000000,3183000000000,,
dart_Bonus,상여,,,,,,,,,,,,,,,,,,,,,,,,,,,,,,,,,,,,,,,,,,,,,,,,,,,,,,,,,,,,,,,,,,3663000000,,5004000000,,5004000000,,3663000000,,,,,,,,,,,,,,,,,,,,,,,,,,,,,,,,,,,,,,,,,,,,,,,,,,,,,,,,,,,,,,,,,,,,,,,,,,,,,,,,,,,,,,,,,,,,,,,,,,,,,,,,,,,,,,,
dart_BorrowingTransactionBetweenEntityRelatedPartyBorrowing,"차입거래, 차입",,,,,,,,,,,,,,,,,,,,,,,,,,,,,,,,,,,,,,,,,,,,,,,,,,,,,,,,,,,,,,,,,,,,,,,,,,,,,,,,,,,,,,,,,,,,,,,,,,,,,,,,,,,0,,0,0,0,,,,,,,,,,,,0,,,,,,0,,,,,,,,,,,,,,,,,,,,,,,,,0,,0,,,,,,,0,0,,,,,,,,,,,,,,,,,,,
dart_BorrowingTransactionBetweenEntityRelatedPartyRepayment,"차입거래, 상환",,,,,,,,,,,,,,,,,,,,,,,,,,,,,,,,,,,,,,,,,,,,,,,,,,,,,,,,,,,,,,,,,,,,,,,,,,,,,,,,,,,,,,,,,,,,,,,,,,,,,,,,,,,0,,0,0,0,,,,,,,,,,,,0,,,,,,0,,,,,,,,,,,,,,,,,,,,,,,,,986000000,,1254000000,,,,,,,1715000000,778000000,,,,,,,,,,,,,,,,,,,
dart_BorrowingsUndiscountedCashFlows,"차입부채, 미할인현금흐름",2736668000000,3262874000000,,,,,,,,,,,,,,,,,,,,,,,,,,,,,,,,,,,,,,,,,,,,,,,,,,,,,,,,,,,,,,,,,,,,,,,,,,,,,,,,,,,,,,,,,,,,,,,,,,,,,,,,,,,,,,,,,,,,,,,,,,,,,,,,,,,,,,,,,,,,,,,,,,,,,,,,21203064000000,,,21475197000000,,,,,,,,,,,,,,,,,,,,,,,,,,
dart_CapitalAdjustments,자본조정,-124205000000,-69146000000,-123911000000,-68852000000,,,,,,,,,,,,,,,,,,,,,,,,,,,,,,,,,,,,,,-9000000,,,-9000000,,,,,,,,,,-200426331923,-197234758164,-197234758164,-200426331923,,,-116906000000,-116906000000,-116906000000,-116906000000,,,,,,,,,,,,,,,,,,,-528001858,,-17428518953,,-528001858,-17428518953,-21749024104,,-21849828104,,,,,,-371276252895,-371175448895,,,,,,,,-2116955000000,-2116955000000,-2110369000000,-2110369000000,,,,,,,,,,,-1215419883864,-951052316040,-1219136120452,-947336079452,,,,,,,,,,,,,891000000,891000000,891000000,891000000,,,,,,,,,,,,,,,,,,,,,,,,,,,,,,,,,,,,,-67686436939,,,-67686436939,-67686436939,-67686436939,,
dart_CapitalSurplus,자본잉여금,154943000000,136818000000,106567000000,88442000000,,,,,,,,,,,,,,,,,,,,,,,799656000000,799656000000,816288000000,816288000000,,,,,,,,,,,33250000000,33250000000,,,33250000000,33250000000,,,,,,,,,630502257887,365966306274,365966306274,622363236454,,,463680000000,463680000000,463680000000,463680000000,,,,,,,,,,,,,,,,,,,101623120971,,101623120971,,101623120971,101623120971,182018101425,,182018101425,,,,,,181384483840,181384483840,,,,,,,,125115000000,125115000000,6131000000,6131000000,,,,,,,,,,,939233350327,939233350327,939233350327,939233350327,,,,,,,,,,,,,820023000000,820023000000,820012000000,820012000000,,,,,,,,,,,,,,,,,,,,,,,,,,,,,,,,,,,,,44700000000,,,44700000000,113152050937,113152050937,,
dart_CashAndCashEquivalentsAtBeginningOfPeriodCf,기초현금및현금성자산,,1713419000000,,908017000000,,,,,,,597329000000,,1186537000000,,,,,,,,,,,,,,,691131000000,,660511000000,587891000000,550471000000,,,,,,,,,1632203000000,1863570000000,891918000000,820370000000,,,,,,,,,,,,,1839261319292,2210523227184,1776277416800,1513806424969,249172000000,,250370000000,,,,,,,,,,257345000000,269108000000,,,,,,,,,940729251382,665829240394,952460504995,680224146805,,,969619998612,921939699519,982152854435,932184798960,,,,,,,,,,,,,,,4537833000000,,2672569000000,4177972000000,2555900000000,,,,,,,,,,2019803576966,,1776484666081,,,,,,1202740593645,,1543023515165,,,,,,1604693000000,1640559000000,,,,,,,,,,777204000000,829999000000,,,,,3103115000000,,1549120000000,,,,,,,1337045000000,2438417000000,,,,,,,,,,,,1509674177483,1357812207361,1447967064247,1389087411555,,,,
dart_CashAndDuefromBanks,현금및예치금,,,,,,,,,,,,,,,,,,,,,,,,,,,1104999000000,901007000000,1074379000000,881301000000,,,,,,,,,,,,,,,,,,,,,,,,,5398153686058,3980067576209,3467613513457,4914736184481,,,,,,,,,,,,,,,,,,,,,,,,,205200583720,,230488712490,,530092763563,553685441083,,,,,,,,,,,,,,,,,,,,,,,,,,,,,,,,2813968885028,2561864341568,3417890771409,1983592834259,,,,,,,,,,,,,2286855000000,1436592000000,1604557000000,2538228000000,,,,,,,,,,,,,,,,,,,,,,,,,,,,,,,,,,,,,,,,,,,,
dart_CashInflowFromIssuanceOfHybridBond,신종자본증권의 발행,,,,,441336000000,0,0,441336000000,,,,,,,,,,,,,,,,,,,,,,,,,,,,,,,,,,,,,,,,,,,,,,,,,,,,,,,,,,,,,,,,,,,,,,,,,,,,,,,,,,,,,,,,,,,,,,,,,,,,,,,,,,,,,,,,,,,,,,,,,,,,,,,,,,,,,,,,,,,,,,0,598278000000,598278000000,0,,,,,,,,,,,,,,,,,,,,,,,,,,,,,,
dart_CashReceiptsFromFutureContractsForwardContractsOptionContractsAndSwapContractsClassifiedAsFinancingActivities,"선물계약, 선도계약, 옵션계약, 스왑계약에 따른 현금수취-재무활동",,,,,,,,,,,,,,,,,,,,,,,,,,,,,,,,,,,,,,,,,,,,,,,,,,,,,,,,,,,,,,,,,,,,,,,,,,,,,,,,,,,,,,,,,,,,,,,,,,,,,,,49460000000,,,,,,,,,0,,,,,,,,,,,,,,,,,,,,,,,,,,,,,,,,,,,,,,,,,,,,,,,,,,,,,,,,,,,,,,,,,,,,,,,
dart_CatastropheReserveToBeAdded,비상위험준비금 적립예정액,76142000000,18289000000,76142000000,18289000000,,,,,,,,,,,,,,,,,,,,,,,,,,,,,,,,,,,,,12324000000,12324000000,,,-14181000000,-14181000000,,,,,,,,,,,,,,,,,,,,,,,,,,,,,,,,,,,,,6237504091,,6237504091,,21426785522,21426785522,,,,,,,,,,,,,,,,,,,,,,,,,,,,,,,,-179349979294,-27957946024,-179349979294,-27957946024,,,,,,,,,,,,,,,,,,,,,,,,,,,,,,,,,,,,,,,,,,,,,,,,,,,,,7038385951,,,7038385951,25590248827,25590248827,,
dart_ChangesInConsolidatedCompanies,연결대상범위의 변동,,,,,,,,,,,,,,,,,,,,,,,,,,,,,,,,,,,,,,,,,,,,,,,,,,,,,,,,,,,,,,,,,,,,,,,,,,,,,,,,,,,,,,,,,,,,,,,,,,,,,,,,,,,,,,,,,,,,,,,,,,,,-1521504,11,,,,,,,,,,,,,,,,,,,,,,,,,,,,,,,,,,,,,,,,,,,,,,,,,,,,,,,,,,
dart_CommitmentsAmount,약정 금액,,,,,,,,,,,,,,,,,,,,,,,,,,,,,,,,,,,,,,,,,,,,,,,,,,,,,,,,,,,,,,,,,,,,,,,,,,,,,,,,,,,,,,,,,,,,,,,,,,,,,,,,,,,,,,,,,,,,,,,,,,,,,,,,,,,,,,,,,,,,,,,,,,,,,,,,,,10606218000000,4856948000000,4496669000000,10558311000000,,,,,,,,,,,,,,,,,,,,,,,,,,
dart_DecreaseDueToTerminationOrCancellationOfLeaseContractsLeaseLiabilities,"계약 종료 또는 해지로 인한 감소, 리스부채",,,,,1357000000,259000000,282000000,1348000000,,,,,,,,,,,,,,,,,,,,,,,,,,,,,,,,,,,,,,,,,,,,,,,,,,,,,,,,,,,,,,,,,,,,,,,,,,,,,,,,,,,,,,,,,,,,,,,,,,,,,,,,,,,,,,,,,,,,922000000,1585000000,834000000,1129000000,,,,,,,,,,,,,,,,,,,,,,,,,,,,,,,,,,,,,,,,,,,,,,,,,,,,,,,,
dart_DecreaseInGuaranteeDeposits,임차보증금의 감소,,,,,2355000000,776000000,1361000000,1753000000,,,,,,,,,,,,0,,8401000000,28000000,,0,,,,,,,,2404000000,,653000000,,2452000000,583000000,,,,,,,,,20457454269,9472730323,9712730323,20183593469,,,,,,,,,,,,,,,,15000000,,80000000,,120000000,,15000000,,,1239550000,511844000,511844000,1239550000,,,,,,,,,,,,,,,,,,,,,,,,,,,,,,,,,,,,,,,,,,,,,,,,,,,,,,,,,,,,,,,,,,,,,,,,7329000000,3679000000,97000000,9591000000,,,,,,,,,,,,,,,16097678256,1091512034,1147920556,708878954,,,,,,,,,,,,
dart_DecreaseInGuaranteeDepositsAsFinancialActivities,임대보증금의 감소,,,,,176000000,205000000,910000000,35000000,,,,,,,,,,,,0,,1671000000,,,,,,,,,,,31000000,,40000000,,31000000,40000000,,,,,,,,,35742687569,45754164484,46703797484,35205672569,,,,,,,,,,,,,,,,60000000,,140000000,,127000000,,60000000,,,1579593546,0,0,1579593546,,,,,,,,,,,,,,,,,,,,,,,,,,,,,,,,,,,,,,,,,,,,,,4650851820,1083438700,3454553000,975606000,,,,,,,,,,,,,,,,,,,,,,,44687000000,3709000000,3201000000,10207000000,,,,,,,,,,,,,,,24202786355,1871294050,24202786355,1709488250,,,,,,,,,,,,
dart_DecreaseInNoncontrollingInterests,비지배지분의 감소,,,,,7283000000,,54441000000,,,,,,,,,,,,,,,,,,,,,,,,,,,,,,,,,,,,,,,,,,,,,,,,,,,,,,,,,,,,,,,,,,,,,,,,,,,,,,,,,,,,,,,,,,,,,,,,,,,,,,,,,,,,,,,,,,,,,,,,,,,,,,,,,,,,,911000000,,,-2847000000,,,,,,,14948000000,11426000000,,,,,,,,,,,,,,,,,17887126646,13014980744,,,,,,,,,,,,,,
dart_DecreaseInRepurchaseAgreements,환매조건부채권매도의 감소,,,,,,,,,,,,,,,,,,,,,,,,,,,,,,,,,,,,,,,,,,,,,,,,,,,,,,,,,,,,,,,,,,,,,,,,,,,,,,,,,,,,,,,,,,,,,,,,,,,,,,,,,,,,,,,,,,,,,,,,,,,,,,,,,,,,,,,,,,,,,,,,,,,,,,,,192450000000,183750000000,,,,,,,,,,,,,,,,,,,,,,,,,,,,,,
dart_DecreaseOfRightofuseAssetsDueToTerminationOrCancellationOfLeaseContracts,"계약 종료 또는 해지로 인한 감소, 사용권자산",,,,,,,,,,,,,,,,,,,,,,,,,,,,,,,,,,,,,,,,,,,,,,,,,,,,,,,,,,,,,,,,,,,,,,,,,,,,,,,,,,,,,,,,,,,,,,,,,,,,,,,,,,,,,,,,,,,,,,,,,,,,1022000000,2006000000,864000000,1618000000,,,,,,,,,,,,,,,,,,,,,,,104395000000,34794000000,1874000000,7798000000,,,,,,,,,,,,,,,,,,,,,,,,,,,,,,
dart_DepositsReceived,예수금,,,,,,,,,,,,,,,,,,,,,,,,,,,,,,,,,,,,,,,,,,,,,,,,,,,,,,,,,,,,,,,,,,,,,,,,,,,,,,,,,,,,,,,,,,,,,,,,,,,,,,,,,,28467000000,58369000000,,,,,,,,,,,,,,,,,,,,,,,,,,,,,,,,,,,,,,,,,,,,,,,,,,,,,,,,,,,,,,,,,,,,,,,,,,,,
dart_DerivativeAssetsBeforeCreditRiskAdjustment,파생상품자산(신용위험조정전),104729000000,12381000000,64591000000,5581000000,,,,,,,,,,,,,,,,,,,,,,,,,,,,,,,,,,,,,,,,,,,,,,,,,,,,,,,,,,,,,,,,,,,,,,,,,,,,,,,,,,,,,,,,,,,,,,,,,,,,,,,,,,,,,,,,,,,,,,,,,,,,,,,,,,,,,,,,,,,,,,,,,,,,,,,,,,,,,,,,,,,,,,,,,,,,,,,,,,,
dart_DerivativeLiabilitiesBeforeCreditRiskAdjustment,파생상품부채(신용위험조정전),2125554000000,3811345000000,1443144000000,2526543000000,,,,,,,,,,,,,,,,,,,,,,,,,,,,,,,,,,,,,,,,,,,,,,,,,,,,,,,,,,,,,,,,,,,,,,,,,,,,,,,,,,,,,,,,,,,,,,,,,,,,,,,,,,,,,,,,,,,,,,,,,,,,,,,,,,,,,,,,,,,,,,,,,,,,,,,,,,,,,,,,,,,,,,,,,,,,,,,,,,,
dart_DiscountOnBondsIssued,사채할인발행차금,,,2637000000,2550000000,,,,,,,,,,,,,,,,,,,,,,,,,,,,,,,,,,,,,,,,,,,,,,,,,,,,,,,,,,,,,,,,,,,,,,,,,,,,,,,,,,,,,,,,,,,,,,,,,,,,,,,,,,,,,,,,,,,,,,,,,,,,,,,,,,,,,,,,,,,,,,,,,,,,,,12087000000,,,11844000000,,,,,,,,,,,,,,,,,,,7457255823,,,7457255823,7661300923,7661300923,,
dart_DispositionOfTreasuryShares,자기주식의 처분,,,,,,,,,,,,,,,,,,,,,,,,,,,,,,,,,,,,,,,,,,,,,,,-192421179,,0,,,,,,,,,,,,,,,,,,,,,,,,,,,,,,,,,,,,,,,,,,,,,,,,,,,,,,,,,,,,,,,,,,,,,,,,,,,,,,,,,,,,,,,,,,,,,,,,,,,,,,,,,,,,,,,,,,,,,,,,,,,,,,,,,,,,,,
dart_DividendAndDistributionIncome,배당수익 및 분배금수익,,,,,,,,,,,,,,,,,,,,,,,,,,,,,,,,,,,,,,,,,,,,,,,,,,,,,,,,,,,,,,,,,,,,,,,,,,,,,,,,,,,,,,,,,,,,,,,,,,,,,,,,,,,,,,,,,,,,,,,,,,,,,,,,,,,,,,,,,,,,,,,,,,,,,,132458000000,141294000000,39119000000,45398000000,,,,,,,,,,,,,,,,,,,,,,,,,,,,,,
dart_DividendIncome,배당금수익(금융수익),,,,,,,,,,,,,,,,,,,,,,,,,,,,,,,,,,,,,,,,,,,,,,,,,,,,,,,,,,,,,,,,,,2358000000,,2978000000,,2978000000,,2358000000,,,,,,,,,,,,,,,,,,,,,,,,,,,,,,,,,,,,,,,,,,,,,,,,,,,,43371000000,71711000000,43281000000,64735000000,,,,,,,,,,,,,,,,,,,,,,,,,,,,,,,,,,,,,,,,,,,,,,,,,,,,,,,,
dart_DividendToHybridBond,신종자본증권배당,,,,,10794000000,,440000000,10794000000,,,,,,,,,,,,700000000,,699000000,700000000,,699000000,,,,,,,,,,,,,,,,,,,,,,29548367263,29053929763,29446672419,29116617263,,,,,,,,,,,,,,,,11471000000,,0,,0,,11471000000,,,2389179506,1619096527,1619096527,2389179506,,,,,,,,,,,,,,,,,,,,,,,,,,,,,,,,,,,,,,,,,,,,,,,,,,,,,,,,,,,,,,,,,,,,,,,,22013000000,14031000000,13609000000,20115000000,,,,,,,,,,,,,,,,,,,,,,,,,,,,,,
dart_DividendsPaidToHybridBond,신종자본증권의 배당,,,,,8237000000,0,440000000,8237000000,,,,,,,,,,,,700000000,,700000000,700000000,,700000000,,,,,,,,,,,,,,,,,,,,,,20291143745,18521000000,18952750000,18564143745,,,,,,,,,,,,,,,,11471000000,,0,,0,,11471000000,,,2389179506,1619096527,1619096527,2389179506,,,,,,,,,,,,,,,,,,,,,,,,,,,,,,,,,,,,,,,,,,,,,,,,,,,,,,,,,,,,,,,,,,,,,,,,20115000000,13200000000,13200000000,20115000000,,,,,,,,,,,,,,,,,,,,,,,,,,,,,,
dart_DueFromBanksAtAmortisedCost,상각후원가측정예치금,559742000000,647061000000,205511000000,182291000000,,,,,,,,,,,,,,,,,,,,,,,,,,,,,,,,,,,,,,,,,,,,,,,,,,,,,,,,,,,,,,,,,,,,,,,,,,,,,,,,,,,,,,,,,,,,,,,,,,,,,,,,,,,,,,,,,,,,,,,,,,,,,,,,,,,,,,,,,,,,,,,,,,,,,,3419107000000,,,3966474000000,,,,,,,,,,,,,,,,,,,,,,,,,,
dart_ElectronicFacilitiesExpenses,전산비,,,,,,,,,,,,,,,,,,,,,,,,,,,,,,,,,,,,,,,,,,,,,,,,,,,,,,,,,,,,,,,,,,6695000000,,7327000000,,7327000000,,6695000000,,,,,,,,,,,,,,,,,,,,,,,,,,,,,,,,,,,,,,,,,,,,,,,,,,,,581000000,682000000,581000000,682000000,,,,,,,,,,,,,,,,,,,,,,,,,,,,,,,,,,,,,,,,,,,,,,,,,,,,,,,,
dart_EmployeeBenefits,복리후생비,,,,,,,,,,,,,,,,,,,,,,,,,,,,,,,,,,,,,,,,,,,,,,,,,,,,,,,,,,,,,,,,,,3704000000,,3961000000,,3961000000,,3704000000,,,,,,,,,,,,,,,,,,,,,,,,,,,,,,,,,,,,,,,,,,,,,,,,,,,,1409000000,839000000,1409000000,839000000,,,,,,,,,,,,,,,,,,,,,,,,,,,,,,,,,,,,,,,,,,,,,,,,,,,,,,,,
dart_EquityAtBeginningOfPeriod,기초자본,,,,,10935289000000,8415999000000,9391222000000,9854901000000,,,,,,,,,,,,4491803000000,,4151364000000,4218588000000,,4537158000000,,,,,,,,5844766000000,,5700821000000,,5856441000000,5717234000000,,,,,,,,,8718018727149,7305017718577,8346006326479,7654759167916,,,,,,,,,,,,,,,,2012958000000,,1533971000000,,1548875000000,,1969113000000,,,5751993105633,5876286392121,5854318798795,5740086305047,,,,,,,,,,,,,,,2436501555669,2553237949768,2448095130657,2563654662740,,,,,,,64835318000000,56416815000000,30488497000000,,,,,,,38102682000000,,,,,,,,,,,,15602214746140,21292379956314,15295837547477,20627777238043,,,,,,,,,,,,,6206398000000,7062302000000,6239294000000,7040701000000,,,,,,,16623385000000,14300715000000,10348367000000,12468776000000,,,,,,,,,,,,,,,5157512762473,4743378657629,4883487466522,4927149053410,,,,,,,,,,,,
dart_EquityContributionsInCashBetweenEntityRelatedPartyContribution,"현금출자, 출자금 납입",,,,,,,,,,,,,,,,,,,,,,,,,,,,,,,,,,,,,,,,,,,,,,,,,,,,,,,,,,,,,79314000000,,79314000000,,,,,,,,,,,,,,,,,,,,,,,,,,,,,,,,,,,,,,,,,,,,5000000000,,1062005000000,0,1028600000000,,,,,,,,,,,,112698000000,,,,,,82711000000,,,,,,,,,,,,,,,,,,,,,,,,,98469000000,,292744000000,,,,,,,164623000000,3159000000,,,,,,,,,,,,12938000000,7803246817,312500000,73912810546,,,,
dart_EquityContributionsInCashBetweenEntityRelatedPartyWithdrawal,"현금출자, 출자금 회수",,,,,,,,,,,,,,,,,,,,,,,,,,,,,,,,,,,,,,,,,,,,,,,,,,,,,,,,,,,,,72984000000,,72984000000,,,,,,,,,,,,,,,,,,,,,,,,,,,,,,,,,,,,,,,,,,,,8480000000,,685476000000,2172000000,329405000000,,,,,,,,,,,,35272000000,,,,,,55367000000,,,,,,,,,,,,,,,,,,,,,,,,,43032000000,,203379000000,,,,,,,96423000000,10898000000,,,,,,,,,,,,0,5608934134,0,6874004334,,,,
dart_ExpenseForManagementOfAffairs,사무관리비,,,,,,,,,,,,,,,,,,,,,,,,,,,,,,,,,,,,,,,,,,,,,,,,,,,,,,,,,,,,,,,,,,188000000,,241000000,,241000000,,188000000,,,,,,,,,,,,,,,,,,,,,,,,,,,,,,,,,,,,,,,,,,,,,,,,,,,,,,,,,,,,,,,,,,,,,,,,,,,,,,,,,,,,,,,,,,,,,,,,,,,,,,,,,,,,,,,
dart_FinanceExpensesFromReinsuranceContractsHeldRecognisedInProfitOrLoss,재보험금융비용,,,,,,,,,,,,,,,,,,,131000000,115000000,115000000,131000000,131000000,131000000,115000000,115000000,,,,,,,9482000000,6374000000,6374000000,6374000000,9482000000,6374000000,9482000000,9482000000,,,,,,,1446924716,1212544259,1396121758,1304517820,1396121758,1446924716,1304517820,1212544259,,,,,,,,,,,,,,,,,,,,,,,,,,,,,,,,,,,,,,,610184560,586941728,610184560,586941728,,,586941728,610184560,610184560,586941728,10708000000,10708000000,11387000000,,,,,,,11387000000,,,10708000000,11387000000,10708000000,11387000000,,,,,,9214350335,13346187446,6969172543,9692167204,,,,,9214350335,9692167204,6969172543,13346187446,,,,,18458000000,10726000000,18458000000,10726000000,18458000000,10726000000,10726000000,18458000000,,,1823000000,783000000,258000000,264000000,,,,,,258000000,264000000,783000000,1823000000,,,,,,12307829616,14371509128,12307829616,14371509128,12307829616,14371509128,14371509128,12307829616,,,,,,,,
dart_FinanceIncomeFromReinsuranceContractsHeldRecognisedInProfitOrLoss,재보험금융수익,,,,,,,,,,,,,,,,,,,14000000,23000000,23000000,14000000,14000000,14000000,23000000,23000000,,,,,,,23506000000,75398000000,75400000000,75400000000,23488000000,75398000000,23488000000,23506000000,,,,,,,936089957,666466800,860057259,768636710,860057259,936089957,768636710,666466800,,,,,,,,,,,3629000000,3629000000,4172000000,4172000000,4172000000,4172000000,3629000000,3629000000,,,6245607863,5785350024,5785350024,6245607863,6245607863,5785350024,5785350024,6245607863,,,,,,,,,,,913758902,836704159,913758902,836704159,,,836704159,913758902,913758902,836704159,26784000000,26741000000,28888000000,,,,,,,28921000000,,,26741000000,28888000000,26784000000,28921000000,,,,,,33720300718,56831893851,28191279982,47967295788,,,,,33720300718,47967295788,28191279982,56831893851,,,,,18327000000,11155000000,18327000000,11155000000,18327000000,11155000000,11155000000,18327000000,,,11393000000,6713000000,1256000000,2757000000,,,,,,1256000000,2757000000,6713000000,11393000000,,,,,,26621093119,14698076316,26621093119,14698076316,26621093119,14698076316,14698076316,26621093119,,,,,,,,
dart_FinancialAssetsDenominatedInForeignCurrency,"외화금융자산, 원화환산금액",,,,,,,,,,,,,,,,,,,,,,,,,,,,,,,,,,,,,,,,,,,,,,,,,,,,,,,,,,,,,,,,,,,,,,,,,,,,,,,,,,,,,,,,,,,,,,,,,,,,,,,,,,,,,,,,,,,,,,,,,14446185000000,13173310000000,,,,,,,,,,,,,,,,,,,,,,,,,,,,,,,,,,,,,,,,,,,,,,,,,,,,,,,,,,,,,
dart_GainArisingFromDerecognitionOfFinancialInstrumentsMeasuredAtAmortisedCost,상각후원가측정금융상품제거이익,,,,,295000000,231000000,501000000,31000000,,,,,,31000000,231000000,295000000,501000000,,,,,,,,,,,,,,,,,,,,,,,,,,,,,,,,,,,,,,,,,,,,,,,,31000000,31000000,35000000,35000000,35000000,35000000,31000000,31000000,,,,,,,,,,,,,,,,,,,,,,,,,,,,,,,,,,,,,,,,,,,,,,,,,,,,736438836,600728842,736438836,600728842,,,,,736438836,600728842,736438836,600728842,,,,,77000000,59000000,77000000,59000000,77000000,59000000,59000000,77000000,,,,,,,,,,,,,,,,,,,,,143447632,137650968,143447632,137650968,143447632,137650968,137650968,143447632,,,,,,,,
dart_GainFromDerivatives,파생상품관련수익,,,,,281310000000,207235000000,245730000000,173828000000,,,,,,173828000000,207235000000,281310000000,245730000000,,47963000000,15452000000,15452000000,47963000000,47963000000,47963000000,15452000000,15452000000,,,,,,,15119000000,679000000,1165000000,1165000000,14603000000,679000000,14603000000,15119000000,,,,,,,2184001536157,315733599296,987121438305,786576345152,987121438305,2184001536157,786576345152,315733599296,,,,,,,,,,,20779000000,20779000000,9342000000,9342000000,9342000000,9342000000,20779000000,20779000000,,,,,,,,,,,,,,,,,,,,,6230845348,35227987169,9066001348,36793899700,,,35227987169,6230845348,9066001348,36793899700,1816933000000,1554427000000,681629000000,,,,,,,774966000000,,,1554427000000,681629000000,1816933000000,774966000000,,,,,,27578870275,15453886148,20016125896,5051627806,,,,,27578870275,5051627806,20016125896,15453886148,,,,,72402000000,23212000000,71182000000,23399000000,71182000000,23212000000,23399000000,72402000000,,,1372298000000,800818000000,293765000000,473406000000,,,,,,293765000000,473406000000,800818000000,1372298000000,,,,,,7041875676,37269633589,5764552922,34292995671,7041875676,37269633589,34292995671,5764552922,,,,,,,,
dart_GainFromFinancialInstruments,금융상품관련수익,,,,,,,,,,,,,,,,,,,,,,,,,,,,,,,,,,,,,,,,,,,,,,,,,,,,,,,,,,,,,,,,,,,,,,,,,,,,,,,,,,,,,,,,,,,,,,,,,,,,,,,,,,,,,,,,,,,,,,,,,,,,,,,,,,,,,,,,,,,,,,,,,,,,,,6401913000000,3314515000000,2057752000000,3877521000000,,,,,,,,,,,,,,,,,,,,,,,,,,,,,,
dart_GainFromFinancialInstrumentsAtAmortisedCost,상각후원가측정금융상품관련이익,,,,,,,,,,,,,,,,,,,,,,,,,,,,,,,,,,,,,,,,,,,,,,,1861226758,3200065006,3663891572,1506408527,3663891572,1861226758,1506408527,3200065006,,,,,,,,,,,,,,,,,,,,,,,,,,,,,,,,,,,,,,,,,,,,,,,,,600000000,,,,,,,,,592000000,,,,,600000000,592000000,,,,,,,,,,,,,,,,,,,,,,,,,,,,,,,,23360000000,7079000000,300000000,284000000,,,,,,300000000,284000000,7079000000,23360000000,,,,,,,,,,,,,,,,,,,,,
dart_GainFromFinancialInstrumentsAtFairValueThroughOtherComprehensiveIncome,기타포괄손익-공정가치측정금융상품관련이익,,,,,2985000000,14866000000,19578000000,2504000000,,,,,,2504000000,14866000000,2985000000,19578000000,,13000000,10965000000,10965000000,13000000,13000000,13000000,10965000000,10965000000,,,,,,,,,,,,,,,,,,,,,26738982119,157281586514,163419535410,26729766280,163419535410,26738982119,26729766280,157281586514,,,,,,,,,,,25811000000,25811000000,6615000000,6615000000,6615000000,6615000000,25811000000,25811000000,,,,,,,,,,,,,,,,,,,,,2604329091,2871429692,2604329091,2871429692,,,2871429692,2604329091,2604329091,2871429692,12532000000,12452000000,8978000000,,,,,,,11779000000,,,12452000000,8978000000,12532000000,11779000000,,,,,,5806531276,7422758584,5806531276,7422758584,,,,,5806531276,7422758584,5806531276,7422758584,,,,,11414000000,49448000000,11414000000,49448000000,11414000000,49448000000,49448000000,11414000000,,,10576000000,42111000000,41614000000,4318000000,,,,,,41614000000,4318000000,42111000000,10576000000,,,,,,57655658,248916202,37293439,247002105,57655658,248916202,247002105,37293439,,,,,,,,
dart_GainFromFinancialInstrumentsAtFairValueThroughProfitOrLoss,당기손익-공정가치측정금융상품관련이익,,,,,435216000000,104817000000,170278000000,170530000000,,,,,,170530000000,104817000000,435216000000,170278000000,,473523000000,172006000000,172006000000,473523000000,473429000000,473429000000,171988000000,171988000000,,,,,,,,,,,,,,,,,,,,,2707242551929,674203960000,877243736568,2083461322455,877243736568,2707242551929,2083461322455,674203960000,,,,,,,,,,,145289000000,145289000000,364198000000,364198000000,364240000000,364240000000,145289000000,145289000000,,,,,,,,,,,,,,,,,,,,,1168723202551,289865670605,1186547610434,292140504628,,,289865670605,1168723202551,1186547610434,292140504628,2821764000000,2838948000000,1062370000000,,,,,,,977890000000,,,2838948000000,1062370000000,2821764000000,977890000000,,,,,,116676902726,122322369738,113186151045,123323386508,,,,,116676902726,123323386508,113186151045,122322369738,,,,,775066000000,278076000000,770664000000,273025000000,770664000000,278076000000,273025000000,775066000000,,,2257474000000,1064751000000,840912000000,1765642000000,,,,,,840912000000,1765642000000,1064751000000,2257474000000,,,,,,208551734369,210920895773,189176510077,214971066860,208551734369,210920895773,214971066860,189176510077,,,,,,,,
dart_GainLossFromFinancialInstruments,금융상품관련순손익,,,,,,,,,,,,,,,,,,,,,,,,,,,,,,,,,,,,,,,,,,,,,,,,,,,,,,,,,,,,,,,,,,322118000000,,360148000000,,360058000000,,322211000000,,,,,,,,,,,,,,,,,,,,,,,,,,,,,,,,,,,,,,,,,,,,,,,,,,,,467572000000,24049000000,512425000000,148024000000,,,,,,,,,,,,,,,,,,,,,,,,,,,,,,,,,,,,,,,,,,,,,,,,,,,,,,,,
dart_GainOnForeignExchangeTranslations,외화환산이익,,,,,,,,,,,,,,,,,,,,,,,,,,,,,,,,,,,,,,,,,,,,,,,,,,,,,,,,,,,,,,,,,,,,,,,,,,,,,,,,,,,,,,,,,,,,,,,,,,,,,,,,,,,,,,,,,,,,,,,,,,,,,,,,,,,,,,,,,,,,,,,,,,,,,,,,,,,,,,,,,,,,,,,,490016259619,91541175322,483748579927,88842071335,,,0,0,,,,,,,,
dart_GainsFromDisposalOfFinancialInstruments,"처분이익, 금융상품",,,,,393906000000,233469000000,277788000000,208074000000,,,,,,,,,,,,,,,,,,,,,,,,,,,,,,,,,,,,,,,,,,,,,,,,,,,,,,,,,,,,,,,,,,,,,,,,,,,,,,,,,,,,,,,,,,,,,,,,,,,,,,,,,,,,,,,,,,,,30174000000,30511000000,23788000000,25915000000,,,,,,,,,,,,,,,,,,,,,,,1690813000000,846002000000,360401000000,827350000000,,,,,,,,,,,,,,,,,,,,,,,,,,,,,,
dart_GainsFromDueToChangeInFairValueOfFinancialInstruments,"평가이익, 금융상품",,,,,325901000000,93679000000,158299000000,138818000000,,,,,,,,,,,,,,,,,,,,,,,,,,,,,,,,,,,,,,,,,,,,,,,,,,,,,,,,,,,,,,,,,,,,,,,,,,,,,,,,,,,,,,,,,,,,,,,,,,,,,,,,,,,,,,,,,,,,120626000000,115289000000,115837000000,110480000000,,,,,,,,,,,,,,,,,,,,,,,1721853000000,893625000000,654023000000,1212286000000,,,,,,,,,,,,,,,,,,,,,,,,,,,,,,
dart_GainsOnChangeInFairValueAndOnDisposalOfFinancialInstruments,금융상품평가및처분이익,,,,,,,,,,,,,,,,,,,,,,,,,,,,,,,,,,,,,,,,,,,,,,,,,,,,,,,,,,,,,,,,,,,,,,,,,,,86288786059,165804860935,137727033953,80057575489,86288786059,165804860935,137727033953,80057575489,,,,,,,,,,,,,,,,,,,,,,,,,,,,,,,,,,,,,,,,,,,,,,,,,,,,,,,,,,,,,,,,,,,,,,,,,,,,,,,,,,,,,,,,,,,,,,,,,,,,,
dart_GainsOnForeignCurrencyTransactionsFiancialIncome,외환차익(금융수익),,,,,74223000000,2659000000,20864000000,55255000000,,,,,,,,,,,,,,,,,,,,,,,,,,,,,,,,,,,,,,,,,,,,,,,,,,,,,,,,,,,,,,,,,,,,,,,,,,,,,,,,,,,,,,,,,,,,,,,,,,,,,,,,,,,,,,,,,,,,,,,,,,,,,,,,,,,,,,,,,,,,,,,,,,,,,,,,,,,,,,,,6680756850,801758931,3143011388,516899223,,,0,0,,,,,,,,
dart_GainsOnForeignExchangeTranslationsFinancialIncome,외화환산이익(금융수익),,,,,1087135000000,125219000000,198341000000,601111000000,,,,,,,,,,,,,,,,,,,,,,,,,,,,,,,,,,,,,,,,,,,,,,,,,,,,,,,,,,,,,,,,,,,,,,,,,,,,,,,,,,,,,,,,,,,,,,,,,,,,,,,,,,,,,,,,,,,,,,,,,,,,,,,,,,,,,,,,,,,,,,,,,,,,,,,,,,,,,,,,,,,,,,,,,,,,,,,
dart_GainsValuationDerivativesCashFlowHedge,현금흐름위험회피파생상품평가이익,,,,,,,,,,,,,,,,,,,,,,,,,,,,,,,,,,,,,,,,,,,,,,,,,,,,,,,,,-287259749888,-287259749888,39664583682,39664583682,,,,,,,,,,,,,,,,,,,,,,,,,,,,,,,,,,,,,,,,,,,,,,,,,,,,,,,,,,,,,,,,,,,,,,,,,,,,,,,,,,,,,,,,,,,,,,,,,,,,,,,,,,,,,,,,,,,,,,,,,,,
dart_HybridBonds,신종자본증권,865006000000,1306342000000,865006000000,1306342000000,,,,,,,865006000000,,865006000000,,,,,,,,,,,,,,49800000000,49800000000,49800000000,49800000000,,,,,,,,,,,,,,,,,,,,,,,,,2205726208213,2205726208213,2205726208213,2205726208213,,,,,,,,,,,,,,,,,,,,,,,,,179195320000,,179195320000,,179195320000,179195320000,,,,,,,,,,,,,,,,,,,,,,,,,,,,,,,,,,,,,,,,,,,,,,,,,,,,,,,,,,,,,,,,,,3068453000000,3068453000000,3068453000000,3068453000000,,,,,,,,,,,,,,,,,,,,,,,,,,
dart_IncreaseDecreaseOfFinancialAssetsDueToChangeInFairValue,"공정가치변동에 따른 증가(감소), 금융자산",,,,,,,,,,,,,,,,,,,,,,,,,,,,,,,,,,,,,,,,,,,,,,,,,,,,,,,,,,,,,,,,,,,,,,,,,,,,,,,,,,,,,,,,,,,,,,,,,,,,,,,9154059000000,,,,,,,,,,,,,,,,,,,,,,,,,,,,,,,,,,,,,,,,,,,,,,,,,,,,,,,,,,,,,,,,,,,,,,,,,,,,,,,,
dart_IncreaseDecreaseThroughChangesInAccountingPolicies,회계정책변경에 따른 증가(감소),,,,,,,-8000000,,,,,,,,,,,,,,,,,,,,,,,,,,,,,,,,,,,,,,,,0,1203004855,18872608498,0,,,,,,,,,,,,,,,,,,,,,,,,,-9283142307,0,0,-9283142307,,,,,,,,,,,,,,,,,,,,,,,,,,,,,,,,,,,,,,,,,,,,,,,,,,,,,,,,,,,,,,,,,,,,,,,,,,,,,,,,,,,,,,,,,,,,,,,,,,,,,,,,,
dart_IncreaseDecreaseThroughOtherChangesLeaseLiabilities,"기타 변동에 따른 증가(감소), 리스부채",,,,,623000000,-11000000,-60000000,128000000,,,,,,,,,,,,,,,,,,,,,,,,,,,,,,,,,,,,,,,,,,,,,,,,,,,,,,,,,,,,,,,,,,,,,,,,,,,,,,,,,,,,,,,,,,,,,,,,,,,,,,,,,,,,,,,,,,,,,,,,,,,,,,,,,,,,,,,,,,,,,,,,,,,,,,,,,,,,,,,,,,,,,,,,,,,,,,,
dart_IncreaseDecreaseThroughOtherChangesRightofuseAssets,"기타 변동에 따른 증가(감소), 사용권자산",,,,,,,,,,,,,,,,,,,,,,,,,,,,,,,,,,,,,,,,,,,,,,,,,,,,,,,,,,,,,,,,,,,,,,,,,,,,,,,,,,,,,,,,,,,,,,,,,,,,,,,24591000000,22401000000,32568000000,,,,,,,25872000000,,,,,,,,,,,,,,,,,,,,,,,,,,,,,,,,,,,,,,-4024000000,307000000,-376000000,8000000,,,,,,,,,,,,,,,,,,,,,,,,,,,,,,
dart_IncreaseInGuaranteeDeposits,임차보증금의 증가,,,,,1907000000,702000000,1319000000,1321000000,,,,,,,,,,,,,,,258000000,,0,,,,,,,,999000000,,1991000000,,995000000,1840000000,,,,,,,,,21979175391,8381554600,10061554600,21328512459,,,,,,,,,,,,,,,,112000000,,177000000,,171000000,,112000000,,,20550000,238966700,238966700,20550000,,,,,,,,,,,,,,,,,,,,,,,,,,,,,,,,,,,,,,,,,,,,,,,,,,,,,,,,,,,,,,,,,,,,,,,,5327000000,417000000,417000000,20536000000,,,,,,,,,,,,,,,1377687275,1826583555,1055336000,1022709276,,,,,,,,,,,,
dart_IncreaseInGuaranteeDepositsAsFinancialActivities,임대보증금의 증가,,,,,645000000,401000000,401000000,215000000,,,,,,,,,,,,,,,528000000,,0,,,,,,,,0,,1000000,,,,,,,,,,,,32496392495,39780888604,40040402831,32098152995,,,,,,,,,,,,,,,,25000000,,0,,0,,25000000,,,177694920,0,0,177694920,,,,,,,,,,,,,,,,,,,,,,,,,-3187000000,-3733000000,8032000000,,,,,,,8148000000,,,,,,,,,,,,2113593000,1468269800,10000000,919505000,,,,,,,,,,,,,,,,,,,,,,,39689000000,1600000000,1600000000,4790000000,,,,,,,,,,,,,,,4423169310,2987726868,4423169310,1819694050,,,,,,,,,,,,
dart_IncreaseInNoncontrollingInterests,비지배지분의 증가,,,,,,,,,,,,,,,,,,,,,,,,,,,,,,,,,,,,,,,,,,,,,,,,,,,,,,,,,,,,,,,,,,,,,,,,,,,,,,,,,,,,,,,,,,,,,,,,,,,,,,,-172719000000,,,,,,,,,198825000000,,,,,,,,,,,,,,,,,,,,,,,,,,,,945000000,,,0,,,,,,,0,3920000000,,,,,,,,,,,,,,,,,14211206240,10810891734,,,,,,,,,,,,,,
dart_IncreaseInRepurchaseAgreements,환매조건부채권매도의 증가,,,,,463400000000,,500000000,,,,,,,,,,,,,,,,,,,,,,,,,,,,,,,,,,,,,,,,,,,,,,,,,,,,,,,,,,,,,,,,,,,,,,,,,,,,,,,,,,,,,,,,,,,,,,,,,,,,,,,,,,,,,,,,,,,,,,,,,,,,,,,,,,,,,,,,,,,,,,,-863682000000,5112000000,183150000000,359450000000,,,,,,,,,,,,,,,,,,,,,,,,,,,,,,
dart_InsuranceFinanceExpensesFromInsuranceContractsIssuedRecognisedInProfitOrLoss,보험금융비용,,,,,367698000000,195024000000,287473000000,215684000000,,,,,,215684000000,195024000000,367698000000,287473000000,,584355000000,332340000000,332340000000,584355000000,584355000000,584355000000,332340000000,332340000000,,,,,,,197424000000,230206000000,230206000000,230206000000,197424000000,230206000000,197424000000,197424000000,,,,,,,1550506266068,1128993921725,1134372774094,1546393686584,1134372774094,1550506266068,1546393686584,1128993921725,,,,,,,,,,,270650000000,270650000000,354548000000,354548000000,354548000000,354548000000,270650000000,270650000000,,,168056830150,172008519193,172008519193,168056830150,168056830150,172008519193,172008519193,168056830150,,,,,,,,,,,1435203847518,292067265999,1435203847518,292067265999,,,292067265999,1435203847518,1435203847518,292067265999,3437691000000,3429922000000,2067375000000,,,,,,,2073816000000,,,3429922000000,2067375000000,3437691000000,2073816000000,,,,,,393480462426,440086706034,380941162101,410406887139,,,,,393480462426,410406887139,380941162101,440086706034,,,,,890239000000,511387000000,890243000000,511380000000,890243000000,511387000000,511380000000,890239000000,,,964223000000,1180889000000,1061434000000,840093000000,,,,,,1061434000000,840093000000,1180889000000,964223000000,,,,,,249539260272,223175659464,249539260272,223175659464,249539260272,223175659464,223175659464,249539260272,,,,,,,,
dart_InsuranceFinanceIncomeFromInsuranceContractsIssuedRecognisedInProfitOrLoss,보험금융수익,,,,,24530000000,1447000000,17340000000,12519000000,,,,,,12519000000,1447000000,24530000000,17340000000,,609000000,1665000000,1665000000,609000000,609000000,609000000,1665000000,1665000000,,,,,,,5867000000,4717000000,4784000000,4784000000,5823000000,4717000000,5823000000,5867000000,,,,,,,185322312,,149284858,,149284858,185322312,,,,,,,,,,,,,96000000,96000000,50000000,50000000,50000000,50000000,96000000,96000000,,,,,,,,,,,,,,,,,,,,,922784229164,275924105020,922784229164,275924105020,,,275924105020,922784229164,922784229164,275924105020,527733000000,527733000000,152373000000,,,,,,,152373000000,,,527733000000,152373000000,527733000000,152373000000,,,,,,41528349032,47031004685,33727517223,23807960750,,,,,41528349032,23807960750,33727517223,47031004685,,,,,61394000000,58911000000,61394000000,58911000000,61394000000,58911000000,58911000000,61394000000,,,,,,,,,,,,,,,,,,,,,7813045194,12814352221,7813045194,12814352221,7813045194,12814352221,12814352221,7813045194,,,,,,,,
dart_InterestExpenseFinanceExpense,이자비용(금융원가),,,,,,,,,,,,,,,,,,,,,,,,,,,,,,,,,,,,,,,,,,,,,,,,,,,,,,,,,,,,,,,,,,34902000000,,47685000000,,47685000000,,34902000000,,,,,,,,,,,,,,,,,,,,,,,,,,,,,,,,,,,,,,,,,,,,,,,,,,,,153015000000,178311000000,131572000000,163251000000,,,,,,,,,,,,,,,,,,,,,,,263267000000,149394000000,,,,,,,,,,,,,,,,,,,,,,,,,,,,,,,,
dart_InterestExpenseForHybridBond,신종자본증권이자비용,,,,,,,,,,,,,,,,,,,,,,,,,,,,,,,,,,,,,,,,,,,,,,,,,,,,,,,,,,,,,,,,,,,,,,,,,,,,,,,,,,,,,,,,,,,,,,,,,,,,,,,,,,,,,,,,,,,,,,,,,,,,,,,,,,,,,,,,,,,,0,2690000000,0,2690000000,,,,,,,,,,,,,,,,,,,,,,,,,,,,,,,,,,,,,,,,
dart_InterestIncomeFinanceIncome,이자수익(금융수익),,,,,,,,,,,,,,,,,,,,,,,,,,,,,,,,,,,,,,,,,,,,,,,,,,,,,,,,,,,,,,,,,,254274000000,,278237000000,,278252000000,,254367000000,,,,,,,,,,,,,,,,,,,,,,,,,,,,,,,,,,,,,,,,,,,,,,,,,,,,583225000000,624241000000,568688000000,602645000000,,,,,,,,,,,,,,,,,,,,,,,1158683000000,919955000000,,,,,,,,,,,,,,,,,,,,,,,,,,,,,,,,
dart_InterestPaidToHybridBond,신종자본증권 이자지급,,,,,,,,,,,,,,,,,,,,,,,,,,,,,,,,,,,,,,,,,,,,,,,,,,,,,,,,,,,,,,,,,,,,,,,,,,,,,,,,,,,,,,,,,,,,,,,,,,,,,,,,,,,,,,,,,,,,,,,,,,,,,,,,,,,,,,,,,,,,0,2700000000,0,2700000000,,,,,,,,,,,,,,,,,,,,,,,,,,,,,,,,,,,,,,,,
dart_InterestRevenueOnFinancialAssetsAtFairValueThroughProfitOrLoss,당기손익-공정가치로 측정하는 금융자산의 이자수익,,,,,15645000000,3589000000,11524000000,6868000000,,,,,,6868000000,3589000000,15645000000,11524000000,,,,,,,,,,,,,,,,,,,,,,,,,,,,,,,,,,,,,,,,,,,,,,,,,,,,,,,,,,,,,,,,,,,,,,,,,,,,2568611056,1439743823,2568611056,1439743823,,,1439743823,2568611056,2568611056,1439743823,,,,,,,,,,,,,,,,,,,,,,,,,,,,,,,,,,,,,,,,,,,,,,,,,,,,,,,,,,,,,,,,,,8646939228,6336952502,8614595681,6283617002,8646939228,6336952502,6283617002,8614595681,,,,,,,,
dart_InvestmentIncomeExpenses,투자손익,,,,,169387000000,243969000000,198336000000,236141000000,,,,,,236141000000,243969000000,169387000000,198336000000,,21223000000,42370000000,42370000000,21223000000,22704000000,22704000000,43008000000,43008000000,,,,,,,149166000000,112147000000,94265000000,94265000000,165751000000,112147000000,165751000000,149166000000,,,,,,,550554854217,242344822745,314991733762,259420202089,314991733762,550554854217,259420202089,242344822745,,,,,,,,,,,55390000000,55390000000,12225000000,12225000000,8719000000,8719000000,54594000000,54594000000,,,260903780000,296821749879,296179670347,262066998393,260903780000,296821749879,296179670347,262066998393,,,,,,,,,,,56071215448,352608881,68574116651,7902961825,,,352608881,56071215448,68574116651,7902961825,1106583000000,774054000000,199067000000,,,,,,,476240000000,,,774054000000,199067000000,1106583000000,476240000000,,,,,,285505223257,332207011350,271543417250,323418153754,,,,,285505223257,323418153754,271543417250,332207011350,,,,,-12877000000,41220000000,-6378000000,44384000000,-6378000000,41220000000,44384000000,-12877000000,,,334598000000,138004000000,20871000000,217580000000,,,,,,20871000000,217580000000,138004000000,334598000000,,,,,,21707816343,116237543246,7260399109,109143516292,21707816343,116237543246,109143516292,7260399109,,,,,,,,
dart_IssueOfHybridBond,신종자본증권발행,,,,,441336000000,,,441336000000,,,,,,,,,,,,,,,,,,,,,,,,,,,,,,,,,,,,,,,,,,,,,,,,,,,,,,,,,,,,,,,,,,,,,,,,,,,,,,,,,,,,,,,,,,,,,,,,,,,,,,,,,,,,,,,,,,,,,,,,,,,,,,,,,,,,,,,,,,,,,,0,598278000000,598278000000,0,,,,,,,,,,,,,,,,,,,,,,,,,,,,,,
dart_LeaseIncome,리스수익,,,,,,,,,,,,,,,,,,,,,,,,,,,,,,,,,,,,,,,,,,,,,,,,,,,,,,,,,,,,,,,,,,,,,,,,,,,,,,,,,,,,,,,,,,,,,,,,,,,,,,,52786000000,,,,,,,,,52414000000,,,,,52786000000,52414000000,,,,,,,,,,,,,,,,,,,,,,,,,,,,,,,,,,,,,,,,,,,,,,,,,,,,,,,,,,,,,,,,,
dart_LeasedAssets,리스자산,,,,,,,,,,,,,,,,,,,,,,,,,,,,,,,,,,,,,,,,,,,,,,,,,,,,,,,,,,,,,,,,,,,,,,,,,,,,,,,,,,,,,,,,,,,,,,,,,,,,,,,,,,443218000000,439148000000,,,,,,,,,,,,,,,,,,,,,,,,,,,,,,,,,,,,,,,,,,,,,,,,,,,,,,,,,,,,,,,,,,,,,,,,,,,,
dart_LitigationAmount,소송 금액,,,,,,,,,,,,,,,,,,,,,,,,,,,,,,,,,,,,,,,,,,,,,,,,,,,,,,,,,,,,,,,,,,,,,,,,,,,,,,,,,,,,,,,,,,,,,,,,,,,,,,,,,,,,,,,,,,,,,,,,,976500000000,,,,,,,,,,,,,,,,,,,,,,,,,,,,,,,,,,,,,,,,,,,,,,,,,,,,,,,,,,,,,,
dart_LoanTransactionsBetweenEntityRelatedPartyCollection,"대여거래, 회수",,,,,,,,,,,,,,,,,,,,,,,,,,,,,,,,,,,,,,,,,,,,,,,,,,,,,,,,,,,,,,,,,,,,,,,,,,,,,,,,,,,,,,,,,,,,,,,,,,,,,,,,,,,629000000,,629000000,587000000,587000000,,,,,,,,,,,,98000000,,,,,,92000000,,,,,,,,,,,,,,,,,,,,,,,,,4721000000,,5589000000,,,,,,,5422000000,5100000000,,,,,,,,,,,,0,0,0,0,,,,
dart_LoanTransactionsBetweenEntityRelatedPartyLending,"대여거래, 대여",,,,,,,,,,,,,,,,,,,,,,,,,,,,,,,,,,,,,,,,,,,,,,,,,,,,,,,,,,,,,,,,,,,,,,,,,,,,,,,,,,,,,,,,,,,,,,,,,,,,,,,,,,,25000000000,,1448000000,0,1384000000,,,,,,,,,,,,0,,,,,,0,,,,,,,,,,,,,,,,,,,,,,,,,0,,738000000,,,,,,,0,0,,,,,,,,,,,,0,0,0,0,,,,
dart_LoansAtAmortisedCost,상각후원가측정대출채권,17889102000000,16678733000000,14807251000000,13331814000000,,,,,,,,,,,,,,,,,,,,,,,977799000000,846923000000,977799000000,846923000000,,,,,,,,,,,8123717000000,8428809000000,,,7732218000000,7460572000000,,,,,,,,,22651882948686,19176802292031,18710517169714,22857909553532,,,,,,,,,,,,,,,,,,,,,,,,,,,,,,,2121841936806,,2123455650679,,,,,,2160410100779,2158965156917,,,,,,,,,,,,,,,,,,,,,,27421114215978,27700899875590,27758147678991,27318322922014,,,,,,,,,,,,,3452237000000,3391246000000,3519289000000,3567948000000,,,,,,,,,,,,,,,28713518000000,14540300000000,14253726000000,29153738000000,,,,,,,,,,,,,,,,,,,10362533004151,,,9973204726889,9943496175855,9568273387562,,
dart_LoansAtAmortisedCostUndiscountedCashFlows,"상각후원가측정대출채권, 미할인현금흐름",,,,,,,,,,,,,,,,,,,,,,,,,,,,,,,,,,,,,,,,,,,,,,,,,,,,,,,,,,,,,,,,,,,,,,,,,,,,,,,,,,,,,,,,,,,,,,,,,,,,,,,,,,,,,,,,,,,,,,,,27396419000000,27755913000000,27897923000000,27293275000000,,,,,,,,,,,,,,,,,,,,,,,,,,,,,,,,,,,,,,,,,,,,,,,,,,,,,,,,,,,,
dart_LongTermGuaranteeDepositRentNet,"장기임대보증금, 순액",16314000000,16792000000,28638000000,28588000000,,,,,,,,,,,,,,,,,,,,,,,,,,,,,,,,,,,,,,,,,,,,,,,,,,,,,,,,,,,,,,,,,,,,,,,,,,,,,,,,,,,,,,,,,,,,,,,,,,,,,,547408000000,435682000000,276509000000,269909000000,,,,,,,,,,,,,,,,,,,,,,,,,,,,,,,,,,,,,,,,,,,,,,,,,,,,,,,,,,,,,,,,,,,,,,,,,,
dart_LossArisingFromDerecognitionOfFinancialInstrumentsMeasuredAtAmortisedCost,상각후원가측정금융상품제거손실,,,,,3512000000,19000000,2303000000,26000000,,,,,,26000000,19000000,3512000000,2303000000,,,,,,,,,,,,,,,,,,,,,,,,,,,,,,,,,,,,,,,,,,,,,,,,,,,,,,,,,,,,,,,,,,,,,,,,,,,,,,,,,,,,,,,,,,,,,,,,,,,,,,,,,,,118583899,154383677,118583899,154383677,,,,,118583899,154383677,118583899,154383677,,,,,34000000,26000000,33000000,26000000,33000000,26000000,26000000,34000000,,,,,,,,,,,,,,,,,,,,,24530284,254661481,24530284,254661481,24530284,254661481,254661481,24530284,,,,,,,,
dart_LossFromChangeInFairValueOfFinancialInstruments,"평가손실, 금융상품",,,,,1233431000000,227104000000,340774000000,646247000000,,,,,,,,,,,,,,,,,,,,,,,,,,,,,,,,,,,,,,,,,,,,,,,,,,,,,,,,,,,,,,,,,,,,,,,,,,,,,,,,,,,,,,,,,,,,,,,,,,,,,,,,,,,,,,,,,,,,220233000000,695190000000,203026000000,582311000000,,,,,,,,,,,,,,,,,,,,,,,2735947000000,847559000000,504063000000,1788297000000,,,,,,,,,,,,,,,,,,,,,,,,,,,,,,
dart_LossFromDerivativesHeldForHedging,위험회피목적파생상품평가및처분손실,,,,,,,,,,,,,,,,,,,,,,,161140000000,161140000000,26223000000,26223000000,,,,,,,,,,,,,,,,,,,,,,,,,,,,,,,,,,,,,,,,,,,,,,,,,,,,,,,,,,,,,,,,,,,,,,,,,,,,,,,,,,,,,,,,,,,,,,,,,,,,,,,,,,,,,,,,,,,,,,,,,,,,,,,,,,,,,,,,,,,,,,,,,,,,,,,,,,,,,
dart_LossFromDisposalOfFinancialInstruments,"처분손실, 금융상품",,,,,538866000000,177758000000,225024000000,383105000000,,,,,,,,,,,,,,,,,,,,,,,,,,,,,,,,,,,,,,,,,,,,,,,,,,,,,,,,,,,,,,,,,,,,,,,,,,,,,,,,,,,,,,,,,,,,,,,,,,,,,,,,,,,,,,,,,,,,29092000000,65383000000,14597000000,36751000000,,,,,,,,,,,,,,,,,,,,,,,1746064000000,685627000000,232007000000,765762000000,,,,,,,,,,,,,,,,,,,,,,,,,,,,,,
dart_LossFromFinancialInstruments,금융상품관련비용,,,,,,,,,,,,,,,,,,,,,,,,,,,,,,,,,,,,,,,,,,,,,,,,,,,,,,,,,,,,,,,,,,,,,,,,,,,,,,,,,,,,,,,,,,,,,,,,,,,,,,,,,,,,,,,,,,,,,,,,,,,,,,,,,,,,,,,,,,,,,,,,,,,,,,5060327000000,1939068000000,965672000000,2808695000000,,,,,,,,,,,,,,,,,,,,,,,,,,,,,,
dart_LossFromFinancialInstrumentsAtAmortisedCost,상각후원가측정금융상품관련손실,,,,,,,,,,,,,,,,,,,,,,,,,,,,,,,,,,,,,,,,,,,,,,,21751731864,12594701521,83684992858,15969890356,83684992858,21751731864,15969890356,12594701521,,,,,,,,,,,,,,,,,,,,,,,,,,,,,,,,,,,,,,,,,,,,,,,,,196716000000,15119000000,16112000000,,,,,,,218493000000,,,15119000000,16112000000,196716000000,218493000000,,,,,,,,,,,,,,,,,,,,,,,,,,,,,,,,30221000000,39058000000,24427000000,22043000000,,,,,,24427000000,22043000000,39058000000,30221000000,,,,,,,,,,,,,,,,,,,,,
dart_LossFromFinancialInstrumentsAtFairValueThroughOtherComprehensiveIncome,기타포괄손익-공정가치측정금융상품관련손실,,,,,6384000000,383000000,5171000000,2411000000,,,,,,2411000000,383000000,6384000000,5171000000,,,,,,,,,,,,,,,,,,,,,,,,,,,,,,60120576992,10312121314,10240429176,60120576992,10240429176,60120576992,60120576992,10312121314,,,,,,,,,,,4788000000,4788000000,685000000,685000000,685000000,685000000,4788000000,4788000000,,,,,,,,,,,,,,,,,,,,,1598963666,4045173081,1598963666,4045173081,,,4045173081,1598963666,1598963666,4045173081,13006000000,12870000000,9805000000,,,,,,,10322000000,,,12870000000,9805000000,13006000000,10322000000,,,,,,5685831623,4004610129,5685831623,4004610129,,,,,5685831623,4004610129,5685831623,4004610129,,,,,11571000000,13923000000,11568000000,13923000000,11568000000,13923000000,13923000000,11571000000,,,3970000000,239000000,65000000,2885000000,,,,,,65000000,2885000000,239000000,3970000000,,,,,,594061790,653515301,32857028,653515301,594061790,653515301,653515301,32857028,,,,,,,,
dart_LossFromFinancialInstrumentsAtFairValueThroughProfitOrLoss,당기손익-공정가치측정금융상품관련손실,,,,,260608000000,96772000000,109112000000,171677000000,,,,,,171677000000,96772000000,260608000000,109112000000,,186317000000,52847000000,52847000000,186317000000,186317000000,186317000000,52847000000,52847000000,,,,,,,,,,,,,,,,,,,,,1195635921012,335093361414,545894184713,652777612447,545894184713,1195635921012,652777612447,335093361414,,,,,,,,,,,47620000000,47620000000,243247000000,243247000000,243247000000,243247000000,47620000000,47620000000,,,,,,,,,,,,,,,,,,,,,620073578052,398100441033,619380984091,396250608304,,,398100441033,620073578052,619380984091,396250608304,920163000000,935526000000,461199000000,,,,,,,420907000000,,,935526000000,461199000000,920163000000,420907000000,,,,,,66247901165,92525888674,94384425463,96534869681,,,,,66247901165,96534869681,94384425463,92525888674,,,,,286861000000,150879000000,272004000000,148237000000,272004000000,150879000000,148237000000,286861000000,,,1344195000000,532797000000,378883000000,875633000000,,,,,,378883000000,875633000000,532797000000,1344195000000,,,,,,158423607282,91309867795,162542393649,93039184631,158423607282,91309867795,93039184631,162542393649,,,,,,,,
dart_LossOnForeignExchangeTranslations,외화환산손실,,,,,,,,,,,,,,,,,,,,,,,,,,,,,,,,,,,,,,,,,,,,,,,,,,,,,,,,,,,,,,,,,,,,,,,,,,,,,,,,,,,,,,,,,,,,,,,,,,,,,,,,,,,,,,,,,,,,,,,,,,,,,,,,,,,,,,,,,,,,,,,,,,,,,,,,,,,,,,,,,,,,,,,,22395827,17231009252,22247408,17225139328,,,0,0,,,,,,,,
dart_LossesFromDerivatives,파생상품평가및처분손실,,,,,1501792000000,307688000000,449213000000,855239000000,,,,,,855239000000,307688000000,1501792000000,449213000000,,161140000000,26223000000,26223000000,161140000000,,,,,,,,,,,44270000000,248417000000,259805000000,259805000000,41930000000,248417000000,41930000000,44270000000,,,,,,,4077310833459,453822454567,1123966910945,2607431464368,1123966910945,4077310833459,2607431464368,453822454567,,,,,,,,,,,91220000000,91220000000,72933000000,72933000000,72933000000,72933000000,91220000000,91220000000,,,,,,,,,,,,,,,,,,,,,269201696010,48575127453,304132419947,54038565543,,,48575127453,269201696010,304132419947,54038565543,4590791000000,3733343000000,1000383000000,,,,,,,1360777000000,,,3733343000000,1000383000000,4590791000000,1360777000000,,,,,,177271958943,663887937160,117556148560,518371526321,,,,,177271958943,518371526321,117556148560,663887937160,,,,,556754000000,120987000000,459323000000,128287000000,459323000000,120987000000,128287000000,556754000000,,,3132137000000,997807000000,354706000000,1673649000000,,,,,,354706000000,1673649000000,997807000000,3132137000000,,,,,,569028489474,146526361798,529253779845,136457185489,569028489474,146526361798,136457185489,529253779845,,,,,,,,
dart_LossesOnChangeInFairValueAndOnDisposalOfFinancialInstruments,금융상품평가및처분손실,,,,,,,,,,,,,,,,,,,,,,,,,,,,,,,,,,,,,,,,,,,,,,,,,,,,,,,,,,,,,,,,,,,,,,,,,,,72247358084,182473522734,167557943600,73735608929,72247358084,182473522734,167557943600,73735608929,,,,,,,,,,,,,,,,,,,,,,,,,,,,,,,,,,,,,,,,,,,,,,,,,,,,,,,,,,,,,,,,,,,,,,,,,,,,,,,,,,,,,,,,,,,,,,,,,,,,,
dart_LossesOnForeignCurrencyTransactionsFiancialExpense,외환차손(금융원가),,,,,24520000000,2578000000,21476000000,2132000000,,,,,,,,,,,,,,,,,,,,,,,,,,,,,,,,,,,,,,,,,,,,,,,,,,,,,,,,,,,,,,,,,,,,,,,,,,,,,,,,,,,,,,,,,,,,,,,,,,,,,,,,,,,,,,,,,,,,,,,,,,,,,,,,,,,,,,,,,,,,,,,,,,,,,,,,,,,,,,,,935397156,1874922009,334732077,1828811468,,,0,0,,,,,,,,
dart_LossesOnForeignExchangeTranslationsFinancialExpense,외화환산손실(금융원가),,,,,21646000000,21381000000,43693000000,13960000000,,,,,,,,,,,,,,,,,,,,,,,,,,,,,,,,,,,,,,,,,,,,,,,,,,,,,,,,,,,,,,,,,,,,,,,,,,,,,,,,,,,,,,,,,,,,,,,,,,,,,,,,,,,,,,,,,,,,,,,,,,,,,,,,,,,,,,,,,,,,,,,,,,,,,,,,,,,,,,,,,,,,,,,,,,,,,,,
dart_NonOperatingExpense,영업외비용,,,,,23776000000,11022000000,13612000000,17718000000,,,,,,17718000000,11022000000,23776000000,13612000000,,234000000,98000000,98000000,234000000,85000000,85000000,81000000,81000000,,,,,,,1376000000,2649000000,2608000000,2608000000,1400000000,2649000000,1400000000,1376000000,,,,,,,20324687551,8529415031,13705769789,4967405446,13705769789,20324687551,4967405446,8529415031,,,,,,,,,,,5250000000,5250000000,1023000000,1023000000,1133000000,1133000000,5250000000,5250000000,,,1230764921,1147047172,897057585,542286522,1230764921,1147047172,897057585,542286522,,,,,,,,,,,2984288978,2447799271,2997956579,2481051744,,,2447799271,2984288978,2997956579,2481051744,10917000000,7103000000,3078000000,,,,,,,4481000000,,,7103000000,3078000000,10917000000,4481000000,,,,,,4349231663,67929168020,4598452749,67678716227,,,,,4349231663,67678716227,4598452749,67929168020,,,,,,,,,,,,,,,19192000000,8831000000,3320000000,1850000000,,,,,,3320000000,1850000000,8831000000,19192000000,,,,,,11617499496,12023120442,11575784831,11974898498,11617499496,12023120442,11974898498,11575784831,,,,,,,,
dart_NonOperatingIncome,영업외수익,,,,,15283000000,7645000000,8051000000,14568000000,,,,,,14568000000,7645000000,15283000000,8051000000,,619000000,603000000,603000000,619000000,532000000,532000000,584000000,584000000,,,,,,,3329000000,1548000000,2230000000,2230000000,2627000000,1548000000,2627000000,3329000000,,,,,,,15069747367,13441007156,8548082997,5291122999,8548082997,15069747367,5291122999,13441007156,,,,,,,,,,,223000000,223000000,946000000,946000000,1029000000,1029000000,243000000,243000000,,,7041431641,7805219896,1178511202,2651975122,7041431641,7805219896,1178511202,2651975122,,,,,,,,,,,579427535,1474397671,906828784,1493136197,,,1474397671,579427535,906828784,1493136197,182488000000,373932000000,334580000000,,,,,,,92980000000,,,373932000000,334580000000,182488000000,92980000000,,,,,,34295677221,64524743707,6418825572,5048908039,,,,,34295677221,5048908039,6418825572,64524743707,,,,,,,,,,,,,,,23013000000,14727000000,30372000000,30212000000,,,,,,30372000000,30212000000,14727000000,23013000000,,,,,,2767454588,1478056571,2722657124,1350634053,2767454588,1478056571,1350634053,2722657124,,,,,,,,
dart_NonOperatingProfitLoss,영업외손익,,,,,145000000,-3377000000,781000000,-3150000000,,,,,,-3150000000,-3377000000,145000000,781000000,,385000000,505000000,505000000,385000000,447000000,447000000,503000000,503000000,,,,,,,1953000000,-1101000000,-378000000,-378000000,1227000000,-1101000000,1227000000,1953000000,,,,,,,-5254940184,4911592125,-5157686792,323717553,-5157686792,-5254940184,323717553,4911592125,,,,,,,,,,,,,,,,,,,,,5810666720,6658172724,281453617,2109688600,5810666720,6658172724,281453617,2109688600,,,,,,,,,,,-2404861443,-973401600,-2091127795,-987915547,,,-973401600,-2404861443,-2091127795,-987915547,171571000000,366829000000,331502000000,,,,,,,88499000000,,,366829000000,331502000000,171571000000,88499000000,,,,,,,,,,,,,,,,,,,,,,-4819000000,-6961000000,-4863000000,-7631000000,-4863000000,-6961000000,-7631000000,-4819000000,,,3821000000,5896000000,27052000000,28362000000,,,,,,27052000000,28362000000,5896000000,3821000000,,,,,,-7182141061,-10720685071,-10038969096,-12780105645,-7182141061,-10720685071,-12780105645,-10038969096,,,,,,,,
dart_NumberOfLitigations,소송 건수,,,,,,,,,,,,,,,,,,,,,,,,,,,,,,,,,,,,,,,,,,,,,,,,,,,,,,,,,,,,,,,,,,,,,,,,,,,,,,,,,,,,,,,,,,,,,,,,,,,,,,,,,,,,,,,,,,,,,,,,,5803.00,,,,,,,,,,,,,,,,,,,,,,,,,,,,,,,,,,,,,,,,,,,,,,,,,,,,,,,,,,,,,,
dart_OperatingExpenseInsurance,보험영업비용,,,,,4203794000000,3564757000000,3834416000000,3891056000000,,,,,,3891056000000,3564757000000,4203794000000,3834416000000,,163613000000,134737000000,134737000000,163613000000,169653000000,169653000000,141033000000,141033000000,,,,,,,2586978000000,2672009000000,2675946000000,2675946000000,2583216000000,2672009000000,2583216000000,2586978000000,,,,,,,967420835377,807080929026,822431480300,960307597191,822431480300,967420835377,960307597191,807080929026,,,,,,,,,,,315217000000,315217000000,307659000000,307659000000,307659000000,307659000000,315217000000,315217000000,,,2012498761425,2222582264131,2208062362643,1996185860753,2012498761425,2222582264131,2208062362643,1996185860753,,,,,,,,,,,290446001420,226120957199,298332033301,233555656105,,,226120957199,290446001420,298332033301,233555656105,2345952000000,2309550000000,2141896000000,,,,,,,2164127000000,,,2309550000000,2141896000000,2345952000000,2164127000000,,,,,,4424410301013,4335201283029,4328233040566,4228929133630,,,,,4424410301013,4228929133630,4328233040566,4335201283029,,,,,677513000000,555284000000,670648000000,559285000000,670648000000,555284000000,559285000000,677513000000,,,3013830000000,2634551000000,1173727000000,1331344000000,,,,,,1173727000000,1331344000000,2634551000000,3013830000000,,,,,,3168850351579,3244704569312,3266808736127,3350628778744,3168850351579,3244704569312,3350628778744,3266808736127,,,,,,,,
dart_OperatingExpenseInvestment,투자영업비용,,,,,2488527000000,762715000000,1165957000000,1424465000000,,,,,,1424465000000,762715000000,2488527000000,1165957000000,,956695000000,439288000000,439288000000,956695000000,955303000000,955303000000,438633000000,438633000000,,,,,,,470438000000,744094000000,786787000000,786787000000,449709000000,744094000000,449709000000,470438000000,,,,,,,7374590242997,2245426614685,3310468249156,5176091623965,3310468249156,7374590242997,5176091623965,2245426614685,,,,,,,,,,,472244000000,472244000000,765625000000,765625000000,779076000000,779076000000,486245000000,486245000000,,,402884977969,502591031137,469066307143,395605251036,402884977969,502591031137,469066307143,395605251036,,,,,,,,,,,2390431320691,791114972214,2429717856264,804696405959,,,791114972214,2390431320691,2429717856264,804696405959,11015601000000,8567252000000,4076568000000,,,,,,,5491776000000,,,8567252000000,4076568000000,11015601000000,5491776000000,,,,,,889077934030,1479991417661,798458441109,1263819348293,,,,,889077934030,1263819348293,798458441109,1479991417661,,,,,1894056000000,866784000000,1712140000000,935074000000,1712140000000,866784000000,935074000000,1894056000000,,,6490575000000,3449118000000,2068228000000,3701411000000,,,,,,2068228000000,3701411000000,3449118000000,6490575000000,,,,,,1080321126080,585127824204,1045759152419,567219667498,1080321126080,585127824204,567219667498,1045759152419,,,,,,,,
dart_OperatingIncomeInsurance,보험영업수익,,,,,4447440000000,3967476000000,4255864000000,4117615000000,,,,,,4117615000000,3967476000000,4447440000000,4255864000000,,235846000000,218286000000,218286000000,235846000000,235846000000,235846000000,218286000000,218286000000,,,,,,,2860071000000,2854809000000,2867273000000,2867273000000,2846282000000,2854809000000,2846282000000,2860071000000,,,,,,,1147431044396,970191269151,977134967883,1145094212722,977134967883,1147431044396,1145094212722,970191269151,,,,,,,,,,,319288000000,319288000000,330044000000,330044000000,330044000000,330044000000,319288000000,319288000000,,,2374152092765,2557146517049,2542627405767,2356025936379,2374152092765,2557146517049,2542627405767,2356025936379,,,,,,,,,,,298146437409,265006263782,298146437409,265006263782,,,265006263782,298146437409,298146437409,265006263782,2597182000000,2566027000000,2419778000000,,,,,,,2441845000000,,,2566027000000,2419778000000,2597182000000,2441845000000,,,,,,4931261440093,4864120898618,4809826336022,4743313505209,,,,,4931261440093,4743313505209,4809826336022,4864120898618,,,,,852610000000,764463000000,849240000000,766284000000,849240000000,764463000000,766284000000,852610000000,,,3160014000000,2867906000000,1277935000000,1393738000000,,,,,,1277935000000,1393738000000,2867906000000,3160014000000,,,,,,3567451741998,3525410324902,3568874095922,3526542728226,3567451741998,3525410324902,3526542728226,3568874095922,,,,,,,,
dart_OtherBorrowingsUndiscountedCashFlows,"기타 차입금(사채 제외), 미할인현금흐름",,,,,,,,,,,,,,,,,,,,,,,,,,,,,,,,,,,,,,,,,,,,,,,,,,,,,,,,,,,,,,,,,,,,,,,,,,,,,,,,,,,,,,,,,,,,,,,,,,,,,,,,,,5060708000000,6707844000000,750000000000,1160000000000,,,,,,,,,,,,,,,,,,,,,,,,,,,,,,,,,,,,,,,,,,,,,,,,,,,,,,,,,,,,,,,,,,,,,,,,,,
dart_OtherComprehensiveIncomeLossAccumulatedAmount,기타포괄손익누계액,,,,,,,,,,,,,,,,,,,,,,,,,,,,,,,,,,,,,,,,,,,,,,,,,,,,,,,,,,,,,,,,,,,,,,,,,,,,,,,,,,,,,,,,,,,,,,,,,,,,,,,,,,,43530655000000,,25169932000000,,,,,,,,,,,,,,,,,,,,,,,,,,,,,,,,,,,,,,,,,,,,,,,,,,,,,,,,,,,,,,,,,,,,,,,,,,
dart_OtherComprehensiveIncomeNetOfTaxChangeInFairValueOfFinancialAssetsMeasuredAtFairValueThroughOtherComprehensiveIncome,기타포괄손익-공정가치측정금융자산평가손익,,,,,,,,,,,,,,,,,,,,,,,,,,,,,,,,,,,,,,,,,,,,,,,-2301547734100,891330901814,902424664573,-2261943779020,,,,,,,,,,,,,,,,,,,,,,,,,,,,,,,,,,,,,,,,,,,,,,,,,,,,,,,,,,,,,,,,,,,,,,,,,,630823859185,2315275045323,630767649199,2315761981254,,,,,,,,,,,,,,,,,,,,,,,,,,,,,,,,,,,,,,,,,,,,,,,,,,,,,,,,
dart_OtherComprehensiveIncomeNetOfTaxCreditLossesOfFinancialAssetsMeasuredAtFairValueThroughOtherComprehensiveIncome,기타포괄손익-공정가치측정 신용손실,,,,,,,,,,,,,,,,,,,,,,,,,,,,,,,,,59000000,17000000,17000000,17000000,59000000,17000000,59000000,59000000,,,,,,,44975766,338356994,266664856,54191605,266664856,44975766,54191605,338356994,,,,,,,,,,,,,,,,,,,,,-8976796313,-32298879464,-32298879464,-8976796313,-8976796313,-32298879464,-32298879464,-8976796313,,,,,,,,,,,,,,,,,,,,,,,,,,,,,,,,,,,,,,,,,,,,,,,,,,,,,,,,,,,,,,,,,,,,,,,,,,,,,,,,,,,,,,713441,-56341352,713441,-56341352,713441,-56341352,-56341352,713441,,,,,,,,
dart_OtherComprehensiveIncomeNetOfTaxFinancialAssetsMeasuredAtFairValueThroughOtherComprehensiveIncomeTotal,기타포괄손익-공정가치측정금융자산관련손익 총손익,,,,,-1032354000000,276303000000,410708000000,-652486000000,,,,,,,,,,,,436582000000,,-1006850000000,-1006850000000,,436582000000,,,,,,,,410666000000,,-953098000000,,410666000000,-953098000000,,,,,,,,,,,,,,,,,,,,,,,,,,,,,,,,,,,,,445362288030,-908851681162,-908856013348,445365382448,,,,,,,,,,,,,,,-563844856451,294887487859,-563844856451,294887487859,,,,,,,12348506000000,12490355000000,3884085000000,,,,,,,3917601000000,,,,,,,,,,,,,,,,,,,,,,,,,,,,,,,,,,,,,,-2799997000000,1262107000000,973193000000,-2153242000000,,,,,,,,,,,,,,,,,,,,,,,,,,,,,,
dart_OtherComprehensiveIncomeNetOfTaxGainsLossesOnHedgingInstrument,"공정가치 위험회피수단 평가손익, 세후기타포괄손익",,,,,,,,,,,,,,,,,,,,,,,,,,,,,,,,,,,,,,,,,,,,,,,,,,,,,,,,,,,,,,,,,,,,,,,,,,,,,,,,,,,,,,,,,,,,,,,,,,,,,,,,,,,,,,,,,,,,,,,,,,,,-570657381,-724911079,-570657381,-724911079,,,,,-570657381,-724911079,-570657381,-724911079,,,,,,,,,,,,,,,,,,,,,,,,,,,,,,,,,,,,,,,,,,,,,,,,
dart_OtherComprehensiveIncomeNetOfTaxGainsLossesOnRevaluationOfPropertyPlandAndEquipment,유형자산재평가잉여금,,,,,-4115000000,-2016000000,-2016000000,-4115000000,,,,,,,,,,,,,,,,,,,,,,,,,,,,,,,,,,,,,,,15604588,,8658595,,,,,,,,,,,,,,,,,,,,,,,,,,,,,,,,,,,,,,,,,,,,387,-3762,387,-3762,,,,,,,,,,,,,,,,,,,,,,,,,,,,,,,,,,,,,,,,,,,,,,,,,,,,,,-1795000000,-80000000,,,,,,,,,,,,,,,,,,,,,,,,,,,,,,,,
dart_OtherFinancialAssetsAtAmortisedCost,상각후원가측정기타금융자산,1198335000000,1393504000000,750610000000,843105000000,,,,,,,,,,,,,,,,,,,,,,,,,,,,,,,,,,,,,453608000000,570039000000,,,855619000000,758966000000,,,,,,,,,3451927955511,1271291067817,1738280444190,3849478144822,,,,,,,,,,,,,,,,,,,,,,,,,422258812611,,427239395011,,441189847754,444672897369,581819128758,,663582411456,,,,,,721006419904,642485242875,,,,,,,,,,,,,,,,,,,,,,996161682235,1256041252110,1027326064865,1221354604144,,,,,,,,,,,,,,,,,,,,,,,,,,,,,,,7805371000000,2842013000000,2303474000000,7466768000000,,,,,,,,,,,,,,,,,,,974024894407,,,857669210494,964469108601,833309374194,,
dart_OtherFinancialAssetsAtFairValueThroughOtherComprehensiveIncome,기타포괄손익-공정가치측정기타금융자산,,,,,,,,,,,,,,,,,,,,,,,,,,,,,,,,,,,,,,,,,,,,,,,,,,,,,,,,,,,,,,,,,,,,,,,,,,,,,,,,,,,,,,,,,,,,,,,,,,,,,,,,,,,,,,,,,,,,,,,,,,,,,,,,,,,,,,,,,,,,,,,,,,,,,,,,,,,,,,,,,,,,,,,,,,,,,,,,24544977208948,,,,25427034540204,,,
dart_OtherFinancialAssetsAtFairValueThroughProfitOrLoss,당기손익-공정가치측정기타금융자산,,,,,,,,,,,,,,,,,,,,,,,,,,,,,,,,,,,,,,,,,,,,,,,,,,,,,,,,,,,,,,,,,,,,,,,,,,,,,,,,,,,,,,,,,44270560423,,44270560423,,,,,,45071843688,45071843688,,,,,,,,,,,,,,,,,,,,,,,,,,,,,,,,,,,,,,,,,,,,,,,,,,,,,,,,,,,,,,,,,,,,,,,,,,,,,,,,,,,,,
dart_OtherGainsFromFinancialInstruments,"기타이익, 금융상품",,,,,,,,,,,,,,,,,,,,,,,,,,,,,,,,,,,,,,,,,,,,,,,,,,,,,,,,,,,,,,,,,,31148000000,,23846000000,,23869000000,,31148000000,,,,,,,,,,,,,,,,,,,,,,,,,,,,,,,,,,,,,,,,,,,,,,,,,,,,,,,,,,,,,,,,,,,,,,,,,,,,,,1698106000000,513639000000,369240000000,1115272000000,,,,,,,,,,,,,,,,,,,,,,,,,,,,,,
dart_OtherLossFromFinancialInstruments,"기타손실, 금융상품",,,,,,,,,,,,,,,,,,,,,,,,,,,,,,,,,,,,,,,,,,,,,,,,,,,,,,,,,,,,,,,,,,,,,,,,,,,,,,,,,,,,,,,,,,,,,,,,,,,,,,,,,,,,,,,,,,,,,,,,,,,,,,,,,,,,,,,,,,,,,,,,,,,,,,304164000000,225521000000,173488000000,199302000000,,,,,,,,,,,,,,,,,,,,,,,,,,,,,,
dart_OtherOperatingExpense,기타영업비용,,,,,52818000000,,53574000000,,,,,,,,,,,,31223000000,28989000000,28989000000,31223000000,,,,,,,,,,,,,,,,,,,,,,,,,391824909442,,352117422874,,352117422874,391824909442,,,,,,,,,,,,,,,,,,,,,,,,,,,,,,,,,,,,,,,,,,,,,,,,,,,,,,,,,,,,,,,,,,,,,,,,,,,,,,,,,,,,,,,,,,,,,,,,,,,,,,,,,,,,,,,,,,,,142410646742,166935402388,,,142410646742,166935402388,,,,,,,,,,
dart_OtherOperatingExpenseInsurance,기타보험영업비용,,,,,28373000000,33009000000,34803000000,26814000000,,,,,,26814000000,33009000000,28373000000,34803000000,,-280000000,-1356000000,-1356000000,-280000000,5760000000,5760000000,4940000000,4940000000,,,,,,,93081000000,97277000000,98281000000,98281000000,91927000000,97277000000,91927000000,93081000000,,,,,,,19081805710,12757896965,13772770257,18055600628,13772770257,19081805710,18055600628,12757896965,,,,,,,,,,,8134000000,8134000000,7914000000,7914000000,7914000000,7914000000,8134000000,8134000000,,,23343126302,25117270187,27474940334,25923169977,23343126302,25117270187,27474940334,25923169977,,,,,,,,,,,15653654759,15525753981,23539686640,22960452887,,,15525753981,15653654759,23539686640,22960452887,35058000000,19458000000,21783000000,,,,,,,29659000000,,,19458000000,21783000000,35058000000,29659000000,,,,,,41168660908,56822689608,45766902809,59250581155,,,,,41168660908,59250581155,45766902809,56822689608,,,,,17577000000,20153000000,17287000000,20009000000,17287000000,20153000000,20009000000,17577000000,,,72509000000,59158000000,27710000000,32046000000,,,,,,27710000000,32046000000,59158000000,72509000000,,,,,,14079263955,22973408819,14079263955,22973408819,14079263955,22973408819,22973408819,14079263955,,,,,,,,
dart_OtherOperatingExpenseInvestment,기타투자영업비용,,,,,52818000000,7614000000,53574000000,8779000000,,,,,,8779000000,7614000000,52818000000,53574000000,,20723000000,17922000000,17922000000,20723000000,20773000000,20773000000,17955000000,17955000000,,,,,,,25697000000,23444000000,40309000000,40309000000,8314000000,23444000000,8314000000,25697000000,,,,,,,28417068939,7944309388,24489357471,7082033427,24489357471,28417068939,7082033427,7944309388,,,,,,,,,,,4450000000,4450000000,4578000000,4578000000,17886000000,17886000000,18423000000,18423000000,,,35831657954,11862003971,9651627493,29145773283,35831657954,11862003971,9651627493,29145773283,,,,,,,,,,,20648514954,16655619346,25626459539,26014850365,,,16655619346,20648514954,25626459539,26014850365,924683000000,40096000000,44069000000,,,,,,,595247000000,,,40096000000,44069000000,924683000000,595247000000,,,,,,21204726865,24484640367,17885855159,19653796858,,,,,21204726865,19653796858,17885855159,24484640367,,,,,85542000000,20233000000,19660000000,83042000000,19660000000,20233000000,83042000000,85542000000,,,542632000000,408947000000,123850000000,125480000000,,,,,,123850000000,125480000000,408947000000,542632000000,,,,,,17149600777,26802837391,18619726932,19496043465,17149600777,26802837391,19496043465,18619726932,,,,,,,,
dart_OtherOperatingIncome,기타영업수익,,,,,137562000000,,107968000000,,,,,,,,,,,,22566000000,19611000000,19611000000,22566000000,,,,,,,,,,,,,,,,,,,,,,,,,304494280215,,279411563713,,279411563713,304494280215,,,,,,,,,,,,,,,,,,,,,,,,,,,,,,,,,,,,,,,,,,,,,,,,,,,,,,,,,,,,,,,,,,,,,,,,6247159114,12108265360,,,,,,,6247159114,,,12108265360,,,,,,,,,,,,,,,,,,,,,,,,,,,,,,,,,46595819620,53689740538,,,46595819620,53689740538,,,,,,,,,,
dart_OtherOperatingIncomeInvestment,기타투자영업이익,,,,,160699000000,143420000000,127193000000,227167000000,,,,,,227167000000,143420000000,160699000000,127193000000,,42548000000,37975000000,37975000000,42548000000,43153000000,43153000000,38264000000,38264000000,,,,,,,90804000000,116226000000,115056000000,115056000000,92858000000,116226000000,92858000000,90804000000,,,,,,,184043171253,237136855686,222012526300,204909670537,222012526300,184043171253,204909670537,237136855686,,,,,,,,,,,4612000000,4612000000,5238000000,5238000000,4819000000,4819000000,4286000000,4286000000,,,111785457279,216279085156,219601300891,119486936373,111785457279,216279085156,219601300891,119486936373,,,,,,,,,,,39946569435,43483302428,39946569435,43483302428,,,43483302428,39946569435,39946569435,43483302428,797622000000,532051000000,26013000000,,,,,,,63421000000,,,532051000000,26013000000,797622000000,63421000000,,,,,,147797759543,160314066192,129965048171,146457500459,,,,,147797759543,146457500459,129965048171,160314066192,,,,,66149000000,696000000,1399000000,63983000000,1399000000,696000000,63983000000,66149000000,,,389201000000,259656000000,28226000000,30184000000,,,,,,28226000000,30184000000,259656000000,389201000000,,,,,,22641743205,24451015660,14003782234,11585959138,22641743205,24451015660,11585959138,14003782234,,,,,,,,
dart_OtherPayablesTrust,"미지급금, 신탁계정",,,,,,,,,,,,,,,,,,,,,,,,,,,,,,,,,,,,,,,,,,,,,,,,,,,,,,,,,,,,,,,,,,,,,,,,,,,,,,,,,,,,,,,,,,,,,,,,,,,,,,,,,,47052000000,33737000000,47051000000,33737000000,,,,,,,,,,,,,,,,,,,,,,,,,,,,,,,,,,,,,,,,,,,,,,,,,,,,,,,,,,,,,,,,,,,,,,,,,,
dart_Payables,미지급금,354805000000,431376000000,274249000000,229411000000,,,,,,,,,,,,,,,,,,,,,,,,,,,,,,,,,,,,,,,,,,,,,,,,,,,,,,,,,50400000000,38207000000,54965000000,44450000000,,,,,,,,,,,,,,,,,,,,,,,,,,,,,,,,,,,,,,,,,,,,,,,,,,,,,,,,,,,,,,,,,,,,,,,,,,,,,,,,,,,,,,,,,,,,,,,,,,,,,,,,,,,,,,,,,,,,,,,
dart_PolicyholdersEquityAdjustment,계약자지분조정,,,,,,,,,,,,,,,,,,,,,,,,,,,,,,,,,,,,,,,,,,,,,,,,,,,,,,,167845375053,167845375053,167845375053,167845375053,,,,,,,,,,,,,,,,,,,,,,,,,,,,,,,,,,,,,,,,,,,,,,,,,,,,,,,,,,,,,,,,,,,,,,,,,,,,,,,,,,,,,,,,,,,,,,,,,,,,,,,,,,,,,,,,,,,,,,,,,,,,,
dart_ProceedsFromDisposalOfFinancialAssetsAtFairValueThroughProfitOrLossClassifiedAsInvestingActivities,당기손익-공정가치측정금융자산의 처분,,,,,640129000000,477298000000,175893000000,799173000000,,,,,,,,,,,,40423000000,,122288000000,122288000000,,40423000000,,,,,,,,600747000000,,288731000000,,600747000000,288731000000,,,,,,,,,2467820509540,2081637619682,2094993989610,2459719858214,,,,,,,,,,,,,,,,325696000000,,23569000000,,23569000000,,325696000000,,,,,,,,,,,,,,,,,,,,,132596456999,148816120626,132596456999,148816120626,,,,,,,436906000000,207058000000,422430000000,,,,,,,576719000000,,,,,,,,,,,,178989889803,311243035476,233285918682,346425115845,,,,,,,,,,,,,292267000000,138239000000,238774000000,130032000000,,,,,,,7132828000000,4396237000000,4340425000000,6905497000000,,,,,,,,,,,,,,,333055763046,231442957577,338766879780,230504263918,,,,,,,,,,,,
dart_ProceedsFromSalesOfFinancialAssetsAtAmortisedCostClassifiedAsInvestingActivities,상각후원가측정금융자산의처분 - 투자활동,,,,,89041000000,,36266000000,,,,,,,,,,,,,,,,,,,,,,,,,,,,,,,,,,,,,,,,31762632838,22458906208,33509056208,21726737838,,,,,,,,,,,,,,,,,,,,,,,,,,,,,,,,,,,,,,,,,,,,,,,,,,,,,16265000000,,,,,,,,,5749000000,,,,,,,,,,,,620000000,42366321542,620000000,188000000,,,,,,,,,,,,,772000000000,0,772000000000,0,,,,,,,96766000000,150206000000,150206000000,38331000000,,,,,,,,,,,,,,,,,,,,,,,,,,,,,,
dart_ProceedsFromSalesOfFinancialAssetsAtFairValueThroughOtherComprehensiveIncome,기타포괄손익-공정가치측정금융자산의처분,,,,,612681000000,969062000000,1188782000000,538920000000,,,,,,,,,,,,197495000000,,378527000000,378527000000,,197495000000,,,,,,,,747424000000,,1254713000000,,747424000000,1254713000000,,,,,,,,,4980004978557,8053588924552,8551267582268,4970004978557,,,,,,,,,,,,,,,,1364845000000,,547066000000,,547066000000,,1364845000000,,,2633703380803,1594257141614,1594496900604,2633565805522,,,,,,,,,,,,,,,248333404009,285837644585,248333404009,285837644585,,,,,,,6567095000000,6512125000000,3607879000000,,,,,,,3939115000000,,,,,,,,,,,,1257670124631,1712203857933,1258141767440,1712203857933,,,,,,,,,,,,,1089550000000,1957073000000,1072521000000,1971130000000,,,,,,,2132366000000,960628000000,886173000000,1781737000000,,,,,,,,,,,,,,,220655867293,300163349448,212800206082,285401746503,,,,,,,,,,,,
dart_ProceedsFromSalesOfIntangibleAssetsOtherThanGoodwill,영업권 이외의 무형자산의 처분,,,,,,,,,,,,,,,,,,,,,,,,,,,,,,,,,,,,,,,,,,,,,,,,,,,,,,,,,,,,,,,,,,,,,,,,,,,,,,,,,,,,,,,,,,,,,,,,,,,,,,,,,,,,,,,,,,,,,,,,,,,,,,,,,,,,,,,,,,,,,,,,,,,,,,,,,,,,,,,,,,,,,,,,,,2406493,0,,,,,,,,,,,,
dart_ProceedsFromSalesOfInvestmentsInSubsidiaries,종속기업에 대한 투자자산의 처분,,,,,,,,,,,,,,,,,,,,,,,,,,,,,,,,,,,,,,,,,,,,,,,,2345956855,,5587851035,,,,,,,,,,,,,,,,,,,,,,,,,,,,,,,,,,,,,,,,,,,,,,,,,,,,,,,,,,,,,,,,,,,,,,,,,,,,,,,,,,,,,,,,,,,,,,,,,,,,,,,,,,,,,,,,,,,,,,,,,,,,,,,,,,,,,
dart_ProceedsFromSalesOfInvestmentsInSubsidiariesJointVenturesAndAssociates,"종속기업, 조인트벤처와 관계기업에 대한 투자자산의 처분",,,,,,,,,,,,,,,,,,,,,,,,,,,,,,,,,,,,,5377000000,794375000000,,,,,,,,,,,,,,,,,,,,,,,,,,,,,,,,,,,,,,,,,,,,,,,,,,,,,,,,,,,,,,,,,,,,,,,,,,,,,,,,,,,,,,,,,,,,,,,,,,,,,,,,,,,,,,,,,,96509000000,203379000000,,,,,,,,,,,,,,,,,,,,,,,,,,,,,,
dart_PurchaseOfFinancialAssetsAtAmortisedCostClassifiedAsInvestingActivities,상각후원가측정금융자산의취득 - 투자활동,,,,,7736000000,,59753000000,,,,,,,,,,,,,,,,,,,,,,,,,,,,,,,,,,,,,,,,10000000000,,14952000000,,,,,,,,,,,,,,,,,,,,,,,,,,,,,,,,,,,,,,,,,,,,,,,,,,,,,,13727000000,,,,,,,,,10181000000,,,,,,,,,,,,85457378716,60789884319,,,,,,,,,,,,,,,,,,,,,,,,,110541000000,8540000000,8540000000,0,,,,,,,,,,,,,,,,,,,,,,,,,,,,,,
dart_PurchaseOfFinancialAssetsAtFairValueThroughOtherComprehensiveIncome,기타포괄손익-공정가치측정금융자산의취득,,,,,4163217000000,1384688000000,1978598000000,3293781000000,,,,,,,,,,,,763574000000,,925778000000,925778000000,,763574000000,,,,,,,,1117560000000,,2250084000000,,1117560000000,2250084000000,,,,,,,,,5321355458411,9657631489630,10536710206057,5321355458411,,,,,,,,,,,,,,,,1831458000000,,664475000000,,664475000000,,1831459000000,,,1780044848290,3043352483466,3043352483466,1780044848290,,,,,,,,,,,,,,,208282059225,397104895924,208282059225,397104895924,,,,,,,4729435000000,4675052000000,4334781000000,,,,,,,4696345000000,,,,,,,,,,,,1971146890694,3316522853368,1971146890694,3316522853368,,,,,,,,,,,,,2574552000000,1301069000000,2537194000000,1339536000000,,,,,,,3134691000000,2592515000000,2125890000000,2554890000000,,,,,,,,,,,,,,,555233754369,1316719178055,542933828570,1313302707899,,,,,,,,,,,,
dart_PurchaseOfFinancialAssetsAtFairValueThroughProfitOrLossClassifiedAsInvestingActivities,당기손익-공정가치측정금융자산의 취득,,,,,644602000000,513544000000,402840000000,1143074000000,,,,,,,,,,,,84752000000,,188325000000,188325000000,,84752000000,,,,,,,,470955000000,,297429000000,,470955000000,297429000000,,,,,,,,,3935911938448,3601998539093,3628321319961,3908142751898,,,,,,,,,,,,,,,,126970000000,,22651000000,,22651000000,,126970000000,,,,,,,,,,,,,,,,,,,,,45858955051,63634961183,36945504867,51477211227,,,,,,,632972000000,105272000000,206388000000,,,,,,,594265000000,,,,,,,,,,,,299880115876,288842712609,347265840542,344614798386,,,,,,,,,,,,,305148000000,215631000000,191335000000,179418000000,,,,,,,7526441000000,5495578000000,5383066000000,7399717000000,,,,,,,,,,,,,,,241088960630,311994931537,304199771176,307993296264,,,,,,,,,,,,
dart_PurchaseOfIntangibleAssetsOtherThanGoodwill,영업권 이외의 무형자산의 취득,,,,,,,,,,,,,,,,,,,,,,,,,,,,,,,,,,,,,,,,,,,,,,,,,,,,,,,,,,,,,,,,,,,,,,,,,,,,,,,,,,,,,,,,,,,,,,,,,,,,,,,,,,,,,,,,,,,,,,,,,,,,,,,,,,,,,,,,,,,,,,,,,,,,,,,,,,,,,,,,,,,,,,,,,,4173288278,1586751833,,,,,,,,,,,,
dart_PurchaseOfInvestmentsInSubsidiaries,종속기업에 대한 투자자산의 취득,,,,,,,,,,,,,,,,,,,,,,,,,,,,,,,,,,,,,,,,,,,,,,,,52095384657,,108254791556,,,,,,,,,,,,,,,,,,,,,,,,,,,,,,,,,,,,,,,,,,,,,,,,,,,,,,,,,,,,,,,,,,,,,,,,,,,,,,,,,,,,,,,,,,,,,,,,,,,,,,,,,,,,,,,,,,,,,,,,,,,,,,,,,,,,,
dart_PurchaseOfInvestmentsInSubsidiariesJointVenturesAndAssociates,"종속기업, 조인트벤처와 관계기업에 대한 투자자산의 취득",,,,,,,,,,,,,,,,,,,,,,,,,,,,,,,,,,,,,845000000,534335000000,,,,,,,,,,,,,,,,,,,,,,,,,,,,,,,,,,,,,,,,,,,,,,,,,,,,,,,,,,,,,,,,,,,,,,,,,,,,,,,,,,,,,,,,,,,,,,,,,,,,,,,,,,,,,,,,,,164623000000,292744000000,,,,,,,,,,,,,,,,,,,,,,,,,,,,,,
dart_PurchaseOfNonCurrentAssetsOrDisposalGroupsClassifiedAsHeldForSale,매각예정으로 분류된 비유동자산이나 처분자산집단의 취득,,,,,,,,,,,,,,,,,,,,,,,,,,,,,,,,,,,,,,,,,,,,,,,,,,,,,,,,,,,,,,,,,,,,,,,,,,,,,,,,,,,,,,,,,,,,,,,,,,,,,,,,,,,,,,,,,,,,,,,,,,,,,,,,,,,,,,,,,,,,,,,,,,,,,,1058000000,0,,,,,,,,,,,,,,,,,,,,,,,,,,,,,,,,
dart_RegulatoryReserveForCreditLoss,대손준비금 기적립액,72351000000,125517000000,49766000000,103056000000,,,,,,,,,,,,,,,,,,,,,,,,,,,,,,,,,,,,,32909000000,32909000000,,,34085000000,34085000000,,,,,,,,,,,,,,,,,,,,,,,,,,,,,,,,,,,,,451943366535,,451943366535,,195650349399,195650349399,,,,,,,,,,,,,,,,,,,,,,,,,,,,,,,,170245602530,164952981225,170245602530,164952981225,,,,,,,,,,,,,,,,,,,,,,,,,,,,,,,,,,,,,,,,,,,,,,,,,,,,,70964361692,,,70858265569,123467407109,123341883068,,
dart_RegulatoryReserveForCreditLossToBeAddedReversed,대손준비금 적립(환입)예정액,53166000000,3675000000,53290000000,2304000000,,,,,,,,,,,,,,,,,,,,,,,,,,,,,,,,,,,,,2529000000,2529000000,,,-1177000000,-1177000000,,,,,,,,,,,,,,,,,,,,,,,,,,,,,,,,,,,,,34306169596,,34306169596,,256293017136,256293017136,,,,,,,,,,,,,,,,,,,,,,,,,,,,,,,,-5292621305,-1291671011,-5292621305,-1291671011,,,,,,,,,,,,,,,,,,,,,,,,,,,,,,,,,,,,,,,,,,,,,,,,,,,,,30007300123,,,29992147285,-52503045417,-52483617499,,
dart_RegulatoryReserveToBeAddedReversed,감독목적상 적립금 전입(환입) 예정액,,,,,339384000000,342773000000,380195000000,284690000000,,,,,,,,,,,,,,,,,,,,,,,,,,,,,,,,,,,,,,,,,,,,,,,,,,,,,,,,,,63259000000,,109754000000,,109754000000,,63259000000,,,,,,,,,,,,,,,,,,,,,,,,,,,,,,,,,,,,,,,,,,,,,,,,,,,,,,,,,,,,,,,,,,,,,,,,,,,,,,,,,,,,,,,,,,,,,,,,,,,,,,,,,,,,,,,
dart_RestrictedFinancialAssets,사용이 제한된 금융자산,170918000000,172233000000,88647000000,65462000000,,,,,,,,,,,,,,,,,,,,,,,,,,,,,,,,,,,,,,,,,,,,,,,,,,,,,,,,,51284000000,39769000000,51284000000,39769000000,,,,,,,,,,,,,,,,,,,,,,,,,,,,,,,,,,,,,,,,,,,,,,,,,,,,,,,,49421000000,49042000000,49969000000,48466000000,,,,,,,,,,,,,,,,,,,,,,,,,,,,,,,,,,,,,,,,,,,,,,,,,,,,,,,,,,,,
dart_ReversalsOfImpairmentLossesOfFinancialAssets,신용손실충당금 환입액,,,,,12939000000,11738000000,12445000000,12411000000,,,,,,12411000000,11738000000,12939000000,12445000000,,,,,,,,,,,,,,,,,,,,,,,,,,,,,,,,,,,,,,,,,,,,,,,,4913000000,4913000000,0,0,0,0,4913000000,4913000000,,,,,,,,,,,,,,,,,,,,,,,,,,,,,,,,,,,,,,,,,,,,,,,,,,,,4291629569,5409251435,3999255320,5265588798,,,,,4291629569,5265588798,3999255320,5409251435,,,,,462000000,3171000000,357000000,3326000000,357000000,3171000000,3326000000,462000000,,,,,,,,,,,,,,,,,,,,,0,310970179,0,243640587,0,310970179,243640587,0,,,,,,,,
dart_SalesPromotionExpenses,판매촉진비,,,,,,,,,,,,,,,,,,,,,,,,,,,,,,,,,,,,,,,,,,,,,,,,,,,,,,,,,,,,,,,,,,60030000000,,63276000000,,63276000000,,60030000000,,,,,,,,,,,,,,,,,,,,,,,,,,,,,,,,,,,,,,,,,,,,,,,,,,,,,,,,,,,,,,,,,,,,,,,,,,,,,,,,,,,,,,,,,,,,,,,,,,,,,,,,,,,,,,,
dart_SecuritiesAtAmortisedCost,상각후원가측정유가증권,1354693000000,1326703000000,,,,,,,,,,,,,,,,,,,,,,,,,728086000000,772081000000,718086000000,762081000000,,,,,,,,,,,20000000000,30185000000,,,29790000000,20000000000,,,,,,,,,1309734576418,1098380680768,1079203347943,1301988785132,,,,,,,,,,,,,,,,,,,,,,,,,,,,,,,,,,,,,,,,,,,,,,,,,,,,,,,,,,,,,,1668466766686,2138243597116,2096446280610,1669017112807,,,,,,,,,,,,,3950344000000,3183206000000,3191738000000,3958459000000,,,,,,,,,,,,,,,12172408000000,10689107000000,10909031000000,11834111000000,,,,,,,,,,,,,,,,,,,,,,,,,,
dart_SecuritiesAtAmortisedCostUndiscountedCashFlows,"상각후원가측정유가증권, 미할인현금흐름",1356803000000,1328559000000,,,,,,,,,,,,,,,,,,,,,,,,,,,,,,,,,,,,,,,,,,,,,,,,,,,,,,,,,,,,,,,,,,,,,,,,,,,,,,,,,,,,,,,,,,,,,,,,,,,,,,,,,,,,,,,,,,,,,,1668666000000,2138644000000,2096833000000,1669215000000,,,,,,,,,,,,,,,,,,,,,,,,,,,,,,,,,,,,,,,,,,,,,,,,,,,,,,,,,,,,
dart_SecuritiesAtFairValueThroughOtherComprehensiveIncome,기타포괄손익-공정가치측정유가증권,,,,,,,,,,,,,,,,,,,,,,,,,,,,,,,,,,,,,,,,,,,,,,,,,,,,,,,,,,,,,,,,,,,,,,,,,,,,,,,,,,,,,,,,,11000897152399,,11000897152399,,,,,,11663557366015,11663557366015,,,,,,,,,,,,,,,,,,,,,,,,,,,,,,,,,,,,,,35288458000000,34894563000000,35364355000000,35710318000000,,,,,,,,,,,,,,,,,,,,,,,,,,,,,,,,,,,,,,,,,,,,
dart_SecuritiesAtFairValueThroughOtherComprehensiveIncomeUndiscountedCashFlows,"기타포괄손익-공정가치측정유가증권, 미할인현금흐름",27077719000000,29830837000000,19034143000000,21356680000000,,,,,,,,,,,,,,,,,,,,,,,,,,,,,,,,,,,,,,,,,,,,,,,,,,,,,,,,,,,,,,,,,,,,,,,,,,,,,,,,,,,,,,,,,,,,,,,,,,,,,,,,,,,,,,,,,,,,,,,,,,,,,,,,,,,,,,,,,,,,,,,,,,,,,,,,,,,,,,,,,,,,,,,,,,,,,,,,,,,
dart_SecuritiesAtFairValueThroughProfitOrLoss,당기손익-공정가치측정유가증권,,,,,,,,,,,,,,,,,,,,,,,,,,,,,,,,,,,,,,,,,,,,,,,,,,,,,,,,,,,,,,,,,,,,,,,,,,,,,,,,,,,,,,,,,16960715173849,,16987605518942,,,,,,16902980670842,16899374928281,,,,,,,,,,,,,,,,,,,,,,,,,,,,,,,,,,,,,,,,,,,,,,,,,,,,,,,,,,,,,,,,,,,,,,,,,,,,,,,,,,,,,
dart_ShareOfRetainedEarningsOfAssociatesAndJointVenturesAccountedForUsingEquityMethod,지분법 이익잉여금 변동,,,,,,,,,,,,,,,,,,,,,,,,,,,,,,,,,,,,,,,,,,,,,,,,,,,,,,,,,,,,,,,,,,,,,,,,,,,,,,,,,,,,,,,,,,,,,,,,,,,,,,,-352000000,,,,,,,,,157000000,,,,,,,,,,,,,,,,,,,,,,,,,,,,,,,,,,,,,,,,,,,,,,,,,,,,,,,,,,,,,,,,,,,,,,,
dart_ShortTermOtherGuaranteeDepositReceived,단기기타보증금,1398000000,1042000000,,,,,,,,,,,,,,,,,,,,,,,,,,,,,,,,,,,,,,,,,,,,,,,,,,,,,,,,,,,,,,,,,,,,,,,,,,,,,,,,,,,,,,,,,,,,,,,,,,,,,,,,,,,,,,,,,,,,,,,,,,,,,,,,,,,,,,,,,,,,,,,,,,,,,,,,,,,,,,,,,,,,,,,,,,,,,,,,,,,,,
dart_SupplyExpenses,소모품비,,,,,,,,,,,,,,,,,,,,,,,,,,,,,,,,,,,,,,,,,,,,,,,,,,,,,,,,,,,,,,,,,,61000000,,61000000,,61000000,,61000000,,,,,,,,,,,,,,,,,,,,,,,,,,,,,,,,,,,,,,,,,,,,,,,,,,,,,,,,,,,,,,,,,,,,,,,,,,,,,,,,,,,,,,,,,,,,,,,,,,,,,,,,,,,,,,,
dart_SurrenderValueReserve,해약환급금준비금 기적립액,5056047000000,6549718000000,3239227000000,4541287000000,,,,,,,,,,,,,,,,,,,,,,,,,,,,,,,,,,,,,3646236000000,3646236000000,,,2838012000000,2838012000000,,,,,,,,,,,,,,,,,,,,,,,,,,,,,,,,,,,,,2976566402034,,2976566402034,,1793089349103,1793089349103,,,,,,,,,,,,,,,,,,,,,,,,,,,,,,,,2213099295302,4130069969530,2213099295302,4130069969530,,,,,,,,,,,,,,,,,,,,,,,,,,,,,,,,,,,,,,,,,,,,,,,,,,,,,3916614588910,,,3916614588910,4018336788737,4018336788737,,
dart_SurrenderValueReserveToBeAdded,해약환급금준비금 적립(환입)예정액,1493671000000,317420000000,1302060000000,264097000000,,,,,,,,,,,,,,,,,,,,,,,,,,,,,,,,,,,,,186828000000,186828000000,,,808224000000,808224000000,,,,,,,,,,,,,,,,,,,,,,,,,,,,,,,,,,,,,248664298472,,248664298472,,1183477052931,1183477052931,,,,,,,,,,,,,,,,,,,,,,,,,,,,,,,,1916970674228,535034521885,1916970674228,535034521885,,,,,,,,,,,,,,,,,,,,,,,,,,,,,,,,,,,,,,,,,,,,,,,,,,,,,198402623162,,,198402623162,-101722199827,-101722199827,,
dart_TaxesDues,세금과공과,,,,,,,,,,,,,,,,,,,,,,,,,,,,,,,,,,,,,,,,,,,,,,,,,,,,,,,,,,,,,,,,,,10689000000,,13435000000,,13435000000,,10689000000,,,,,,,,,,,,,,,,,,,,,,,,,,,,,,,,,,,,,,,,,,,,,,,,,,,,925000000,1040000000,925000000,1040000000,,,,,,,,,,,,,,,,,,,,,,,,,,,,,,,,,,,,,,,,,,,,,,,,,,,,,,,,
dart_TrainingExpenses,교육훈련비,,,,,,,,,,,,,,,,,,,,,,,,,,,,,,,,,,,,,,,,,,,,,,,,,,,,,,,,,,,,,,,,,,454000000,,242000000,,242000000,,454000000,,,,,,,,,,,,,,,,,,,,,,,,,,,,,,,,,,,,,,,,,,,,,,,,,,,,3723000000,4097000000,3669000000,4031000000,,,,,,,,,,,,,,,,,,,,,,,,,,,,,,,,,,,,,,,,,,,,,,,,,,,,,,,,
dart_TransferOfAmountRecognisedInOtherComprehensiveIncomeAndAccumulatedInEquityRelatingToDisposalOfInvestmentsInEquityInstruments,기타포괄손익지분증권처분이익잉여금대체,,,,,,,,,,,,,,,,,,,,,,,,,,,,,,,,,,,,,,,,,,,,,,,,,,,,,,,,,,,,,,,,,,0,,0,,0,,0,,,,,,,,,,,,,,,,,,,,,,,,,,,,,,,,,,,,,,,,,,,,,,,,,,,,,,,,,,,,,,,,,,,,,,,,,,,,,,,,,,,,,,,,,,,,,,,,,,,,,,,,,,,,,,,
dart_TransferToImpairedFinancialAssets,신용이 손상된 금융자산으로 대체,,,,,,,,,,,,,,,,,,,,,,,,,,,,,,,,,,,,,,,,,,,,,,,,,,,,,,,,,,,,,,,,,,,,,,,,,,,,,,,,,,,,,,,,,,,,,,,,,,,,,,,0,,,,,,,,,,,,,,,,,,,,,,,,,,,,,,,,,,,,,,,,,,,,,,,,,,,,,,,,,,,,,,,,,,,,,,,,,,,,,,,,
dart_TransferToLifetimeExpectedCreditLossesType,전체기간 기대신용측정 금융자산으로 대체,,,,,,,,,,,,,,,,,,,,,,,,,,,,,,,,,,,,,,,,,,,,,,,,,,,,,,,,,,,,,,,,,,,,,,,,,,,,,,,,,,,,,,,,,,,,,,,,,,,,,,,0,,,,,,,,,,,,,,,,,,,,,,,,,,,,,,,,,,,,,,,,,,,,,,,,,,,,,,,,,,,,,,,,,,,,,,,,,,,,,,,,
dart_TransferToTwelvemonthExpectedCreditLossesType,12개월 기대신용손실측정 금융자산으로 대체,,,,,,,,,,,,,,,,,,,,,,,,,,,,,,,,,,,,,,,,,,,,,,,,,,,,,,,,,,,,,,,,,,,,,,,,,,,,,,,,,,,,,,,,,,,,,,,,,,,,,,,0,,,,,,,,,,,,,,,,,,,,,,,,,,,,,,,,,,,,,,,,,,,,,,,,,,,,,,,,,,,,,,,,,,,,,,,,,,,,,,,,
dart_UtilityExpenses,수도광열비,,,,,,,,,,,,,,,,,,,,,,,,,,,,,,,,,,,,,,,,,,,,,,,,,,,,,,,,,,,,,,,,,,1566000000,,1621000000,,1621000000,,1566000000,,,,,,,,,,,,,,,,,,,,,,,,,,,,,,,,,,,,,,,,,,,,,,,,,,,,,,,,,,,,,,,,,,,,,,,,,,,,,,,,,,,,,,,,,,,,,,,,,,,,,,,,,,,,,,,
ifrs-full_Accruals,미지급비용,583111000000,920971000000,477723000000,359938000000,,,,,,,,,,,,,,,,,,,,,,,,,,,,,,,,,,,,,,,,,,,,,,,,,,,,,,,,,,,,,,,,,,,,,,,,,,,,,,,,,,,,,,,,,,,,,,,,,,,,,,1056381000000,681686000000,765442000000,508636000000,,,,,,,,,,,,,,,,,,,,,,,,,,,,,,,,,,,,,,,,,,,,,,,,,,,,,,,,,,,,,,,,,,,,,,,,,,
ifrs-full_AccumulatedOtherComprehensiveIncome,기타포괄손익누적액,-3357851000000,-2848449000000,-2229300000000,-1916450000000,,,,,,,,,,,,,,,,,,,,,,,31458000000,53869000000,31467000000,53878000000,,,,,,,,,,,-1300410000000,-1286438000000,,,-1299671000000,-1308222000000,,,,,,,,,-2329257175544,-2397981022366,-1993223112353,-1933025523901,,,-958677000000,-1224013000000,-953569000000,-1223673000000,,,,,,,,,,,,,,,,,,,-736298871021,,-736733725745,,-759257610688,-760308814217,-524743402379,,-517373777227,,,,,,-426639802521,-432246692496,,,,,,,,43530655000000,60900980000000,43358109000000,60684027000000,,,,,,,,,,,6787628922989,9795391854768,6868059252791,9664009907876,,,,,2418200000000,2307196000000,2368464000000,2406816000000,,,,,-2128291000000,-1928009000000,-1908312000000,-2116963000000,,,,,,,,,,,,,,,-1071914000000,-1406135000000,-705811000000,-1892648000000,,,,,,,,,,,,,,,,,,,-2895170719504,,,-2981805458384,-3093369751020,-3159330002857,,
ifrs-full_AcquisitionsThroughBusinessCombinationsIntangibleAssetsAndGoodwill,"사업결합을 통한 취득, 무형자산 및 영업권",,,,,,,,,,,,,,,,,,,,,,,,,,,,,,,,,,,,,,,,,,,,,,,,,,,,,,,,,,,,,,,,,,,,,,,,,,,,,,,,,,,,,,,,,,,,,,,,,,,,,,,,,,,,,,,,,,,,,,,,,,,,,,,,,,,,,,,,,,,,,,,,,,,,,,4191000000,59529000000,,,,,,,,,,,,,,,,,,,,,,,,,,,,,,,,
ifrs-full_AcquisitionsThroughBusinessCombinationsInvestmentProperty,"사업결합을 통한 취득, 투자부동산",,,,,,,,,,,,,,,,,,,,,,,,,,,,,,,,,,,,,,,,,,,,,,,,,,,,,,,,,,,,,,,,,,,,,,,,,,,,,,,,,,,,,,,,,,,,,,,,,,,,,,,,,,,,,,,,,,,,,,,,,,,,,,,,,,,,,,,,,,,,,,,,,,,,,,0,0,,,,,,,,,,,,,,,,,,,,,,,,,,,,,,,,
ifrs-full_AcquisitionsThroughBusinessCombinationsPropertyPlantAndEquipment,"사업결합을 통한 취득, 유형자산",,,,,,,,,,,,,,,,,,,,,,,,,,,,,,,,,,,,,,,,,,,,,,,,,,,,,,,,,,,,,,,,,,,,,,,,,,,,,,,,,,,,,,,,,,,,,,,,,,,,,,,,,,,,,,,,,,,,,,,,,,,,,,,,,,,,,,,,,,,,,,,,,,,,,,0,6500000000,,,,,,,,,,,,,,,,,,,,,,,,,,,,,,,,
ifrs-full_ActuarialGainsLossesArisingFromChangesInDemographicAssumptionsNetDefinedBenefitLiabilityAsset,"인구통계적가정의 변동에서 발생하는 보험수리적이익(손실), 순 확정급여부채(자산)",,,,,,,,,,,,,,,,,,,,,,,,,,,,,,,,,,,,,,,,,,,,,,,,,,,,,,,,,,,,,,,,,,,,,,,,,,,,,,,,,,,,,,,,,,,,,,,,,,,,,,,,,,,,,,,,,,,,,,,,,,,,,,,,,,,,,,,,,,,,,,,,,,,,,,0,0,0,0,,,,,,,,,,,,,,,,,,,,,,,,,,,,,,
ifrs-full_ActuarialGainsLossesArisingFromChangesInFinancialAssumptionsNetDefinedBenefitLiabilityAsset,"재무적 가정의 변동에서 발생하는 보험수리적이익(손실), 순 확정급여부채(자산)",,,,,,,,,,,,,,,,,,,,,,,,,,,,,,,,,,,,,,,,,,,,,,,,,,,,,,,,,,,,,,,,,,,,,,,,,,,,,,,,,,,,,,,,,,,,,,,,,,,,,,,,,,,,,,,,,,,,,,,,,,,,,,,,,,,,,,,,,,,,,,,,,,,,,,0,-39000000,0,0,,,,,,,,,,,,,,,,,,,,,,,,,,,,,,
ifrs-full_ActuarialGainsLossesArisingFromExperienceAdjustmentsNetDefinedBenefitLiabilityAsset,"경험조정에서 발생하는 보험수리적 이익(손실), 순확정급여부채(자산)",,,,,,,,,,,,,,,,,,,,,,,,,,,,,,,,,,,,,,,,,,,,,,,,,,,,,,,,,,,,,,,,,,,,,,,,,,,,,,,,,,,,,,,,,,,,,,,,,,,,,,,,,,,,,,,,,,,,,,,,,,,,,,,,,,,,,,,,,,,,,,,,,,,,,,0,-113000000,0,0,,,,,,,,,,,,,,,,,,,,,,,,,,,,,,
ifrs-full_AdditionalPaidinCapital,추가납입자본,,,,,,,,,,,,,,,,,,,,,,,,,,,,,,,,,,,,,,,,,,,,,,,,,,,,,,,,,,,,,,,,,,,,,,,,,,,,,,,,,,,,,,,,,,,,,,,,,,,,,,,,,,,,,,,,,,,,,,,,,,,,,,,,,,,,,,,,,,,,,,,,,,,,,,,,,,-363116000000,-621528000000,-610201000000,-374444000000,,,,,,,,,,,,,,,,,,,,,,,,,,
ifrs-full_AdditionalProvisionsOtherProvisions,"당기에 추가된 충당부채, 기타충당부채",,,,,,,,,,,,,,,,,,,,,,,,,,,,,,,,,,,,,,,,,,,,,,,,,,,,,,,,,,,,,,,,,,,,,,,,,,,,,,,,,,,,,,,,,,,,,,,,,,,,,,,,,,,,,,,,,,,,,,,,,,,,,,,,,,,,,,,,,,,,,,,,,,,,,,9602000000,35574000000,126000000,45000000,,,,,,,,,,,,,,,,,,,,,,,,,,,,,,
ifrs-full_AdditionsFromSubsequentExpenditureRecognisedAsAssetInvestmentProperty,"자산으로 인식한 후속지출로 인한 증가, 투자부동산",,,,,,,,,,,,,,,,,,,,,,,,,,,,,,,,,,,,,,,,,,,,,,,,,,,,,,,,,,,,,,,,,,,,,,,,,,,,,,,,,,,,,,,,,,,,,,,,,,,,,,,51104000000,50827000000,56310000000,,,,,,,56310000000,,,,,,,,,,,,,,,,,,,,,,,,,,,,,,,,,,,,,,,,,,,,,,,,,,,,,,,,,,,,,,,,,,,,,,,
ifrs-full_AdditionsOtherThanThroughBusinessCombinationsIntangibleAssetsOtherThanGoodwill,"사업결합을 통한 취득 이외의 증가, 영업권 이외의 무형자산",,,,,6457000000,3527000000,3766000000,885000000,,,,,,,,,,,,,,,,,,,,,,,,,,,,,,,,,,,,,,,,,,,,,,,,,,,,,,,,,,,,,,,,,,,,,,,,,,,,,,,,,,,,,,,,,,,,,,,,,,,,,,,,,,,,,,,,,,,,2143000000,11690000000,1401000000,11410000000,,,,,,,,,,,,,,,,,,,,,,,65379000000,20250000000,8140000000,15934000000,,,,,8140000000,,,,,,,,,,,,,,,,,,,,,,,,,
ifrs-full_AdditionsOtherThanThroughBusinessCombinationsInvestmentProperty,"사업결합을 통한 취득 이외의 증가, 투자부동산",,,,,6000000,0,30780000000,0,,,,,,,,,,,,,,,,,,,,,,,,,,,,,,,,,,,,,,,,,,,,,,,,,,,,,,,,,,,,,,,,,,,,,,,,,,,,,,,,,,,,,,,,,,,,,,,,,,,,,,,,,,,,,,,,,,,,0,21041000000,0,20075000000,,,,,,,,,,,,,,,,,,,,,,,19201000000,1586000000,179000000,0,,,,,,,,,,,,,,,,,,,,,,,,,,,,,,
ifrs-full_AdditionsOtherThanThroughBusinessCombinationsPropertyPlantAndEquipment,"사업결합을 통한 취득 이외의 증가, 유형자산",,,,,36515000000,23757000000,26346000000,34731000000,,,,,,,,,,,,,,,,,,,,,,,,,,,,,,,,,,,,,,,,,,,,,,,,,,,,,,,,,,,,,,,,,,,,,,,,,,,,,,,,,,,,,,,,,,,,,,,8512000000,4214000000,4061000000,,,,,,,5539000000,,,,,,,,,,,,3747000000,13494000000,3271000000,12956000000,,,,,,,,,,,,,,,,,,,,,,,108029000000,11257000000,11632000000,33965000000,,,,,,,,,,,,,,,,,,,,,,,,,,,,,,
ifrs-full_AdditionsToRightofuseAssets,사용권자산의 추가,,,,,,,,,,,,,,,,,,,,,,,,,,,,,,,,,,,,,,,,,,,,,,,,,,,,,,,,,,,,,,,,,,,,,,,,,,,,,,,,,,,,,,,,,,,,,,,,,,,,,,,31643000000,9825000000,1738000000,,,,,,,28473000000,,,,,,,,,,,,25012000000,28911000000,21623000000,24384000000,,,,,,,,,,,,,,,,,,,,,,,137341000000,69615000000,9115000000,18916000000,,,,,,,,,,,,,,,,,,,,,,,,,,,,,,
ifrs-full_AdjustmentsForReconcileProfitLoss,당기순이익조정을 위한 가감,,,,,-2943407000000,-3058754000000,-3239874000000,-2826676000000,,,,,,,,,,,,-109176000000,,-31326000000,-36484000000,,-112842000000,,,,,,,,-2789755000000,,-2821512000000,,-2785870000000,-2818631000000,,,,,,,,,12512643297,-35955678182,-33123230217,84745145550,,,,,,,,,,,,,,,,-16090000000,,9760000000,,22318000000,,-15669000000,,,-410692180666,-428371891184,-420302673263,-400376667904,,,,,,,,,,,,,,,769938537,13084108466,1487935940,15422364878,,,,,,,-216017000000,-402594000000,-450495000000,,,,,,,-260433000000,,,,,,,,,,,,-3698794150639,-3907119640698,-3656480578686,-3828290150319,,,,,,,,,,,,,84088000000,-121807000000,76197000000,-125365000000,,,,,,,-742130000000,-371456000000,-166632000000,-399823000000,,,,,,,,,,,,,,,,,,,,,,,,,,,,,,
ifrs-full_AmortisationIntangibleAssetsOtherThanGoodwill,"기타 상각비, 영업권 이외의 무형자산",,,,,8695000000,6475000000,8954000000,6116000000,,,,,,,,,,,,,,,,,,,,,,,,,,,,,,,,,,,,,,,,,,,,,,,,,,,,,,,,,,,,,,,,,,,,,,,,,,,,,,,,,,,,,,,,,,,,,,,,,,,,,,,,,,,,,,,,,,,,18826000000,22657000000,18554000000,22279000000,,,,,,,,,,,,,,,,,,,,,,,32166000000,21532000000,10515000000,10883000000,,,,,10515000000,,,,,,,,,,,,,,,,,,,,,,,,,
ifrs-full_AmountsPayableRelatedPartyTransactions,"채무액, 특수관계자거래",,,,,,,,,,,,,,,,,,,,,,,,,,,,,,,,,,,,,,,,,,,,,,,,,,,,,,,,,,,,,325768000000,310253000000,320266000000,304287000000,,,,,,,,,,,,,,,,,,,,,,,,,,,,,,,,,,,,,,,,,,,,,,,,,,,,,,,,,,,,,,,,,,,,,,,,,,,,,,,,,,,,,,,,,,871991000000,1406003000000,1349278000000,866275000000,,,,,,,,,,,,,,,,,,,,,,,,,,
ifrs-full_AmountsReceivableRelatedPartyTransactions,"수취채권, 특수관계자거래",,,,,,,,,,,,,,,,,,,,,,,,,,,,,,,,,,,,,,,,,,,,,,,,,,,,,,,,,,,,,103432000000,102795000000,104669000000,104552000000,,,,,,,,,,,,,,,,,,,,,,,,,,,,,,,,,,,,,,,,,,,,,,,,,,,,,,,,,,,,,,,,,,,,,,,,,,,,,,,,,,,,,,,,,,146141000000,470113000000,456451000000,147028000000,,,,,,,,,,,,,,,,,,,,,,,,,,
ifrs-full_Assets,자산,74022307000000,74628825000000,59408828000000,59271156000000,,,,,,,,,,,,,,,,,,,,,,,35374873000000,34757037000000,35228934000000,34615191000000,,,,,,,,,,,44403722000000,44520163000000,,,45444743000000,44891997000000,,,,,,,,,148069491067774,128165794274358,128058989898137,148555624471120,,,34461410000000,35315258000000,34495301000000,35347237000000,,,,,,,,,,,,,,,,,,,43115899748228,,43348688348883,,44242792244563,44492834685501,32201238251402,,32292016851419,,,,,,32920825236135,32855181935106,,,,,,,,350685701000000,371424249000000,309948294000000,328870240000000,,,,,,,,,,,93809044479173,100840316381399,96450389944868,97882334562957,,,,,,,,,,,,,59448032000000,57725150000000,58047960000000,59661505000000,,,,,,,,,,,,,,,177788297000000,125776582000000,124017691000000,178534378000000,,,,,,,,,,,,,,,,,,,49504479095915,,,48660021404364,50429646840633,49645874619981,,
ifrs-full_BalancesWithBanks,예금잔액,,,,,,,,,,,,,,,,,,,,,,,,,,,,,,,,,,,,,,,,,,,,,,,,,,,,,,,,,,,,,37391000000,42990000000,38139000000,44188000000,,,,,,,,,42990000000,,,,,,,,,,,,,,,,,,,,,,,,,,,,,,,,,,,,,,,,,,,,,,,,,,,,,,,,,,,,,,,,,,,,,,,,,,,,,,,,,,,,,,,,,,,,,,,,,,,,,,,,,,,,,,
ifrs-full_BankingArrangementsClassifiedAsCashEquivalents,현금성자산으로 분류된 은행거래약정,,,,,,,,,,,,,,,,,,,,,,,,,,,,,,,,,,,,,,,,,,,,,,,,,,,,,,,,,,,,,198000000,6000000,198000000,6000000,,,,,,,,,6000000,,,,,,,,,,,,,,,,,,,,,,,,,,,,,,,,,,,,,,,,,,,,,,,,,,,,,,,,,,,,,,,,,,,,,,,,,,,,,,,,,,,,,,,,,,,,,,,,,,,,,,,,,,,,,,
ifrs-full_BasicEarningsLossPerShare,기본주당이익(손실),,,,,3753.0,7444.0,7175.0,4250.0,,,,,,4250.0,7444.0,3753.0,7175.0,,,,,,,,,,,,,,,,,,,,,,,,,,,,,,4278.00,2851.00,2554.00,2998.00,2554.00,4278.00,2998.00,2851.00,,,,,,,,,,,300,300,171,171,160,160,296,296,,,4424,4483,4443,4402,4424,4483,4443,4402,,,,,,,,,,,371.00,186.00,409.00,190.00,,,186.00,371.00,409.00,190.00,6702.0,6360.0,3919.0,,,,,,,3538.0,,,6360.0,3919.0,6702.0,3538.00,,,,,,14306,14930,13071,13487,,,,,14306,13487,13071,14930,,,,,892,1409,969,1405,969,1409,1405,892,,,399,280,143,299,,,,,,143,299,280,399,,,,,,3015,2600,2847,2591,3015,2600,2591,2847,,,,,,,,
ifrs-full_BasicEarningsLossPerShareFromContinuingOperations,계속영업기본주당이익(손실),,,,,,,,,,,,,,,,,,,,,,,,,,,,,,,,,,,,,,,,,,,,,,,,,,,,,,,,,,,,,,,,,,,,,,,,,,,,,,,,,,,,,,,,,,,,,371.00,186.00,409.00,190.00,,,186.00,371.00,409.00,190.00,,,,,,,,,,,,,,,,,,,,,,,,,,,,,,,,,,,,,,,,,,,,,,,,,,,,,,,,,,,,,,,,,,,,,,,,,,,,,,,,,
ifrs-full_BondsIssued,사채,,,1466363000000,1466450000000,,,,,,,,,,,,,,,,,,,,,,,199951000000,199976000000,199951000000,199976000000,,,,,,,,,,,1263462000000,1263462000000,,,1263292000000,1263293000000,,,,,,,,,,,,,,,1249534000000,1210212000000,1249534000000,1210212000000,,,,,,,,,,,,,,,,,,,,,,,,,598686130433,,598686130433,,,,,,598648785162,598648785162,,,,,,,,,,,,,,,,,,,,,,,,,,,,,,,,,,,,,,798392000000,798498000000,798498000000,798392000000,,,,,,,,,,,,,,,4860819000000,,,4684095000000,,,,,,,,,,,,,,,,,,,3175542744177,,,3175542744177,3175338699077,3175338699077,,
ifrs-full_BondsIssuedUndiscountedCashFlows,"사채, 미할인현금흐름",,,,,,,,,,,,,,,,,,,,,,,,,,,,,,,,,,,,,,,,,,,,,,,,,,,,,,,,,,,,,,,,,,,,,,,,,,,,,,,,,,,,,,,,,,,,,,,,,,,,,,,,,,18069082000000,18193941000000,,,,,,,,,,,,,,,,,,,,,,,,,,,,,,,,,,,,,,,,,,,,,,,,,,,,,,,,,,,,,,,,,,,,,,,,,,,,
ifrs-full_Borrowings,차입금(사채 포함),2732656000000,3258982000000,1466363000000,1466450000000,,,,,,,,,,,,,,,,,,,,,,,,,,,,,,,,,,,,,,,,,,,,,,,,,,,7688272690189,698244779146,1048287054140,8270494422240,,,,,,,,,,,,,,,,,,,,,,,,,1797481938809,,1797481938809,,1797155311695,1797155311695,598686130433,,598686130433,,,,,,598648785162,598648785162,,,,,,,,23113898000000,24886060000000,750000000000,1160000000000,,,,,,,,,,,,315611246582,313300000000,,,,,,,,,,,,,,,,32756000000,32366000000,,,,,,,,,,,,,,,21111335000000,3232591000000,3467205000000,21383391000000,,,,,,,,,,,,,,,,,,,3329584699469,,,3175542744177,3324837770260,3175338699077,,
ifrs-full_CancellationOfTreasuryShares,자기주식 소각,,,,,0,,,0,,,,,,,,,,,,,,,,,,,,,,,,,,,,,,,,,,,,,,,,,,,,,,,,,,,,,,,,,,,,,,,,,,,,,,,,,,,,,,,,,,,,,,,,,,,,,,,,,,,,,,,,,,,,,,,,,,,,0,0,0,0,,,,,,,,,,,,,,,,,,,,,,,,,,,,,,,,,,,,,,,,,,,,,,,,,,,,,,,,
ifrs-full_Cash,현금,565991000000,231521000000,268524000000,31556000000,,,,,,,,,,,,,,,,,,,,,,,,,,,,,,,,,,,,,,,,,,,,,,,,,,,,,,,,,,,,,,,,,,,,,,,,,,,,,,,,,,,,,,,,,,,,,,,,,,,,,,,,,,,,,,,,,,,,,,,,,,,,,,,,,,,,,,,,,,,,,,,,,,,,,,,,,,,,,,,,,,,,,,,,,,,,,,,,,,,
ifrs-full_CashAdvancesAndLoansMadeToOtherPartiesClassifiedAsInvestingActivities,투자활동으로 분류된 제3자에 대한 선급금 및 대여금,,,,,,,,,,,,,,,,,,,,,,,,,,,,,,,,,5250000000,,2359000000,,4811000000,2359000000,,,,,,,,,,,,,,,,,,,,,,,,,,,,1884000000,,0,,0,,1884000000,,,,,,,,,,,,,,,,,,,,,,,,,,,,,,,,,,,,,,,,,,,,,,,,,,,,,,,,,,,,,,,,,,,,,,,,,,,,,,,,,,,,,,,,,,,,,,,,6521626476,2397047720,6521626476,2332500000,,,,,,,,,,,,
ifrs-full_CashAndCashEquivalents,현금및현금성자산,1713419000000,1022439000000,908017000000,430293000000,,,,,,,377966000000,,983441000000,,,,,,,,,,,,,,,487273000000,,467567000000,457139000000,446334000000,,,,,,,,,1208698000000,1263860000000,636841000000,581964000000,1863570000000,1632203000000,,,,,,,,,,,1734617403071,2106333201308,1627576982397,1369220565413,355450000000,249172000000,356198000000,250370000000,,,,,,,,,235165000000,244563000000,,,,,,,,,595549651878,679808927709,604750718409,689989181867,940729251382,952460504995,986017364903,759488898430,994015176332,768368044471,,,,,982152854435,969619998612,,,,,,,,4537833000000,3867382000000,2672569000000,2107164000000,3670878000000,1985485000000,,,,,,,,,,1403965400501,,1216143699282,,,,,,770171240576,,964855621137,,,,,,759992000000,796149000000,,,,,,,,,,809504000000,862134000000,,,,,2351232000000,1549120000000,912018000000,3103115000000,,,,,,1020780000000,1948466000000,,,,,,,,,,,,1359256127091,968516134417,1047211378066,1227954885223,1509674177483,1389087411555,,
ifrs-full_CashCollateralPledgedSubjectToEnforceableMasterNettingArrangementOrSimilarAgreementNotSetOffAgainstFinancialLiabilities,금융부채와 상계되지 않는 구속력 있는 일괄상계계약 또는 유사한 계약을 조건으로 받은 현금담보,1883454000000,3685038000000,,,,,,,,,,,,,,,,,,,,,,,,,,,,,,,,,,,,,,,,,,,,,,,,,,,,,,,,,,,,,,,,,,,,,,,,,,,,,,,,,,,,,,,,,,,,,,,,,,,,,,,,0,0,0,0,,,,,,,,,,,,,,,,,,,,,,,,,,,,,,,,,,,,,,,,,,,,,,,,,,,,,,,,,,,,,,,,,,,,,,,,,,
ifrs-full_CashCollateralReceivedSubjectToEnforceableMasterNettingArrangementOrSimilarAgreementNotSetOffAgainstFinancialAssets,금융자산과 상계되지 않는 구속력 있는 일괄상계계약 또는 유사한 계약을 조건으로 받은 현금담보,1247269000000,448429000000,1247269000000,448429000000,,,,,,,,,,,,,,,,,,,,,,,,,,,,,,,,,,,,,,,,,,,,,,,,,,,,,,,,,,,,,,,,,,,,,,,,,,,,,,,,,,,,,,,,,,,,,,,,,,,,,,,,,,,,,,,,,,,,,,,,,,,,,,,,,,,,,,,,,,,,,,,,,,,,,,,,,,,,,,,,,,,,,,,,,,,,,,,,,,,
ifrs-full_CashFlowsFromUsedInFinancingActivities,재무활동현금흐름,,,,,915552000000,788046000000,1023128000000,422787000000,,,,,,,,,,,,-118536000000,,-1819000000,-540000000,,-131803000000,,,,,,,,288953000000,,-9513000000,,289439000000,-9050000000,,,,,,,,,235399574323,-153176594065,334001790135,200782519924,,,,,,,,,,,,,,,,-14194000000,,-3012000000,,-3352000000,,-14651000000,,,-372732413785,-496762642733,-496762642733,-372732413785,,,,,,,,,,,,,,,-3521992909,-201347148329,-4955801859,-202832665773,,,,,,,1346951000000,373358000000,36988000000,,,,,,,553339000000,,,,,,,,,,,,-23483571320,-20271906235,-25032224226,-23441203336,,,,,,,,,,,,,-10962000000,-389373000000,-9764000000,-387804000000,,,,,,,-421163000000,891556000000,570595000000,146362000000,,,,,,,,,,,,,,,-35044184715,786079426482,-29363452178,788937453461,,,,,,,,,,,,
ifrs-full_CashFlowsFromUsedInInvestingActivities,투자활동현금흐름,,,,,-3998330000000,-595648000000,-1324614000000,-3504142000000,,,,,,,,,,,,-637794000000,,-644712000000,-643452000000,,-621874000000,,,,,,,,-338294000000,,-1238590000000,,-331997000000,-840072000000,,,,,,,,,-2014473474408,-3087409320890,-3451874739513,-1838335845741,,,,,,,,,,,,,,,,-332111000000,,-165074000000,,-165443000000,,-332117000000,,,857118457161,-1524967884167,-1524728125177,856970094780,,,,,,,,,,,,,,,99168682378,-39578306068,108079424067,-27696518812,,,,,,,1067535000000,981049000000,-1632419000000,,,,,,,-1205498000000,,,,,,,,,,,,-1024846994178,-1767749323913,-901613619686,-1750034349261,,,,,,,,,,,,,-737484000000,514833000000,-640135000000,543011000000,,,,,,,-1846546000000,-2788977000000,-2292297000000,-1529713000000,,,,,,,,,,,,,,,-405424015137,-1225661918156,-468881662266,-1227084723780,,,,,,,,,,,,
ifrs-full_CashFlowsFromUsedInOperatingActivities,영업활동현금흐름,,,,,2403312000000,-411534000000,58492000000,2607335000000,,,,,,,,,,,,625811000000,,441838000000,450213000000,,649773000000,,,,,,,,-205373000000,,641942000000,,-195744000000,421075000000,,,,,,,,,1680441118250,3095873454298,2982465964654,1532389609301,,,,,,,,,,,,,,,,324120000000,,274064000000,,274323000000,,322218000000,,,-474488419711,1673775511232,1676304930209,-470206128511,,,,,,,,,,,,,,,-79249323178,78474653308,-91299643609,66712230328,,,,,,,-3087707000000,-1921784000000,1024152000000,,,,,,,144386000000,,,,,,,,,,,,467982013037,1151990534856,492023561253,1193868111943,,,,,,,,,,,,,-99294000000,-93406000000,-198020000000,-123318000000,,,,,,,1508432000000,1405113000000,1405027000000,745568000000,,,,,,,,,,,,,,,283871226972,33544975824,330923032770,43598143673,,,,,,,,,,,,
ifrs-full_CashFlowsFromUsedInOperations,영업에서 창출된 현금흐름,,,,,1960336000000,-637828000000,-282628000000,2282451000000,,,,,,,,,,,,,,,,,,,,,,,,,,,,,,,,,,,,,,,632347206498,2292660631169,2109447744470,602479563724,,,,,,,,,,,,,,,,152643000000,,80855000000,,81150000000,,150707000000,,,-593046072070,1481667037926,1482382582485,-580575421038,,,,,,,,,,,,,,,-304486003810,-131542111232,-317285653549,-143243528082,,,,,,,-5018395000000,-3458924000000,-437625000000,,,,,,,-1695948000000,,,,,,,,,,,,195824325702,707676305491,200483093446,640376092879,,,,,,,,,,,,,,,,,,,,,,,308320000000,375113000000,695796000000,-84875000000,,,,,,,,,,,,,,,5310967340,-239341243846,51726704276,-224906966685,,,,,,,,,,,,
ifrs-full_CashFlowsUsedInObtainingControlOfSubsidiariesOrOtherBusinessesClassifiedAsInvestingActivities,투자활동으로 분류된 종속기업과 기타 사업의 지배력 획득에 따른 현금흐름,,,,,,35003000000,,2558000000,,,,,,,,,,,,,,,0,,55000000,,,,,,,,,,,,,,,,,,,,,,,,,,,,,,,,,,,,,,,,,,,,,,,,,,,,,,,,,,,,,,,,,,,,,,,,,,,,,,1150000000,,,,,,,,,6802000000,,,,,,,,,,,,,,,,,,,,,,,,,,,,,40000000000,0,,,,,,,,,,,,,,,,,,,,,,,,,,0,2915816238,,,,,,,,,,,,,,
ifrs-full_CashOutflowForLeases,리스 현금유출,,,,,12153000000,11146000000,12694000000,11347000000,,,,,,,,,,,,,,,,,,,,,,,,,,,,,,,,,,,,,,,,,,,,,,,,,,,,,,,,,,,,,,,,,,,,,,,,,,,,,,,,,,,,,,,,,,,,,,,,,,,,,,,,,,,,,,,,,,,,908000000,955000000,1013000000,805000000,,,,,,,,,,,,,,,,,,,,,,,,,,,,,,,,,,,,,,,,,,,,,,,,,,,,,,,,
ifrs-full_CashPaymentsForFutureContractsForwardContractsOptionContractsAndSwapContractsClassifiedAsInvestingActivities,"선물계약, 선도계약, 옵션계약, 스왑계약에 따른 현금지급, 투자활동",,,,,491909000000,94543000000,244281000000,372746000000,,,,,,,,,,,,9881000000,,28850000000,28850000000,,9880000000,,,,,,,,90243000000,,89782000000,,90243000000,89782000000,,,,,,,,,4127595820,8598195051,8598195051,4127595820,,,,,,,,,,,,,,,,60644000000,,47861000000,,47861000000,,60644000000,,,,,,,,,,,,,,,,,,,,,25207232554,8265085472,25207232554,8265085472,,,,,,,715686000000,703646000000,362550000000,,,,,,,361539000000,,,,,,,,,,,,1322384163882,1667516317438,1292801669821,1647817835435,,,,,,,,,,,,,29201000000,21401000000,20654000000,23357000000,,,,,,,259645000000,172772000000,154905000000,232758000000,,,,,,,,,,,,,,,147436626330,113999798508,147436626330,113914739691,,,,,,,,,,,,
ifrs-full_CashReceiptsFromFutureContractsForwardContractsOptionContractsAndSwapContractsClassifiedAsInvestingActivities,"선물계약, 선도계약, 옵션계약, 스왑계약에 따른 현금수취, 투자활동",,,,,,,,,,,,,,,,,,,,,,,,,,,,,,,,,921000000,,166000000,,921000000,166000000,,,,,,,,,74168894041,65654617436,65654617436,74168894041,,,,,,,,,,,,,,,,,,,,,,,,,,,,,,,,,,,,,,,,,,,,,,,,,,,,,,,,,,,,,,,,,,,,,,,,,,1222197061081,1544612446758,1222197061081,1544612446758,,,,,,,,,,,,,33132000000,116000000,32544000000,166000000,,,,,,,,,,,,,,,,,,,,,,,,,0,111713,0,111713,,,,,,,,,,,,
ifrs-full_ChangesInEquity,자본의 증가(감소),,,,,,,,,,,,,,,,,,,,,,,,,,,,,,,,,,,,,,,,,,,,,,,,,,,,,,,,,,,,,,,,,,,,,,,,,,,-484908395228,3388427282,-2598527800,-487493316345,,,,,,,,,,,,,,,-43000709501,-86440729165,-36323938731,,,,,,,,,,,,,,,,,,,,,,,,,,,,,,,,,,,,,,,,,,,,,,,,,,,,,,,,,,,,,,,,,,,,,,,,,,,,,,,,,,,,,,,,
ifrs-full_ClosingForeignExchangeRate,마감환율,,,,,,,,,,,,,,,,,,,,,,,,,,,,,,,,,,,,,,,,,,,,,,,,,,,,,,,,,,,,,,,,,,,,,,,,,,,,,,,,,,,,,,,,,,,,,,,,,,,,,,,,,,,,,,,,,,,,,,,,,1513.00,1434.00,,,,,,,,,,,,,,,,,,,,,,,,,,,,,,,,,,,,,,,,,,,,,,,,,,,,,,,,,,,,,
ifrs-full_ComprehensiveIncome,포괄손익,,,,,751033000000,-514558000000,-831632000000,581354000000,,,,,,581354000000,-514558000000,751033000000,-831632000000,,102229000000,-248441000000,-248441000000,102229000000,106100000000,106100000000,-245024000000,-245024000000,,,,,,,-310749000000,221785000000,219244000000,219244000000,-304225000000,221785000000,-304225000000,-310749000000,,,,,,,859891964812,-627717754517,-659150490756,732419615220,-659150490756,859891964812,732419615220,-627717754517,,,,,,,,,,,-472080000000,-472080000000,292336000000,292336000000,295435000000,295435000000,-472672000000,-472672000000,,,30640784278,495007523809,489020568727,28055863161,30640784278,495007523809,489020568727,28055863161,,,,,,,,,,,-44018605493,-86440729165,-37341834723,-86235516966,,,-86440729165,-44018605493,-37341834723,-86235516966,19483443000000,19348703000000,653068000000,,,,,,,632888000000,,,19348703000000,653068000000,19483443000000,632888000000,,,,,,637371509139,3717600460034,534570394277,3603308724289,,,,,637371509139,3603308724289,534570394277,3717600460034,,,,,311796000000,-523081000000,312309000000,-524256000000,312309000000,-523081000000,-524256000000,311796000000,,,1223341000000,-875489000000,-764555000000,948167000000,,,,,,-764555000000,948167000000,-875489000000,1223341000000,,,,,,435357983134,-713500899896,401504688759,-714310190163,435357983134,-713500899896,-714310190163,401504688759,,,,,,,,
ifrs-full_ComprehensiveIncomeAttributableToNoncontrollingInterests,"포괄손익, 비지배지분",,,,,3225000000,,-1920000000,,,,,,,,,3225000000,-1920000000,,,,,,,,,,,,,,,,-84000000,,256000000,256000000,,,,-84000000,,,,,,,7558758343,,8102451505,,8102451505,7558758343,,,,,,,,,,,,,,,,,0,0,0,0,,,611746618,1165157707,,,611746618,1165157707,,,,,,,,,,,,,,,,,,,,,,,29581000000,,,,,,,,,39967000000,,,,,29581000000,39967000000,,,,,,417705484,2019106443,,,,,,,417705484,,,2019106443,,,,,,,,,,,,,,,78212000000,-29328000000,,,,,,,,,,-29328000000,78212000000,,,,,,,,,,,,,,,,,,,,,
ifrs-full_ComprehensiveIncomeAttributableToOwnersOfParent,"포괄손익, 지배기업의 소유주에게 귀속되는 지분",,,,,747808000000,,-829712000000,,,,,,,,,747808000000,-829712000000,,102229000000,-248441000000,-248441000000,102229000000,,,,,,,,,,,-310664000000,,218988000000,218988000000,,,,-310664000000,,,,,,,852333206469,,-667252942261,,-667252942261,852333206469,,,,,,,,,,,,,,,,,295435000000,295435000000,-472672000000,-472672000000,,,30029037660,493842366102,,,30029037660,493842366102,,,,,,,,,,,,,,,-37341834723,-86235516966,,,,,-37341834723,-86235516966,19453862000000,,,,,,,,,592921000000,,,,,19453862000000,592921000000,,,,,,636953803655,3715581353591,,,,,,,636953803655,,,3715581353591,,,,,311796000000,,,-524256000000,,,-524256000000,311796000000,,,1145129000000,-846161000000,,,,,,,,,,-846161000000,1145129000000,,,,,,435357983134,-713500899896,,,435357983134,-713500899896,,,,,,,,,,
ifrs-full_ComprehensiveIncomeFromContinuingOperationsAttributableToNoncontrollingInterests,비지배지분에 귀속되는 계속영업포괄손익,,,,,,,,,,,,,,,,,,,,,,,,,,,,,,,,,,,,,,,,,,,,,,,,,,,,,,,,,,,,,,,,,,,,,,,,,,,,,,,,,,,,,,,,,,,,,,,,,,,,,,,29581000000,,,,,,,,,39967000000,,,,,29581000000,39967000000,,,,,,,,,,,,,,,,,,,,,,,,,,,,,,,,,,,,,,,,,,,,,,,,,,,,,,,,,,,,,,,,,
ifrs-full_ComprehensiveIncomeFromContinuingOperationsAttributableToOwnersOfParent,지배기업의 소유주에게 귀속되는 계속영업포괄손익,,,,,,,,,,,,,,,,,,,,,,,,,,,,,,,,,,,,,,,,,,,,,,,,,,,,,,,,,,,,,,,,,,,,,,,,,,,,,,,,,,,,,,,,,,,,,,,-37341834723,-86235516966,,,,,-37341834723,-86235516966,19453862000000,,,,,,,,,592921000000,,,,,19453862000000,592921000000,,,,,,,,,,,,,,,,,,,,,,,,,,,,,,,,,,,,,,,,,,,,,,,,,,,,,,,,,,,,,,,,,
ifrs-full_ContractualServiceMargin,보험계약마진,,,,,,,,,,,,,,,,,,,,,,,,,,,,,,,,,,,,,,,,,,,,,,,,,,,,,,,,,,,,,,,,,,,,,,,,,,,,,,,,,,,,,,,,,,,,,,,,,,,,,,,,,,,12392570000000,,,,,,,,,,,,,,,,,,,,,,,,,,,,,,,,,,,,,,,,,,,,,,,,,,,,,,,,,,,,,,,,,,,,,,,,,,,,
ifrs-full_ContributionsToPlanByEmployerNetDefinedBenefitLiabilityAsset,"기업이 제도에 납입한 기여금, 순확정급여부채(자산)",,,,,418000000,,,,,,,,,,,,,,,,,,,,,,,,,,,,,,,,,,,,,,,,,,,,,,,,,,,,,,,,,,,,,,,,,,,,,,,,,,,,,,,,,,,,,,,,,,,,,,,,,,,,,,,,,,,,,,,,,,,,,,,0,0,0,0,,,,,,,,,,,,,,,,,,,,,,,9323000000,4984000000,,,,,,,,,,,,,,,,,,,,,,,,,,,,,,,,
ifrs-full_CumulativeGainLossOnDisposalOfInvestmentsInEquityInstrumentsDesignatedAsMeasuredAtFairValueThroughOtherComprehensiveIncome,기타포괄손익-공정가치 측정 항목으로 지정된 지분상품에 대한 투자의 처분시점의 누적 이익(손실),,,,,,,,,,,,,,,,,,,,,,,,,,,,,,,,,,,,,,,,,,,,,,,,,,,,,,,,,,,,,,,,,,0,,308000000,,308000000,,0,,,,,,,,,,,,,,,,,,,,,,,,,,,,,,,,,,,,,,,,,,,,,,,,,,,,40205000000,211831000000,40205000000,211831000000,,,,,,,,,,,,,,,,,,,,,,,,,,,,,,,,,,,,,,,,,,,,,,,,,,,,,,,,
ifrs-full_CurrentServiceCostNetDefinedBenefitLiabilityAsset,"당기근무원가, 순확정급여부채(자산)",,,,,9957000000,6286000000,9937000000,6205000000,,,,,,,,,,,,,,,,,,,,,,,,,,,,,,,,,,,,,,,,,,,,,,,,,,,,,,,,,,,,,,,,,,,,,,,,,,,,,,,,,,,,,,,,,,,,,,,,,,,,,,,,,,,,,,,,,,,,13176000000,13796000000,9701000000,10230000000,,,,,,,,,,,,,,,,,,,,,,,9132000000,10252000000,4160000000,4451000000,,,,,,,,,,,,,,,,,,,,,,,,,,,,,,
ifrs-full_CurrentTaxAssets,당기법인세자산,43476000000,67267000000,14002000000,22209000000,,,,,,,,,,,,,,,,,,,,,,,7171000000,5909000000,7171000000,5909000000,,,,,,,,,,,,,,,,,,,,,,,,,252722146849,231047468255,83879443286,112304055534,,,148518000000,122123000000,149373000000,122123000000,,,,,,,,,,,,,,,,,,,,,,,,,111630375450,,111305006703,,,,,,81381520037,81381520037,,,,,,,,537543000000,227913000000,536420000000,227705000000,,,,,,,,,,,,3006216520,3987818278,,,,,,,,,,,,,,5661000000,68729000000,69653000000,6531000000,,,,,,,,,,,,,,,439461000000,237049000000,319436000000,326143000000,,,,,,,,,,,,,,,,,,,23884441357,,,23799076760,22698248750,22625519036,,
ifrs-full_CurrentTaxLiabilities,당기법인세부채,1541000000,3455000000,0,1642000000,,,,,,,,,,,,,,,,,,,,,,,,,,,,,,,,,,,,,,33000000,,,7000000,,,,,,,,,,2670615002,,,8370797952,,,,,,,,,,,,,,,,,,,,,,,,,35323729423,,35428590636,,57154936584,57849065231,,,,,,,,,2089191210,,,,,,,,,156837000000,177311000000,,,,,,,,,,,,,48655650,80927414298,3354488048,74644050088,,,,,,,,,,,,,14019000000,13772000000,13940000000,14029000000,,,,,,,,,,,,,,,39507000000,,,33690000000,,,,,,,,,,,,,,,,,,,11027699892,,,,16672097151,,,
ifrs-full_DeferredTaxAssets,이연법인세자산,9190000000,9725000000,,,,,,,,,,,,,,,,,,,,,,,,,,,,,,,,,,,,,,,,4681000000,,,4494000000,,,,,,,,,,1456472506027,1347510398049,1091525258977,1199077576205,,,123681000000,216631000000,132875000000,226337000000,,,,,,,,,,,,,,,,,,,,,801270039,,,769794785,,,,,,,,,,,,,,,,,,57635000000,35198000000,,,,,,,,,,,,,10328772555,17258435344,16619537645,10253910729,,,,,,,,,,,,,,,39000000,37000000,,,,,,,,,,,,,,,128406000000,,,116430000000,,,,,,,,,,,,,,,,,,,,,,,,,,
ifrs-full_DeferredTaxLiabilities,이연법인세부채,1206407000000,1506116000000,1072075000000,1327536000000,,,,,,,,,,,,,,,,,,,,,,,903071000000,822614000000,916805000000,836638000000,,,,,,,,,,,1102876000000,1108637000000,,,1034790000000,1028637000000,,,,,,,,,177339654660,,,210089655455,,,,,,,,,,,,,,,,,,,,,,,,,590186356862,,596467439793,,431883928696,435552605152,183065734849,,184632374811,,,,,,196428218343,195366140677,,,,,,,,14522888000000,21434594000000,14625501000000,21632858000000,,,,,,,,,,,4419419300387,5721151362105,4498116677682,5617801638076,,,,,,,,,,,,,1152838000000,1269639000000,1273040000000,1154828000000,,,,,,,,,,,,,,,1289236000000,191420000000,479156000000,959821000000,,,,,,,,,,,,,,,,,,,715352636674,,,703830397955,617466648735,608649531798,,
ifrs-full_DepositsFromCustomers,고객으로부터의 예치금,,,,,,,,,,,,,,,,,,,,,,,,,,,,,,,,,,,,,,,,,,,,,,,,,,,,,,,,,,,,,,,,,,,,,,,,,,,,,,,,,,,,,,,,,,,,,,,,,,,,,,,,,,,,,,,,,,,,,,,,,,,,,,,,,,,,,,,,,,,,,,,,,,,,,,,,,,6897299000000,,,6537807000000,,,,,,,,,,,,,,,,,,,,,,,,,,
ifrs-full_DepreciationAndAmortisationExpense,감가상각비와 상각비,,,,,32248000000,,31967000000,,,,,,,,,,,,,,,,,,,,,,,,,,,,,,,,,,,,,,,,,,,,,,,,,,,,,,,,,,,,,,,,,,,,,,,,,,,,,,,,,,,,,,,,,,,,,,,,,,,,,,,,,,,,,,,,,,,,,,,,,,,,,,,,,,,,,,,,,,,,,,,,,,,,,,,,,,,,,,,,,,,,,,,,,,,,,,,,
ifrs-full_DepreciationExpense,감가상각비,,,,,,,,,,,,,,,,,,,,,,,,,,,,,,,,,,,,,,,,,,,,,,,,,,,,,,,,,,,,,,,,,,3729000000,,3881000000,,3881000000,,3729000000,,,,,,,,,,,,,,,,,,,,,,,,,,,,,,,,,,,,,,,,,,,,,,,,,,,,2218000000,2665000000,2218000000,2665000000,,,,,,,,,,,,,,,,,,,,,,,,,,,,,,,,,,,,,,,,,,,,,,,,,,,,,,,,
ifrs-full_DepreciationInvestmentProperty,"감가상각비, 투자부동산",,,,,5316000000,808000000,5309000000,828000000,,,,,,,,,,,,,,,,,,,,,,,,,,,,,,,,,,,,,,,,,,,,,,,,,,,,,,,,,,,,,,,,,,,,,,,,,,,,,,,,,,,,,,,,,,,,,,,37491000000,9683000000,11251000000,,,,,,,37679000000,,,,,,,,,,,,4786000000,3138000000,1492000000,1447000000,,,,,,,,,,,,,,,,,,,,,,,6894000000,7557000000,6749000000,6576000000,,,,,,,,,,,,,,,,,,,,,,,,,,,,,,
ifrs-full_DepreciationPropertyPlantAndEquipment,"감가상각비, 유형자산",,,,,18236000000,15606000000,17704000000,16012000000,,,,,,,,,,,,,,,,,,,,,,,,,,,,,,,,,,,,,,,,,,,,,,,,,,,,,,,,,,,,,,,,,,,,,,,,,,,,,,,,,,,,,,,,,,,,,,,10484000000,4224000000,4173000000,,,,,,,8017000000,,,,,,,,,,,,14005000000,14978000000,12398000000,12590000000,,,,,,,,,,,,,,,,,,,,,,,12702000000,10288000000,9025000000,10433000000,,,,,,,,,,,,,,,,,,,,,,,,,,,,,,
ifrs-full_DepreciationRightofuseAssets,"감가상각비, 사용권자산",,,,,,,,,,,,,,,,,,,,,,,,,,,,,,,,,,,,,,,,,,,,,,,,,,,,,,,,,,,,,,,,,,,,,,,,,,,,,,,,,,,,,,,,,,,,,,,,,,,,,,,45624000000,30537000000,28860000000,,,,,,,39233000000,,,,,,,,,,,,22269000000,23853000000,22684000000,23870000000,,,,,,,,,,,,,,,,,,,,,,,12956000000,17903000000,3379000000,3638000000,,,,,,,,,,,,,,,,,,,,,,,,,,,,,,
ifrs-full_DerivativeFinancialAssets,파생상품 금융자산,104695000000,11848000000,64557000000,5048000000,,,,,,,,,,,,,,,,,,,,,,,3029000000,216000000,3029000000,216000000,,,,,,,,,,,,,,,,,,,,,,,,,1041233246844,267475910217,315717457622,1236329905018,,,1501000000,28071000000,1501000000,28071000000,,,,,,,,,,,,,,,,,,,,,,,,,675470820,,675470820,,,,,,31088117074,28506931125,,,,,,,,876400000000,885670000000,385494000000,238028000000,,,,,,,,,,,21862886718,11968257081,26774573838,11831316421,,,,,,,,,,,,,34474000000,4306000000,4350000000,40023000000,,,,,,,,,,,,,,,820966000000,288639000000,244839000000,718870000000,,,,,,,,,,,,,,,,,,,2497905003,,,2497905003,13779451173,12354543538,,
ifrs-full_DerivativeFinancialAssetsHeldForHedging,위험회피 파생금융자산,101870000000,10583000000,64557000000,5048000000,,,,,,,,,,,,,,,,,,,,,,,,,,,,,,,,,,,,,659000000,659000000,,,43934000000,43934000000,,,,,,,,,,,,,,,1423000000,28071000000,1423000000,28071000000,,,,,,,,,,,,,,,,,,,16267994104,,16267994104,,145394910665,145394910665,675470820,,675470820,,,,,,24363558010,24363558010,,,,,,,,876400000000,885670000000,385494000000,238028000000,,,,,,,,,,,,,,,,,,,,,,,,,,,,,,,,,,,,,,,,,,,,,,,,,,,,,,,,,,,,,,,,,,,2497905003,,,2497905003,12354543538,12354543538,,
ifrs-full_DerivativeFinancialAssetsHeldForTrading,단기매매 파생금융자산,2825000000,1265000000,,,,,,,,,,,,,,,,,,,,,,,,,,,,,,,,,,,,,,,,,,,,,,,,,,,,,,,,,,,,,,,,,,,,,,,,,,,,,,,,,,,,,,,0,,,,,,,,6724559064,4143373115,,,,,,,,,,,,,,,,,,,,,,,,,,,,,,,,,,,,,,,,,,,,,,,,,,,,,,,,,,,,,,,,,,,,,,,,,,,,,,0,,,,1424907635,,,
ifrs-full_DerivativeFinancialLiabilities,파생상품 금융부채,2120566000000,3802735000000,1443144000000,2526543000000,,,,,,,,,,,,,,,,,,,,,,,147590000000,273757000000,147590000000,273759000000,,,,,,,,,,,,,,,,,,,,,,,,,3806338382330,2845322451969,4424562847513,5593132467366,,,998987000000,576219000000,998987000000,576219000000,,,,,,,,,,,,,,,,,,,,,,,,,566216370014,,596416320039,,,,,,264301408447,254694875410,,,,,,,,6141828000000,8786107000000,5011789000000,7081057000000,,,,,,,,,,,995339257594,1715025948189,1100279189423,1507026993219,,,,,,,,,,,,,870822000000,1247827000000,1396679000000,937659000000,,,,,,,,,,,,,,,4925243000000,1741325000000,3018308000000,3056095000000,,,,,,,,,,,,,,,,,,,1683641955024,,,1609877091582,988832077493,948353067903,,
ifrs-full_DerivativeFinancialLiabilitiesHeldForHedging,위험회피 파생금융부채,2113139000000,3779216000000,1443144000000,2526543000000,,,,,,,,,,,,,,,,,,,,,,,,,,,,,,,,,,,,,1071769000000,1071769000000,,,583244000000,583245000000,,,,,,,,,,,,,,,980825000000,550703000000,980825000000,550703000000,,,,,,,,,,,,,,,,,,,652069735172,,652069735172,,324382424210,324382424210,418636150240,,418636150240,,,,,,203185976418,203185976418,,,,,,,,6141828000000,8786107000000,5011789000000,7081057000000,,,,,,,,,,,,,,,,,,,,,,,,,,,,,,,,,,,,,,,,,,,,,,,,,,,,,,,,,,,,,,,,,,,1609877091582,,,1609877091582,948353067903,948353067903,,
ifrs-full_DerivativeFinancialLiabilitiesHeldForTrading,단기매매 파생금융부채,7427000000,23519000000,,,,,,,,,,,,,,,,,,,,,,,,,,,,,,,,,,,,,,,,,,,,,,,,,,,,,,,,,,,,,,,,,,,,,,,,,,,,,,,,,,,,,,,147580219774,,177780169799,,,,,,61115432029,51508898992,,,,,,,,,,,,,,,,,,,,,,,,,,,,,,,,,,,,,,,,,,,,,,,,,,,,,,,,,,,,,,,,,,,,,,,,,,,,,,73764863442,,,,40479009590,,,
ifrs-full_DifferenceBetweenCarryingAmountOfFinancialLiabilityAndAmountContractuallyRequiredToPayAtMaturityToHolderOfObligation,금융부채의 장부금액과 계약조건에 따라 채권자에게 만기에 상환하여야 할 금액의 차이,,,,,,,,,,,,,,,,,,,,,,,,,,,,,,,,,,,,,,,,,,,,,,,,,,,,,,,,,,,,,,,,,,,,,,,,,,,,,,,,,,,,,,,,,,,,,,,,,,,,,,,,,,,,,,,,,,,,,,,,,,,,,,,,,,,,,,,,,,,,,,,,,,,,,,,,,,9107000000,,,-19103000000,,,,,,,,,,,,,,,,,,,,,,,,,,
ifrs-full_DilutedEarningsLossPerShare,희석주당이익(손실),,,,,,,,,,,,,,,,,,,,,,,,,,,,,,,,,,,,,,,,,,,,,,,,,,,,,,,,,,,,,,,,,300,300,171,171,160,160,296,296,,,4424,4483,4443,4402,4424,4483,4443,4402,,,,,,,,,,,371.00,186.00,409.00,190.00,,,186.00,371.00,409.00,190.00,6702.0,6360.0,3919.0,,,,,,,3538.0,,,6360.0,3919.0,6702.0,3538.00,,,,,,14306,14930,13071,13487,,,,,14306,13487,13071,14930,,,,,,,,,,,,,,,399,280,143,299,,,,,,143,299,280,399,,,,,,3015,2600,2847,2591,3015,2600,2591,2847,,,,,,,,
ifrs-full_DilutedEarningsLossPerShareFromContinuingOperations,계속영업희석주당이익(손실),,,,,,,,,,,,,,,,,,,,,,,,,,,,,,,,,,,,,,,,,,,,,,,,,,,,,,,,,,,,,,,,,,,,,,,,,,,,,,,,,,,,,,,,,,,,,371.00,186.00,409.00,190.00,,,186.00,371.00,409.00,190.00,,,,,,,,,,,,,,,,,,,,,,,,,,,,,,,,,,,,,,,,,,,,,,,,,,,,,,,,,,,,,,,,,,,,,,,,,,,,,,,,,
ifrs-full_DirectOperatingExpenseFromInvestmentProperty,투자부동산과 직접 관련된 운영비용,,,,,,,,,,,,,,,,,,,,,,,,,,,,,,,,,,,,,,,,,,,,,,,,,,,,,,,,,,,,,,,,,,,,,,,,,,,,,,,,,,,,,,,,,,,,,,,,,,,,,,,,,,,,,,,,,,,,,,,,,,,,,,,,,,,,,,,,,,,,,,,,,,,,,,25219000000,26000000000,16266000000,15884000000,,,,,,,,,,,,,,,,,,,,,,,,,,,,,,
ifrs-full_DirectOperatingExpenseFromInvestmentPropertyGeneratingRentalIncome,임대수익이 발생한 투자부동산과 직접 관련된 운영비용,,,,,,,,,,,,,,,,,,,,,,,,,,,,,,,,,,,,,,,,,,,,,,,,,,,,,,,,,,,,,,,,,,,,,,,,,,,,,,,,,,,,,,,,,,,,,,,,,,,,,,,280240,,,,,,,,,,,,,,,,,,,,,,,,,,,,,,,,,,,,,,,,,,,,,,,,,,,,,,,,,,,,,,,,,,,,,,,,,,,,,,,,
ifrs-full_DirectOperatingExpenseFromInvestmentPropertyNotGeneratingRentalIncome,임대수익이 발생하지 않은 투자부동산과 직접 관련된 운영비용,,,,,,,,,,,,,,,,,,,,,,,,,,,,,,,,,,,,,,,,,,,,,,,,,,,,,,,,,,,,,,,,,,,,,,,,,,,,,,,,,,,,,,,,,,,,,,,,,,,,,,,102152,,,,,,,,,,,,,,,,,,,,,,,,,,,,,,,,,,,,,,,,,,,,,,,,,,,,,,,,,,,,,,,,,,,,,,,,,,,,,,,,
ifrs-full_DisposalsAndRetirementsIntangibleAssetsOtherThanGoodwill,"처분과 폐기, 영업권 이외의 무형자산",,,,,,,,,,,,,,,,,,,,,,,,,,,,,,,,,,,,,,,,,,,,,,,,,,,,,,,,,,,,,,,,,,,,,,,,,,,,,,,,,,,,,,,,,,,,,,,,,,,,,,,,,,,,,,,,,,,,,,,,,,,,,,,,,,,,,,,,,,,,,,,,,,,,,,,,0,114000000,,,,,0,,,,,,,,,,,,,,,,,,,,,,,,,
ifrs-full_DisposalsIntangibleAssetsAndGoodwill,"처분, 무형자산 및 영업권",,,,,542000000,,99000000,,,,,,,,,,,,,,,,,,,,,,,,,,,,,,,,,,,,,,,,,,,,,,,,,,,,,,,,,,,,,,,,,,,,,,,,,,,,,,,,,,,,,,,,,,,,,,,,,,,,,,,,,,,,,,,,,,,,,,,,,,,,,,,,,,,,,,,,,,,,,,,18920000000,,,,,,,,,,,,,,,,,,,,,,,,,,,,,,,,,
ifrs-full_DisposalsIntangibleAssetsOtherThanGoodwill,"처분, 영업권 이외의 무형자산",,,,,,55000000,,543000000,,,,,,,,,,,,,,,,,,,,,,,,,,,,,,,,,,,,,,,,,,,,,,,,,,,,,,,,,,,,,,,,,,,,,,,,,,,,,,,,,,,,,,,,,,,,,,,,,,,,,,,,,,,,,,,,,,,,374000000,0,4000000,0,,,,,,,,,,,,,,,,,,,,,,,,,,,,,,,,,,,,,,,,,,,,,,,,,,,,,,,,
ifrs-full_DisposalsInvestmentProperty,"처분, 투자부동산",,,,,,,,,,,,,,,,,,,,,,,,,,,,,,,,,,,,,,,,,,,,,,,,,,,,,,,,,,,,,,,,,,,,,,,,,,,,,,,,,,,,,,,,,,,,,,,,,,,,,,,,,,,,,,,,,,,,,,,,,,,,,0,,,,,,,,,,,,,,,,,,,,,,,,,6775000000,1000000,,,,,,,,,,,,,,,,,,,,,,,,,,,,,,,,
ifrs-full_DisposalsPropertyPlantAndEquipment,"처분, 유형자산",,,,,1360000000,307000000,432000000,1340000000,,,,,,,,,,,,,,,,,,,,,,,,,,,,,,,,,,,,,,,,,,,,,,,,,,,,,,,,,,,,,,,,,,,,,,,,,,,,,,,,,,,,,,,,,,,,,,,,,,,,,,,,,,,,,,,,,,,,10000000,203000000,5000000,1000000,,,,,,,,,,,,,,,,,,,,,,,39587000000,5625000000,193000000,1000000,,,,,,,,,,,,,,,,,,,,,,,,,,,,,,
ifrs-full_DividendPayables,미지급 배당금,,,,,,,,,,,,,,,,,,,,,,,,,,,,,,,,,,,,,,,,,,,,,,,,,,,,,,,,,,,,,,,,,,,,,,,,,,,,,,,,,,,,,,,,,,,,,,,,,,,,,,,,,,,1017411000000,,951747000000,,,,,,,,,,,,,,,,,,,,,,,,,,,,,,,,,,,,,,,,,,,,,,,,,,,,,,,,,,,,,,,,,,,,,,,,,,
ifrs-full_DividendsPaid,소유주에 대한 배분으로 인식된 배당금,,,,,,,,,,,,,,,,,,,,,,,,,,,,,,,,,,,,,,,,,,,,,,,,,,,,,,,,,,,,,,,,,,,,,,,,,,,,,,,,,,,,,,,,,,,,,,,,,,,,,,,,,,,,,,,,,,,,,,,,,,,,807694210100,828948968100,807694210100,828948968100,,,,,,,,,,,,,,,,,,,,,,,,,,,,,,,,,,,,,,,,,,,,,,,,,,,,,,,,
ifrs-full_DividendsPaidClassifiedAsFinancingActivities,재무활동으로 분류된 배당금 지급,,,,,,,,,,,,,,,,,,,,130000000000,,0,0,,130000000000,,,,,,,,299982000000,,0,,299982000000,0,,,,,,,,,119488584250,120487306800,120487306800,119488584250,,,,,,,,,,,,,,,,,,,,,,,,,513160000000,490000000000,490000000000,513160000000,,,,,,,,,,,,,,,,,,,,,,,,,,,,,,,,,,,,,,,,,,,,,,,,0,0,,,,,,,,,,,,,0,378307000000,0,378307000000,,,,,,,,,,,,,,,,,,,,,,,,,,,,,,,,,,,,,,,,
ifrs-full_DividendsPaidToNoncontrollingInterests,비지배지분에 지급한 배당금,,,,,,,,,,,,,,,,,,,,,,,,,,,,,,,,,,,,,,,,,,,,,,,8990260950,,8160464500,,,,,,,,,,,,,,,,,,,,,,,,,,,,,,,,,,,,,,,,,,,,,,,,,,,,,,,,,,,,,,,,,,,,,,,,,,,,,,,,,,,,,,,,,,,,,,,,,,,,,,,,,,,,,,,,,,,,,,,,,,,,,,,,,,,,,,
ifrs-full_DividendsReceivedClassifiedAsOperatingActivities,영업활동으로 분류된 배당금 수취,,,,,9871000000,11691000000,8570000000,14672000000,,,,,,,,,,,,17573000000,,18905000000,18905000000,,17573000000,,,,,,,,13956000000,,20968000000,,13957000000,20959000000,,,,,,,,,46585384124,23596311027,24684651604,36620934287,,,,,,,,,,,,,,,,67000000,,9000000,,9000000,,67000000,,,13304660047,17426273687,14479218350,10307875635,,,,,,,,,,,,,,,21753961910,19147010742,21753961910,19147010742,,,,,,,38879000000,22595000000,17750000000,,,,,,,34821000000,,,,,,,,,,,,14394580208,16803556015,14288188771,11616570870,,,,,,,,,,,,,4037000000,1306000000,4362000000,1735000000,,,,,,,358747000000,301281000000,111673000000,224085000000,,,,,,,,,,,,,,,839509709,399382041,823018941,319363909,,,,,,,,,,,,
ifrs-full_DividendsReceivedFromAssociatesClassifiedAsInvestingActivities,"관계기업으로부터의 배당금 수취, 투자활동",,,,,,,,,,,,,,,,,,,,,,,,,,,,,,,,,,,,,,,,,,,,,,,566202887,,6978750000,,,,,,,,,,,,,,,,,,,,,,,,,,,,,,,,,,,,,,,,,,,,,,,,,,,,,,,,,,,,,,,,,,,,,,,,,,,,,,,,,,,,,,,,,,,,,,,,,,,,,7627000000,4214000000,91409000000,82196000000,,,,,,,,,,,,,,,,,,,,,,,,,,,,,,
ifrs-full_DividendsReceivedFromInvestmentsAccountedForUsingEquityMethodClassifiedAsInvestingActivities,"지분법적용투자로부터의 배당금 수취, 투자활동",,,,,,,,,,,,,,,,,,,,,,,,,,,,,,,,,,,,,,,,,,,,,,,,,,,,,,,,,,,,,,,,,,,,,,,,,,,,,,,,,,,,,,,,,,,,,,,,,,,,,,,,,,,,,,,,,,,,,,,,,,,,,,,,,,,,,,,,,,,,,,,,,,,,,,,,,,,,,,,,,,,,,,,,759133258,0,,,,,,,,,,,,,,
ifrs-full_DividendsRecognisedForInvestmentsInEquityInstrumentsDesignatedAsMeasuredAtFairValueThroughOtherComprehensiveIncomeDerecognisedDuringPeriod,보고기간에 제거한 기타포괄손익-공정가치 측정 항목으로 지정된 지분상품에 대한 투자로 부터 인식된 배당금,,,,,,,,,,,,,,,,,,,,,,,,,,,,,,,,,,,,,,,,,,,,,,,,,,,,,,,,,,,,,,,,,,,,,,,,,,,,,,,,,,,,,,,,,,,,,,,,,,,,,,,,,,,,,,,,,,,,,,,,,,,,270000000,618000000,270000000,618000000,,,,,,,,,,,,,,,,,,,,,,,,,,,,,,,,,,,,,,,,,,,,,,,,,,,,,,,,
ifrs-full_DividendsRecognisedForInvestmentsInEquityInstrumentsDesignatedAsMeasuredAtFairValueThroughOtherComprehensiveIncomeHeldAtEndOfReportingPeriod,보고기간 말 현재 보유하고 있는 기타포괄손익-공정가치 측정 항목으로 지정된 지분상품에 대한 투자로 부터 인식된 배당금,,,,,,,,,,,,,,,,,,,,,,,,,,,,,,,,,,,,,,,,,,,,,,,,,,,,,,,,,,,,,,,,,,,,,,,,,,,,,,,,,,,,,,,,,,,,,,,,,,,,,,,,,,,,,,,,,,,,,,,,,,,,42994000000,63767000000,42994000000,63767000000,,,,,,,,,,,,,,,,,,,,,,,43588000000,31713000000,,,,,,,,,,,,,,,,,229709060,,229709060,,,,,,,,,,,,,
ifrs-full_EffectOfExchangeRateChangesOnCashAndCashEquivalents,현금및현금성자산에 대한 환율변동효과,,,,,-11514000000,-227000000,39898000000,-3704000000,,,,,,,,,,,,-233000000,,835000000,835000000,,-233000000,,,,,,,,-363000000,,6451000000,,-104000000,4542000000,,,,,,,,,-5557244041,126601101,-13293449679,519800295,,,,,,,,,,,,,,,,5000000,,300000000,,300000000,,5000000,,,-132588603,245229082,6238197,-51865169,,,,,,,,,,,,,,,,,38343298,199768,,,,,,,2770000000,1972000000,864000000,,,,,,,679000000,,,,,,,,,,,,2180658433,20192518827,2052929590,19266473855,,,,,,,,,,,,,3330000000,246000000,3218000000,246000000,,,,,,,7394000000,2357000000,410000000,681000000,,,,,,,,,,,,,,,6178922488,5281829669,6189555342,5253053702,,,,,,,,,,,,
ifrs-full_EmployerContributions,사용자의 기여금,,,,,,,,,,,,,,,,,,,,,,,,,,,,,,,,,,,,,,,,,,,,,,,,,,,,,,,,,,,,,,,,,,,,,,,,,,,,,,,,,,,,,,,,,,,,,,,,,,,,,,,,,,,,,,,,,,,,,,,,,,,,,,,,,,,,,,,,,,,,,,,,,,,,,,,,-1981000000,-10177000000,,,,,,,,,,,,,,,,,,,,,,,,,,,,,,
ifrs-full_Equity,자본,10935289000000,11637146000000,9854901000000,10387782000000,,,,,,,7493145000000,,8150846000000,,,,,,,,,,,,,,4151364000000,4252894000000,4218588000000,4323988000000,4112662000000,4161435000000,,,,,,,,,5939019000000,5920065000000,5234035000000,5252234000000,5700821000000,5717234000000,,,,,,,,,8718018727149,7654759167916,8238573581623,9420000664724,7547620235349,6528961732352,1826307000000,1533971000000,1844310000000,1548875000000,,,,,,,,,1530127000000,1485690000000,,,,,,,,,5851720270995,5243309846395,5879674819403,5257801568098,5854318798795,5876286392121,2393500846168,2466797220603,2411771191926,2477419145774,,,,,2448095130657,2436501555669,,,,,,,,64835318000000,83300997000000,56416815000000,74813771000000,37861977000000,30333479000000,,,,,,,,,20627777238043,24181031448259,21292379956314,23402136994232,,,,,,15022713731654,,15431890523675,,,,,6239294000000,6551603000000,6518194000000,6206398000000,,,,,,,,,6158224000000,6135448000000,,,,,17826178000000,12468776000000,13408155000000,16623385000000,,,,,,10171927000000,14006636000000,,,,,,,,,,,,5592870745607,4212838863247,4029877757733,5284992155281,5157512762473,4883487466522,,
ifrs-full_EquityAndLiabilities,자본과 부채,74022307000000,74628825000000,59408828000000,59271156000000,,,,,,,,,,,,,,,,,,,,,,,35374873000000,34757037000000,35228934000000,34615191000000,,,,,,,,,,,44403722000000,44520163000000,,,45444743000000,44891997000000,,,,,,,,,148069491067774,128165794274358,128058989898137,148555624471120,,,34461410000000,35315258000000,34495301000000,35347237000000,,,,,,,,,,,,,,,,,,,43115899748228,,43348688348883,,44242792244563,44492834685501,32201238251402,,32292016851419,,,,,,32920825236135,32855181935106,,,,,,,,350685701000000,371424249000000,309948294000000,328870240000000,,,,,,,,,,,93809044479173,100840316381399,96450389944868,97882334562957,,,,,,,,,,,,,59448032000000,57725150000000,58047960000000,59661505000000,,,,,,,,,,,,,,,177788297000000,125776582000000,124017691000000,178534378000000,,,,,,,,,,,,,,,,,,,49504479095915,,,48660021404364,50429646840633,49645874619981,,
ifrs-full_EquityAttributableToOwnersOfParent,지배기업의 소유주에게 귀속되는 지분,10880841000000,11579524000000,,,,,,,,,,,,,,,,,,,,,,,,,,,,,,,,,,,,,,,,5913487000000,,,5694498000000,,,,,,,,,,,,,,,,,,1844310000000,1548875000000,,,,,,,,,,,,,,,,,,,,,5863070025735,,,5860846756160,,,2411771191926,,,,,,2448095130657,,,,,,,,,62724296000000,81226060000000,,,,,,,,,,,,,,24145432995968,21257792584430,,,,,,,,,,,,,,,,,,,,,,,,,,,,,,,,15011576000000,,,13875234000000,,,,,,,,,,,,,,,,,,,5592870745607,,,,5157512762473,,,
ifrs-full_EstimateOfBenefitPaymentsExpectedToBePaidFromDefinedBenefitPlan,확정급여제도에서 지급될 것으로 예상되는 급여 지급액 추정치,,,,,,,,,,,,,,,,,,,,,,,,,,,,,,,,,,,,,,,,,,,,,,,,,,,,,,,,,,,,,,,,,,,,,,,,,,,,,,,,,,,,,,,,,,,,,,,,,,,,,,,,,,,,,,,,,,,,,,,,,,,,,877184000000,,668925000000,,,,,,,,,,,,,,,,,,,,,,,,,,,,,,,,,,,,,,,,,,,,,,,,,,,,,,,,
ifrs-full_ExpensesFromAllocationOfPremiumsPaidToReinsurer,재보험자에게 지급된 보험료 배분액에서 생기는 비용,,,,,274735000000,236291000000,265038000000,231186000000,,,,,,231186000000,236291000000,274735000000,265038000000,,5183000000,1536000000,1536000000,5183000000,5183000000,5183000000,1536000000,1536000000,,,,,,,204704000000,195209000000,201105000000,201105000000,199392000000,195209000000,199392000000,204704000000,,,,,,,9392906090,6766760625,7333989182,8947884328,7333989182,9392906090,8947884328,6766760625,,,,,,,,,,,8365000000,8365000000,6147000000,6147000000,6147000000,6147000000,8365000000,8365000000,,,175058850479,179056018627,168651846407,164259605462,175058850479,179056018627,168651846407,164259605462,,,,,,,,,,,9455795813,9388060840,9455795813,9388060840,,,9388060840,9455795813,9455795813,9388060840,58459000000,57844000000,55975000000,,,,,,,56358000000,,,57844000000,55975000000,58459000000,56358000000,,,,,,281563545807,328623103169,238028148021,286319224654,,,,,281563545807,286319224654,238028148021,328623103169,,,,,36412000000,25697000000,36412000000,25697000000,36412000000,25697000000,25697000000,36412000000,,,146356000000,153730000000,28586000000,33178000000,,,,,,28586000000,33178000000,153730000000,146356000000,,,,,,275961023531,258586236174,276386856399,259014599355,275961023531,258586236174,259014599355,276386856399,,,,,,,,
ifrs-full_FairValueOfInvestmentsInEquityInstrumentsDesignatedAsMeasuredAtFairValueThroughOtherComprehensiveIncome,기타포괄손익-공정가치 지정 지분상품투자,,,,,,,,,,,,,,,,,,,,,,,,,,,,,,,,,,,,,,,,,,,,,,,,,,,,,,,,,,,,,,,,,,,,,,,,,,,,,,,,,,,,,,,,,,,,,,,,,,,,,,,,,,,,,,,,,,,,,,,,11751231000000,15875036000000,11751240000000,15875026000000,,,,,,,,,,,,,,,,,,,,,,,,,,,,,,,2804345000000,296104000000,426244000000,2529672000000,,,,,,,,,,,,,,,,,,,86048223806,,,85449923806,91533027710,90934727710,,
ifrs-full_FairValueOfInvestmentsInEquityInstrumentsMeasuredAtFairValueThroughOtherComprehensiveIncomeAtDateOfDerecognition,제거일 현재 기타포괄손익-공정가치 측정 항목으로 지정된 지분상품에 대한 투자의 공정가치,,,,,,,,,,,,,,,,,,,,,,,,,,,,,,,,,,,,,,,,,,,,,,,,,,,,,,,,,,,,,325000000,,325000000,,,,,,,,,,0,0,,,,,,,,,,,,,,,,,,,,,,,,,,,,,,,,,,,,,,,,,,,,,,,212783000000,,212783000000,,,,,,40853000000,,40853000000,,,,,,,,,,,,,,,,,,,,,,,,,,,,,,,,,,,,,,,,,,,,,,,,,,,,
ifrs-full_FairValueOfUnderlyingItemsForContractsWithDirectParticipationFeatures,직접참가특성계약에 대한 기초항목의 공정가치,438161000000,465067000000,,,,,,,,,,,,,,,,,,,,,,,,,,,,,,,,,,,,,,,,,,,,,,,,,,,,,,,,,,,1452656000000,1342917000000,1452656000000,1342917000000,,,,,,,,,,,,,,,,,,,,,,,,,,,,,,,,,,,,,,,,,,,29386133000000,,,,,,,,,,,,,,,,,,,,,,,,,,,,,,,,,,,,,,,,,,,,,,,16300290000000,15903946000000,16282353000000,15920565000000,,,,,,,,,,,,,,,,,,,,,,,,,,
ifrs-full_FeeAndCommissionExpense,수수료비용,,,,,,,,,,,,,,,,,,,,,,,,,,,,,,,,,,,,,,,,,,,,,,,,,,,,,,,,,,,,,,,,,,5771000000,,6375000000,,6375000000,,5771000000,,,,,,,,,,,,,,,,,,,,,,,,,,,,,,,,,,,,,,,,,,,,,,,,,,,,15175000000,14180000000,4255000000,4354000000,,,,,,,,,,,,,,,,,,,,,,,,,,,,,,,,,,,,,,,,,,,,,,,,,,,,,,,,
ifrs-full_FeeAndCommissionIncome,수수료수익,,,,,,,,,,,,,,,,,,,,,,,,,,,,,,,,,,,,,,,,,,,,,,,136807524289,5418049652,89045623765,6973861514,89045623765,136807524289,6973861514,5418049652,,,,,,,,,,,943000000,943000000,2711000000,2711000000,13018000000,13018000000,14382000000,14382000000,,,,,,,,,,,,,,,,,,,,,,,,,,,,,,,632640000000,8014000000,5212000000,,,,,,,534963000000,,,8014000000,5212000000,632640000000,534963000000,,,,,,1126000000,1915000000,1126000000,1915000000,,,,,,,,,,,,,,,,,,,,,,,,,,,,,,,,,,,,,,,,,,,,,,,,,,,,,,,,
ifrs-full_FinanceIncomeExpensesFromReinsuranceContractsHeldRecognisedInProfitOrLoss,"당기손익으로 인식된, 보유재보험계약 금융수익(비용)",,,,,10813000000,943000000,571000000,11289000000,,,,,,,,,,,,,,,,,,,,,,,,,,,,,,,,,,,,,,,,,,,,,,,,,,,,,,,,,,,,,,,,,,,,,,,,,,,,,,,,,,,,,,,,,,,,,,,,,,,,,,,,,,,,,,,,,,,,,,,,,,,,,,,,,,,,,,,,,,,,,,,,,,,,,,,,,,,,,,,,,,,,,,,,,,,,,,,
ifrs-full_FinanceLeaseReceivables,금융리스채권,,,,,,,,,,,,,,,,,,,,,,,,,,,,,,,,,,,,,,,,,,,,,,,,,,,,,,,,,,,,,,,,,,,,,,,,,,,,,,,,,,,,,,,,,,,,,,,,,,,,,,,,,,31650000000,31976000000,,,,,,,,,,,,,,,,,,,,,,,,,,,,,,,,,,,,,,,,,,,,,,,,,,,,,,,,,,,,,,,,,,,,,,,,,,,,
ifrs-full_FinancialAssets,금융자산,68691952000000,69169207000000,54579850000000,54402942000000,,,,,,,,,,,,,,,,,,,,,,,,,,,,,,,,,,,,,,,,,,,,,,,,,,,,,,,,,33336542000000,34112784000000,33348371000000,34129923000000,,,,,,,,,,,,,,,,,,,,,,,,,,,,,,,,,,,,,,,,,,336261815000000,357543196000000,296556525000000,315966461000000,,,,,,,,,,,89058031000000,93726258000000,89508250000000,93107380000000,,,,,,,,,,,,,,,,,,,,,,,,,,,,,,,169148582000000,118082960000000,116153592000000,170280788000000,,,,,,,,,,,,,,,,,,,,,,,,,,
ifrs-full_FinancialAssetsAtAmortisedCost,상각후원가로 측정하는 금융자산,21001872000000,20046001000000,15763373000000,14357209000000,,,,,,,,,,,,,,,,,,,,,,,,,,,,,,,,,,,,,,,,,,,,,,,,,,,,,,,,,5387697000000,5622603000000,5395192000000,5630391000000,,,,,,,,,,,,,,,,,,,517609561299,,517609561299,,530913802201,530913802201,2703661065564,,2787038062135,,,,,,2881416520683,2801450399792,,,,,,,,80631611000000,82686002000000,41115626000000,41810525000000,,,,,,,,,,,996162000000,1256041000000,1027326000000,1221355000000,,,,,,,,,,,,,,,,,,,,,,,,,,,,,,,48691297000000,28071420000000,27466231000000,48454617000000,,,,,,,,,,,,,,,,,,,11336557898558,,,10830873937383,10907965284456,10401582761756,,
ifrs-full_FinancialAssetsAtFairValue,"금융자산, 공정가치",68385065000000,68670607000000,54272965000000,53904342000000,,,,,,,,,,,,,,,,,,,,,,,,,,,,,,,,,,,,,,,,,,,,,,,,,,,,,,,,,33249658000000,34098345000000,33261808000000,34115483000000,,,,,,,,,,,,,,,,,,,,,,,,,,,,,,,,,,,,,,,,,,,,,,,,,,,,,,,,88401595000000,92659246000000,88852400000000,92074429000000,,,,,,,,,,,,,,,,,,,,,,,,,,,,,,,165684761000000,115209990000000,112656379000000,167436225000000,,,,,,,,,,,,,,,,,,,,,,,,,,
ifrs-full_FinancialAssetsAtFairValueThroughOtherComprehensiveIncome,기타포괄손익인식금융자산,28296401000000,31072665000000,20121438000000,22458572000000,,,,,,,,,,,,,,,,,,,,,,,22153157000000,21436913000000,22153157000000,21436913000000,,,,,,,,,,,21939801000000,21939801000000,,,21906885000000,21906885000000,,,,,,,,,62158403103197,60829887653638,59064842435849,60338806757976,,,22414696000000,22837835000000,22414696000000,22837835000000,,,,,,,,,,,,,,,,,,,31912573007467,,31918824909219,,31560738837675,31566745154060,11000897152399,,11000897152399,,,,,,11663557366015,11663557366015,,,,,,,,198655686000000,215356552000000,196888832000000,213745477000000,,,,,,,,,,,43430681364228,48627338148367,43447655884126,48610126175384,,,,,,,,,,,,,,,,,,,,,,,,,,,,,,,59453317000000,48218133000000,46287683000000,61939817000000,,,,,,,,,,,,,,,,,,,24544977208948,,,24454641179437,25427034540204,25341092240272,,
ifrs-full_FinancialAssetsAtFairValueThroughProfitOrLoss,당기손익인식금융자산,17575565000000,17016254000000,17722466000000,17151819000000,,,,,,,,,,,,,,,,,,,,,,,9253459000000,9714445000000,9242637000000,9693200000000,,,,,,,,,,,9430097000000,9504888000000,,,10298163000000,9444743000000,,,,,,,,,47155640110589,34182822710133,36597664650127,49262705137725,,,5177276000000,5375104000000,5180862000000,5383256000000,,,,,,,,,,,,,,,,,,,6939552440989,,7119083386223,,7569926137527,7772538540474,17004985734272,,17031876079365,,,,,,16948052514530,16944446771969,,,,,,,,51528635000000,54715614000000,38209635000000,40432556000000,,,,,,,,,,,12705776538884,11429903402263,11734007737216,12293135428307,,,,,,,,,,,,,13265276000000,13722907000000,13336247000000,12747883000000,,,,,,,,,,,,,,,57831771000000,32320124000000,33449941000000,56064369000000,,,,,,,,,,,,,,,,,,,8582737443395,,,8725327725465,8923730749624,9040657765254,,
ifrs-full_FinancialAssetsPledgedAsCollateralForLiabilitiesOrContingentLiabilities,부채나 우발부채에 대한 담보로 제공된 금융자산,,,,,,,,,,,,,,,,,,,,,,,,,,,,,,,,,,,,,,,,,,,,,,,,,,,,,,,,,,,,,1264057000000,1032712000000,1264057000000,1032712000000,,,,,,,,,1032712000000,,,,,,,,,,,,,,,,,,,,,,,,,,,,,,,,,,,,,,,,,,,,,,,1671751000000,2024242000000,1671751000000,2024242000000,,,,,,,,,,,,,,,,,,,,,,,,,,,,,,,,,,,,,,,,,,,,,,,,,,,,,,,,,,,,
ifrs-full_FinancialInstrumentsSubjectToEnforceableMasterNettingArrangementOrSimilarAgreementNotSetOffAgainstFinancialAssets,금융자산과 상계되지 않는 구속력 있는 일괄상계계약 또는 유사한 계약을 조건으로 하는 금융상품,97437000000,9679000000,63521000000,5151000000,,,,,,,,,,,,,,,,,,,,,,,,,,,,,,,,,,,,,,,,,,,,,,,,,,,,,,,,,,,,,,,,,,,,,,,,,,,,,,,,,,,,,,,,,,,,,,,,,,,,,,,,,,,,,,,,,,,,,,,,,,,,,,,,,,,,,,,,,,,,,,,,,,,,,,,,,,,,,,,,,,,,,,,,,,,,,,,,,,,
ifrs-full_FinancialInstrumentsSubjectToEnforceableMasterNettingArrangementOrSimilarAgreementNotSetOffAgainstFinancialLiabilities,금융부채와 상계되지 않는 구속력 있는 일괄상계계약 또는 유사한 계약을 조건으로하는 금융상품,97437000000,9679000000,,,,,,,,,,,,,,,,,,,,,,,,,,,,,,,,,,,,,,,,,,,,,,,,,,,,,,,,,,,,,,,,,,,,,,,,,,,,,,,,,,,,,,,,,,,,,,,,,,,,,,,,6262404000000,8633333000000,5694804000000,8030133000000,,,,,,,,,,,,,,,,,,,,,,,,,,,,,,,,,,,,,,,,,,,,,,,,,,,,,,,,,,,,,,,,,,,,,,,,,,
ifrs-full_FinancialLiabilities,금융부채,20816533000000,22799558000000,16653351000000,17407530000000,,,,,,,,,,,,,,,,,,,,,,,,,,,,,,,,,,,,,,,,,,,,,,,,,,,,,,,,,5959571000000,5540927000000,5960791000000,5543835000000,,,,,,,,,5540927000000,,,,,,,,,,,,,,,,,,,,,,,,,,,,,,,,,66213400000000,70408211000000,36372461000000,38904279000000,,,,,,,,,,,19016726000000,22681857000000,20450937000000,21149138000000,,,,,,,,,,,,,,,,,,,,,,,,,,,,,,,50001235000000,16035571000000,17294784000000,47059661000000,,,,,,,,,,,,,,,,,,,,,,,,,,
ifrs-full_FinancialLiabilitiesAtAmortisedCost,상각후원가로 측정하는 금융부채,,,,,,,,,,,,,,,,,,,,,,,,,,,,,,,,,,,,,,,,,,,,,,,,,,,,,,,,,,,,,,,,,,,,,,,,,,,,,,,,,,,194074623297,,350853357600,,214024255012,411861304812,,,,,,,,,,,,,,,,,,7791600000000,8487481000000,1236388000000,2215948000000,,,,,,,,,,,18021385883808,20651220391585,19037357655239,19642111150610,,,,,,,,,,,,,,,,,,,,,,,,,,,,,,,,,,,,,,,,,,,,,,,,,,,,,319418336211,,,45768387669,347135217260,67064637413,,
ifrs-full_FinancialLiabilitiesAtFairValue,"금융부채, 공정가치",20825702000000,22334704000000,16662522000000,16942675000000,,,,,,,,,,,,,,,,,,,,,,,,,,,,,,,,,,,,,,,,,,,,,,,,,,,,,,,,,5989398000000,5586799000000,5990618000000,5589707000000,,,,,,,,,5586799000000,,,,,,,,,,,,,,,,,,,,,,,,,,,,,,,,,,,,,,,,,,,,,,,19016725000000,22681857000000,20450937000000,21149138000000,,,,,,,,,,,,,,,,,,,,,,,,,,,,,,,50091518000000,16055307000000,17300728000000,47105475000000,,,,,,,,,,,,,,,,,,,,,,,,,,
ifrs-full_FinancialLiabilitiesAtFairValueThroughProfitOrLoss,당기손익인식금융부채,,,,,,,,,,,,,,,,,,,,,,,,,,,,,,,,,,,,,,,,,8928000000,18924000000,,,15206000000,1582000000,,,,,,,,,6069134652686,,,5539847456496,,,18162000000,25516000000,18162000000,25516000000,,,,,,,,,,,,,,,,,,,3827184799,,19125328008,,1961031883,5391009261,,,,,,,,,,,,,,,,,,,,,,,,,,,,,,,,,,,,,,,,,,,,,,,,,,,,,,,,,,,,,,,,,,2998294000000,,,2453127000000,,,,,,,,,,,,,,,,,,,,,,,,,,
ifrs-full_FinancialLiabilitiesAtFairValueThroughProfitOrLossClassifiedAsHeldForTrading,단기매매금융부채의 정의를 충족한 유동 당기손익인식금융부채,,,,,,,,,,,,,,,,,,,,,,,,,,,,,,,,,,,,,,,,,,,,,,,,,,,,,,,,,,,,,,,,,,,,,,,,,,,,,,,,,,,,,,,,,,,,,,,,,,,,,,,,,,,,,,,,,,,,,,,,,,,,,,,,,,,,,,,,,,,,,,,,,,,,,,,,,,501320000000,,,191543000000,,,,,,,,,,,,,,,,,,,,,,,,,,
ifrs-full_FinancialLiabilitiesAtFairValueThroughProfitOrLossDesignatedAsUponInitialRecognition,최초인식시점 또는 그 이후에 지정된 당기손익인식금융부채,,,,,,,,,,,,,,,,,,,,,,,,,,,,,,,,,,,,,,,,,,,,,,,,,,,,,,,,,,,,,,,,,,,,,,,,,,,,,,,,,,,,,,,,,,,,,,,,,,,,,,,,,,,,,,,,,,,,,,,,,,,,,,,,,,,,,,,,,,,,,,,,,,,,,,,,,,2496973000000,,,2261584000000,,,,,,,,,,,,,,,,,,,,,,,,,,
ifrs-full_ForeignExchangeGain,외화거래이익,,,,,1161358000000,127877000000,219205000000,656365000000,,,,,,656365000000,127877000000,1161358000000,219205000000,,165900000000,6170000000,6170000000,165900000000,165900000000,165900000000,6170000000,6170000000,,,,,,,24040000000,224401000000,238223000000,238223000000,22475000000,224401000000,22475000000,24040000000,,,,,,,1565755873407,162140033990,206743855987,1370555806709,206743855987,1565755873407,1370555806709,162140033990,,,,,,,,,,,64899000000,64899000000,104274000000,104274000000,104274000000,104274000000,64899000000,64899000000,,,,,,,,,,,,,,,,,,,,,164565255730,8223268310,178448355065,8301011088,,,8223268310,164565255730,178448355065,8301011088,2729455000000,1878021000000,438918000000,,,,,,,780615000000,,,1878021000000,438918000000,2729455000000,780615000000,,,,,,169850798706,700860466378,119778689726,558171482472,,,,,169850798706,558171482472,119778689726,700860466378,,,,,482358000000,96311000000,388391000000,99813000000,388391000000,96311000000,99813000000,482358000000,,,1469729000000,344382000000,208939000000,919786000000,,,,,,208939000000,919786000000,344382000000,1469729000000,,,,,,496697016469,92342934253,486891591315,89358970558,496697016469,92342934253,89358970558,486891591315,,,,,,,,
ifrs-full_ForeignExchangeLoss,외화거래손실,,,,,46165000000,23959000000,65167000000,16091000000,,,,,,16091000000,23959000000,46165000000,65167000000,,328000000,7005000000,7005000000,328000000,328000000,328000000,7005000000,7005000000,,,,,,,11541000000,1021000000,2490000000,2490000000,11284000000,1021000000,11284000000,11541000000,,,,,,,194189342254,62777389963,98556951639,9889620120,98556951639,194189342254,9889620120,62777389963,,,,,,,,,,,17330000000,17330000000,39869000000,39869000000,39869000000,39869000000,17329000000,17329000000,,,,,,,,,,,,,,,,,,,,,26718541501,20219133239,26718541502,20231341973,,,20219133239,26718541501,26718541502,20231341973,376560000000,48004000000,113198000000,,,,,,,269286000000,,,48004000000,113198000000,376560000000,269286000000,,,,,,31883423426,31590006698,25147818472,20504875756,,,,,31883423426,20504875756,25147818472,31590006698,,,,,7249000000,14714000000,5180000000,14687000000,5180000000,14714000000,14687000000,7249000000,,,198608000000,121899000000,66770000000,95888000000,,,,,,66770000000,95888000000,121899000000,198608000000,,,,,,957792983,19105931261,356979485,19053950796,957792983,19105931261,19053950796,356979485,,,,,,,,
ifrs-full_GainLossOnHedgeIneffectivenessRecognisedInProfitOrLoss,당기손익으로 인식하는 위험회피의 비효과적인 부분의 손익,,,,,-3135000000,,-320000000,,,,,,,,,,,,,,,,,,,,,,,,,,,,,,,,,,,,,,,,,,,,,,,,,,,,,,,,,,,,,,,,,,,,,,,,,,,,,,,,,,,,,,,,,,,,,,,,,,,,,,,,,,,,,,,,,,,,,,,,,,,,,,,,,,,,,,,,,,,,,,,,,,,,,,,,,,,,,,,,,,,,,,,,,,,,,,,,
ifrs-full_GainLossOnRemeasurementOfNetDefinedBenefitLiabilityAsset,"재측정이익(손실), 순 확정급여채무(자산)",,,,,-3073000000,-149000000,-658000000,-2439000000,,,,,,,,,,,,,,,,,,,,,,,,,,,,,,,,,,,,,,,,,,,,,,,,,,,,,,,,,,,,,,,,,,,,,,,,,,,,,,,,,,,,,,,,,,,,,,,,,,,,,,,,,,,,,,,,,,,,-1897000000,-3599000000,-1213000000,-2558000000,,,,,,,,,,,,,,,,,,,,,,,0,288000000,0,0,,,,,,,,,,,,,,,,,,,,,,,,,,,,,,
ifrs-full_GainsOnChangeInFairValueOfDerivatives,파생상품평가이익,,,,,81780000000,185941000000,236341000000,78239000000,,,,,,,,,,,,,,,,,,,,,,,,,,,,,,,,,,,,,,,,,,,,,,,,,,,,,,,,,,26273000000,,125323000000,,125323000000,,26273000000,,,,,,,,,,,,,,,,,,,,,,,,,,,,,,,,,,,,,,,,,,,,,,,,,,,,,,,,,,,,,,,,,,,,,,,,,,,,,,,,,,,,,,,,,,,,,,,,,,,,,,,,,,,,,,,
ifrs-full_GeneralAndAdministrativeExpense,일반관리비,,,,,,,,,,,,,,,,,,,,,,,,,,,,,,,,,,,,,,,,,,,,,,,,,,,,,,,,,,,,,,,,,,244221000000,,238343000000,,238343000000,,244221000000,,,,,,,,,,,,,,,,,,,,,,,,,,,,,,,,,,,,,,,,,,,,,,,,,,,,59680000000,75109000000,53357000000,67710000000,,,,,,,,,,,,,,,,,,,,,,,,,,,,,,,,,,,,,,,,,,,,,,,,,,,,,,,,
ifrs-full_GrossFinancialAssetsSetOffAgainstFinancialLiabilitiesSubjectToOffsettingEnforceableMasterNettingArrangementsOrSimilarAgreements,"상계를 조건으로하는 금융부채와 상쇄되는 총금융자산, 구속력 있는 일괄상계계약 또는 유사한 계약",0,0,,,,,,,,,,,,,,,,,,,,,,,,,,,,,,,,,,,,,,,,,,,,,,,,,,,,,,,,,,,,,,,,,,,,,,,,,,,,,,,,,,,,,,,,,,,,,,,,,,,,,,,,0,0,0,0,,,,,,,,,,,,,,,,,,,,,,,,,,,,,,,,,,,,,,,,,,,,,,,,,,,,,,,,,,,,,,,,,,,,,,,,,,
ifrs-full_GrossFinancialAssetsSubjectToOffsettingEnforceableMasterNettingArrangementsOrSimilarAgreements,"상계를 조건으로 하는 총금융자산, 구속력 있는 일괄상계계약 또는 유사한 계약",1350542000000,458277000000,1310790000000,453580000000,,,,,,,,,,,,,,,,,,,,,,,,,,,,,,,,,,,,,,,,,,,,,,,,,,,,,,,,,,,,,,,,,,,,,,,,,,,,,,,,,,,,,,,,,,,,,,,,,,,,,,,,,,,,,,,,,,,,,,,,,,,,,,,,,,,,,,,,,,,,,,,,,,,,,,,,,,,,,,,,,,,,,,,,,,,,,,,,,,,
ifrs-full_GrossFinancialLiabilitiesSetOffAgainstFinancialAssetsSubjectToOffsettingEnforceableMasterNettingArrangementsOrSimilarAgreements,"상계를 조건으로 하는 금융자산을 상쇄하는 총금융부채, 구속력 있는 일괄상계계약 또는 유사한 계약",0,0,0,0,,,,,,,,,,,,,,,,,,,,,,,,,,,,,,,,,,,,,,,,,,,,,,,,,,,,,,,,,,,,,,,,,,,,,,,,,,,,,,,,,,,,,,,,,,,,,,,,,,,,,,,,,,,,,,,,,,,,,,,,,,,,,,,,,,,,,,,,,,,,,,,,,,,,,,,,,,,,,,,,,,,,,,,,,,,,,,,,,,,
ifrs-full_GrossFinancialLiabilitiesSubjectToOffsettingEnforceableMasterNettingArrangementsOrSimilarAgreements,"상계를 조건으로하는 총금융부채, 구속력 있는 일괄상계계약 또는 유사한 계약",2214468000000,4361941000000,,,,,,,,,,,,,,,,,,,,,,,,,,,,,,,,,,,,,,,,,,,,,,,,,,,,,,,,,,,,,,,,,,,,,,,,,,,,,,,,,,,,,,,,,,,,,,,,,,,,,,,,7459428000000,10549307000000,5761789000000,8241057000000,,,,,,,,,,,,,,,,,,,,,,,,,,,,,,,,,,,,,,,,,,,,,,,,,,,,,,,,,,,,,,,,,,,,,,,,,,
ifrs-full_GrossLeaseLiabilities,총 리스부채,61746000000,64182000000,38552000000,40653000000,,,,,,,,,,,,,,,,,,,,,,,,,,,,,,,,,,,,,,,,,,,,,,,,,,,,,,,,,,,,,,,,,,,,,,,,,,,,,,,,,,,,,,,,,,,,,,,,,,,,,,,,,,,,,,,,,,,,127208000000,144152000000,160004000000,116285000000,,,,,,,,,,,,,,,,,,,,,,,,,,,,,,,282482000000,,46350000000,,,,,,,,,,,,,,,,,,,,,,,,,,,
ifrs-full_ImpairmentLossImpairmentGainAndReversalOfImpairmentLossDeterminedInAccordanceWithIFRS9,IFRS 9에 따라 결정된 손상차손(환입),,,,,,,,,,,,,,,,,,,,,,,,,,,,,,,,,,,,,,,,,,,,,,,,,,,,,,,,,,,,,,,,,-4912000000,-4536000000,823000000,1111000000,952000000,1240000000,-4913000000,-4536000000,,,,,,,,,,,,,,,,,,,,,,,,,,,,,,,,,,,,,,,,,,,,,,,,,,,,,,,,,,,,,,,,,,,,,,,,,,,,,,,,,,,,,,,,,,,,,,,,,,,,,,,,,,,,,,,
ifrs-full_ImpairmentLossRecognisedInProfitOrLoss,당기손익으로 인식된 손상차손,,,,,,,,,,,,,,,,,,,,,,,,,,,,,,,,,,,,,,,,,,,,,,,,,,,,,,,,,,,,,,,,,,,,,,,,,,,,,,,,,,,,,,,,,,,,,,,,,,,,,,,,,,,,,,,,,,,,,,,,,,,,,,,,,,,,,,,,,,,,,,,,,,,,,,,,,,,,,,,,,,,,,,,,,,1185841389,2155841200,,,2155841200,1185841389,,,,,,,,
ifrs-full_ImpairmentLossRecognisedInProfitOrLossIntangibleAssetsOtherThanGoodwill,"당기손익으로 인식된 손상차손, 영업권 이외의 무형자산",,,,,,,,,,,,,,,,,,,,,,,,,,,,,,,,,,,,,,,,,,,,,,,,,,,,,,,,,,,,,,,,,,,,,,,,,,,,,,,,,,,,,,,,,,,,,,,,,,,,,,,,,,,,,,,,,,,,,,,,,,,,0,0,0,0,,,,,,,,,,,,,,,,,,,,,,,,,,,,,,,,,,,,,,,,,,,,,,,,,,,,,,,,
ifrs-full_ImpairmentLossRecognisedInProfitOrLossInvestmentProperty,"당기손익으로 인식된 손상차손, 투자부동산",,,,,,,,,,,,,,,,,,,,,,,,,,,,,,,,,,,,,,,,,,,,,,,,,,,,,,,,,,,,,,,,,,,,,,,,,,,,,,,,,,,,,,,,,,,,,,,,,,,,,,,210403000000,,,,,,,,,0,,,,,,,,,,,,,,,,,,,,,,,,,,,,,,,,,,,,,,0,0,,,,,,,,,,,,,,,,,,,,,,,,,,,,,,,,
ifrs-full_ImpairmentLossRecognisedInProfitOrLossPropertyPlantAndEquipment,"당기손익으로 인식된 손상차손, 유형자산",,,,,,,,,,,,,,,,,,,,,,,,,,,,,,,,,,,,,,,,,,,,,,,,,,,,,,,,,,,,,,,,,,,,,,,,,,,,,,,,,,,,,,,,,,,,,,,,,,,,,,,,,,,,,,,,,,,,,,,,,,,,,,,,,,,,,,,,,,,,,,,,,,,,,,0,0,,,,,,,,,,,,,,,,,,,,,,,,,,,,,,,,
ifrs-full_IncomeFromAmountsRecoveredFromReinsurer,재보험자에게서 회수한 금액에서 생기는 수익,,,,,233968000000,190554000000,205183000000,207257000000,,,,,,207257000000,190554000000,233968000000,205183000000,,4125000000,4605000000,4605000000,4125000000,4125000000,4125000000,4605000000,4605000000,,,,,,,267400000000,115310000000,117495000000,117495000000,264239000000,115310000000,264239000000,267400000000,,,,,,,6674452834,6063517597,6699186674,6509494365,6699186674,6674452834,6509494365,6063517597,,,,,,,,,,,18998000000,18998000000,8289000000,8289000000,8289000000,8289000000,18998000000,18998000000,,,122827331960,117777674358,113049663356,116115269390,122827331960,117777674358,113049663356,116115269390,,,,,,,,,,,10079740030,5778398290,10079740030,5778398290,,,5778398290,10079740030,10079740030,5778398290,40152000000,39996000000,35052000000,,,,,,,35352000000,,,39996000000,35052000000,40152000000,35352000000,,,,,,357446032937,78379788660,329859099391,80445414028,,,,,357446032937,80445414028,329859099391,78379788660,,,,,41970000000,20687000000,41970000000,20687000000,41970000000,20687000000,20687000000,41970000000,,,85719000000,109424000000,23758000000,24533000000,,,,,,23758000000,24533000000,109424000000,85719000000,,,,,,56661785275,93908868743,56661785275,93908868743,56661785275,93908868743,93908868743,56661785275,,,,,,,,
ifrs-full_IncomeFromContinuingOperationsAttributableToOwnersOfParent,지배기업의 소유주에게 귀속될 계속영업손익,,,,,,,,,,,,,,,,,,,,,,,,,,,,,,,,,,,,,,,,,,,,,,,,,,,,,,,,,,,,,,,,,,,,,,,,,,,,,,,,,,,,,,,,,,,,,,,53392139983,24783078088,,,,,53392139983,24783078088,1203581000000,,,,,,,,,635259000000,,,,,1203581000000,635259000000,,,,,,,,,,,,,,,,,,,,,,,,,,,,,,,,,,,,,,,,,,,,,,,,,,,,,,,,,,,,,,,,,
ifrs-full_IncomeTaxExpenseContinuingOperations,법인세비용(수익),,,,,173598000000,196324000000,189201000000,191046000000,,,,,,191046000000,196324000000,173598000000,189201000000,,5366000000,30085000000,30085000000,5366000000,5655000000,5655000000,30449000000,30449000000,,,,,,,110484000000,79873000000,79462000000,79462000000,110225000000,79873000000,110225000000,110484000000,,,,,,,169390521957,95084268156,99033560557,114390125273,99033560557,169390521957,114390125273,95084268156,,,,,,,,,,,7694000000,7694000000,7841000000,7841000000,5977000000,5977000000,7464000000,7464000000,,,162491977822,167194406181,164954825757,161503390270,162491977822,167194406181,164954825757,161503390270,,,,,,,,,,,12888685604,13944745689,12905252981,13582575867,,,13944745689,12888685604,12905252981,13582575867,289077000000,255250000000,104732000000,,,,,,,164961000000,,,255250000000,104732000000,289077000000,164961000000,,,,,,213272182867,222503487368,199323242102,201822395709,,,,,213272182867,201822395709,199323242102,222503487368,,,,,36162000000,57653000000,38037000000,58339000000,38037000000,57653000000,58339000000,36162000000,,,103021000000,81527000000,30140000000,60492000000,,,,,,30140000000,60492000000,81527000000,103021000000,,,,,,80865950711,69097787840,76019309272,69082115067,80865950711,69097787840,69082115067,76019309272,,,,,,,,
ifrs-full_IncomeTaxRelatingToComponentsOfOtherComprehensiveIncome,기타포괄손익의 각 구성요소와 관련된 법인세,,,,,,,,,,,,,,,,,,,,,,,,,,,,,,,,,,,,,,,,,,,,,,,,,,,,,,,,,,,,,,,,,,,,,,,,,,,,,,,,,,,,,,,,,,,,,,,,,,,,,,,,,,,,,,,,,,,,,,,,,,,,-4281000000,-1039743000000,11270000000,-1032264000000,,,,,,,,,,,,,,,,,,,,,,,,,,,,,,,,,,,,,,,,,,,,,,,,,,,,,,,,
ifrs-full_IncomeTaxesPaidRefundClassifiedAsOperatingActivities,영업활동으로 분류된 법인세납부(환급),,,,,34728000000,132118000000,139102000000,29527000000,,,,,,,,,,,,34017000000,,26469000000,26438000000,,33994000000,,,,,,,,29736000000,,34836000000,,29670000000,34810000000,,,,,,,,,-117476263714,-84878883496,-71694631919,-135234176352,,,,,,,,,,,,,,,,18931000000,,26094000000,,26094000000,,18926000000,,,134139259839,49039288133,48817803856,133101215233,,,,,,,,,,,,,,,30246325230,35092063418,32007302429,35794634157,,,,,,,207835000000,176733000000,210293000000,,,,,,,284709000000,,,,,,,,,,,,246079728939,19468012959,259709966101,20260581906,,,,,,,,,,,,,61995000000,71306000000,61933000000,73608000000,,,,,,,137505000000,97629000000,72992000000,81898000000,,,,,,,,,,,,,,,46656882804,33832102472,38386136641,32849121239,,,,,,,,,,,,
ifrs-full_IncreaseDecreaseInCashAndCashEquivalents,현금및현금성자산의 증가(감소),,,,,-690980000000,-219363000000,-203096000000,-477724000000,,,,,,,,,,,,-130752000000,,-203858000000,-192944000000,,-104137000000,,,,,,,,-255077000000,,-599710000000,,-238406000000,-423505000000,,,,,,,,,-104190025876,-144585859556,-148700434403,-104643916221,,,,,,,,,,,,,,,,-22180000000,,106278000000,,105828000000,,-24545000000,,,9765035062,-347709786586,-345179599504,13979687315,,,,,,,,,,,,,,,16397366291,-162450801089,11862321897,-163816754489,,,,,,,,,,,,,,,,,,,,,,,,,,,,-578167894028,-615838176465,-432569353069,-560340966799,,,,,,,,,,,,,,,,,,,,,,,,,,,,,,,,,,,,,,,,,,,,,,,,,,,,,,,,
ifrs-full_IncreaseDecreaseInCashAndCashEquivalentsBeforeEffectOfExchangeRateChanges,환율변동효과전현금및현금성자산의 증가(감소),,,,,-679466000000,-219136000000,-242994000000,-474020000000,,,,,,,,,,,,,,,,,,,,,,,,,,,,,,,,,,,,,,,,,,,,,,,,,,,,,,,,,,,,,,,,,,,9897623665,-347955015668,-345185837701,14031552484,,,,,,,,,,,,,,,,,,,,,,,,,-673221000000,-567377000000,-571279000000,,,,,,,-507773000000,,,,,,,,,,,,,,,,,,,,,,,,,,,,-847740000000,32054000000,-847919000000,31889000000,,,,,,,-759277000000,-492308000000,-316675000000,-637783000000,,,,,,,,,,,,,,,-156596972880,-406037515850,-167322081674,-394549126646,,,,,,,,,,,,
ifrs-full_IncreaseDecreaseInExistingProvisionsOtherProvisions,"기존 충당부채의 증가, 기타충당부채",,,,,,,,,,,,,,,,,,,,,,,,,,,,,,,,,,,,,,,,,,,,,,,,,,,,,,,,,,,,,,,,,,,,,,,,,,,,,,,,,,,,,,,,,,,,,,,,,,,,,,,14083000000,9269000000,11907000000,,,,,,,14219000000,,,,,,,,,,,,,,,,,,,,,,,,,,,,,,,,,,,,,,,,,,,,,,,,,,,,,,,,,,,,,,,,,,,,,,,
ifrs-full_IncreaseDecreaseInNetDefinedBenefitLiabilityAssetResultingFromAdministrationCostsNotReflectedInReturnOnPlanAssets,사외적립자산 수익에 반영되지 않은 관리비로 인한 순확정급여부채(자산)의 증가(감소),,,,,,,,,,,,,,,,,,,,,,,,,,,,,,,,,,,,,,,,,,,,,,,,,,,,,,,,,,,,,,,,,,,,,,,,,,,,,,,,,,,,,,,,,,,,,,,,,,,,,,,,,,,,,,,,,,,,,,,,,,,,,,,,,,,,,,,,,,,,,,,,,,,,,,-278000000,729000000,,,,,,,,,,,,,,,,,,,,,,,,,,,,,,,,
ifrs-full_IncreaseDecreaseInNetDefinedBenefitLiabilityAssetResultingFromExpenseIncomeInProfitOrLoss,당기손익으로 인식된 비용(수익)으로 인한 순확정급여부채(자산)의 증가(감소),,,,,,,,,,,,,,,,,,,,,,,,,,,,,,,,,,,,,,,,,,,,,,,,,,,,,,,,,,,,,,,,,,,,,,,,,,,,,,,,,,,,,,,,,,,,,,,,,,,,,,,,,,,,,,,,,,,,,,,,,,,,,,,,,,,,,,,,,,,,,,,,,,,,,,9930000000,10370000000,3951000000,4102000000,,,,,,,,,,,,,,,,,,,,,,,,,,,,,,
ifrs-full_IncreaseDecreaseThroughAcquisitionOfSubsidiary,"종속기업의 취득으로 인한 증가(감소), 자본",,,,,,,,,,,,,,,,,,,,,,,,,,,,,,,,,,,,,,,,,,,,,,,-220025698,,0,,,,,,,,,,,,,,,,,,,,,,,,,,,,,,,,,,,,,,,,,,,,,,,,,,,,,,,,,,,,,,,,,,,,,,,,,,,,,,,,,,,,,,,,,,,,,,,,,,,,,,,,,,,,,,,,,,,,,,,,,,,,,,,,,,,,,,
ifrs-full_IncreaseDecreaseThroughBusinessCombinationsAndDisposalsNetDefinedBenefitLiabilityAsset,"사업결합과 사업처분에 의한 증가(감소), 순확정급여부채(자산)",,,,,,,,,,,,,,,,,,,,,,,,,,,,,,,,,,,,,,,,,,,,,,,,,,,,,,,,,,,,,,,,,,,,,,,,,,,,,,,,,,,,,,,,,,,,,,,,,,,,,,,,,,,,,,,,,,,,,,,,,,,,,,,,,,,,,,,,,,,,,,,,,,,,,,,86000000,,,,,,,,,,,,,,,,,,,,,,,,,,,,,,,,
ifrs-full_IncreaseDecreaseThroughChangeInDiscountRateOtherProvisions,"할인율의 변동을 통한 증가(감소), 기타충당부채",,,,,,,,,,,,,,,,,,,,,,,,,,,,,,,,,,,,,,,,,,,,,,,,,,,,,,,,,,,,,,,,,,,,,,,,,,,,,,,,,,,,,,,,,,,,,,,,,,,,,,,30000000,15000000,14000000,,,,,,,36000000,,,,,,,,,,,,,,,,,,,,,,,,,,,,,,,,,,,,,,,,,,,,,,,,,,,,,,,,,,,,,,,,,,,,,,,
ifrs-full_IncreaseDecreaseThroughChangeInEquityOfSubsidiaries,"종속기업의 자본 변동으로 인한 증가(감소), 자본",,,,,-703000000,,0,,,,,,,,,,,,,,,,,,,,,,,,,,,,,,,,,,,,,,,,,,,,,,,,,,,,,,,,,,,,,,,,,,,,,,,,,,,,,,,,,,,,,,,,,,,,,,,,,,,,,,,,,,,,,,,,,,,,,,,,,,,,,,,,,,,,,,,,,,,,,,,,,,,,,,,,,,,,,,,,,,,,,,,,,,,,,,,,
ifrs-full_IncreaseDecreaseThroughDisposalOfSubsidiary,"종속기업의 처분으로 인한 증가(감소), 자본",,,,,,,,,,,,,,,,,,,,,,,,,,,,,,,,,,,,,,,,,,,,,,,336025692,,-60701518,,,,,,,,,,,,,,,,,,,,,,,,,,,,,,,,,,,,,,,,,,,,,,,,,,,,,,,,,,,,,,,,,,,,,,,,,,,,,,,,,,,,,,,,,,,,,,,,,,,,,,,,,,,,,,,,,,,,,,,,,,,,,,,,,,,,,,
ifrs-full_IncreaseDecreaseThroughEffectsOfContractsAcquiredInPeriodInsuranceContractsLiabilityAsset,"보고기간에 취득한 계약의 영향에 따른 증가분(감소분), 보험계약부채(자산)",,,,,,,,,,,,,,,,,,,,,,,,,,,,,,,,,,,,,,,,,,,,,,,,,,,,,,,,,,,,,,,,,,,,,,,,,,,,,,,,,,,,,,,,,,,,,,,,,,,,,,,1109000000,,,,,,,,,,,,,,,,,,,,,,,,,,,,,,,,,,,,,,,,,,,,,,,,,,,,,,,,,,,,,,,,,,,,,,,,,,,,,,,,
ifrs-full_IncreaseDecreaseThroughEffectsOfContractsInitiallyRecognisedInPeriodInsuranceContractsLiabilityAsset,"해당 기간에 처음 인식한 계약의 영향에 따른 증가분(감소분), 보험계약부채(자산)",,,,,,,,,,,,,,,,,,,,,,,,,,,,,,,,,,,,,,,,,,,,,,,,,,,,,,,,,,,,,,,,,,,,,,,,,,,,,,,,,,,,,,,,,,,,,,,,,,,,,,,0,,,,,,,,,,,,,,,,,,,,,,,,,,,,,,,,,,,,,,,,,,,,,,,,,,,,,,,,,,,,,,,,,,,,,,,,,,,,,,,,
ifrs-full_IncreaseDecreaseThroughEffectsOfGroupsOfOnerousContractsInitiallyRecognisedInPeriodInsuranceContractsLiabilityAsset,"보고기간에 처음 인식한 손실부담계약 집합의 영향에 따른 증가분(감소분), 보험계약부채(자산)",,,,,,,,,,,,,,,,,,,,,,,,,,,,,,,,,,,,,,,,,,,,,,,,,,,,,,,,,,,,,,,,,,,,,,,,,,,,,,,,,,,,,,,,,,,,,,,,,,,,,,,13517000000,,,,,,,,,,,,,,,,,,,,,,,,,,,,,,,,,,,,,,,,,,,,,,,,,,,,,,,,,,,,,,,,,,,,,,,,,,,,,,,,
ifrs-full_IncreaseDecreaseThroughFinancingCashFlowsLiabilitiesArisingFromFinancingActivities,"재무현금흐름, 재무활동에서 생기는 부채의 증가(감소)",,,,,482454000000,788047000000,1023567000000,-10312000000,,,,,,,,,,,,,,,,,,,,,,,,,,,,,,,,,,,,,,,,,,,,,,,,,,,,,,,,,,,,,,,,,,,,,,,,,,,,,,,,,,,,,,,,,,,,,,,,,,,,,,,,,,,,,,,,,,,,,,,,,,,,,,,,,,,,,,,,,,,,,,,,,,,,,,,,,,,,,,,,-35044184715,786079426482,-29363452178,788937453462,,,,,,,,,,,,
ifrs-full_IncreaseDecreaseThroughNetExchangeDifferencesIntangibleAssetsOtherThanGoodwill,"순외환차이에 의한 증가(감소), 영업권 이외의 무형자산",,,,,,-11000000,,265000000,,,,,,,,,,,,,,,,,,,,,,,,,,,,,,,,,,,,,,,,,,,,,,,,,,,,,,,,,,,,,,,,,,,,,,,,,,,,,,,,,,,,,,,,,,,,,,,,,,,,,,,,,,,,,,,,,,,,-3000000,88000000,,,,,,,,,,,,,,,,,,,,,,,,,,,,,,,,,,,,,,,,,,,,,,,,,,,,,,,,,,
ifrs-full_IncreaseDecreaseThroughNetExchangeDifferencesInvestmentProperty,"순외환차이에 의한 증가(감소), 투자부동산",,,,,33171000000,,-1499000000,,,,,,,,,,,,,,,,,,,,,,,,,,,,,,,,,,,,,,,,,,,,,,,,,,,,,,,,,,,,,,,,,,,,,,,,,,,,,,,,,,,,,,,,,,,,,,,,,,,,,,,,,,,,,,,,,,,,,,,,,,,,,,,,,,,,,,,,,,,,,,,,,,,,,,,,,,,,,,,,,,,,,,,,,,,,,,,,
ifrs-full_IncreaseDecreaseThroughNetExchangeDifferencesPropertyPlantAndEquipment,"순외환차이에 의한 증가(감소), 유형자산",,,,,577000000,49000000,14000000,131000000,,,,,,,,,,,,,,,,,,,,,,,,,,,,,,,,,,,,,,,,,,,,,,,,,,,,,,,,,,,,,,,,,,,,,,,,,,,,,,,,,,,,,,,,,,,,,,,,,,,,,,,,,,,,,,,,,,,,-3000000,168000000,,,,,,,,,,,,,,,,,,,,,,,,,,,,,,,,,,,,,,,,,,,,,,,,,,,,,,,,,,
ifrs-full_IncreaseDecreaseThroughOtherChangesIntangibleAssetsAndGoodwill,"기타변동에 따른 증가(감소), 무형자산 및 영업권",,,,,2321000000,,-13000000,,,,,,,,,,,,,,,,,,,,,,,,,,,,,,,,,,,,,,,,,,,,,,,,,,,,,,,,,,,,,,,,,,,,,,,,,,,,,,,,,,,,,,,,,,,,,,,,,,,,,,,,,,,,,,,,,,,,,,,,,,,,,,,,,,,,,,,,,,,,,,,,,,,,,,,,,,,,,,,,,,,,,,,,,,,,,,,,
ifrs-full_IncreaseDecreaseThroughOtherChangesIntangibleAssetsOtherThanGoodwill,"기타변동에 따른 증가(감소), 영업권 이외의 무형자산",,,,,,,,,,,,,,,,,,,,,,,,,,,,,,,,,,,,,,,,,,,,,,,,,,,,,,,,,,,,,,,,,,,,,,,,,,,,,,,,,,,,,,,,,,,,,,,,,,,,,,,,,,,,,,,,,,,,,,,,,,,,-19000000,-21000000,,,,,,,,,,,,,,,,,,,,,,,,,,,0,0,,,,,0,,,,,,,,,,,,,,,,,,,,,,,,,
ifrs-full_IncreaseDecreaseThroughOtherChangesInvestmentProperty,"기타 변동에 따른 증가(감소), 투자부동산",,,,,,,,,,,,,,,,,,,,,,,,,,,,,,,,,,,,,,,,,,,,,,,,,,,,,,,,,,,,,,,,,,,,,,,,,,,,,,,,,,,,,,,,,,,,,,,,,,,,,,,61423000000,-83104000000,54000000,,,,,,,39835000000,,,,,,,,,,,,,,,,,,,,,,,,,,,,,,,,,,,,,,,,,,,,,,,,,,,,,,,,,,,,,,,,,,,,,,,
ifrs-full_IncreaseDecreaseThroughOtherChangesLiabilitiesArisingFromFinancingActivities,"그 밖의 변동, 재무활동에서 생기는 부채의 증가(감소)",,,,,83842000000,12622000000,29441000000,12391000000,,,,,,,,,,,,,,,,,,,,,,,,,,,,,,,,,,,,,,,,,,,,,,,,,,,,,,,,,,,,,,,,,,,,,,,,,,,,,,,,,,,,,,,,,,,,,,,,,,,,,,,,,,,,,,,,,,,,,,,,,,,,,,,,,,,,,,,,,,,,,,,,,,,,,,,,,,,,,,,,33354554701,25805659315,9541094188,11565594702,,,,,,,,,,,,
ifrs-full_IncreaseDecreaseThroughOtherChangesNetDefinedBenefitLiabilityAsset,"기타 변동에 의한 증가(감소), 순확정급여부채(자산)",,,,,305000000,,,,,,,,,,,,,,,,,,,,,,,,,,,,,,,,,,,,,,,,,,,,,,,,,,,,,,,,,,,,,,,,,,,,,,,,,,,,,,,,,,,,,,,,,,,,,,,,,,,,,,,,,,,,,,,,,,,,,,,354000000,208000000,359000000,0,,,,,,,,,,,,,,,,,,,,,,,,,,,,,,,,,,,,,,,,,,,,,,,,,,,,,,,,
ifrs-full_IncreaseDecreaseThroughOtherChangesPropertyPlantAndEquipment,"기타 변동에 따른 증가(감소), 유형자산",,,,,,,,,,,,,,,,,,,,,,,,,,,,,,,,,,,,,,,,,,,,,,,,,,,,,,,,,,,,,,,,,,,,,,,,,,,,,,,,,,,,,,,,,,,,,,,,,,,,,,,-29304000000,-25895000000,-1285000000,,,,,,,-1321000000,,,,,,,,,,,,,,,,,,,,,,,,,,,,,,,,,,,,,,,,-3000000,0,,,,,,,,,,,,,,,,,,,,,,,,,,,,,,
ifrs-full_IncreaseDecreaseThroughSharebasedPaymentTransactions,"주식기준보상거래에 따른 증가(감소), 지분",,,,,,,,,,,,,,,,,,,,,,,,,,,,,,,,,,,,,,,,,,,,,,,,,,,,,,,,,,,,,,,,,,,,,,,,,,,,,,,,,,,,,,,,,,,,,,,,,,,,,,,,,,,,,,,,,,,,,,,,,,,,,,,,,,,,,,,,,,,,,,,,,,,,,,14515000000,4247000000,3446000000,11327000000,,,,,,,,,,,,,,,,,,,,,,,,,,,,,,
ifrs-full_IncreaseDecreaseThroughTransactionsWithOwners,"소유주와의 거래로 인한 증가(감소), 자본",,,,,,,,,,,,,,,,,,,,-130700000000,,-699000000,-700000000,,-130699000000,,,,,,,,,,,,,,,,,,,,,,-158103633648,-149541236563,-158155145237,-148605201513,,,,,,,,,,,,,,,,,,,,,,,,,-515549179506,-491619096527,-491619096527,-515549179506,,,,,,,,,,,,,,,1017895992,,1017895992,,,,,,,,,,,,,,,,,,,,,,,,,,,,,,,,,,,,,,,,,,,,,,,,,,,,,,,,,,,,,,,,,,,,,,,,,,,,,,,,,,,,,,,,
ifrs-full_IncreaseDecreaseThroughTransfersAndOtherChangesEquity,"기타변동에 따른 증가(감소), 자본",,,,,-18125000000,,,-18125000000,,,,,,,,,,,,,,,,,,,,,,,,,,,,,,,,,,,,,,,193606411,,46936365,,,,,,,,,,,,,,,,,,,,,,,,,,,,,,,,,,,,,,,,,,,,,,,,,,,,,,,,,,,,,,,,,,,,,,,,,,,,,,,,,,,,,,,,,,,,,,,,,,,,,,,,,,,,,,,,,,,,,,,,,,,,,,,,,,,,,,
ifrs-full_IncreaseDecreaseThroughTransfersAndOtherChangesOtherProvisions,"대체와 기타 변동에 따른 증가(감소), 기타충당부채",,,,,,,,,,,,,,,,,,,,,,,,,,,,,,,,,,,,,,,,,,,,,,,,,,,,,,,,,,,,,,,,,,,,,,,,,,,,,,,,,,,,,,,,,,,,,,,,,,,,,,,,,,,,,,,,,,,,,,,,,,,,,,,,,,,,,,,,,,,,,,,,,,,,,,-254000000,-528000000,40000000,17000000,,,,,,,,,,,,,,,,,,,,,,,,,,,,,,
ifrs-full_IncreaseDecreaseThroughTransfersIntangibleAssetsAndGoodwill,"대체에 따른 증가(감소), 무형자산 및 영업권",,,,,835000000,,548000000,,,,,,,,,,,,,,,,,,,,,,,,,,,,,,,,,,,,,,,,,,,,,,,,,,,,,,,,,,,,,,,,,,,,,,,,,,,,,,,,,,,,,,,,,,,,,,,,,,,,,,,,,,,,,,,,,,,,,,,,,,,,,,,,,,,,,,,,,,,,,,,2782000000,8266000000,,,,,,,,,,,,,,,,,,,,,,,,,,,,,,,,
ifrs-full_IncreaseDecreaseThroughTransfersIntangibleAssetsOtherThanGoodwill,"대체에 따른 증가(감소), 영업권 이외의 무형자산",,,,,,548000000,,835000000,,,,,,,,,,,,,,,,,,,,,,,,,,,,,,,,,,,,,,,,,,,,,,,,,,,,,,,,,,,,,,,,,,,,,,,,,,,,,,,,,,,,,,,,,,,,,,,,,,,,,,,,,,,,,,,,,,,,14292000000,19448000000,14292000000,19448000000,,,,,,,,,,,,,,,,,,,,,,,,,0,0,,,,,0,,,,,,,,,,,,,,,,,,,,,,,,,
ifrs-full_IncreaseDecreaseThroughTransfersPropertyPlantAndEquipment,"대체에 따른 증가(감소), 유형자산",,,,,-486000000,-1307000000,-2701000000,-1024000000,,,,,,,,,,,,,,,,,,,,,,,,,,,,,,,,,,,,,,,,,,,,,,,,,,,,,,,,,,,,,,,,,,,,,,,,,,,,,,,,,,,,,,,,,,,,,,,0,0,0,,,,,,,0,,,,,,,,,,,,-1832000000,8423000000,240000000,2094000000,,,,,,,,,,,,,,,,,,,,,,,-9020000000,11170000000,-2634000000,-9693000000,,,,,,,,,,,,,,,,,,,,,,,,,,,,,,
ifrs-full_IncreaseDecreaseThroughTreasuryShareTransactions,"자기주식 거래에 따른 증가(감소), 지분",,,,,,,,,,,,,,,,,,,,,,,,,,,,,,,,,,,,,,,,,,,,,,,,,,,,,,,,,,,,,,,,,,,,,,,,,,,,,,,,,,,,,,,,,,,,,1017895992,,1017895992,,,,,,,,,,,,,,,,,,,,,,,,,,,,,,,,,,,,,,,,,,,,,,,,,,,,,,,,,,,,,,,,,,,,,,,,,,,,,,,,,,,,,,,,
ifrs-full_IncreaseThroughOriginationOrPurchaseFinancialAssets,"발행 또는 매입에 따른 증가, 금융자산",,,,,,,,,,,,,,,,,,,,,,,,,,,,,,,,,,,,,,,,,,,,,,,,,,,,,,,,,,,,,,,,,,,,,,,,,,,,,,,,,,,,,,,,,,,,,,,,,,,,,,,13779223000000,,,,,,,,,,,,,,,,,,,,,,,,,,,,,,,,,,,,,,,,,,,,,,,,,,,,,,,,,,,,,,,,,,,,,,,,,,,,,,,,
ifrs-full_InsuranceContractsIssuedThatAreAssets,자산인 발행한 보험계약,765280000000,716993000000,765280000000,716993000000,,,,,,,,,,,,,,,,,,,,,,,,,,,,,,,,,,,,,364859000000,364859000000,,,271152000000,271152000000,,,,,,,,,,,,,,,,,,,,,,,,,,,,,,,,,,,,,46619391274,,46619391274,,34774598623,34774598623,,,,,,,,,,,,,,,,,,,,,,,,,,,,,,,,12291509,752521,12291509,752521,,,,,,,,,,,,,,,,,,,,,,,,,,,,,,,9673000000,,,0,,,,,,,,,,,,,,,,,,,,,,,,,,
ifrs-full_InsuranceContractsIssuedThatAreLiabilities,부채인 발행한 보험계약,40670076000000,38242469000000,31580104000000,29860640000000,,,,,,,,,,,,,,,,,,,,,,,,,,,,,,,,,,,,,24651521000000,24704573000000,,,26268003000000,26219701000000,,,,,,,,,97375512779926,96832758625991,93723307455192,94131268435095,,,26584371000000,28145079000000,26584371000000,28145079000000,,,,,,,,,,,,,,,,,,,22092105191429,,22112709699480,,23715710921184,23735689272607,26199434861578,,26199434861578,,,,,,26996698255523,26996698255523,,,,,,,,202007098000000,193408425000000,200846347000000,192270671000000,,,,,,,,,,,48734812310826,47213910257038,49049916676666,46834967973050,,,,,,,,,,,,,47912623000000,45501659000000,45504214000000,47912934000000,,,,,,,,,,,,,,,107840755000000,96935830000000,92651527000000,113103080000000,,,,,,,,,,,,,,,,,,,32855466721632,,,32856613438141,34852333979935,34852924404989,,
ifrs-full_InsuranceContractsLiabilityAsset,보험계약부채(자산),,,,,,,,,,,,,,,,,,,,,,,,,,,,,,,,,,,,,,,,,,,,,,,,,,,,,,,,,,,,,,,,,,,,,,,,,,,,,,,,,,,,,,,,,,,,,,,,,,,,,,,,,,,-856989000000,,,,,,,,,,,,,,,,,,,,,,,,,,,,,,,,,,,,,,,,,,,,,,,,,,,,,,,,,,,,,,,,,,,,,,,,,,,,
ifrs-full_InsuranceContractsThatAreAssets,자산인 보험계약,,,,,,,,,,,,,,,,,,,,,,,,,,,,,,,,,,,,,,,,,,,,,,,,,,,,,,,,,,,,,,,,,,,,,,,,,,,,,,,,,,,,,,,,,,,,,,,,,,,,,,,,,,,0,,,,,,,,,,,,,,,,,,,,,,,,,,,,,,,,,,,,,,,,,,,,,,,,,,,,,,,,,,,,,,,,,,,,,,,,,,,,
ifrs-full_InsuranceContractsThatAreLiabilities,부채인 보험계약,,,,,,,,,,,,,,,,,,,,,,,,,,,,,,,,,,,,,,,,,,,,,,,,,,,,,,,,,,,,,,,,,,,,,,,,,,,,,,,,,,,,,,,,,,,,,,,,,,,,,,,,,,,190261117000000,,,,,,,,,,,,,,,,,,,,,,,,,,,,,,,,,,,,,,,,,,,,,,,,,,,,,,,,,,,,,,,,,,,,,,,,,,,,
ifrs-full_InsuranceFinanceIncomeExpenses,보험금융수익(비용),,,,,,,,,,,,,,,,,,,,,,,,,,,,,,,,,,,,,,,,,,,,,,,,,,,,,,,,,,,,,,,,,,,,,,,,,,,,,,,,,,,,,,,,,,,,,,,,,,,,,,,-2893882000000,-2886156000000,-1897501000000,,,,,,,-1903909000000,,,,,,,,,,,,,,,,,,,,,,,,,,,,,,,,,,,,,,,,,,,,,,,,,,,,,,,,-227412951575,-210034740055,-227412951575,-210034740055,,,,,,,,,,,,
ifrs-full_InsuranceFinanceIncomeExpensesFromInsuranceContractsIssuedRecognisedInProfitOrLoss,당기손익으로 인식한 발행한 보험계약의 보험금융수익(비용),,,,,-353981000000,-194520000000,-270704000000,-214454000000,,,,,,,,,,,,,,,,,,,,,,,,,,,,,,,,,,,,,,,,,,,,,,,,,,,,,,,,,,,,,,,,,,,,,,,,,,,,,,,,,,,,,,,,,,,,,,,,,,,,,,,,,,,,,,,,,,,,,,,,,,,,,,,,,,,,,,,,,,,,,,,,,,,,,,,,,,,,,,,,,,,,,,,,,,,,,,,
ifrs-full_InsuranceRevenue,보험수익,,,,,4213472000000,3776922000000,4050681000000,3910358000000,,,,,,3910358000000,3776922000000,4213472000000,4050681000000,,231721000000,213681000000,213681000000,231721000000,231721000000,231721000000,213681000000,213681000000,,,,,,,2592671000000,2739499000000,2749778000000,2749778000000,2582043000000,2739499000000,2582043000000,2592671000000,,,,,,,1140756591562,964127751554,970435781209,1138584718357,970435781209,1140756591562,1138584718357,964127751554,,,,,,,,,,,300290000000,300290000000,321755000000,321755000000,321755000000,321755000000,300290000000,300290000000,,,2251324760805,2439368842691,2429577742411,2239910666989,2251324760805,2439368842691,2429577742411,2239910666989,,,,,,,,,,,288066697379,259227865492,288066697379,259227865492,,,259227865492,288066697379,288066697379,259227865492,2557030000000,2526031000000,2384726000000,,,,,,,2406493000000,,,2526031000000,2384726000000,2557030000000,2406493000000,,,,,,4567568248042,4773632844598,4479967236631,4662868091181,,,,,4567568248042,4662868091181,4479967236631,4773632844598,,,,,810640000000,743776000000,807270000000,745597000000,807270000000,743776000000,745597000000,810640000000,,,3074295000000,2758482000000,1254177000000,1369205000000,,,,,,1254177000000,1369205000000,2758482000000,3074295000000,,,,,,3510789956723,3431501456159,3512212310647,3432633859483,3510789956723,3431501456159,3432633859483,3512212310647,,,,,,,,
ifrs-full_InsuranceServiceExpensesFromInsuranceContractsIssued,발행한 보험계약에서 생기는 보험서비스비용,,,,,3900686000000,3295457000000,3534575000000,3633056000000,,,,,,3633056000000,3295457000000,3900686000000,3534575000000,,158710000000,134557000000,134557000000,158710000000,158710000000,158710000000,134557000000,134557000000,,,,,,,2289193000000,2379523000000,2376560000000,2376560000000,2291897000000,2379523000000,2291897000000,2289193000000,,,,,,,938946123577,787556271436,801324720861,933304112235,801324720861,938946123577,933304112235,787556271436,,,,,,,,,,,298718000000,298718000000,293598000000,293598000000,293598000000,293598000000,298718000000,298718000000,,,1814096784644,2018408975317,2011935575902,1806003085314,1814096784644,2018408975317,2011935575902,1806003085314,,,,,,,,,,,265336550848,201207142378,265336550848,201207142378,,,201207142378,265336550848,265336550848,201207142378,2252435000000,2232248000000,2064138000000,,,,,,,2078110000000,,,2232248000000,2064138000000,2252435000000,2078110000000,,,,,,4101678094298,3949755490252,4044437989736,3883359327821,,,,,4101678094298,3883359327821,4044437989736,3949755490252,,,,,641101000000,529587000000,634236000000,533588000000,634236000000,529587000000,533588000000,641101000000,,,2794965000000,2421663000000,1117431000000,1266120000000,,,,,,1117431000000,1266120000000,2421663000000,2794965000000,,,,,,2878810064093,2963144924319,2976342615773,3068640770570,2878810064093,2963144924319,3068640770570,2976342615773,,,,,,,,
ifrs-full_InsuranceServiceResult,보험서비스결과,,,,,243646000000,402719000000,421448000000,226559000000,,,,,,226559000000,402719000000,243646000000,421448000000,,72233000000,83549000000,83549000000,72233000000,66193000000,66193000000,77253000000,77253000000,,,,,,,273093000000,182800000000,191327000000,191327000000,263066000000,182800000000,263066000000,273093000000,,,,,,,180010209019,163110340125,154703487583,184786615531,154703487583,180010209019,184786615531,163110340125,,,,,,,,,,,4071000000,4071000000,22385000000,22385000000,22385000000,22385000000,4071000000,4071000000,,,361653331340,334564252918,334565043124,359840075626,361653331340,334564252918,334565043124,359840075626,,,,,,,,,,,7700435989,38885306583,-185595892,31450607677,,,38885306583,7700435989,-185595892,31450607677,251230000000,256477000000,277882000000,,,,,,,277718000000,,,256477000000,277882000000,251230000000,277718000000,,,,,,506851139080,528919615589,481593295456,514384371579,,,,,506851139080,514384371579,481593295456,528919615589,,,,,157520000000,189026000000,161305000000,186990000000,161305000000,189026000000,186990000000,157520000000,,,146184000000,233355000000,104208000000,62394000000,,,,,,104208000000,62394000000,233355000000,146184000000,,,,,,398601390419,280705755590,302065359795,175913949482,398601390419,280705755590,175913949482,302065359795,,,,,,,,
ifrs-full_IntangibleAssetsAndGoodwill,무형자산 및 영업권,156053000000,156429000000,,,,,,,,,,,175566000000,,,,,180318000000,,,,,,,,,148238000000,137816000000,140985000000,130205000000,,,,,,,,,,,105772000000,119415000000,,,124741000000,109863000000,,,,,,,,,145431036062,57076739526,55272014297,140878266244,,,,,,,,,,,,,,,,,,,,,,,,,45525833621,,45525833621,,37408893949,37408893949,26945444636,,27574329732,,,,,,28551429868,27860664825,,,,,,,,612146000000,593733000000,211846000000,222582000000,,,,,,,,,,,,,,,,,,,,,,,,,,,166972000000,156430000000,182648000000,193637000000,,,,,,,,,,,,,,,1172423000000,189828000000,194765000000,1140831000000,,,,,,,706677000000,,640673000000,,,,,,,,,,98231772006,,,,98706878338,,,
ifrs-full_IntangibleAssetsOtherThanGoodwill,영업권 이외의 무형자산,,,74421000000,69747000000,,,,,,,82790000000,85256000000,,,,,,,,,,,,,,,,,,,,,,,,,,,,,,,,,,,,,,,,,,,,,,,,,25877000000,27532000000,26135000000,27796000000,,,,,,,,,,,,,,,,,,,,,,,,,,,,,,,,,,,,,,,,,,,,211846000000,222582000000,,,,,,,,,,,249324819431,269977517368,261424226084,257910067027,,,,,247034000000,234224000000,237066000000,244270000000,,,,,,,,,,,,,,,,,,,,,,,,189828000000,194765000000,,,,,,,214478000000,,,,216853000000,,,,,,,,,,,,90331858685,,90502281310,,
ifrs-full_InterestExpense,이자비용,,,,,174675000000,95400000000,139090000000,113967000000,,,,,,113967000000,95400000000,174675000000,139090000000,,3418000000,2685000000,2685000000,3418000000,1976000000,1976000000,1997000000,1997000000,,,,,,,58115000000,93569000000,97603000000,97603000000,57906000000,93569000000,57906000000,58115000000,,,,,,,135221950625,39317908380,95340352768,72641268274,95340352768,135221950625,72641268274,39317908380,,,,,,,,,,,35316000000,35316000000,48036000000,48036000000,48050000000,48050000000,35345000000,35345000000,,,123623276236,129419608880,116584932943,122266119198,123623276236,129419608880,116584932943,122266119198,,,,,,,,,,,6058759158,3158728777,6126584732,3242638138,,,3158728777,6058759158,6126584732,3242638138,456755000000,253655000000,276456000000,,,,,,,454948000000,,,253655000000,276456000000,456755000000,454948000000,,,,,,153923081048,179265770616,132585724305,164055349383,,,,,153923081048,164055349383,132585724305,179265770616,,,,,21914000000,15395000000,21787000000,15549000000,21787000000,15395000000,15549000000,21914000000,,,263267000000,149695000000,34027000000,34842000000,,,,,,34027000000,34842000000,149695000000,263267000000,,,,,,68492942495,62172745927,68910269577,58578161864,68492942495,62172745927,58578161864,68910269577,,,,,,,,
ifrs-full_InterestExpenseIncomeNetDefinedBenefitLiabilityAsset,"이자비용(수익), 순확정급여부채(자산)",,,,,-357000000,-433000000,-856000000,-253000000,,,,,,,,,,,,,,,,,,,,,,,,,,,,,,,,,,,,,,,,,,,,,,,,,,,,,,,,,,,,,,,,,,,,,,,,,,,,,,,,,,,,,,,,,,,,,,,,,,,,,,,,,,,,,,,,,,,,-811000000,-1288000000,-551000000,-965000000,,,,,,,,,,,,,,,,,,,,,,,798000000,118000000,-209000000,-349000000,,,,,,,,,,,,,,,,,,,,,,,,,,,,,,
ifrs-full_InterestExpenseOnLeaseLiabilities,리스부채에 대한 이자비용,,,,,395000000,338000000,377000000,353000000,,,,,,,,,,,,,,,,,,,,,,,,,,,,,,,,,,,,,,,,,,,,,,,,,,,,,,,,,,,,,,,,,,,,,,,,,,,,,,,,,,,,,,,,,,,,,,,,,,,,,,,,,,,,,,,,,,,,908000000,955000000,1013000000,805000000,,,,,,,,,,,,,,,,,,,,,,,,,,,,,,,,,,,,,,,,,,,,,,,,,,,,,,,,
ifrs-full_InterestPaidClassifiedAsOperatingActivities,영업활동으로 분류된 이자지급,,,,,42581000000,5850000000,33961000000,14091000000,,,,,,,,,,,,2310000000,,2972000000,1932000000,,1932000000,,,,,,,,6905000000,,14390000000,,6725000000,13025000000,,,,,,,,,132603863166,38002621735,92287713113,70606750229,,,,,,,,,,,,,,,,35197000000,,4940000000,,4976000000,,35259000000,,,122958771429,128729057369,115894381432,121601614391,,,,,,,,,,,,,,,5789235600,2980087832,4593635970,2980087832,,,,,,,221790000000,13138000000,6625000000,,,,,,,177470000000,,,,,,,,,,,,5174633853,6892936695,1571529048,849124096,,,,,,,,,,,,,8817000000,4420000000,8690000000,4574000000,,,,,,,258158000000,148444000000,13112000000,36699000000,,,,,,,,,,,,,,,35494967509,30103584504,33499996140,26830491522,,,,,,,,,,,,
ifrs-full_InterestReceivedClassifiedAsOperatingActivities,영업활동으로 분류된 이자수취,,,,,510414000000,352571000000,505613000000,353830000000,,,,,,,,,,,,145996000000,,154470000000,154005000000,,145707000000,,,,,,,,252387000000,,293809000000,,247754000000,280937000000,,,,,,,,,1016636127080,732740250341,868926649774,828661685167,,,,,,,,,,,,,,,,225538000000,,224234000000,,224234000000,,225629000000,,,362351023580,352450545121,344155314662,354764246516,,,,,,,,,,,,,,,239518279552,228941905048,240832986429,229583469657,,,,,,,2321434000000,1704416000000,1660945000000,,,,,,,2267692000000,,,,,,,,,,,,509017469919,453871623004,538533774185,562985154196,,,,,,,,,,,,,320420000000,348761000000,309386000000,355579000000,,,,,,,1237028000000,974792000000,683662000000,724955000000,,,,,,,,,,,,,,,359872600236,336422524605,350259442334,327865359210,,,,,,,,,,,,
ifrs-full_InterestRevenueCalculatedUsingEffectiveInterestMethod,유효이자율법을 사용하여 계산한 이자수익,,,,,539866000000,374586000000,520853000000,375393000000,,,,,,375393000000,374586000000,539866000000,520853000000,,,,,,,,,,,,,,,,,,,,,,,,,,,,,,,,,,,,,,,,,,,,,,,,,,,,,,,,,,,,,,,,,,,,,,,,,,,,122047524155,120199345116,122691432757,121038247493,,,120199345116,122047524155,122691432757,121038247493,,,,,,,,,,,,,,,,,,,,,,,,,,,,,,,,,,,,,,,,,,,,,,,,,,,,,,,,,,,,,,,,,,323296178750,301138273873,312850705503,291096508210,323296178750,301138273873,291096508210,312850705503,,,,,,,,
ifrs-full_InvestmentAccountedForUsingEquityMethod,지분법적용 투자지분,457721000000,477145000000,,,,,,,,,,,,,,,,,,,,,,,,,29202000000,25503000000,,,,,,,,,,,,,,81526000000,,,80917000000,,,,,,,,,,147532673599,,,154016485242,,,,,,,,,,,,,,,,,,,,,,,,,,,215656212342,,,204246537866,,,81819345853,,,,,,78496021501,,,,,,,,,3013372000000,3072621000000,,,,,,,,,,,,,,1813496960963,1722398081907,,,,,,,,,,,,,,339581000000,339581000000,38957000000,39474000000,,,,,,,,,,,,,,,482546000000,,,424138000000,,,,,,,,,,,,,,,,,,,224863301585,,,,202504702301,,,
ifrs-full_InvestmentContractsLiabilities,투자계약부채,14046547000000,13369420000000,12963233000000,12335709000000,,,,,,,,,,,,,,,,,,,,,,,,,,,,,,,,,,,,,,,,,,,,,,,,,,,18392813832856,18578965665688,18957048292079,18781976548732,,,3649785000000,3705358000000,3647159000000,3702749000000,,,,,,,,,,,,,,,,,,,11138887342150,,11138887342150,,10891756074550,10891756074550,2077055784473,,2077055784473,,,,,,2179749901051,2179749901051,,,,,,,,29166074000000,28248563000000,29374284000000,28447274000000,,,,,,,,,,,,,,,,,,,,,,,,,,,1541684000000,1314282000000,1314282000000,1541684000000,,,,,,,,,,,,,,,9787710000000,10252431000000,10034823000000,9979168000000,,,,,,,,,,,,,,,,,,,4364134139559,,,4534055403531,4456143855405,4633636582315,,
ifrs-full_InvestmentIncome,투자수익,,,,,2657914000000,1006684000000,1364293000000,1660606000000,,,,,,1660606000000,1006684000000,2657914000000,1364293000000,,977918000000,481658000000,481658000000,977918000000,978007000000,978007000000,481641000000,481641000000,,,,,,,619604000000,856241000000,881052000000,881052000000,615460000000,856241000000,615460000000,619604000000,,,,,,,7925145097214,2487771437430,3625459982918,5435511826054,3625459982918,7925145097214,5435511826054,2487771437430,,,,,,,,,,,527634000000,527634000000,777850000000,777850000000,787795000000,787795000000,540839000000,540839000000,,,663788757969,799412781016,765245977490,657672249429,663788757969,799412781016,765245977490,657672249429,,,,,,,,,,,2446502536139,791467581095,2498291972915,812599367784,,,791467581095,2446502536139,2498291972915,812599367784,12122184000000,9341306000000,4275635000000,,,,,,,5968016000000,,,9341306000000,4275635000000,12122184000000,5968016000000,,,,,,1174583157287,1812198429011,1070001858359,1587237502047,,,,,1174583157287,1587237502047,1070001858359,1812198429011,,,,,1881179000000,908004000000,1705762000000,979458000000,1705762000000,908004000000,979458000000,1881179000000,,,6825173000000,3587122000000,2089099000000,3918991000000,,,,,,2089099000000,3918991000000,3587122000000,6825173000000,,,,,,1102028942423,701365367450,1053019551528,676363183790,1102028942423,701365367450,676363183790,1053019551528,,,,,,,,
ifrs-full_InvestmentProperty,투자부동산,1460450000000,1489327000000,752701000000,753369000000,,,,,,,751055000000,750556000000,1480261000000,,,,,1453493000000,,,,,,,,,35596000000,35418000000,43374000000,43311000000,,,,,,,,,,,10869000000,5157000000,,,5203000000,10976000000,,,,,,,,,1018031883851,1133732730937,1117319621299,1291644375901,,,310586000000,306742000000,300041000000,296135000000,,,,,,,,,,,,,,,,,,,273357540668,,273357540668,,274328032748,274328032748,,,,,,,,,,,,,,,,,,6009332000000,5873965000000,3011703000000,2969743000000,6670774000000,3595012000000,,3549899000000,6612308000000,,,,,,193394379202,1196874767970,1187444380199,209880103155,,,,,1586787000000,184644000000,186377000000,1583832000000,,,,,13973000000,13920000000,13920000000,13973000000,,,,,,,,,,,,,,,2342685000000,1405619000000,1408736000000,2331997000000,,,,,,1446763000000,2408219000000,,2430234000000,1450699000000,,,,,,,,,422306342300,,,257855075373,414686362538,347424871893,,
ifrs-full_InvestmentsInSubsidiariesJointVenturesAndAssociates,"종속기업, 공동기업과 관계기업에 대한 투자자산",,,1087038000000,1089596000000,,,,,,,,,,,,,,,,,,,,,,,,,233432000000,229733000000,,,,,,,,,,,584338000000,,,,,1048552000000,,,,,,,,,,3520210613189,3618504416759,,,,,,,,,,,,,,,,,,,,,,,,,,227356906124,,,,219756806124,,142042965503,,,,,,,,,142042965503,,,,,,,,,,23986536000000,24334797000000,,,,,,,,,,,1613522000876,,,1613589433976,,,,,,,,,,,,,,,,,,,,,,,,,,,,,,,,12141725000000,12316018000000,,,,,,,,,,,,,,,,,,,,224863301585,,,346988179757,202504702301,337372021146,,
ifrs-full_IssuedCapital,자본금,35400000000,35400000000,35400000000,35400000000,,,,,,,,,,,,,,,,,,,,,,,162015000000,162015000000,162015000000,162015000000,,,,,,,,,,,33250000000,33250000000,,,33250000000,33250000000,,,,,,,,,102500000000,102500000000,102500000000,102500000000,,,806793000000,806793000000,806793000000,806793000000,,,,,,,,,,,,,,,,,,,60312500000,,60312500000,,60312500000,60312500000,990714745000,,990714745000,,,,,,990714745000,990714745000,,,,,,,,100000000000,100000000000,100000000000,100000000000,,,,,,,,,,,26473418500,26473418500,26473418500,26473418500,,,,,,,,,,,,,578274000000,578274000000,578274000000,578274000000,,,,,,,,,,,,,,,4342650000000,4342650000000,4342650000000,4342650000000,,,,,,,,,,,,,,,,,,,44700000000,,,44700000000,44700000000,44700000000,,
ifrs-full_LeaseLiabilities,리스부채,59599000000,61987000000,37348000000,39390000000,,,,,,,36909000000,34459000000,53068000000,,,,,50547000000,,,,,,,,,,,,,,,,,,,,,,,,,,,,,,,,,,,,,,,,,,,36130000000,36619000000,40203000000,40087000000,,,,,,,,,,,,,,,,,,,25405737139,,25405737139,,24090353004,24090353004,36482304168,,43474634120,,,,,,17254092269,12452790473,,,,,,,,338447000000,349577000000,265062000000,268663000000,,,,,,,,,,,107048435839,121443733248,119882564562,103606072115,,,,,104357000000,113647000000,116969000000,104937000000,,,,,66338000000,72749000000,84789000000,77999000000,,,,,,,,,,,,,,,257882000000,36912000000,44233000000,237129000000,,,,,,,,,,,,,,,,,,,71005302743,,,53401018508,71843175789,52519426221,,
ifrs-full_LeasesAsLessorRelatedPartyTransactions,"리스제공자로서 리스, 특수관계자거래",,,,,,,,,,,,,,,,,,,,,,,,,,,,,,,,,,,,,,,,,,,,,,,,,,,,,,,,,,,,,,,,,,,,,,,,,,,,,,,,,,,,,,,,,,,,,,,,,,,,,,,,,,,,,,,,,,,,,,,,,,,,,,,,,,,,,,,,,,,,,,,,,,,,,,,,,,,,,,,,,,,,,,,,472395305,205973373,2507803332,3165252469,,,,,,,,,,,,
ifrs-full_Liabilities,부채,63087018000000,62991679000000,49553927000000,48883374000000,,,,,,,,,,,,,,,,,,,,,,,31223509000000,30504143000000,31010346000000,30291203000000,,,,,,,,,,,38464703000000,38600098000000,,,39743922000000,39174763000000,,,,,,,,,139351472340625,120511035106442,119820416316514,139135623806396,,,32635103000000,33781287000000,32650991000000,33798362000000,,,,,,,,,,,,,,,,,,,37264179477233,,37469013529480,,38388473445768,38616548293380,29807737405234,,29880245659493,,,,,,30472730105478,30418680379437,,,,,,,,285850383000000,288123252000000,253531479000000,254056469000000,,,,,,,,,,,73181267241130,76659284933140,75158009988554,74480197568725,,,,,,,,,,,,,53208738000000,51173547000000,51529766000000,53455107000000,,,,,,,,,,,,,,,159962119000000,113307806000000,110609536000000,161910993000000,,,,,,,,,,,,,,,,,,,43911608350308,,,43375029249083,45272134078160,44762387153459,,
ifrs-full_LiabilitiesArisingFromFinancingActivities,재무활동에서 생기는 부채,3769705000000,4336001000000,1532349000000,1534428000000,,,,,,,1534067000000,733398000000,3602453000000,,,,,2549445000000,,,,,,,,,,,,,,,,,,,,,,,,,,,,,,,,,,,,,,,,,,,,,,,,,,,,,,,,,,,,,,,,,,,,,,,,,,,,,,,,,,,,,,,,,,,,,,,,,,,,,,,,,,,,,,,,,,,,,,,,,,,,,,,,,,,,,,,,,,,,,,,,,,,,,,,,,,,,,,3658521080091,3464433097702,4077819170423,3264327610575,3659135277040,3283240407743,2662734700577,3264452903291
ifrs-full_LiabilityAssetOfDefinedBenefitPlans,순확정급여부채(자산),-38350000000,-31327000000,-26000000000,-18233000000,,,,,,,-42826000000,-48479000000,-38526000000,,,,,-46790000000,,,,,,,,,,,,,,,,,,,,,,,,,,,,,,,,,,,,,,,,,,,,,,,,,,,,,,,,,,,,,,,,,,,,,,,,,,,,,,,,,,,,,,,,,,,,,,,,,,,,,,-95369000000,-104149000000,-120256000000,-83720000000,,,,,-85734000000,-54063000000,-64559000000,-71127000000,,,,,,,,,,,,,,,,,,,,,,,304674000000,-31433000000,-37513000000,321038000000,,,,,,-14762000000,316631000000,,314124000000,-18808000000,,,,,,,,,,,,,,,,
ifrs-full_LoansReceived,금융기관 차입금(사채 제외),,,,,,,,,,,,,,,,,,,,,,,,,,,,,,,,,,,,,,,,,,,,,,,,,,,,,,,,,,,,,,,,,,,,,,,,,,,,,,,,,,,,,,,,,,,,,,,,,,,,,,,,,,4339531000000,4228056000000,,,,,,,,,,,,,,,,,,,,,,,,,,,,,,,,,,,,,,,,,,,,,,,16250516000000,,,16699296000000,,,,,,,,,,,,,,,,,,,154041955292,,,,149499071183,,,
ifrs-full_LossesOnChangeInFairValueOfDerivatives,파생상품평가손실,,,,,2135370000000,232102000000,322195000000,1409741000000,,,,,,,,,,,,,,,,,,,,,,,,,,,,,,,,,,,,,,,,,,,,,,,,,,,,,,,,,,94493000000,,241015000000,,241015000000,,94493000000,,,,,,,,,,,,,,,,,,,,,,,,,,,,,,,,,,,,,,,,,,,,,,,,,,,,,,,,,,,,,,,,,,,,,,,,,,,,,,,,,,,,,,,,,,,,,,,,,,,,,,,,,,,,,,,
ifrs-full_NetFinancialAssetsSubjectToOffsettingEnforceableMasterNettingArrangementsOrSimilarAgreements,"상계를 조건으로 하는 순금융자산, 구속력 있는 일괄상계계약 또는 유사한 계약",5836000000,169000000,0,0,,,,,,,,,,,,,,,,,,,,,,,,,,,,,,,,,,,,,,,,,,,,,,,,,,,,,,,,,,,,,,,,,,,,,,,,,,,,,,,,,,,,,,,,,,,,,,,,,,,,,,,,,,,,,,,,,,,,,,,,,,,,,,,,,,,,,,,,,,,,,,,,,,,,,,,,,,,,,,,,,,,,,,,,,,,,,,,,,,,
ifrs-full_NetFinancialAssetsSubjectToOffsettingEnforceableMasterNettingArrangementsOrSimilarAgreementsInStatementOfFinancialPosition,"상계를 조건으로 하는 순금융자산, 재무상태표상의 구속력 있는 일괄상계계약 또는 유사한 계약",1350542000000,458277000000,1310790000000,453580000000,,,,,,,,,,,,,,,,,,,,,,,,,,,,,,,,,,,,,,,,,,,,,,,,,,,,,,,,,,,,,,,,,,,,,,,,,,,,,,,,,,,,,,,,,,,,,,,,,,,,,,,,,,,,,,,,,,,,,,,,,,,,,,,,,,,,,,,,,,,,,,,,,,,,,,,,,,,,,,,,,,,,,,,,,,,,,,,,,,,
ifrs-full_NetFinancialLiabilitiesSubjectToOffsettingEnforceableMasterNettingArrangementsOrSimilarAgreements,"상계를 조건으로하는 순금융부채, 구속력 있는 일괄상계계약 또는 유사한 계약",233577000000,667224000000,,,,,,,,,,,,,,,,,,,,,,,,,,,,,,,,,,,,,,,,,,,,,,,,,,,,,,,,,,,,,,,,,,,,,,,,,,,,,,,,,,,,,,,,,,,,,,,,,,,,,,,,1197024000000,1915974000000,66985000000,210924000000,,,,,,,,,,,,,,,,,,,,,,,,,,,,,,,,,,,,,,,,,,,,,,,,,,,,,,,,,,,,,,,,,,,,,,,,,,
ifrs-full_NetFinancialLiabilitiesSubjectToOffsettingEnforceableMasterNettingArrangementsOrSimilarAgreementsInStatementOfFinancialPosition,"상계를 조건으로하는 순금융부채, 재무상태표상의 구속력 있는 일괄상계계약 또는 유사한 계약",2214468000000,4361941000000,,,,,,,,,,,,,,,,,,,,,,,,,,,,,,,,,,,,,,,,,,,,,,,,,,,,,,,,,,,,,,,,,,,,,,,,,,,,,,,,,,,,,,,,,,,,,,,,,,,,,,,,7459428000000,10549307000000,5761789000000,8241057000000,,,,,,,,,,,,,,,,,,,,,,,,,,,,,,,,,,,,,,,,,,,,,,,,,,,,,,,,,,,,,,,,,,,,,,,,,,
ifrs-full_NetInvestmentInFinanceLease,금융리스 순투자,,,,,,,,,,,,,,,,,,,,,,,,,,,,,,,,,,,,,,,,,,,,,,,,,,,,,,,,,,,,,,,,,,,,,,,,,,,,,,,,,,,,,,,,,,,,,,,,,,,,,,,,,,32244000000,32582000000,,,,,,,,,,,,,,,,,,,,,,,,,,,,,,,,,,,,,,,,,,,,,,,,,,,,,,,,,,,,,,,,,,,,,,,,,,,,
ifrs-full_NominalAmountOfHedgingInstrument,위험회피수단의 명목금액,36150441.00,37071297.00,,,,,,,,,,,,,,,,,,,,,,,,,,,,,,,,,,,,,,,,,,,,,,,,,,,,,,,,,,,,,,,,,,,,,,,,,,,,,,,,,,,,,,,,,,,,,,,,,,,,,,,,,,,,,,,,,,,,,,,,,,,,,,,,,,,,,,,,,,,,,,,,,,,,,,,,,,,,,,,,,,,,,,,,,,,,,,,,,,,,,
ifrs-full_NoncontrollingInterests,비지배지분,54448000000,57622000000,,,,,,,,,,,,,,,,,,,,,,,,,,,,,,,,,,,,,,,,6578000000,,,6323000000,,,,,,,,,,310608149044,,,316807496685,,,,,0,0,,,,,,,,,,,,,,,,,,,,,16604793668,,,15439635961,,,,,,,,,,,,,,,,,,2111022000000,2074937000000,,,,,,,,,,,,,,35598452291,34587371884,,,,,,,,,,,,,,,,,,,,,,,,,,,,,,,,2814602000000,,,2748151000000,,,,,,,,,,,,,,,,,,,0,,,,0,,,
ifrs-full_NoncurrentAssetsOrDisposalGroupsClassifiedAsHeldForSaleOrAsHeldForDistributionToOwners,매각예정 또는 소유주에 대한 분배예정으로 분류된 비유동자산이나 처분자산집단,,,,,,,,,,,,,,,,,,,,,,,,,,,,,,,,,,,,,,,,,,,,,,,,,,,,,,,,,,,,,,,,,,,,,,,,,,,,,,,,,,,1350716000,,1350716000,,1350716000,1350716000,,,,,,,,,,,,,,,,,,,,,,,,,,,,,,,,,,,,,,,,,,,,,,,,,,,,,,,,,,,,,,,,,,7559000000,,,6925000000,,,,,,,,,,,,,,,,,,,,,,,0,,,
ifrs-full_NoncurrentAssetsOtherThanFinancialInstrumentsDeferredTaxAssetsPostemploymentBenefitAssetsAndRightsArisingUnderInsuranceContracts,"금융상품, 이연법인세자산, 퇴직급여자산 및 보험계약에서 발생하는 권리의 취득액을 제외한 비유동자산",,,,,,,,,,,,,,,,,,,,,,,,,,,,,,,,,,,,,,,,,,,,,,,,,,,,,,,,,,,,,,,,,,,,,,,,,,,,,,,,,,,,,,,,,,,,,,,,,,,,,,,,,,,7603975000000,,,7981274000000,,,,,,,,,,,,,,,,,,,,,,,,,,,,,,,,,,,,,,,,,,,,,,,,,,,,,,,,,,,,,,,,,,,,,,,,,
ifrs-full_NotionalAmount,명목금액,37042306000000,38028378000000,25527315000000,26059068000000,,,,,,,,,,,,,,,,,,,,,,,,,,,,,,,,,,,,,,,,,,,,,,,,,,,,,,,,,,,,,,,,,,,,,,,,,,,,,,,,,,,,,,,,,,,,,,,,,,,,,,,,,,,,,,,,,,,,,,,,,,,,,,,,,,,,,,,,,,,,,,,,,,,,,,,,,,,,,,,,,,,,,,,,,,,,,,,,,,,
ifrs-full_NumberOfSharesAuthorised,수권주식수,,,,,,,,,,,,,,,,,,,,,,,,,,,,,,,,,,,,,,,,,,,,,,,,,,,,,,,,,,,,,,,,,,,,,,,,,,,,,,,,,,,,,,,,,300000000,,300000000,,,,,,300000000,300000000,,,,,,,,,,,,,,,,,,,,,,,100000000,,100000000,,,,,,,,,,,,,,,,,,,,,,,,,,,,,,,,,,,,,,,,,,,,,,,,,,,,,,,,,,,,
ifrs-full_NumberOfSharesIssued,발행주식수,,,,,,,,,,,,,,,,,,,,,,,,,,,,,,,,,,,,,,,,,,,,,,,,,,,,,,,,,,,,,,,,,,,,,,,,,,,,,,,,,,,,,,,,,167016189,,167016189,,,,,,198142949,198142949,,,,,,,,,,,,,,,,,,,,,,,,,,,,,,,,,,,,,,,,,,,,,,,,,,,,,,,,,,,,,,,,,,,,,,,,,,,,,,,,,,,,,
ifrs-full_OperatingExpense,영업비용,,,,,6692321000000,,5000373000000,,,,,,,,,,,,,,,,,,,,,,,,,,,,,,,,,,,,,,,,,,,,,,,,,,,,,,,,,,,,,,,,,,,,,,,,,,,,,,,,,,,,,,,,,,,,,,,,,,,,,,,,,,,,,,,,,,,,,,,,,,,,,,,,,,,,,,,,,,,,,,,9504405000000,6083669000000,,,,,,,,,,,,,,,,,,,,,,,,,,,,,,,,
ifrs-full_OtherAssets,기타자산,,,,,,,,,,,,,,,,,,,,,,,,,,,,,,,,,,,,,,,,,,,,,,,,,,,,,,,,,,,,,13558000000,1240000000,13638000000,1364000000,,,,,,,,,,,,,,,,,,,,,,,,,,,,,,,,,,,,,,,,,,,720134000000,,,,,,,,,,,,,,,,,,,,,,,,,,,,,,,,,,,,,,,,,,,,,,,,,,,,,,,,,,,,,,,,,,,,,,,,,,,,
ifrs-full_OtherBorrowings,기타 차입금(사채 제외),,,,,,,,,,,,,,,,,,,,,,,,,,,107460000000,107460000000,,,,,,,,,,,,,,,,,,,,,,,,,,,,,,,,,,,,,,,,,,,,,,,,,,,,,,,,,,,,,0,,,,,,,,,0,,,,,,,,,,750000000000,1160000000000,,,,,,,,,,,,,,,,,,,,,,,,,,,,,,,,,,,,,,,,,,,,,,,,,,,,,,,,,,,,,,,,,,,,,,,,,,
ifrs-full_OtherCashAndCashEquivalents,기타현금및현금성자산,730668000000,302367000000,441872000000,147889000000,,,,,,,,,,,,,,,,,,,,,,,,,,,,,,,,,,,,,,,,,,,,,,,,,,,,,,,,,317861000000,206176000000,317861000000,206176000000,,,,,,,,,206176000000,,,,,,,,,,,,,,,,,,,,,,,,,,,,,,,,,,,,,,,,,,,,,,,,,,,,,,,,,,,,,,,,,,,,,,,,,,,,,,,,,,,,,,,,,,,,,,,,,,,,,,,,,,,,,,
ifrs-full_OtherComprehensiveIncome,기타포괄손익,,,,,511453000000,-961545000000,-1262996000000,312850000000,,,,,,312850000000,-961545000000,511453000000,-1262996000000,,22411000000,-335402000000,-335402000000,22411000000,22411000000,22411000000,-335339000000,-335339000000,,,,,,,-624477000000,7812000000,13492000000,13492000000,-624044000000,7812000000,-624044000000,-624477000000,,,,,,,391302992944,-943000241356,-951948605591,402279205320,-951948605591,391302992944,402279205320,-943000241356,,,,,,,,,,,-518820000000,-518820000000,265644000000,265644000000,270412000000,270412000000,-518866000000,-518866000000,,,-435235015960,24157754469,22949227396,-434457509188,-435235015960,24157754469,22949227396,-434457509188,,,,,,,,,,,-92496709883,-110760497340,-90733974706,-111018595054,,,-110760497340,-92496709883,-90733974706,-111018595054,18243136000000,18206593000000,-50651000000,,,,,,,-44608000000,,,18206593000000,-50651000000,18243136000000,-44608000000,,,,,,28340884111,3082381744776,-21063449150,3029958402853,,,,,28340884111,3029958402853,-21063449150,3082381744776,,,,,208651000000,-688713000000,200282000000,-689428000000,200282000000,-688713000000,-689428000000,208651000000,,,841759000000,-1171217000000,-886546000000,700323000000,,,,,,-886546000000,700323000000,-1171217000000,841759000000,,,,,,198911695266,-917380063971,178237208223,-917505435225,198911695266,-917380063971,-917505435225,178237208223,,,,,,,,
ifrs-full_OtherComprehensiveIncomeBeforeTaxFinanceIncomeExpensesFromReinsuranceContractsHeldExcludedFromProfitOrLoss,"세전기타포괄손익, 당기손익에서 제외되는 보유 재보험계약의 금융수익(비용)",,,,,3190000000,1304000000,-6324000000,-6884000000,,,,,,,,,,,,,,,,,,,,,,,,,,,,,,,,,,,,,,,,,,,,,,,,,,,,,,,,,,,,,,,,,,,,,,,,,,,,,,,,,,,,,,,,,,,,,,,-70841000000,-70848000000,28484000000,,,,,,,28699000000,,,,,,,,,,,,,,,,,,,,,,,,,,,,,,,,,,,,,,,,,,,,,,,,,,,,,,,,,,,,,,,,,,,,,,,
ifrs-full_OtherComprehensiveIncomeBeforeTaxInsuranceFinanceIncomeExpensesFromInsuranceContractsIssuedExcludedFromProfitOrLossThatWillBeReclassifiedToProfitOrLoss,"세전기타포괄손익, 당기손익에서 제외되나 당기손익으로 재분류될 발행한 보험계약의 보험금융수익(비용)",,,,,2965021000000,-1729431000000,-2365140000000,2107739000000,,,,,,,,,,,,,,,,,,,,,,,,,,,,,,,,,,,,,,,,,,,,,,,,,,,,,,,,,,,,,,,,,,,,,,,,,,,,,,,,,,,,,,,,,,,,,,,9044637000000,8999338000000,-5652609000000,,,,,,,-5699928000000,,,,,,,,,,,,,,,,,,,,,,,,,,,,,,,,,,,,,,,,,,,,,,,,,,,,,,,,,,,,,,,,,,,,,,,
ifrs-full_OtherComprehensiveIncomeNetOfTaxCashFlowHedges,"세후기타포괄손익, 현금흐름위험회피",,,,,,,,,,,,,,,,,,,-36879000000,-1883000000,-1883000000,-36879000000,-36879000000,-36879000000,-1883000000,-1883000000,,,,,,,59353000000,-318861000000,-318861000000,-318861000000,59353000000,-318861000000,59353000000,59353000000,,,,,,,-287259749888,39664583682,39664583682,-287259749888,,,,,,,,,,,,,,,41351000000,41351000000,-114481000000,-114481000000,-114481000000,-114481000000,41351000000,41351000000,,,167532899966,-320231571358,-320231571358,167532899966,167532899966,-320231571358,-320231571358,167532899966,,,,,,,,,,,-114905729434,62495836189,-114905729434,62495836189,,,62495836189,-114905729434,-114905729434,62495836189,-803101000000,-795639000000,226572000000,,,,,,,216227000000,,,-795639000000,226572000000,-803101000000,216227000000,,,,,,-21165128515,-77355572614,-21165128515,-77355572614,,,,,-21165128515,-77355572614,-21165128515,-77355572614,,,,,-206555000000,45143000000,-206555000000,45143000000,-206555000000,45143000000,45143000000,-206555000000,,,-693412000000,297541000000,220069000000,-495451000000,,,,,,220069000000,-495451000000,297541000000,-693412000000,,,,,,-221791103304,7402497308,-221791103304,7402497308,-221791103304,7402497308,7402497308,-221791103304,,,,,,,,
ifrs-full_OtherComprehensiveIncomeNetOfTaxChangeInFairValueOfFinancialLiabilityAttributableToChangeInCreditRiskOfLiability,"세후기타포괄손익, 신용위험 변동으로 인한 금융부채의 순공정가치변동",,,,,,,,,,,,,,,,,,,,,,,,,,,,,,,,,,,,,,,,,,,,,,,-297123508,,-491058299,,-491058299,-297123508,,,,,,,,,,,,,,,,,,,,,,,,,,,,,,,,,,,,,,,,,,,,,,,,,,,,,,,,,,,,,,,,,,,,,,,,,,,,,,,,,,,,,,,,,,,,,,,,,,,,,,,,,,,,,,,,,,,,,,,,,,,,,,,,,,,
ifrs-full_OtherComprehensiveIncomeNetOfTaxExchangeDifferencesOnTranslation,"세후기타포괄손익, 외화환산외환차이",,,,,74538000000,-1059000000,31169000000,30871000000,,,,,,30871000000,-1059000000,74538000000,31169000000,,,,,,,,,,,,,,,,-606000000,2765000000,8445000000,8445000000,-162000000,2765000000,-162000000,-606000000,,,,,,,732831582,,76685752,,76685752,732831582,,,,,,,,,,,,,,,,,,,,,,,-770556448,1198147680,,,-770556448,1198147680,,,,,,,,,,,,,,,,0,,,,,,0,120038000000,,,,,,,,,12321000000,,,,,120038000000,12321000000,,,,,,1320826497,27844123495,-3582891215,-1445028622,,,,,1320826497,-1445028622,-3582891215,27844123495,,,,,8806000000,,,-643000000,,,-643000000,8806000000,,,114873000000,-9401000000,,,,,,,,,,-9401000000,114873000000,,,,,,19412933892,-601914131,7627083700,1913695536,19412933892,-601914131,1913695536,7627083700,,,,,,,,
ifrs-full_OtherComprehensiveIncomeNetOfTaxFinanceIncomeExpensesFromReinsuranceContractsHeldExcludedFromProfitOrLoss,"세후기타포괄손익, 당기손익에서 제외되는 보유 재보험계약의 금융수익(비용)",,,,,2806000000,964000000,-5086000000,-5075000000,,,,,,-5075000000,964000000,2806000000,-5086000000,,4468000000,1993000000,1993000000,4468000000,4468000000,4468000000,1993000000,1993000000,,,,,,,11294000000,-10281000000,-10281000000,-10281000000,11294000000,-10281000000,11294000000,11294000000,,,,,,,2156816540,-6385889011,-6559337999,1811796099,-6559337999,2156816540,1811796099,-6385889011,,,,,,,,,,,11127000000,11127000000,-24761000000,-24761000000,-24761000000,-24761000000,11127000000,11127000000,,,22884680311,-32242498278,-32242498278,22884680311,22884680311,-32242498278,-32242498278,22884680311,,,,,,,,,,,-950070983,-1241479465,-950070983,-1241479465,,,-1241479465,-950070983,-950070983,-1241479465,-51675000000,-51681000000,21490000000,,,,,,,21705000000,,,-51681000000,21490000000,-51675000000,21705000000,,,,,,-1948811731,10307016792,-3018844003,9170520628,,,,,-1948811731,9170520628,-3018844003,10307016792,,,,,-78616000000,-6355000000,-78616000000,-6355000000,-78616000000,-6355000000,-6355000000,-78616000000,,,-1249000000,611000000,-192000000,1622000000,,,,,,-192000000,1622000000,611000000,-1249000000,,,,,,-15560181606,657977877,-15560181606,657977877,-15560181606,657977877,657977877,-15560181606,,,,,,,,
ifrs-full_OtherComprehensiveIncomeNetOfTaxFinancialAssetsMeasuredAtFairValueThroughOtherComprehensiveIncome,"세후기타포괄손익, 기타포괄손익-공정가치로 측정되는 금융자산",,,,,-1019472000000,268667000000,398349000000,-641015000000,,,,,,-641015000000,268667000000,-1019472000000,398349000000,,-1001382000000,433121000000,433121000000,-1001382000000,-1001382000000,-1001382000000,433121000000,433121000000,,,,,,,408581000000,-928619000000,-928619000000,-928619000000,408582000000,-928619000000,408582000000,408581000000,,,,,,,-2307982468874,883905561868,893810336067,-2269108424206,893810336067,-2307982468874,-2269108424206,883905561868,,,,,,,,,,,176935000000,176935000000,-692055000000,-692055000000,-692055000000,-692055000000,176935000000,176935000000,,,451763448455,-888246968687,-888251300873,451766542873,451763448455,-888246968687,-888251300873,451766542873,,,,,,,,,,,-563844856451,294887487859,-563844856451,294887487859,,,294887487859,-563844856451,-563844856451,294887487859,-4922695000000,-4778160000000,2019250000000,,,,,,,2048317000000,,,-4778160000000,2019250000000,-4922695000000,2048317000000,,,,,,314590146922,-822659839416,314533936936,-822172903485,,,,,314590146922,-822172903485,314533936936,-822659839416,,,,,-1550844000000,686575000000,-1550815000000,686660000000,-1550815000000,686575000000,686660000000,-1550844000000,,,-2728650000000,1262401000000,985573000000,-2153698000000,,,,,,985573000000,-2153698000000,1262401000000,-2728650000000,,,,,,-1228726546071,407007992612,-1227488869526,406084874248,-1228726546071,407007992612,406084874248,-1227488869526,,,,,,,,
ifrs-full_OtherComprehensiveIncomeNetOfTaxGainsLossesFromInvestmentsInEquityInstruments,"세후기타포괄손익, 지분상품에 대한 투자자산",,,,,-12882000000,7636000000,12359000000,-11471000000,,,,,,-11471000000,7636000000,-12882000000,12359000000,,-5468000000,3461000000,3461000000,-5468000000,-5468000000,-5468000000,3461000000,3461000000,,,,,,,2085000000,-24479000000,-24479000000,-24479000000,2085000000,-24479000000,2085000000,2085000000,,,,,,,6434734774,7425339946,8614328506,7164645186,8614328506,6434734774,7164645186,7425339946,,,,,,,,,,,2857000000,2857000000,-9578000000,-9578000000,-9578000000,-9578000000,2857000000,2857000000,,,2575635888,11694166989,11694166989,2575635888,2575635888,11694166989,11694166989,2575635888,,,,,,,,,,,,,,,,,,,,,17271202000000,17268515000000,1864835000000,,,,,,,1869284000000,,,17268515000000,1864835000000,17271202000000,1869284000000,,,,,,316233712263,3137934884739,316233712263,3137934884739,,,,,316233712263,3137934884739,316233712263,3137934884739,,,,,-1571000000,322000000,-1571000000,322000000,-1571000000,322000000,322000000,-1571000000,,,-71347000000,-294000000,-12380000000,456000000,,,,,,-12380000000,456000000,-294000000,-71347000000,,,,,,-2285422764,2579218603,-2268580315,2578132657,-2285422764,2579218603,2578132657,-2268580315,,,,,,,,
ifrs-full_OtherComprehensiveIncomeNetOfTaxGainsLossesOnRemeasurementsOfDefinedBenefitPlans,"세후기타포괄손익, 확정급여제도의 재측정손익",,,,,-1268000000,375000000,-14000000,-792000000,,,,,,-792000000,375000000,-1268000000,-14000000,,-201000000,-101000000,-101000000,-201000000,-201000000,-201000000,-38000000,-38000000,,,,,,,-366000000,-784000000,-784000000,-784000000,-366000000,-784000000,-366000000,-366000000,,,,,,,-1014775067,-216375094,-207909394,-1007765401,-207909394,-1014775067,-1007765401,-216375094,,,,,,,,,,,-2231000000,-2231000000,-3909000000,-3909000000,-3769000000,-3769000000,-2277000000,-2277000000,,,-273416371,-418239546,-424286753,-269560465,-273416371,-418239546,-424286753,-269560465,,,,,,,,,,,562808546,149163952,562808546,149163952,,,149163952,562808546,562808546,149163952,-1718000000,-1201000000,-979000000,,,,,,,-1110000000,,,-1201000000,-979000000,-1718000000,-1110000000,,,,,,-1099440211,-2694587176,-559169103,-1883093862,,,,,-1099440211,-1883093862,-559169103,-2694587176,,,,,,,,,,,,,,,894000000,-285000000,0,34000000,,,,,,0,34000000,-285000000,894000000,,,,,,17798904286,-6779378787,12128382987,-5918082416,17798904286,-6779378787,-5918082416,12128382987,,,,,,,,
ifrs-full_OtherComprehensiveIncomeNetOfTaxGainsLossesOnRevaluation,"세후기타포괄손익, 자산재평가차익(차손)",,,,,-4115000000,-2016000000,-2016000000,-4115000000,,,,,,-4115000000,-2016000000,-4115000000,-2016000000,,,,,,,,,,,,,,,,,,,,,,,,,,,,,,15604588,,8658595,,8658595,15604588,,,,,,,,,,,,,0,0,11307000000,11307000000,15935000000,15935000000,0,0,,,,,,,,,,,,,,,,,,,,,387,-3762,387,-3762,,,-3762,387,387,-3762,,,,,,,,,,,,,,,,,,,,,,,,,,,,,,,,,,,,,,,,,,,,,,,,-1795000000,-80000000,,,,,,,,,,-80000000,-1795000000,,,,,,-68647347,1571250253,3370288778,172757755,-68647347,1571250253,172757755,3370288778,,,,,,,,
ifrs-full_OtherComprehensiveIncomeNetOfTaxInsuranceFinanceIncomeExpensesFromInsuranceContractsIssuedExcludedFromProfitOrLossThatWillBeReclassifiedToProfitOrLoss,"세후기타포괄손익, 당기손익에서 제외되나 당기손익으로 재분류될 발행한 보험계약의 보험금융수익(비용)",,,,,2219345000000,-1300566000000,-1804809000000,1548779000000,,,,,,1548779000000,-1300566000000,2219345000000,-1804809000000,,1061395000000,-771993000000,-771993000000,1061395000000,1061395000000,1061395000000,-771993000000,-771993000000,,,,,,,-1104889000000,1288054000000,1288054000000,1288054000000,-1104889000000,1288054000000,-1104889000000,-1104889000000,,,,,,,2978469261215,-1867731819741,-1887140939014,2950624511925,-1887140939014,2978469261215,2950624511925,-1867731819741,,,,,,,,,,,-748859000000,-748859000000,1099121000000,1099121000000,1099121000000,1099121000000,-748859000000,-748859000000,,,-1069970911448,1284703597133,1284703597133,-1069970911448,-1069970911448,1284703597133,1284703597133,-1069970911448,,,,,,,,,,,586641138052,-467051502113,586641138052,-467051502113,,,-467051502113,586641138052,586641138052,-467051502113,6610058000000,6564759000000,-4181819000000,,,,,,,-4229138000000,,,6564759000000,-4181819000000,6610058000000,-4229138000000,,,,,,-624747135636,785314731909,-622934408132,786434507148,,,,,-624747135636,786434507148,-622934408132,785314731909,,,,,2037431000000,-1414398000000,2037839000000,-1414555000000,2037839000000,-1414398000000,-1414555000000,2037431000000,,,4212269000000,-2721481000000,-2079616000000,3347360000000,,,,,,-2079616000000,3347360000000,-2721481000000,4212269000000,,,,,,1622219474068,-1330340946838,1622219474068,-1330340946838,1622219474068,-1330340946838,-1330340946838,1622219474068,,,,,,,,
ifrs-full_OtherComprehensiveIncomeThatWillBeReclassifiedToProfitOrLossNetOfTax,당기손익으로 재분류되는 세후기타포괄손익,,,,,529718000000,,-1273325000000,,,,,,,,,529718000000,-1273325000000,,28080000000,-338762000000,-338762000000,28080000000,28080000000,28080000000,-338762000000,-338762000000,,,,,,,-626196000000,33075000000,38755000000,38755000000,-625763000000,33075000000,-625763000000,-626196000000,,,,,,,386164552157,-950209206208,-959872624999,396122325535,-959872624999,386164552157,396122325535,-950209206208,,,,,,,,,,,-519446000000,-519446000000,267824000000,267824000000,267824000000,267824000000,-519446000000,-519446000000,,,-437537235477,12881827026,11679347160,-436763584611,-437537235477,12881827026,11679347160,-436763584611,,,,,,,,,,,-93059518816,-110909657530,-91296783639,-111167755244,,,-110909657530,-93059518816,-91296783639,-111167755244,973652000000,939279000000,-1914507000000,,,,,,,-1912782000000,,,939279000000,-1914507000000,973652000000,-1912782000000,,,,,,-286793387941,-52858552787,-336737992310,-106093388024,,,,,-286793387941,-106093388024,-336737992310,-52858552787,,,,,210222000000,-689035000000,201853000000,-689750000000,201853000000,-689035000000,-689750000000,210222000000,,,913923000000,-1170540000000,-874166000000,699833000000,,,,,,-874166000000,699833000000,-1170540000000,913923000000,,,,,,183466861091,-914751154040,165007116773,-914338243221,183466861091,-914751154040,-914338243221,165007116773,,,,,,,,
ifrs-full_OtherComprehensiveIncomeThatWillNotBeReclassifiedToProfitOrLossNetOfTax,당기손익으로 재분류 되지않는 세후기타포괄손익,,,,,-18265000000,,10329000000,,,,,,,,,-18265000000,10329000000,,-5669000000,3360000000,3360000000,-5669000000,-5669000000,-5669000000,3423000000,3423000000,,,,,,,1719000000,-25263000000,-25263000000,-25263000000,1719000000,-25263000000,1719000000,1719000000,,,,,,,5138440787,7208964852,7924019408,6156879785,7924019408,5138440787,6156879785,7208964852,,,,,,,,,,,626000000,626000000,-2180000000,-2180000000,2588000000,2588000000,580000000,580000000,,,2302219517,11275927443,11269880236,2306075423,2302219517,11275927443,11269880236,2306075423,,,,,,,,,,,562808933,149160190,562808933,149160190,,,149160190,562808933,562808933,149160190,17269484000000,17267314000000,1863856000000,,,,,,,1868174000000,,,17267314000000,1863856000000,17269484000000,1868174000000,,,,,,315134272052,3135240297563,315674543160,3136051790877,,,,,315134272052,3136051790877,315674543160,3135240297563,,,,,-1571000000,322000000,-1571000000,322000000,-1571000000,322000000,322000000,-1571000000,,,-72164000000,-677000000,-12380000000,490000000,,,,,,-12380000000,490000000,-677000000,-72164000000,,,,,,15444834175,-2628909931,13230091450,-3167192004,15444834175,-2628909931,-3167192004,13230091450,,,,,,,,
ifrs-full_OtherExpenseByNature,성격별 기타비용,,,,,,,,,,,,,,,,,,,,,,,,,,,,,,,,,,,,,,,,,,,,,,,,,,,,,,,,,,,,,,,,,,2387000000,,1886000000,,1886000000,,2387000000,,,,,,,,,,,,,,,,,,,,,,,,,,,,,,,,,,,,,,,,,,,,,,,,,,,,15886000000,21196000000,20439000000,23714000000,,,,,,,,,,,,,,,,,,,,,,,,,,,,,,,,,,,,,,,,,,,,,,,,,,,,,,,,
ifrs-full_OtherFinanceCost,기타금융비용,,,,,,,,,,,,,,,,,,,,,,,,,,,,,,,,,,,,,,,,,,,,,,,93596004309,177509565786,176677837366,186087330818,176677837366,93596004309,186087330818,177509565786,,,,,,,,,,,,,,,,,,,,,,,,,,,,,,,,,,,,,,,,,,,,,,,,,,,,,,,,,,,,,,,,,,,,,,,,,,,,,,,,,,,,,,,,,,,,,,,,,,,,,,,,,,,,,,,,,,,,,,,,,,,,,,,,,
ifrs-full_OtherFinanceIncome,기타금융수익,,,,,,,,,,,,,,,,,,,,,,,,,,,,,,,,,,,,,,,,,,,,,,,,,,,,,,,,,,,,,,,,,,,,,,,,,,,,,,,,,,,,,,,,,,,,,,,,,,,,,,,,,,,,,,,,,,,,,,,,,,,,98635000000,126215000000,114495000000,131363000000,,,,,,,,,,,,,,,,,,,,,,,,,,,,,,,,,,,,,,,,,,,,,,,,,,,,,,,,
ifrs-full_OtherFinancialAssets,기타금융자산,,,,,,,,,,,,,,,,,,,,,,,,,,,486070000000,490411000000,444569000000,450258000000,,,,,,,,,,,,,,,,,,,,,,,,,,,,,,,,,,,,,,,,,,,,,,,,,,,,,,,,,,,,,,,,,,,,,,,,,,,,,,,,,,,,,,,,,,,,,,,,,,,,,,,,,,,,,,,,,,,,,,,,,,,,,,,,,,,,,,,,,,,,,,,,,,,,,,,,,
ifrs-full_OtherFinancialLiabilities,기타금융부채,1916764000000,2368421000000,780610000000,1078828000000,,,,,,,,,,,,,,,,,,,,,,,1234700000000,1275525000000,1166667000000,1206946000000,,,,,,,,,,,10128340000000,10187357000000,,,10282628000000,9785343000000,,,,,,,,,4788781200832,945092391831,1066400566784,5662420800160,,,97396000000,85757000000,105315000000,94742000000,,,,,,,,,,,,,,,,,,,,,,,,,,,,,,,,,,,,,,,,,,,,,,,,,,,,,,,,,,,,,,,,,,,,,,,,665846000000,767204000000,819610000000,697904000000,,,,,,,,,,,,,,,4281354000000,809224000000,774448000000,3650073000000,,,,,,,,,,,,,,,,,,,,,,,,,,
ifrs-full_OtherInflowsOutflowsOfCashClassifiedAsFinancingActivities,재무활동으로 분류된 기타의 현금유입(유출),,,,,,,,,,,,,,,,,,,,,,,,,,,,,,,,,,,,,,,,,,,,,,,,,,,,,,,,,,,,,,,,,,,,,,,,,,,,,,,,,,,,,,,,,,,,,,,7514816,10250044,,,,,,,,,,,,,,,,,,,,,,,,,,,,,,,,,,,,,,,,,,,,,,,,,,,,,,,,,,,,,,,,,,,,,,,,,,,,,,,,,,,,,,,
ifrs-full_OtherIntangibleAssets,기타무형자산,,,,,,,,,,,,,,,,,,,,,,,,,,,,,,,,,,,,,,,,,,,,,,,,,,,,,,,,,,,,,,,,,,,,,,,,,,,,,,,,,,,,,,,,,,,,,,,,,,,,,,,,,,,,,,,,,,,,,,,,16534000000,18890000000,18883000000,16540000000,,,,,,,,,,,,,,,,,,,,,,,,,,,,,,,,,,,,,,,,,,,,,,,,,,,,,,,,,,,,
ifrs-full_OtherLiabilities,기타부채,,,,,,,,,,,,,,,,,,,,,,,,,,,,,,,,,,,,,,,,,,,,,,,,,,,,,,,,,,,,,6315000000,10029000000,13290000000,17178000000,,,,,,,,,,,,,,,,,,,,,,,,,,,,,,,,,,,,,,,,,,,906914000000,,,,,,,,,,,,,,,,,,,,,,,,,,,,,,,,,,,,,,,,,,,,,,,,,,,,,,,,,,,,,,,,,,,,,,,,,,,,
ifrs-full_OtherNonfinancialAssets,기타비금융자산,114170000000,151569000000,79704000000,96125000000,,,,,,,,,,,,,,,,,,,,,,,162907000000,109399000000,123540000000,69998000000,,,,,,,,,,,202781000000,203532000000,,,155020000000,154886000000,,,,,,,,,288851216060,17377575062,61555348884,358502043194,,,,,,,,,,,,,,,,,,,,,,,,,48479897581,,49426925625,,31658066064,32621526199,75885835384,,99558684891,,,,,,93428106685,70347835365,,,,,,,,767855000000,879165000000,18578000000,101435000000,,,,,,,,,,,148385346850,256799780530,223755266916,163949127363,,,,,,,,,,,,,9879000000,32235000000,157745000000,132647000000,,,,,,,,,,,,,,,491956000000,44126000000,89710000000,400562000000,,,,,,,,,,,,,,,,,,,120670252894,,,44536046971,45963899515,26948182542,,
ifrs-full_OtherNonfinancialLiabilities,기타비금융부채,275920000000,324929000000,211050000000,244634000000,,,,,,,,,,,,,,,,,,,,,,,125410000000,83035000000,78768000000,36916000000,,,,,,,,,,,196040000000,201922000000,,,265768000000,263598000000,,,,,,,,,182836978195,65069096906,76346566371,205450468972,,,,,,,,,,,,,,,,,,,,,,,,,648702952391,,654370586853,,858665788189,861044733453,132895375762,,163756242985,,,,,,204427955496,170902452843,,,,,,,,1103950000000,1276401000000,264667000000,280044000000,,,,,,,,,,,850493066495,742397220199,979662170791,605528246119,,,,,,,,,,,,,28164000000,48330000000,144760000000,122245000000,,,,,,,,,,,,,,,247041000000,59250000000,100226000000,205846000000,,,,,,,,,,,,,,,,,,,383861273255,,,388664767832,412510149945,416656642425,,
ifrs-full_OtherOperatingIncomeExpense,기타 영업이익(비용),,,,,,,,,,,,,,,,,,,-8657000000,-9378000000,-9378000000,-8657000000,,,,,,,,,,,,,,,,,,,,,,,,,-87330629227,,-72705859161,,-72705859161,-87330629227,,,,,,,,,,,,,,,,,,,,,,,,,,,,,,,,,,,,,,,,,,,,,,,,,,,,,,,,,,,,,,,,,,,,,,,,,,,,,,,,,,,,,,,,,,,,,,,,,,,,,,,,,,,,,,,,,,,,-95814827122,-113245661850,,,-95814827122,-113245661850,,,,,,,,,,
ifrs-full_OtherPayables,기타 미지급금,,,,,,,,,,,,,,,,,,,,,,,,,,,,,,,,,,,,,,,,,,,,,,,,,,,,,,,,,,,,,,,,,,,,,,,,,,,,,,,,,,,,,,,,,,,,,,,,,,,,,,,,,,1758751000000,2088000000000,147386000000,451919000000,,,,,,,,,,,,,,,,,,,,,,,,,,,,,,,,,,,,,,,,,,,,,,,,,,,,,,,,,,,,,,,,,,,,,,,,,,
ifrs-full_OtherProvisions,기타충당부채,,,,,,,,,,,,,,,,,,,,,,,,,,,,,,,,,,,,,,,,,19909000000,21188000000,,,5069000000,3810000000,,,,,,,,,,,,,,,38729000000,38977000000,39483000000,39705000000,,,,,,,,,,,,,,,,,,,,,,,,,,,,,,,,,,,,,,,,,,758463000000,346795000000,583978000000,167470000000,764859000000,581131000000,,569234000000,777968000000,,,,,,52720330531,97597359896,56140566143,94511445448,,,,,,,,,,,,,,,,,,,,,,,,,,,,,,,170035000000,53056000000,53068000000,161811000000,,,,,,44726000000,129248000000,,126995000000,44563000000,,,,,,,,,34570323536,,,7275999688,34493491297,7244161318,,
ifrs-full_PaymentsFromChangesInOwnershipInterestsInSubsidiaries,지배력을 상실하지 않는 종속기업에 대한 소유지분의 변동으로 인한 지급,,,,,,,,,,,,,,,,,,,,,,,,,,,,,,,,,,,,,,,,,,,,,,,220025698,,0,,,,,,,,,,,,,,,,,,,,,,,,,,,,,,,,,,,,,,,,,,,,,,,,,,,,,,,,,,,,,,,,,,,,,,,,,,,,,,,,,,,,,,,,,,,,,,,,,,,,,,,,,,,,,,,,,,,,,,,,,,,,,,,,,,,,,,
ifrs-full_PaymentsFromPlanNetDefinedBenefitLiabilityAsset,"제도에서 지급한 금액, 순확정급여부채(자산)",,,,,5537000000,349000000,1475000000,624000000,,,,,,,,,,,,,,,,,,,,,,,,,,,,,,,,,,,,,,,,,,,,,,,,,,,,,,,,,,,,,,,,,,,,,,,,,,,,,,,,,,,,,,,,,,,,,,,,,,,,,,,,,,,,,,,,,,,,9000000,208000000,226000000,174000000,,,,,,,,,,,,,,,,,,,,,,,18049000000,6148000000,290000000,62000000,,,,,,,,,,,,,,,,,,,,,,,,,,,,,,
ifrs-full_PaymentsOfLeaseLiabilitiesClassifiedAsFinancingActivities,재무활동으로 분류된 리스부채의 지급,,,,,11248000000,10268000000,11214000000,10492000000,,,,,,,,,,,,2856000000,,2730000000,367000000,,333000000,,,,,,,,9412000000,,9474000000,,8926000000,9010000000,,,,,,,,,10975596363,8195011385,28174639545,8057232507,,,,,,,,,,,,,,,,2688000000,,2872000000,,3225000000,,3145000000,,,4873735653,5143546206,5143546206,4873735653,,,,,,,,,,,,,,,3521992909,1347148329,4963316675,2842915817,,,,,,,50840000000,32909000000,31044000000,,,,,,,46823000000,,,,,,,,,,,,20946312500,22967983917,21587671226,23385102336,,,,,,,,,,,,,10882000000,8374000000,9650000000,9644000000,,,,,,,49119000000,29261000000,3582000000,3806000000,,,,,,,,,,,,,,,13088647264,13785197326,9583835133,8925032339,,,,,,,,,,,,
ifrs-full_PostemploymentBenefitExpenseInProfitOrLoss,당기손익에 포함되는 퇴직급여비용,,,,,,,,,,,,,,,,,,,,,,,,,,,,,,,,,,,,,,,,,,,,,,,,,,,,,,,,,,,,,,,,,,2435000000,,2169000000,,2169000000,,2435000000,,,,,,,,,,,,,,,,,,,,,,,,,,,,,,,,,,,,,,,,,,,,,,,,,,,,840000000,984000000,830000000,965000000,,,,,,,,,,,,,,,,,,,,,,,,,,,,,,,,,,,,,,,,,,,,,,,,,,,,,,,,
ifrs-full_ProceedsFromBorrowingsClassifiedAsFinancingActivities,재무활동으로 분류된 차입금,,,,,41102000000,,31748000000,,,,,,,,,,,,,12971000000,,0,,,,,,,,,,,,,,,,,,,,,,,,,,0,,350000000000,,,,,,,,,,,,,,,,,,,,,,,,,,,,,,,,,,,,,,,,,,,,,,,,,,,,,2163300000000,410000000000,60000000000,,,,,,,3166964000000,,,,,,,,,,,,0,2311246582,,,,,,,,,,,,,,,,,,,,,,,,,924628000000,878109000000,,,,,,,,,,,,,,,,,3500000000,4900000000,,,,,,,,,,,,,,
ifrs-full_ProceedsFromChangesInOwnershipInterestsInSubsidiaries,지배력을 상실하지 않는 종속기업에 대한 소유지분의 변동으로 인한 현금유입,,,,,,,,,,,,,,,,,,,,,,,,,,,,,,,,,,,,,,,,,,,,,,,250000000,,0,,,,,,,,,,,,,,,,,,,,,,,,,,,,,,,,,,,,,,,,,,,,,,,,,,,,,,,,,,,,,,,,,,,,,,,,,,,,,,,,,,,,,,,,,,,,,,,,,,,,,,,,,,,,,,,,,,,,,,,,,,,,,,,,,,,,,,
ifrs-full_ProceedsFromIssueOfBondsNotesAndDebentures,"담보·무담보부사채, 어음의 발행",,,,,,,,,,,,,,,,,,,,,,,,,,,,,,,,,598378000000,,0,,598378000000,0,,,,,,,,,,,,,,,,,,,,,,,,,,,,,,,,,,,,,,,,,,,,,,,,,,,,,,,,,,,,,,,,,8428822000000,,,,,,,,,7458625000000,,,,,,,,,,,,,,,,,,,,,,,,,,,,,,,,,,,,,,,,,,,,,,,,,,,,,,,,,,,,,,,,,,,,,,,
ifrs-full_ProceedsFromIssueOfSubordinatedLiabilities,후순위부채의 발행,,,,,12013000000,798118000000,1120784000000,0,,,,,,,,,,,,,,,,,,,,,,,,,,,,,,,,,,,,,,,,,,,,,,,,,,,,,,,,,,,,,,,,,,,299092400000,0,0,299092400000,,,,,,,,,,,,,,,,,,,,,,,,,,,,,,,,,,,,,,,,,,,,,,,,,,,,,,,,,,,,,,,,,,,,,,,,,,,,,,,,,,,,,,,,,,0,797752280000,0,797752280000,,,,,,,,,,,,
ifrs-full_ProceedsFromSalesOfIntangibleAssetsClassifiedAsInvestingActivities,투자활동으로 분류된 무형자산의 처분,,,,,531000000,54000000,98000000,531000000,,,,,,,,,,,,,,,,,,,,,,,,,1300000000,,82000000,,1300000000,0,,,,,,,,,122000000,,1445800000,,,,,,,,,,,,,,,,,,,,,,,,,,,,,,,,,,,,,,,,,,,,16330000,,16330000,,,,,,,,21854000000,1276000000,0,,,,,,,10336000000,,,,,,,,,,,,404216480,0,4216480,0,,,,,,,,,,,,,,,,,,,,,,,20134000000,17000000,0,100000000,,,,,,,,,,,,,,,2406493,0,,,,,,,,,,,,,,
ifrs-full_ProceedsFromSalesOfInterestsInAssociates,관계기업 투자지분의 처분,,,,,,,,,,,,,,,,,,,,,,,,,,,,,,,,,,,,,,,,,,,,,,,7377754715,,0,,,,,,,,,,,,,,,,,,,,,,,,,,,,,,,,,,,,,,,,,,,,,,,,,,,,,,8588000000,685586000000,329405000000,,,,,,,2172000000,,,,,,,,,,,,,,19511655,10652225,,,,,,,,,,,,,,,,,,,,,,,43032000000,10898000000,,,,,,,,,,,,,,,,,,,,,,,,,,,,,,,,
ifrs-full_ProceedsFromSalesOfInvestmentProperty,투자부동산의 처분,,,,,,,,,,,,,,,,,,,,,,,,,,,,,,,,,,,,,,,,,,,,,,,,,,,,,,,,,,,,,,,,,,,,,,,,,,,,,,,,,,,,,,,,,,,,,,,,,,,,,,,159304000000,159304000000,0,,,,,,,0,,,,,,,,,,,,,,,,,,,,,,,,,,,,,,,,,,,,,,6775000000,0,,,,,,,,,,,,,,,,,,,,,,,,,,,,,,,,
ifrs-full_ProceedsFromSalesOfInvestmentsAccountedForUsingEquityMethod,지분법적용 투자지분의 처분,,,,,,,,,,,,,,,,,,,,,,,,,,,,,,,,,,,,,,,,,,,,,,,,,,,,,,,,,,,,,,,,,,,,,,,,,,,,,,,,,,,,,,,,,,,,,,,,,,,,,,,,,,,,,,,,,,,,,,,,,,,,19511655,1799114656,,,,,,,,,,,,,,,,,,,,,,,,,,,,,,,,,,,,,,,,,,,,,,,,,,,,,,,,,,
ifrs-full_ProceedsFromSalesOfPropertyPlantAndEquipmentClassifiedAsInvestingActivities,투자활동으로 분류된 유형자산의 처분으로 인한 현금유입,,,,,12000000,49000000,149000000,9000000,,,,,,,,,,,,1000000,,1000000,1000000,,1000000,,,,,,,,1000000,,29000000,,1000000,0,,,,,,,,,13373383983,5800000,73430961,0,,,,,,,,,,,,,,,,2000000,,0,,36000000,,2000000,,,10873540,52097000,52097000,0,,,,,,,,,,,,,,,60000,30000,282407,30000,,,,,,,49153000000,48642000000,893000000,,,,,,,1074000000,,,,,,,,,,,,9111394,14999,4569539,15000,,,,,,,,,,,,,4000000,,,0,,,,,,,39526000000,5714000000,216000000,0,,,,,,,,,,,,,,,638247824,889259355,190500000,205921945,,,,,,,,,,,,
ifrs-full_ProfitLoss,당기순이익(손실),,,,,239580000000,446987000000,431364000000,268504000000,,,,,,268504000000,446987000000,239580000000,431364000000,,79818000000,86961000000,86961000000,79818000000,83689000000,83689000000,90315000000,90315000000,,,,,,,313728000000,213973000000,205752000000,205752000000,319819000000,213973000000,319819000000,313728000000,,,,,,,468588971868,315282486839,292798114835,330140409900,292798114835,468588971868,330140409900,315282486839,,,,,,,,,,,46740000000,46740000000,26692000000,26692000000,25023000000,25023000000,46194000000,46194000000,,,465875800238,470849769340,466071341331,462513372349,465875800238,470849769340,466071341331,462513372349,,,,,,,,,,,48478104390,24319768175,53392139983,24783078088,,,24319768175,48478104390,53392139983,24783078088,1240307000000,1142110000000,703719000000,,,,,,,677496000000,,,1142110000000,703719000000,1240307000000,677496000000,,,,,,609030625028,635218715258,555633843427,573350321436,,,,,609030625028,573350321436,555633843427,635218715258,,,,,103145000000,165632000000,112027000000,165172000000,112027000000,165632000000,165172000000,103145000000,,,381582000000,295728000000,121991000000,247844000000,,,,,,121991000000,247844000000,295728000000,381582000000,,,,,,236446287868,203879164075,223267480536,203195245062,236446287868,203879164075,203195245062,223267480536,,,,,,,,
ifrs-full_ProfitLossAttributableToNoncontrollingInterests,비지배지분에 귀속되는 당기순이익(손실),,,,,1174000000,,577000000,,,,,,,,,1174000000,577000000,,,,,,,,,,,,,,,,88000000,,-3000000,-3000000,,,,88000000,,,,,,,9905254905,,7445369507,,7445369507,9905254905,,,,,,,,,,,,,,,,,,,,,,,992724936,572979439,,,992724936,572979439,,,,,,,,,,,,,,,,,,,,,,,36726000000,,,,,,,,,42237000000,,,,,36726000000,42237000000,,,,,,898074549,547381610,,,,,,,898074549,,,547381610,,,,,,,,,,,,,,,57187000000,69667000000,,,,,,,,,,69667000000,57187000000,,,,,,,,,,,,,,,,,,,,,
ifrs-full_ProfitLossAttributableToOwnersOfParent,지배기업의 소유주에게 귀속되는 당기순이익(손실),,,,,238406000000,,430787000000,,,,,,,,,238406000000,430787000000,,79818000000,86961000000,86961000000,79818000000,,,,,,,,,,,313640000000,,205755000000,205755000000,,,,313640000000,,,,,,,458683716963,,285352745328,,285352745328,458683716963,,,,,,,,,,,,,,,,,,,,,,,464883075302,470276789901,,,464883075302,470276789901,,,,,,,,,,,,,,,53392139983,24783078088,,,,,53392139983,24783078088,1203581000000,1699762000000,,,,,,,,635259000000,,,,,1203581000000,635259000000,,,,,,608132550479,634671333648,,,,,,,608132550479,,,634671333648,,,,,103145000000,,,165172000000,,,165172000000,103145000000,,,324395000000,226061000000,,,,,,,,,,226061000000,324395000000,,,,,,236446287868,203879164075,,,236446287868,203879164075,,,,,,,,,,
ifrs-full_ProfitLossBeforeTax,법인세비용차감전순이익(손실),,,,,413178000000,643311000000,620565000000,459550000000,,,,,,459550000000,643311000000,413178000000,620565000000,,85184000000,117046000000,117046000000,85184000000,89344000000,89344000000,120764000000,120764000000,,,,,,,424212000000,293846000000,285214000000,285214000000,430044000000,293846000000,430044000000,424212000000,,,,,,,637979493825,410366754995,391831675392,444530535173,391831675392,637979493825,444530535173,410366754995,,,,,,,,,,,54434000000,54434000000,34533000000,34533000000,31000000000,31000000000,53658000000,53658000000,,,628367778060,638044175521,631026167088,624016762619,628367778060,638044175521,631026167088,624016762619,,,,,,,,,,,61366789994,38264513864,66297392964,38365653955,,,38264513864,61366789994,66297392964,38365653955,1529384000000,1397360000000,808451000000,,,,,,,842457000000,,,1397360000000,808451000000,1529384000000,842457000000,,,,,,822302807895,857722202626,754957085529,775172717145,,,,,822302807895,775172717145,754957085529,857722202626,,,,,139307000000,223285000000,150064000000,223511000000,150064000000,223285000000,223511000000,139307000000,,,484603000000,377255000000,152131000000,308336000000,,,,,,152131000000,308336000000,377255000000,484603000000,,,,,,317312238579,272976951915,299286789808,272277360129,317312238579,272976951915,272277360129,299286789808,,,,,,,,
ifrs-full_ProfitLossFromContinuingOperations,계속영업이익(손실),,,,,,,,,,,,,,,,,,,,,,,,,,,,,,,,,,,,,,,,,,,,,,,,,,,,,,,,,,,,,,,,,,,,,,,,,,,,,,,,,,,,,,,,,,,,,,,,,,,,,,,1240307000000,1142110000000,703719000000,,,,,,,677496000000,,,1142110000000,703719000000,1240307000000,677496000000,,,,,,,,,,,,,,,,,,,,,,,,,,,,,,,,,,,,,,,,,,,,,,,,,,,,,,,,,,,,,,,,,
ifrs-full_ProfitLossFromContinuingOperationsAttributableToNoncontrollingInterests,비지배지분에 귀속될 계속영업이익(손실),,,,,,,,,,,,,,,,,,,,,,,,,,,,,,,,,,,,,,,,,,,,,,,,,,,,,,,,,,,,,,,,,,,,,,,,,,,,,,,,,,,,,,,,,,,,,,,,,,,,,,,36726000000,,,,,,,,,42237000000,,,,,36726000000,42237000000,,,,,,,,,,,,,,,,,,,,,,,,,,,,,,,,,,,,,,,,,,,,,,,,,,,,,,,,,,,,,,,,,
ifrs-full_ProfitLossFromOperatingActivities,영업활동으로부터의 이익(손실),,,,,413033000000,646688000000,619784000000,462700000000,,,,,,462700000000,646688000000,413033000000,619784000000,,84799000000,116541000000,116541000000,84799000000,88897000000,88897000000,120261000000,120261000000,,,,,,,422259000000,294947000000,285592000000,285592000000,428817000000,294947000000,428817000000,422259000000,,,,,,,643234434009,405455162870,396989362184,444206817620,396989362184,643234434009,444206817620,405455162870,,,,,,,,,,,59461000000,59461000000,34610000000,34610000000,31104000000,31104000000,58665000000,58665000000,,,622557111340,631386002797,630744713471,621907074019,622557111340,631386002797,630744713471,621907074019,,,,,,,,,,,63771651437,39237915464,68388520759,39353569502,,,39237915464,63771651437,68388520759,39353569502,1357813000000,1030531000000,476949000000,,,,,,,753958000000,,,1030531000000,476949000000,1357813000000,753958000000,,,,,,792356362337,861126626939,753136712706,837802525333,,,,,792356362337,837802525333,753136712706,861126626939,,,,,144643000000,230246000000,154927000000,231374000000,154927000000,230246000000,231374000000,144643000000,,,480782000000,371359000000,125079000000,279974000000,,,,,,125079000000,279974000000,371359000000,480782000000,,,,,,324494379640,283697636986,309325758904,285057465774,324494379640,283697636986,285057465774,309325758904,,,,,,,,
ifrs-full_PropertyManagementExpense,부동산관리비용,,,,,,,,,,,,,,,,,,,,,,,,,,,,,,,,,875000000,1147000000,1085000000,1085000000,931000000,1147000000,931000000,875000000,,,,,,,,,,,,,,,,,,,,,,,,,,,,,,,,,,,,,,,,,,,,,,,,,,,,,,,,,,,,,,,,,,,,,,,,,,,,,,,,,,,,,,,,,,,,,,,,,,,,,,,,,,,,,,,,,,,,,,,,,,,,,,,,,,,,,,,,,,,,,,,
ifrs-full_PropertyPlantAndEquipment,유형자산,681361000000,698371000000,525869000000,542355000000,,,,,,,492399000000,485813000000,646079000000,,,,,640556000000,,,,,,,,,269186000000,264679000000,50802000000,48826000000,,,,,,,,,,,466116000000,478160000000,,,475276000000,462819000000,,,,,,,,,1401299980123,862533116875,903856222878,1381533809255,,,85300000000,75685000000,107520000000,91039000000,,,,,,,,,,,,,,,,,,,949964890520,,949970549521,,945602996261,945609209639,76243034646,,77143263505,,,,,,76853573829,75663924728,,,,,,,,827582000000,796306000000,387805000000,361900000000,430778000000,392848000000,,394245000000,434577000000,,,,,,520322040569,1356680311246,1349776256769,522780381216,,,,,1360395000000,518461000000,527353000000,1348292000000,,,,,68917000000,68548000000,141835000000,137813000000,,,,,,,,,,,,,,,2052525000000,883219000000,897058000000,2005736000000,,,,,,834008000000,1880197000000,,1870239000000,834231000000,,,,,,,,,1099782068391,,,983032753176,1104014748229,892981870159,,
ifrs-full_PropertyPlantAndEquipmentCarryingAmountOfRevaluedAssets,"유형자산, 재평가된 자산",,,,,,,,,,,,,,,,,,,,,,,,,,,,,,,,,,,,,,,,,,,,,,,,,,,,,,,,,,,,,,,,,,,,,,,,,,,,,,,,,,,,,,,,,,,,,,,,,,,,,,,,,,,,,,,,,,,,,,,,,596016000000,,596016000000,,,,,,,,,,,,,,,,,,,,,,,,,,,,,,,,,,,,,,,,,,,,,,,,,,,,,,,,,,,,
ifrs-full_PropertyPlantAndEquipmentPledgedAsSecurity,담보로 제공된 유형자산,,,,,,,,,,,,,,,,,,,,,,,,,,,,,,,,,,,,,,,,,,,,,,,,,,,,,,,,,,,,,,,,,,,,,,,,,,,,,,,,,,,,,,,,,,,,,,,,,,,,,,,,,,,,,,,,,,,,,,,,16775000000,16489000000,16775000000,16489000000,,,,,,,,,,,,,,,,,,,,,,,,,,,,,,,,,,,,,,,,,,,,,,,,,,,,,,,,,,,,
ifrs-full_PropertyPlantAndEquipmentRevaluationSurplus,"유형자산, 재평가잉여금",,,,,,,,,,,,,,,,,,,,,,,,,,,,,,,,,,,,,,,,,,,,,,,,,,,,,,,,,,,,,,,,,,,,,,,,,,,,,,,,,,,,,,,,,,,,,,,,,,,,,,,,,,,,,,,,,,,,,,,,,134048000000,,134048000000,,,,,,,,,,,,,,,,,,,,,,,,,,,,,,,,,,,,,,,,,,,,,,,,,,,,,,,,,,,,
ifrs-full_ProvisionUsedOtherProvisions,"사용된 충당부채, 기타충당부채",,,,,,,,,,,,,,,,,,,,,,,,,,,,,,,,,,,,,,,,,,,,,,,,,,,,,,,,,,,,,,,,,,,,,,,,,,,,,,,,,,,,,,,,,,,,,,,,,,,,,,,54000000,54000000,24000000,,,,,,,23000000,,,,,,,,,,,,,,,,,,,,,,,,,,,,,,,,,,,,,,1124000000,32793000000,3000000,50000000,,,,,,,,,,,,,,,,,,,,,,,,,,,,,,
ifrs-full_Provisions,충당부채,,,,,,,,,,,,,,,,,,,,,,,,,,,13169000000,12480000000,10784000000,10221000000,,,,,,,,,,,,,,,,,,,,,,,,,234580764126,59180089925,50921747051,118287819002,,,,,,,,,,,,,,,,,,,,,,,,,12542083352,,12542083352,,14207268653,14207268653,7288142005,,10176609102,,,,,,6045245149,3080125470,,,,,,,,758463000000,346795000000,583978000000,167470000000,,,,,,,,,,,,,,,,,,,,,,,,,,,101634000000,106536000000,112702000000,107503000000,,,,,,,,,,,,,,,,,,,,,,,,,,,,,,,,,,,,,34570323536,,,,34493491297,,,
ifrs-full_PurchaseOfIntangibleAssetsClassifiedAsInvestingActivities,투자활동으로 분류된 무형자산의 취득,,,,,14888000000,3951000000,4189000000,9315000000,,,,,,,,,,,,1218000000,,1511000000,711000000,,1217000000,,,,,,,,2304000000,,968000000,,1290000000,968000000,,,,,,,,,3813798880,2864514000,8667877353,2633861390,,,,,,,,,,,,,,,,154000000,,49000000,,77000000,,153000000,,,1726221000,11251837600,11251837600,1726221000,,,,,,,,,,,,,,,735870400,4356512000,735870400,4388874000,,,,,,,31787000000,29669000000,18382000000,,,,,,,27729000000,,,,,,,,,,,,2141847690,11689572140,1401712067,11409946958,,,,,,,,,,,,,8445000000,1802000000,3853000000,3101000000,,,,,,,69569000000,20251000000,8140000000,15933000000,,,,,,,,,,,,,,,3877002009,1685180225,,,,,,,,,,,,,,
ifrs-full_PurchaseOfInterestsInAssociates,관계기업 투자지분의 취득,,,,,,,,,,,,,,,,,,,,55000000,,0,,,,,,,,,,,,,,,,,,,,,,,,,19719463418,,1680496413,,,,,,,,,,,,,,,,,,,,,,,,,,1613908917,7600100000,7600100000,1613908917,,,,,,,,,,,,,,,,,,,,,,,,,5000000000,1062002000000,1028600000000,,,,,,,0,,,,,,,,,,,,,,0,78085325,,,,,,,,,,,,,0,,,10000000000,,,,,,,,,,,,,,,,,,,,,,,,,,,10802000000,0,,,,,,,,,,,,
ifrs-full_PurchaseOfInterestsInInvestmentsAccountedForUsingEquityMethod,지분법적용 투자지분의 취득,,,,,,,,,,,,,,,,,,,,,,,,,,,,,,,,,,,,,,,,,,,,,,,,,,,,,,,,,,,,,,,,,,,,,,,,,,,,,,,,,,,,,,,,,,,,,,,,,,,,,,,,,,,,,,,,,,,,,,,,,,,,0,78085325,,,,,,,,,,,,,,,,,,,,,,,,,98469000000,3159000000,,,,,,,,,,,,,,,,,12938000000,302500000,,,,,,,,,,,,,,
ifrs-full_PurchaseOfInvestmentProperty,투자부동산의 취득,,,,,6000000,,30781000000,,,,,,,,,,,,,,,,,,,,,,,,,,,,,,,,,,,,,,,,270092212079,25284694,25284694,0,,,,,,,,,,,,,,,,243000000,,0,,0,,243000000,,,,,,,,,,,,,,,,,,,,,,,,,,,,,,,53419000000,53143000000,37906000000,,,,,,,37906000000,,,,,,,,,,,,7121,21040716851,7121,20075508881,,,,,,,,,,,,,,,,,,,,,,,19201000000,1586000000,179000000,0,,,,,,,,,,,,,,,3011952657,1873483325,,,,,,,,,,,,,,
ifrs-full_PurchaseOfPropertyPlantAndEquipmentClassifiedAsInvestingActivities,투자활동으로 분류된 유형자산의 취득,,,,,22654000000,10456000000,9660000000,21733000000,,,,,,,,,,,,15870000000,,1443000000,374000000,,315000000,,,,,,,,3780000000,,2004000000,,3520000000,1843000000,,,,,,,,,23127642791,1441632626,6493762190,24805196361,,,,,,,,,,,,,,,,1204000000,,576000000,,999000000,,1210000000,,,1655503433,2091602297,2091602297,1655416993,,,,,,,,,,,,,,,1693451400,870646700,1696382302,1114247400,,,,,,,8454000000,4158000000,4419000000,,,,,,,5896000000,,,,,,,,,,,,3746505243,13493973227,3270544318,12955408669,,,,,,,,,,,,,8091000000,1638000000,3613000000,4638000000,,,,,,,108027000000,11259000000,11632000000,33966000000,,,,,,,,,,,,,,,5147501561,5534589120,4667098347,3752941850,,,,,,,,,,,,
ifrs-full_PurchasesOfPropertyAndOtherAssetsRelatedPartyTransactions,"부동산과 그 밖의 자산의 구입, 특수관계자거래",,,,,10955000000,4957000000,6018000000,7273000000,,,,,,,,,,,,,,,,,,,,,,,,,,,,,,,,,,,,,,,,,,,,,,,,,,,,,,,,,,,,,,,,,,,,,,,,,,,,,,,,,,,,,,,,,,,,,,,,,,,,,,,,,,,,,,,,,,,,,,,,,,,,,,,,,,,,,,,,,,,,,,32873000000,2010000000,5387000000,33445000000,,,,,,,,,,,,,,,,,,,,,,,,,,,,,,
ifrs-full_ReclassificationAdjustmentsOnFinancialAssetsMeasuredAtFairValueThroughOtherComprehensiveIncomeNetOfTax,기타포괄손익-공정가치로 측정되는 금융자산의 세후재분류조정,,,,,,,,,,,,,,,,,,,,,,,,,,,,,,,,,,,,,,,,,,,,,,,,,,,,,,,,,,,,,,,,,,,,,,,,,,,,,,,,,,,,,,,,,,,,,,,,,,,,,,,170617000000,880675000000,228798000000,,,,,,,,,,,,,,,,,,,,,,,,,,,,,,,,,,,,,,,,,,,,,,,,,,,,,,,,,,,,,,,,,,,,,,,,,,,,,,
ifrs-full_RecognisedAssetsDefinedBenefitPlan,순확정급여자산,38375000000,31413000000,26000000000,18233000000,,,,,,,,,,,,,,,,,,,,,,,7303000000,6558000000,7303000000,6558000000,,,,,,,,,,,91474000000,91475000000,,,91625000000,91624000000,,,,,,,,,,,,,,,0,3838000000,0,3838000000,,,,,,,,,,,,,,,,,,,16274893730,,16274893730,,19951427866,19951427866,,,,,,,,,,,,,,,,,,72221000000,25569000000,72221000000,25569000000,,,,,,,,,,,95369277935,104149106550,120256888118,83719599270,,,,,,,,,,,,,4868000000,0,0,4868000000,,,,,,,,,,,,,,,37513000000,31433000000,37513000000,31432000000,,,,,,,,,,,,,,,,,,,118627863384,,,118627863384,111935601953,111935601953,,
ifrs-full_RecognisedLiabilitiesDefinedBenefitPlan,순확정급여부채,25000000,86000000,,,,,,,,,,,,,,,,,,,,,,,,,2377000000,2549000000,,,,,,,,,,,,,,375000000,,,361000000,,,,,,,,,,203725703195,57215361019,70457027530,210904171259,,,1112000000,0,3978000000,2822000000,,,,,,,,,,,,,,,,,,,,,99088078,,,87718644,6433588202,,6433588202,,,,,,7087052828,7087052828,,,,,,,,175799000000,189416000000,,,,,,,,,,,,,,,,,,,,,,,,,,,,,0,1907000000,3352000000,1186000000,,,,,,,,,,,,,,,342187000000,,,352470000000,,,,,,,,,,,,,,,,,,,143545262313,,,,149865614890,,,
ifrs-full_ReinsuranceContractsHeldThatAreAssets,자산인 보유 재보험계약,1604279000000,1661379000000,1503962000000,1559588000000,,,,,,,,,,,,,,,,,,,,,,,8671000000,9759000000,8671000000,9759000000,,,,,,,,,,,1400933000000,1433117000000,,,1506136000000,1474822000000,,,,,,,,,192173997900,189577741652,153238552855,155713390859,,,417348000000,448682000000,417348000000,448682000000,,,,,,,,,,,,,,,,,,,897957626642,,915440339308,,958975156161,975362696979,32457828319,,32457828319,,,,,,37355226946,37355226946,,,,,,,,2196839000000,2036612000000,2192326000000,2032367000000,,,,,,,,,,,1809020102679,1968055735921,1932187908161,1802642119770,,,,,,,,,,,,,494226000000,338182000000,338182000000,494226000000,,,,,,,,,,,,,,,1178886000000,358877000000,348967000000,1191787000000,,,,,,,,,,,,,,,,,,,1503459441076,,,1501664678208,1579842619653,1580353059471,,
ifrs-full_ReinsuranceContractsHeldThatAreLiabilities,부채인 보유 재보험계약,56917000000,53079000000,0,2002000000,,,,,,,,,,,,,,,,,,,,,,,12411000000,8775000000,12411000000,8775000000,,,,,,,,,,,21858000000,21858000000,,,25554000000,25554000000,,,,,,,,,261619711575,261341268914,235239384801,235535388614,,,8874000000,9656000000,8874000000,9656000000,,,,,,,,,,,,,,,,,,,73572602410,,73572602410,,57481152108,57481152108,179113750,,179113750,,,,,,,0,,,,,,,,573501000000,532522000000,573463000000,532484000000,,,,,,,,,,,0,0,0,0,,,,,,,,,,,,,56378000000,31144000000,31144000000,56378000000,,,,,,,,,,,,,,,32123000000,32679000000,30775000000,34614000000,,,,,,,,,,,,,,,,,,,,,,,,,,
ifrs-full_RentalExpense,임차료,,,,,,,,,,,,,,,,,,,,,,,,,,,,,,,,,,,,,,,,,,,,,,,,,,,,,,,,,,,,,,,,,,,,,,,,,,,,,,,,,,,,,,,,,,,,,,,,,,,,,,,,,,,,,,,,,,,,,,,,,,,,1102000000,1199000000,1102000000,1199000000,,,,,,,,,,,,,,,,,,,,,,,,,,,,,,,,,,,,,,,,,,,,,,,,,,,,,,,,
ifrs-full_RentalIncome,임대료수입,,,,,,,,,,,,,,,,,,,,,,,,,,,,,,,,,,,,,,,,,,,,,,,29096490230,26592890016,24373269921,27927357853,24373269921,29096490230,27927357853,26592890016,,,,,,,,,,,,,,,,,,,,,,,,,,,,,,,,,,,,,,,,,,,,,,,,,108859000000,63486000000,70948000000,,,,,,,124145000000,,,63486000000,70948000000,108859000000,124145000000,,,,,,,,,,,,,,,,,,,,,,,,,,,,,,,,,,,,,,,,,,,,,,,,,,,,,,,,,,,,,,,,,
ifrs-full_RentalIncomeFromInvestmentProperty,투자부동산에서 발생한 임대수익,,,,,,,,,,,,,,,,,,,,,,,,,,,,,,,,,,,,,,,,,,,,,,,,,,,,,,,,,,,,,,,,,,,,,,,,,,,,,,,,,,,,,,,,,,,,,,,,,,,,,,,422547,,,,,,,,,,,,,,,,,,,,,,,,,,,,,,,,,,,,,,,,,,,,,,,35821000000,38581000000,24625000000,23116000000,,,,,,,,,,,,,,,,,,,,,,,,,,,,,,
ifrs-full_RepaymentsOfBondsNotesAndDebentures,"담보·무담보부사채, 어음의 상환",,,,,,,,,,,,,,,,,,,,,,,,,,,,,,,,,,,,,,,,,,,,,,,,,,,,,,,,,,,,,,,,,,,,,,,,,,,,,,,,,,,,,,,,,,,,,,,,,,,,,,,8495235000000,,,,,,,,,6930000000000,,,,,,,,,,,,,,,,,,,,,,,,,,,,,,,,,,,,,,,,,,,,,,,,,,,,,,,,,,,,,,,,,,,,,,,
ifrs-full_RepaymentsOfBorrowingsClassifiedAsFinancingActivities,재무활동으로 분류된 차입금의 상환,,,,,,,,,,,,,,,,,,,,,,,,,,,,,,,,,,,,,,,,,,,,,,,,,,,,,,,,,,,,,,,,,,,,,,,,,,,,,,,,,,,,,,,,,,,,,,200000000000,,200000000000,,,,,,,572650000000,,,,,,,,,3302400000000,,,,,,,,,,,,,,,,,,,,,,,,,,,,,,,,,,,,,,361638000000,480486000000,,,,,,,,,,,,,,,,,2000000000,1700000000,,,,,,,,,,,,,,
ifrs-full_RepaymentsOfSubordinatedLiabilities,후순위부채의 상환,,,,,16000000000,,63300000000,,,,,,,,,,,,,,,,,,,,,,,,,,,,,,,,,,,,,,,,,,,,,,,,,,,,,,,,,,,,,,,,,,,,150000000000,0,0,150000000000,,,,,,,,,,,,,,,,,,,,,,,,,,,,,,,,,,,,,,,,,,,,,,,,,,,,,,,,,,,,,,,,,,,,,,,,,,,,,,,,,,,,,,,,,,,,,,,,,,,,,,,,,
ifrs-full_ReserveForCatastrophe,비상위험준비금,1655221000000,1731363000000,1655221000000,1731363000000,,,,,,,,,,,,,,,,,,,,,,,,,,,,,,,,,,,,,1180432000000,1180432000000,,,1194613000000,1194613000000,,,,,,,,,,,,,,,,,,,,,,,,,,,,,,,,,,,,,405810303982,,405810303982,,384383518460,384383518460,,,,,,,,,,,,,,,,,,,,,,,,,,,,,,,,2841360682695,2662010703401,2841360682695,2662010703401,,,,,,,,,,,,,,,,,,,,,,,,,,,,,,,,,,,,,,,,,,,,,,,,,,,,,1356107784037,,,1356107784037,1330517535210,1330517535210,,
ifrs-full_ReserveOfCashFlowHedges,현금흐름위험회피 적립금,,,,,,,,,,,,,,,,,,,,,,,,,,,,,,,,,,,,,,,,,,,,,,,,,,,,,,,,,,,,,,,,,,,,,,,,,,,,,,,,,,,,,,,,,,,,,,,,,,,,,,,,,,,746042000000,,,,,,,,,,,,,,,,,,,,,,,,,,,,,,,,,,,,,,,,,,,,,,,,,,,,,,,,,,,,,,,,,,,,,,,,,,,,
ifrs-full_RetainedEarnings,이익잉여금,13307548000000,13018559000000,11201139000000,10942900000000,,,,,,,,,,,,,,,,,,,,,,,3108435000000,3187554000000,3159018000000,3242007000000,,,,,,,,,,,7172929000000,7133434000000,,,6927678000000,6958956000000,,,,,,,,,7998365619472,7575782433959,7754838937653,8306055579196,,,1631417000000,1604417000000,1644312000000,1618981000000,,,,,,,,,,,,,,,,,,,6247416202903,,6276101329462,,6272973470370,6297453148359,1767260426226,,1778261950832,,,,,,2073911957233,2067824468220,,,,,,,,21085481000000,22216920000000,15062944000000,16133982000000,,,,,,,,,,,14089861430091,14335386688413,14643162683264,13719756396981,,,,,,,,,,,,,6968397000000,7080424000000,7027329000000,6924184000000,,,,,,,,,,,,,,,9035503000000,7085336000000,7313064000000,8731223000000,,,,,,,,,,,,,,,,,,,8466327902050,,,8245084050604,8160716899495,7952651855381,,
ifrs-full_ReturnOnPlanAssetsNetDefinedBenefitLiabilityAsset,"이자에 포함된 금액을 제외한 사외적립자산의 수익, 순확정급여부채(자산)",,,,,,,,,,,,,,,,,,,,,,,,,,,,,,,,,,,,,,,,,,,,,,,,,,,,,,,,,,,,,,,,,,,,,,,,,,,,,,,,,,,,,,,,,,,,,,,,,,,,,,,,,,,,,,,,,,,,,,,,,,,,,,,,,,,,,,,,,,,,,,,,,,,,,,0,440000000,0,0,,,,,,,,,,,,,,,,,,,,,,,,,,,,,,
ifrs-full_RevaluationSurplus,재평가잉여금,,,,,,,,,,,,,,,,,,,,,,,,,,,,,,,,,,,,,,,,,,,,,,,,,,,,,,,,,,,,,,,,,,,,,,,,,,,,,,,,,,,,,,,,,,,,,,,,,,,,,,,,,,,,,,,,,,,,,,,,,123816000000,,123816000000,,,,,,,,,,,,,,,,,,,,,,,,,,,,,,,,,,,,,,,,,,,,,,,,,,,,,,,,,,,,
ifrs-full_Revenue,수익(매출액),,,,,7105354000000,,5620157000000,,,,,,,,,,,,,,,,,,,,,,,,,,,,,,,,,,,,,,,,,,,,,,,,,,,,,,,,,,,,,,,,,,,,,,,,,,,,,,,,,,,,,,,,,,,,,,,,14901854000000,,,,,,,,,8502842000000,,,,,,,,,,,,6105845000000,6676319000000,,,,,,,,,,,,,,,,,,,,,,,,,9985187000000,6455028000000,,,,,,,,,,,,,,,,,,,,,,,,,,,,,,,,
ifrs-full_RevenueFromDividends,배당수익(매출액),,,,,21333000000,16007000000,17185000000,22588000000,,,,,,22588000000,16007000000,21333000000,17185000000,,18905000000,17573000000,17573000000,18905000000,18905000000,18905000000,17573000000,17573000000,,,,,,,14572000000,21120000000,21129000000,21129000000,14572000000,21120000000,14572000000,14572000000,,,,,,,87444971445,83938599951,87884058548,79999201389,87884058548,87444971445,79999201389,83938599951,,,,,,,,,,,2358000000,2358000000,2978000000,2978000000,2978000000,2978000000,2358000000,2358000000,,,10307875635,15595180170,14479218350,10307875635,10307875635,15595180170,14479218350,10307875635,,,,,,,,,,,13721815532,11214762781,13616785532,11120624781,,,11214762781,13721815532,13616785532,11120624781,492936000000,476652000000,370202000000,,,,,,,387274000000,,,476652000000,370202000000,492936000000,387274000000,,,,,,43370649593,71710714673,45907504648,66523729528,,,,,43370649593,66523729528,45907504648,71710714673,,,,,15955000000,17304000000,15953000000,17304000000,15953000000,17304000000,17304000000,15955000000,,,132459000000,141294000000,39119000000,45398000000,,,,,,39119000000,45398000000,141294000000,132459000000,,,,,,518213123,695695914,1102934412,633344154,518213123,695695914,633344154,1102934412,,,,,,,,
ifrs-full_RevenueFromInterest,이자수익(매출액),,,,,557249000000,379046000000,534838000000,382663000000,,,,,,382663000000,379046000000,557249000000,534838000000,,228443000000,219829000000,219829000000,228443000000,228021000000,228021000000,219541000000,219541000000,,,,,,,237847000000,272907000000,285494000000,285494000000,232987000000,272907000000,232987000000,237847000000,,,,,,,1001031357358,821459330519,962942704425,846103448928,962942704425,1001031357358,846103448928,821459330519,,,,,,,,,,,254274000000,254274000000,278237000000,278237000000,278252000000,278252000000,254366000000,254366000000,,,449161031133,395948304731,387653074272,441574254069,449161031133,395948304731,387653074272,441574254069,,,,,,,,,,,124616135211,121639088939,125260043813,122477991316,,,121639088939,124616135211,125260043813,122477991316,2101540000000,1422781000000,1430104000000,,,,,,,2078663000000,,,1422781000000,1430104000000,2101540000000,2078663000000,,,,,,583224927013,624241288485,568687316236,602645442512,,,,,583224927013,602645442512,568687316236,624241288485,,,,,374907000000,367372000000,363936000000,376746000000,363936000000,367372000000,376746000000,374907000000,,,1158683000000,920318000000,634968000000,677216000000,,,,,,634968000000,677216000000,920318000000,1158683000000,,,,,,,,,,,,,,,,,,,,,
ifrs-full_RevenueFromRenderingOfServicesRelatedPartyTransactions,"용역의 제공으로 인한 수익, 특수관계자거래",,,,,,,,,,,,,,,,,,,,,,,,,,,,,,,,,,,,,,,,,,,,,,,,,,,,,,,,,,,,,,,,,,407000000,,2836000000,,3311000000,,46000000,,,,,,,,,,,,,,,,,,,,,,,,,,,,,,,,,,,,,,,,,,,,,,,,,,,,,,,,,,,,,,,,,,,,,,,,,,,,,,660000000,800000000,,,,,,,,,,,,,,,,,262657611,361430219,736404148,764879858,,,,,,,,,,,,
ifrs-full_ReversalOfImpairmentLossRecognisedInProfitOrLossIntangibleAssetsOtherThanGoodwill,"당기손익으로 인식된 손상차손환입, 영업권 이외의 무형자산",,,,,,,,,,,,,,,,,,,,,,,,,,,,,,,,,,,,,,,,,,,,,,,,,,,,,,,,,,,,,,,,,,,,,,,,,,,,,,,,,,,,,,,,,,,,,,,,,,,,,,,,,,,,,,,,,,,,,,,,,,,,23000000,6000000,23000000,6000000,,,,,,,,,,,,,,,,,,,,,,,,,,,,,,,,,,,,,,,,,,,,,,,,,,,,,,,,
ifrs-full_RightofuseAssets,사용권자산,,,,,,,,,,,,,,,,,,,,,,,,,,,,,,,,,,,,,,,,,,,,,,,,,,,,,,,,,,,,,,,,,,,,,,,,,,,,,,,,,,,,,,,,,39795979506,,47656451365,,,,,,18491984532,12948330189,,,,,,,,329361000000,339971000000,258703000000,260392000000,321989000000,256010000000,,250564000000,306877000000,,,,,,111333107810,127757922371,124278298227,110228674594,,,,,109736000000,119720000000,121645000000,111503000000,,,,,66311000000,74705000000,84445000000,75440000000,,,,,,,,,,,,,,,296081000000,37270000000,44776000000,277609000000,,,,,,30106000000,238778000000,,219166000000,26580000000,,,,,,,,,66627029927,,,51890239539,67109576416,50956490096,,
ifrs-full_SaleOrIssueOfTreasuryShares,자기주식의 처분 및 발행,,,,,,,,,,,,,,,,,,,,,,,,,,,,,,,,,,,,,,,,,,,,,,,,,,,,,,,,,,,,,,,,,,720000000,,0,,0,,720000000,,,,,,,,,,,,,,,,,,,,,1017895992,,1017895992,,,,,,,,,,,,,,,,,,,,,,,,,,,,,,,,,,,,,,,,,,,,,,,,,,,,,,,,,,,,,,,,,,,,,,,,,,,,,,,,,,,,,,,,
ifrs-full_SellingGeneralAndAdministrativeExpense,판매 및 일반관리비,,,,,40560000000,9866000000,24745000000,9625000000,,,,,,9625000000,9866000000,40560000000,24745000000,,,,,,,,,,,,,,,,7376000000,5819000000,6073000000,6073000000,7098000000,5819000000,7098000000,7376000000,,,,,,,16393622759,15848336368,15848336368,16393622759,15848336368,16393622759,16393622759,15848336368,,,,,,,,,,,870000000,870000000,906000000,906000000,906000000,906000000,870000000,870000000,,,3125855545,6827376359,3263283914,2400919476,3125855545,6827376359,3263283914,2400919476,,,,,,,,,,,7491372889,5082588551,7493767389,5089000551,,,5082588551,7491372889,7493767389,5089000551,88528000000,88009000000,76584000000,,,,,,,76593000000,,,88009000000,76584000000,88528000000,76593000000,,,,,,18511059004,18285873935,7590385282,8459447682,,,,,18511059004,8459447682,7590385282,18285873935,,,,,6887000000,3646000000,5494000000,4212000000,5494000000,3646000000,4212000000,6887000000,,,9499000000,17004000000,23808000000,30634000000,,,,,,23808000000,30634000000,17004000000,9499000000,,,,,,601138127,754734658,3422642901,2139795879,601138127,754734658,2139795879,3422642901,,,,,,,,
ifrs-full_ServicesReceivedRelatedPartyTransactions,"제공받은용역, 특수관계자거래",,,,,,,,,,,,,,,,,,,,,,,,,,,,,,,,,,,,,,,,,,,,,,,,,,,,,,,,,,,,,,,,,,12606000000,,38766000000,,25901000000,,883000000,,,,,,,,,,,,,,,,,,,,,,,,,,,,,,,,,,,,,,,,,,,,,,,,,,,,,,,,,,,,,,,,,,,,,,,,,,,,,,,,,,,,,,,,,,,,,,,,,,,,,,,,,,,,,,,
ifrs-full_ShareOfOtherComprehensiveIncomeOfAssociatesAndJointVenturesAccountedForUsingEquityMethodThatWillBeReclassifiedToProfitOrLossNetOfTax,당기손익으로 재분류되는 지분법 적용대상 관계기업과 공동기업의 세후기타포괄손익에 대한 지분,,,,,13933000000,,407000000,,,,,,,,,13933000000,407000000,,478000000,0,0,478000000,478000000,478000000,0,0,,,,,,,12000000,,0,0,,,,12000000,,,,,,,2885816,,9381657,,9381657,2885816,,,,,,,,,,,,,,,,,,,,,,,,,,,,,,,,,,,,,,,,,,,1762735177,-258097714,,,,,1762735177,-258097714,21027000000,,,,,,,,,17786000000,,,,,21027000000,17786000000,,,,,,45727371903,24415898126,,,,,,,45727371903,,,24415898126,,,,,,,,,,,,,,,10092000000,-211000000,,,,,,,,,,-211000000,10092000000,,,,,,7911570671,1179580484,,,7911570671,1179580484,,,,,,,,,,
ifrs-full_ShareOfProfitLossOfAssociatesAndJointVenturesAccountedForUsingEquityMethod,지분법 적용대상인 관계기업과 공동기업의 당기순손익에 대한 지분,,,,,8638000000,,6342000000,,,,,,,,,8638000000,6342000000,,,,,,,,,,,,,,,,,,,,,,,,,,,,,,,,,,,,,,,,,,,,,,,,,,,,,,,,,,,,,,,,,,,,,,,,,,,,,,,,,,,,,,,,,,,,,,,,,,,,,,,,,,,,,,,,,,,,,,,,,,,-517000000,,,-232000000,,,-232000000,-517000000,,,,,,,,,,,,,,,,,,,,,1667903847,-175621200,,,1667903847,-175621200,,,,,,,,,,
ifrs-full_SharesInEntityHeldByEntityOrByItsSubsidiariesOrAssociates,"발행주식 중 당해 기업, 종속기업 또는 관계기업이 소유하고 있는 주식수",,,,,,,,,,,,,,,,,,,,,,,,,,,,,,,,,,,,,,,,,,,,,,,,,,,,,,,,,,,,,,,,,,,,,,,,,,,,,,,,,,,,,,,,,,,,,,,,,,,,,,,,,,,,,,,,,,,,,,,,6601149,5144977,6601149,5144977,,,,,,,,,,,,,,,,,,,,,,,,,,,,,,,,,,,,,,,,,,,,,,,,,,,,,,,,,,,,
ifrs-full_ShorttermDepositsClassifiedAsCashEquivalents,현금성자산으로 분류된 단기예금,416760000000,488551000000,197621000000,250848000000,,,,,,,,,,,,,,,,,,,,,,,,,,,,,,,,,,,,,,,,,,,,,,,,,,,,,,,,,,,,,,,,,,,,,,,,,,,,,,,,,,,,,,,,,,,,,,,,,,,,,,,,,,,,,,,,,,,,,,,,,,,,,,,,,,,,,,,,,,,,,,,,,,,,,,,,,,,,,,,,,,,,,,,,,,,,,,,,,,,
ifrs-full_TransferFromInvestmentPropertyUnderConstructionOrDevelopmentInvestmentProperty,건설 혹은 개발 중인 투자부동산으로부터의 대체,,,,,,,,,,,,,,,,,,,,,,,,,,,,,,,,,,,,,,,,,,,,,,,,,,,,,,,,,,,,,,,,,,,,,,,,,,,,,,,,,,,,,,,,,,,,,,,,,,,,,,,0,0,0,,,,,,,0,,,,,,,,,,,,,,,,,,,,,,,,,,,,,,,,,,,,,,,,,,,,,,,,,,,,,,,,,,,,,,,,,,,,,,,
ifrs-full_TransferFromToInventoriesAndOwnerOccupiedPropertyInvestmentProperty,투자부동산을 재고자산이나 자가사용부동산으로 대체하거나 재고자산이나 자가사용부동산을 투자부동산으로 대체,,,,,1016000000,1307000000,2796000000,1496000000,,,,,,,,,,,,,,,,,,,,,,,,,,,,,,,,,,,,,,,,,,,,,,,,,,,,,,,,,,,,,,,,,,,,,,,,,,,,,,,,,,,,,,,,,,,,,,,,,,,,,,,,,,,,,,,,,,,,,,,,,,,,,,,,,,,,,,,,,,,,,,9020000000,-13080000000,2634000000,9694000000,,,,,,,,,,,,,,,,,,,,,,,,,,,,,,
ifrs-full_TreasuryShares,자기주식,,,,,,,,,,,,,,,,,,,,,,,,,,,,,,,,,,,,,,,,,,,,,,,,,,,,,,,,,,,,,,,,,,,,,,,,,,,,,,,,,,,,,,,,,,,,,,,,,,,,,,,,,,,,,,,,,,,,,,,,1215420000000,947336000000,1215420000000,947336000000,,,,,,,,,,,,,,,,,,,,,,,,,,,,,,,,,,,,,,,,,,,,,,,,,,,,,,,,,,,,
ifrs-full_UndiscountedFinanceLeasePaymentsToBeReceived,받게 될 할인되지 않은 금융 리스료,,,,,,,,,,,,,,,,,,,,,,,,,,,,,,,,,,,,,,,,,,,,,,,,,,,,,,,,,,,,,,,,,,,,,,,,,,,,,,,,,,,,,,,,,,,,,,,,,,,,,,,,,,36312000000,36721000000,,,,,,,,,,,,,,,,,,,,,,,,,,,,,,,,,,,,,,,,,,,,,,,,,,,,,,,,,,,,,,,,,,,,,,,,,,,,
ifrs-full_UndiscountedOperatingLeasePaymentsToBeReceived,받게 될 할인되지 않은 운용 리스료,,,,,,,,,,,,,,,,,,,,,,,,,,,,,,,,,,,,,,,,,,,,,,,,,,,,,,,,,,,,,,,,,,,,,,,,,,,,,,,,,,,,,,,,,,,,,,,,,,,,,,,,,,224812000000,221431000000,,,,,,,,,,,,,,,,,,,,,,,,,,,,,,,,,,,,,,,,,,,,,,,,,,,,,,,,,,,,,,,,,,,,,,,,,,,,
ifrs-full_UnusedProvisionReversedOtherProvisions,"환입된 충당부채, 기타충당부채",,,,,,,,,,,,,,,,,,,,,,,,,,,,,,,,,,,,,,,,,,,,,,,,,,,,,,,,,,,,,,,,,,,,,,,,,,,,,,,,,,,,,,,,,,,,,,,,,,,,,,,425727000000,425738000000,0,,,,,,,27341000000,,,,,,,,,,,,,,,,,,,,,,,,,,,,,,,,,,,,,,,,,,,,,,,,,,,,,,,,,,,,,,,,,,,,,,,
ifrs-full_WagesAndSalaries,임금,,,,,,,,,,,,,,,,,,,,,,,,,,,,,,,,,,,,,,,,,,,,,,,,,,,,,,,,,,,,,,,,,,18896000000,,18672000000,,18672000000,,18896000000,,,,,,,,,,,,,,,,,,,,,,,,,,,,,,,,,,,,,,,,,,,,,,,,,,,,11889000000,14128000000,11997000000,14122000000,,,,,,,,,,,,,,,,,,,,,,,,,,,,,,,,,,,,,,,,,,,,,,,,,,,,,,,,
dart_GainsOnValuationOfDerivativesBeforeCreditRiskAdjustmentOfGainsLossesOnChangeInFairValueOfDerivativesLineItemsOfGainsLossesOnChangeInFairValueOfDerivativesTableOfItems,,,,,,78158000000,185941000000,237176000000,78239000000,,,,,,,,,,,,,,,,,,,,,,,,,,,,,,,,,,,,,,,,,,,,,,,,,,,,,,,,,,,,,,,,,,,,,,,,,,,,,,,,,,,,,,,,,,,,,,,,,,,,,,,,,,,,,,,,,,,,,,,,,,,,,,,,,,,,,,,,,,,,,,,,,,,,,,,,,,,,,,,,,,,,,,,,,,,,,,,
dart_GainsOnValuationOfDerivativesCreditRiskAdjustmentOfGainsLossesOnChangeInFairValueOfDerivativesLineItemsOfGainsLossesOnChangeInFairValueOfDerivativesTableOfItems,,,,,,3622000000,0,-835000000,0,,,,,,,,,,,,,,,,,,,,,,,,,,,,,,,,,,,,,,,,,,,,,,,,,,,,,,,,,,,,,,,,,,,,,,,,,,,,,,,,,,,,,,,,,,,,,,,,,,,,,,,,,,,,,,,,,,,,,,,,,,,,,,,,,,,,,,,,,,,,,,,,,,,,,,,,,,,,,,,,,,,,,,,,,,,,,,,
dart_GuaranteeDepositRentRelatedPartyTransactionsOfLiabilitiesRelatedPartyTransactionsOfDisclosureOfOutstandingBalancesForRelatedPartyTransactionsTableOfItems,,,,,,2309000000,,,17103000000,2309000000,16962000000,,,,,,,,,,,,,,,,,,,,,,,,,,,,,,,,,,,,,,,,,,,,,,,,,,,,,,,,,,,,,,,,,,,,,,,,,,,,,,,,,,,,,,,,,,,,,,,,,,,,,,,,,,,,,,,,,,,,,,,,,,,,,,,,,,,,,,,,,,,,,,,,,,,,,,,,,,,,,,,,,,,,,,,,,,,,,
dart_MiscellaneousOtherFinancialLiabilitiesOfOtherFinancialLiabilitiesLineItemsOfOtherFinancialLiabilitiesTableOfItems,,,,0,460891000000,,,,,,,,,,,,,,,,,,,,,,,,,,,,,,,,,,,,,,,,,,,,,,,,,,,,,,,,,,,,,,,,,,,,,,,,,,,,,,,,,,,,,,,,,,,,,,,,,,,,,,,,,,,,,,,,,,,,,,,,,,,,,,,,,,,,,,,,,,,,,,,,,,,,,,,,,,,,,,,,,,,,,,,,,,,,,,,,,,,
dart_DividendInsuranceContractsIssuedThatAreLiabilitiesOfInsuranceContractsIssuedThatAreLiabilities,,4418957000000,4290072000000,3774708000000,3689358000000,,,,,,,,,,,,,,,,,,,,,,,,,,,,,,,,,,,,,,,,,,,,,,,,,,,,,,,,,,,,,,,,,,,,,,,,,,,,,,,,,,,,,,,,,,,,,,,,,,,,,,,,,,,,,,,,,,,,,,,,,,,,,,,,,,,,,,,,,,,,,,,,,,,,,,,,,,,,,,,,,,,,,,,,,,,,,,,,,,,
dart_udf_IS_2025228185337724OfOperatingExpenseInvestment,,,,,,,3471000000,,3557000000,,,,,,3557000000,3471000000,,,,,,,,,,,,,,,,,,,,,,,,,,,,,,,,,,,,,,,,,,,,,,,,,,,,,,,,,,,,,,,,,,,,,,,,,,,,,,,,,,,,,,,,,,,,,,,,,,,,,,,,,,,,,,,,,,,,,,,,,,,,,,,,,,,,,,,,,,,,,,,,,,,,,,,,,,,,,,,,,,,,,,,,
dart_udf_IS_202578105940121OfOtherComprehensiveIncomeThatWillBeReclassifiedToProfitOrLossNetOfTax,,,,,,,64454000000,,-604332000000,,,,,,-604332000000,64454000000,,,,,,,,,,,,,,,,,,,,,,,,,,,,,,,,,,,,,,,,,,,,,,,,,,,,,,,,,,,,,,,,,,,,,,,,,,,,,,,,,,,,,,,,,,,,,,,,,,,,,,,,,,,,,,,,,,,,,,,,,,,,,,,,,,,,,,,,,,,,,,,,,,,,,,,,,,,,,,,,,,,,,,,,
dart_ParValueHybridBondsOfDisclosureOfHybridBondsLineitemsOfDisclosureOfHybridBondsTableOfItems,,,,,,1309000000000,867000000000,867000000000,1309000000000,867000000000,867000000000,,,,,,,,,,,,,,,,,,,,,,,,,,,,,,,,,,,,,,,,,,,,,,,,,,,,,,,,,,,,,,,,,,,,,,,,,,,,,,,,,,,,,,,,,,,,,,,,,,,,,,,,,,,,,,,,,,,,,,,,,,,,,,,,,,,,,,,,,,,,,,,,,,,,,,,,,,,,,,,,,,,,,,,,,,,,,
dart_DiscountOnHybridBondsIssuedOfDisclosureOfHybridBondsLineitemsOfDisclosureOfHybridBondsTableOfItems,,,,,,2658000000,1994000000,1994000000,2658000000,1994000000,1994000000,,,,,,,,,,,,,,,,,,,,,,,,,,,,,,,,,,,,,,,,,,,,,,,,,,,,,,,,,,,,,,,,,,,,,,,,,,,,,,,,,,,,,,,,,,,,,,,,,,,,,,,,,,,,,,,,,,,,,,,,,,,,,,,,,,,,,,,,,,,,,,,,,,,,,,,,,,,,,,,,,,,,,,,,,,,,,
dart_BestEstimateLiabilitiesRelatedPartyTransactionsOfLiabilitiesRelatedPartyTransactionsOfDisclosureOfOutstandingBalancesForRelatedPartyTransactionsTableOfItems,,,,,,-2000000,,,-2000000,-2000000,-2000000,,,,,,,,,,,,,,,,,,,,,,,,,,,,,,,,,,,,,,,,,,,,,,,,,,,,,,,,,,,,,,,,,,,,,,,,,,,,,,,,,,,,,,,,,,,,,,,,,,,,,,,,,,,,,,,,,,,,,,,,,,,,,,,,,,,,,,,,,,,,,,,,,,,,,,,,,,,,,,,,,,,,,,,,,,,,,
dart_InvestmentContractsLiabilitiesRelatedPartyTransactionsOfLiabilitiesRelatedPartyTransactionsOfDisclosureOfOutstandingBalancesForRelatedPartyTransactionsTableOfItems,,,,,,58647000000,,,197641000000,58249000000,190501000000,,,,,,,,,,,,,,,,,,,,,,,,,,,,,,,,,,,,,,,,,,,,,,,,,,,,,,,,,,,,,,,,,,,,,,,,,,,,,,,,,,,,,,,,,,,,,,,,,,,,,,,,,,,,,,,,,,,,,,,,,,,,,,,,,,,,,,,,,,,,,,,,,,,,,,,,,,,,,,,,,,,,,,,,,,,,,
dart_IncomeRelatedPartyTransactionsOfDisclosureOfTransactionsBetweenRelatedPartiesLineItemsOfDisclosureOfTransactionsBetweenRelatedPartiesTableOfItems,,,,,,4223000000,100133000000,4257000000,167849000000,,,,,,,,,,,,,,,,,,,,,,,,,,,,,,,,,,,,,,,,,,,,,,,,,,,,,,,,,,,,,,,,,,,,,,,,,,,,,,,,,,,,,,,,,,,,,,,,,,,,,,,,,,,,,,,,,,,,,,,,,,,,,,,,,,,,,,,,,,,,,,41243000000,31265000000,107110000000,97261000000,,,,,,,,,,,,,,,,,,,,,,,,,,,,,,
dart_ExpenseRelatedPartyTransactionsOfDisclosureOfTransactionsBetweenRelatedPartiesLineItemsOfDisclosureOfTransactionsBetweenRelatedPartiesTableOfItems,,,,,,48722000000,150850000000,46764000000,148862000000,,,,,,,,,,,,,,,,,,,,,,,,,,,,,,,,,,,,,,,,,,,,,,,,,,,,,,,,,,,,,,,,,,,,,,,,,,,,,,,,,,,,,,,,,,,,,,,,,,,,,,,,,,,,,,,,,,,,,,,,,,,,,,,,,,,,,,,,,,,,,,111537000000,74870000000,701867000000,807020000000,,,,,,,,,,,,,,,,,,,,,,,,,,,,,,
dart_LoansRelatedPartyTransactionsOfAssetsRelatedPartyTransactionsAbstractOfDisclosureOfOutstandingBalancesForRelatedPartyTransactionsTableOfItems,,,,,,,,,39000000000,,30000000000,,,,,,,,,,,,,,,,,,,,,,,,,,,,,,,,,,,,,,,,,,,,,,,,,,,,,,,,,,,,,,,,,,,,,,,,,,,,,,,,,,,,,,,,,,,,,,,,,,,,,,,,,,,,,,,,,,,,,,,,,,,,,,,,,,,,,,,,,,,,,,,,,,,,,,,,,,,,,,,,,,,,,,,,,,,,,
dart_FinancialLiabilitiesAndLeaseLiabilitiesOfDisclosureOfFinancialLiabilitiesByCategoriesLineItemsOfDisclosureOfFinancialLiabilitiesByCategoryTableOfItems,,20876132000000,22861545000000,16690698000000,17446920000000,,,,,,,,,,,,,,,,,,,,,,,,,,,,,,,,,,,,,,,,,,,,,,,,,,,,,,,,,,,,,,,,,,,,,,,,,,,,,,,,,,,,,,,,,,,,,,,,,,,,,,,,,,,,,,,,,,,,,,,,,,,,,,,,,,,,,,,,,,,,,,,,,,,,,,,,,,,,,,,,,,,,,,,,,,,,,,,,,,,
dart_DividendInsuranceContractsIssuedThatAreAssetsOfInsuranceContractsIssuedThatAreAssets,,0,0,0,0,,,,,,,,,,,,,,,,,,,,,,,,,,,,,,,,,,,,,,,,,,,,,,,,,,,,,,,,,,,,,,,,,,,,,,,,,,,,,,,,,,,,,,,,,,,,,,,,,,,,,,,,,,,,,,,,,,,,,,,,,,,,,,,,,,,,,,,,,,,,,,,,,,,,,,,,,,,,,,,,,,,,,,,,,,,,,,,,,,,
dart_NonDividendInsuranceContractsIssuedThatAreAssetsOfInsuranceContractsIssuedThatAreAssets,,765280000000,716993000000,765280000000,716993000000,,,,,,,,,,,,,,,,,,,,,,,,,,,,,,,,,,,,,,,,,,,,,,,,,,,,,,,,,,,,,,,,,,,,,,,,,,,,,,,,,,,,,,,,,,,,,,,,,,,,,,,,,,,,,,,,,,,,,,,,,,,,,,,,,,,,,,,,,,,,,,,,,,,,,,,,,,,,,,,,,,,,,,,,,,,,,,,,,,,
dart_NonDividendInsuranceContractsIssuedThatAreLiabilitiesOfInsuranceContractsIssuedThatAreLiabilities,,35005873000000,32676170000000,27805396000000,26171282000000,,,,,,,,,,,,,,,,,,,,,,,,,,,,,,,,,,,,,,,,,,,,,,,,,,,,,,,,,,,,,,,,,,,,,,,,,,,,,,,,,,,,,,,,,,,,,,,,,,,,,,,,,,,,,,,,,,,,,,,,,,,,,,,,,,,,,,,,,,,,,,,,,,,,,,,,,,,,,,,,,,,,,,,,,,,,,,,,,,,
dart_VariableInsuranceContractsIssuedThatAreLiabilitiesOfInsuranceContractsIssuedThatAreLiabilities,,1245246000000,1276227000000,,,,,,,,,,,,,,,,,,,,,,,,,,,,,,,,,,,,,,,,,,,,,,,,,,,,,,,,,,,,,,,,,,,,,,,,,,,,,,,,,,,,,,,,,,,,,,,,,,,,,,,,,,25344130000000,25898788000000,,,,,,,,,,,,,,,,,,,,,,,,,,,,,,,,,,,,,,,,,,,,,,,,,,,,,,,,,,,,,,,,,,,,,,,,,,
dart_DepositsRelatedPartyTransactionsOfDisclosureOfOutstandingBalancesForRelatedPartyTransactionsTableOfItems,,,,,,1000000,,,1000000,1000000,1000000,,,,,,,,,,,,,,,,,,,,,,,,,,,,,,,,,,,,,,,,,,,,,,,,,,,,,,,,,,,,,,,,,,,,,,,,,,,,,,,,,,,,,,,,,,,,,,,,,,,,,,,,,,,,,,,,,,,,,,,,,,,,,,,,,,,,,,,,,,,,,,,,,,,,,,,,,,,,,,,,,,,,,,,,,,,,,
dart_OtherInterestRevenueOfRevenueFromInterest,,,,,,1738000000,,2461000000,,,,,,,,,1738000000,2461000000,,,,,,,,,,,,,,,,,,,,,,,,,,,,,,,,,,,,,,,,,,,,,,,,,,,,,,,,,,,,,,,,,,,,,,,,,,,,,,,,,,,,,,,,,,,,,,,,,,,,,,,,,,,,,,,,,,,,,,,,,,,,,,,,,,,,,,,,,,,,,,,,,,,,,,,,,,,,,,,,,,,,,,
dart_SellingGeneralAndAdministrativeExpenseRelatedToRealEstateOfOperatingExpenseInvestment,,,,,,5585000000,,5579000000,,,,,,,,,5585000000,5579000000,,,,,,,,,,,,,,,,,,,,,,,,,,,,,,,,,,,,,,,,,,,,,,,,,,,,,,,,,,,,,,,,,,,,,,,,,,,,,,,,,,,,,,,,,,,,,,,,,,,,,,,,,,,,,,,,,,,,,,,,,,,,,,,,,,,,,,,,,,,,,,,,,,,,,,,,,,,,,,,,,,,,,,
dart_OtherComprehensiveIncomeNetOfTaxGainsAndLossesOnHedgingDerivativesOfOtherComprehensiveIncomeAbstract,,,,,,-761432000000,,106645000000,,,,,,,,,,,,,,,,,,,,,,,,,,,,,,,,,,,,,,,,,,,,,,,,,,,,,,,,,,,,,,,,,,,,,,,,,,,,,,,,,,,,,,,,,,,,,,,,,,,,,,,,,,,,,,,,,,,,,,,,,,,,,,,,,,,,,,,,,,,,,,,,,,,,,,,,,,,,,,,,,,,,,,,,,,,,,,,,
dart_OtherReceivablesRelatedPartyTransactionsOfDisclosureOfOutstandingBalancesForRelatedPartyTransactionsTableOfItems,,,,,,7612000000,,,12751000000,13795000000,20200000000,,,,,,,,,,,,,,,,,,,,,,,,,,,,,,,,,,,,,,,,,,,,,,,,,,,,,,,,,,,,,,,,,,,,,,,,,,,,,,,,,,,,,,,,,,,,,,,,,,,,,,,,,,,,,,,,,,,,,,,,,,,,,,,,,,,,,,,,,,,,,,,,,,,,,,,,,,,,,,,,,,,,,,,,,,,,,
dart_ReserveOfLossesOnHedgingInstrumentsThatHedgeInvestmentsInEquityInstrumentsBeforeTaxOfAccumulatedOtherComprehensiveIncomeLossBeforeTaxOfDerivativesLineitemsOfAccumulatedOtherComprehensiveIncomeLossBeforeTaxOfDerivativesTableOfItems,,4262000000,7244000000,,,,,,,,,,,,,,,,,,,,,,,,,,,,,,,,,,,,,,,,,,,,,,,,,,,,,,,,,,,,,,,,,,,,,,,,,,,,,,,,,,,,,,,,,,,,,,,,,,,,,,,,,,,,,,,,,,,,,,,,,,,,,,,,,,,,,,,,,,,,,,,,,,,,,,,,,,,,,,,,,,,,,,,,,,,,,,,,,,,,,
dart_ReserveOfGainsOnCashFlowHedgeDerivativesBeforeTaxOfAccumulatedOtherComprehensiveIncomeLossBeforeTaxOfDerivativesLineitemsOfAccumulatedOtherComprehensiveIncomeLossBeforeTaxOfDerivativesTableOfItems,,141540000000,122109000000,91978000000,80579000000,,,,,,,,,,,,,,,,,,,,,,,,,,,,,,,,,,,,,,,,,,,,,,,,,,,,,,,,,,,,,,,,,,,,,,,,,,,,,,,,,,,,,,,,,,,,,,,,,,,,,,,,,,,,,,,,,,,,,,,,,,,,,,,,,,,,,,,,,,,,,,,,,,,,,,,,,,,,,,,,,,,,,,,,,,,,,,,,,,,
dart_ReserveOfLossesOnCashFlowHedgeDerivativesBeforeTaxOfAccumulatedOtherComprehensiveIncomeLossBeforeTaxOfDerivativesLineitemsOfAccumulatedOtherComprehensiveIncomeLossBeforeTaxOfDerivativesTableOfItems,,1307810000000,2303757000000,1069732000000,1886598000000,,,,,,,,,,,,,,,,,,,,,,,,,,,,,,,,,,,,,,,,,,,,,,,,,,,,,,,,,,,,,,,,,,,,,,,,,,,,,,,,,,,,,,,,,,,,,,,,,,,,,,,,,,,,,,,,,,,,,,,,,,,,,,,,,,,,,,,,,,,,,,,,,,,,,,,,,,,,,,,,,,,,,,,,,,,,,,,,,,,
dart_BorrowingsRelatedPartyTransactionsOfLiabilitiesRelatedPartyTransactionsAbstractOfDisclosureOfOutstandingBalancesForRelatedPartyTransactionsTableOfItems,,,,,,13000000000,,,,13000000000,,,,,,,,,,,,,,,,,,,,,,,,,,,,,,,,,,,,,,,,,,,,,,,,,,,,,,,,,,,,,,,,,,,,,,,,,,,,,,,,,,,,,,,,,,,,,,,,,,,,,,,,,,,,,,,,,,,,,,,,,,,,,,,,,,,,,,,,,,,,,,,,,,,,,,,,,,,,,,,,,,,,,,,,,,,,,,
dart_ReserveOfGainsAndLossesOnFinancialAssetsAtFairValueThroughOtherComprehensiveIncomeOfAdjustmentsToGainsAndLossesOnFinancialAssetsAtFairValueThroughOtherComprehensiveIncomeLineitemsOfAdjustmentsToGainsAndLossesOnFinancialAssetsAtFairValueThroughOtherComprehensiveIncomeTableTableOfItems,,,,-2507652000000,-3160138000000,,,,,,,-1852516000000,-2129489000000,,,,,,,,,,,,,,,,,,,,,,,,,,,,,,,,,,,,,,,,,,,,,,,,,,,,,,,,,,,,,,,,,,,,,,,,,,,,,,,,,,,,,,,,,,,,,,,,,,,,,,,,,,,,,,,,,,,,,,,,,,,,,,,,,,,,,,,,,,,,,,,,,,,,,,,,,,,,,,,,,,,,,,,,,,,
dart_LossesOnValuationOfDerivativesBeforeCreditRiskAdjustmentOfGainsLossesOnChangeInFairValueOfDerivativesLineItemsOfGainsLossesOnChangeInFairValueOfDerivativesTableOfItems,,,,,,2134868000000,231669000000,321763000000,1409239000000,,,,,,,,,,,,,,,,,,,,,,,,,,,,,,,,,,,,,,,,,,,,,,,,,,,,,,,,,,,,,,,,,,,,,,,,,,,,,,,,,,,,,,,,,,,,,,,,,,,,,,,,,,,,,,,,,,,,,,,,,,,,,,,,,,,,,,,,,,,,,,,,,,,,,,,,,,,,,,,,,,,,,,,,,,,,,,,
dart_LossesOnValuationOfDerivativesCreditRiskAdjustmentOfGainsLossesOnChangeInFairValueOfDerivativesLineItemsOfGainsLossesOnChangeInFairValueOfDerivativesTableOfItems,,,,,,502000000,433000000,432000000,502000000,,,,,,,,,,,,,,,,,,,,,,,,,,,,,,,,,,,,,,,,,,,,,,,,,,,,,,,,,,,,,,,,,,,,,,,,,,,,,,,,,,,,,,,,,,,,,,,,,,,,,,,,,,,,,,,,,,,,,,,,,,,,,,,,,,,,,,,,,,,,,,,,,,,,,,,,,,,,,,,,,,,,,,,,,,,,,,,
dart_ProfitLossForThePeriodAfterAdjustmentsOfDisclosureOfAdjustedProfitLossNetOrRegulatoryReserveLineItemsOfDisclosureOfAdjustedProfitLossNetOfRegulatoryReserveTableOfItems,,,,,,227611000000,446987000000,430786000000,257710000000,,,,,,,,,,,,,,,,,,,,,,,,,,,,,,,,,,,,,,,,,,,,,,,,,,,,,,,,,,,,,,,,,,,,,,,,,,,,,,,,,,,,,,,,,,,,,,,,,,,,,,,,,,,,,,,,,,,,,,,,,,,,,,,,,,,,,,,,,,,,,,,,,,,,,,,,,,,,,,,,,,,,,,,,,,,,,,,
dart_DecreaseDueToPaymentsOfLeaseLiabilitiesOfLeaseAndLeaseLiabilitesAsALesseeLineItemsOfLeaseAndLeaseLiabilitesAsALesseeTableOfItems,,,,,,11248000000,10269000000,11214000000,10492000000,,,,,,,,,,,,,,,,,,,,,,,,,,,,,,,,,,,,,,,,,,,,,,,,,,,,,,,,,,,,,,,,,,,,,,,,,,,,,,,,,,,,,,,,,,,,,,,,,,,,,,,,,,,,,,,,,,,,,,,,,,,,,,,,,,,,,,,,,,,,,,,,,,,,,,,,,,,,,,,,,,,,,,,,,,,,,,,
dart_OtherDebtRelatedPartyTransactionsOfLiabilitiesRelatedPartyTransactionsOfDisclosureOfOutstandingBalancesForRelatedPartyTransactionsTableOfItems,,,,,,26952000000,,,49541000000,30057000000,58463000000,,,,,,,,,,,,,,,,,,,,,,,,,,,,,,,,,,,,,,,,,,,,,,,,,,,,,,,,,,,,,,,,,,,,,,,,,,,,,,,,,,,,,,,,,,,,,,,,,,,,,,,,,,,,,,,,,,,,,,,,,,,,,,,,,,,,,,,,,,,,,,,,,,,,,,,,,,,,,,,,,,,,,,,,,,,,,
dart_DistributionIncomeOfGainsLossesOnFinancialInstrumentsByCategoriesLineItemsOfGainsLossesFinancialInstrumentsByCategoryTableOfItems,,,,,,129237000000,132130000000,98443000000,212479000000,,,,,,,,,,,,,,,,,,,,,,,,,,,,,,,,,,,,,,,,,,,,,,,,,,,,,,,,,,,,,,,,,,,,,,,,,,,,,,,,,,,,,,,,,,,,,,,,,,,,,,,,,,,,,,,,,,,,,,,,,,,,,,,,,,,,,,,,,,,,,,,,,,,,,,,,,,,,,,,,,,,,,,,,,,,,,,,
dart_ChangeOfConsolidatedScopeAndEtcOfCashFlowsFromUsedInInvestingActivities,,,,,,3840000000,,4258000000,,,,,,,,,,,,,,,,,,,,,,,,,,,,,,,,,,,,,,,,,,,,,,,,,,,,,,,,,,,,,,,,,,,,,,,,,,,,,,,,,,,,,,,,,,,,,,,,,,,,,,,,,,,,,,,,,,,,,,,,,,,,,,,,,,,,,,,,,,,,,,,,,,,,,,,,,,,,,,,,,,,,,,,,,,,,,,,,
dart_udf_CE_2025721225050582OfOtherComprehensiveIncomeAbstract,,,,,,,64454000000,,-604332000000,,,,,,,,,,,,,,,,,,,,,,,,,,,,,,,,,,,,,,,,,,,,,,,,,,,,,,,,,,,,,,,,,,,,,,,,,,,,,,,,,,,,,,,,,,,,,,,,,,,,,,,,,,,,,,,,,,,,,,,,,,,,,,,,,,,,,,,,,,,,,,,,,,,,,,,,,,,,,,,,,,,,,,,,,,,,,,,
dart_ReserveOfLossesOnHedgesOfNetInvestmentsInForeignOperationsBeforeTaxOfAccumulatedOtherComprehensiveIncomeLossBeforeTaxOfDerivativesLineitemsOfAccumulatedOtherComprehensiveIncomeLossBeforeTaxOfDerivativesTableOfItems,,80322000000,94615000000,,,,,,,,,,,,,,,,,,,,,,,,,,,,,,,,,,,,,,,,,,,,,,,,,,,,,,,,,,,,,,,,,,,,,,,,,,,,,,,,,,,,,,,,,,,,,,,,,,,,,,,,,,,,,,,,,,,,,,,,,,,,,,,,,,,,,,,,,,,,,,,,,,,,,,,,,,,,,,,,,,,,,,,,,,,,,,,,,,,,,
dart_RevenueRelatedToInsuranceOfRevenueOfDisclosureOfOperatingSegmentsTableOfItems,,,,,,4471970000000,,4273204000000,,,,,,,,,,,,,,,,,,,,,,,,,,,,,,,,,,,,,,,,,,,,,,,,,,,,,,,,,,,,,,,,,,,,,,,,,,,,,,,,,,,,,,,,,,,,,,,,,,,,,,,,,,,,,,,,,,,,,,,,,,,,,,,,,,,,,,,,,,,,,,,,,,,,,,,,,,,,,,,,,,,,,,,,,,,,,,,,
dart_RevenueRelatedToFinancialInstrumentsOfRevenueOfDisclosureOfOperatingSegmentsTableOfItems,,,,,,2495822000000,,1238985000000,,,,,,,,,,,,,,,,,,,,,,,,,,,,,,,,,,,,,,,,,,,,,,,,,,,,,,,,,,,,,,,,,,,,,,,,,,,,,,,,,,,,,,,,,,,,,,,,,,,,,,,,,,,,,,,,,,,,,,,,,,,,,,,,,,,,,,,,,,,,,,,,,,,,,,,,,,,,,,,,,,,,,,,,,,,,,,,,
dart_ExpenseRelatedToFinancialInstrumentsOfOperatingExpenseOfDisclosureOfOperatingSegmentsTableOfItems,,,,,,2068010000000,,824911000000,,,,,,,,,,,,,,,,,,,,,,,,,,,,,,,,,,,,,,,,,,,,,,,,,,,,,,,,,,,,,,,,,,,,,,,,,,,,,,,,,,,,,,,,,,,,,,,,,,,,,,,,,,,,,,,,,,,,,,,,,,,,,,,,,,,,,,,,,,,,,,,,,,,,,,,,,,,,,,,,,,,,,,,,,,,,,,,,
dart_ExpenseRelatedToInsuranceOfOperatingExpenseOfDisclosureOfOperatingSegmentsTableOfItems,,,,,,4571493000000,,4121888000000,,,,,,,,,,,,,,,,,,,,,,,,,,,,,,,,,,,,,,,,,,,,,,,,,,,,,,,,,,,,,,,,,,,,,,,,,,,,,,,,,,,,,,,,,,,,,,,,,,,,,,,,,,,,,,,,,,,,,,,,,,,,,,,,,,,,,,,,,,,,,,,,,,,,,,,,,,,,,,,,,,,,,,,,,,,,,,,,
dart_udf_IS_2025228185049481OfRevenueFromInterest,,,,,,,871000000,,402000000,,,,,,402000000,871000000,,,,,,,,,,,,,,,,,,,,,,,,,,,,,,,,,,,,,,,,,,,,,,,,,,,,,,,,,,,,,,,,,,,,,,,,,,,,,,,,,,,,,,,,,,,,,,,,,,,,,,,,,,,,,,,,,,,,,,,,,,,,,,,,,,,,,,,,,,,,,,,,,,,,,,,,,,,,,,,,,,,,,,,,
dart_OtherComprehensiveIncomeNetOfTaxGainsAndLossesOnHedgingDerivativesOfOtherComprehensiveIncomeThatWillBeReclassifiedToProfitOrLossNetOfTax,,,,,,-761432000000,,106645000000,,,,,,,,,-761432000000,106645000000,,,,,,,,,,,,,,,,,,,,,,,,,,,,,,,,,,,,,,,,,,,,,,,,,,,,,,,,,,,,,,,,,,,,,,,,,,,,,,,,,,,,,,,,,,,,,,,,,,,,,,,,,,,,,,,,,,,,,,,,,,,,,,,,,,,,,,,,,,,,,,,,,,,,,,,,,,,,,,,,,,,,,,
dart_NonControllingInterestsClassifiedAsLiabilityOfOtherFinancialLiabilitiesLineItemsOfOtherFinancialLiabilitiesTableOfItems,,961136000000,998240000000,,,,,,,,,,,,,,,,,,,,,,,,,,,,,,,,,,,,,,,,,,,,,,,,,,,,,,,,,,,,,,,,,,,,,,,,,,,,,,,,,,,,,,,,,,,,,,,,,,,,,,,,,,,,,,,,,,,,,,,,,,,,,,,,,,,,,,,,,,,,,,,,,,,,,,,,,,,,,,,,,,,,,,,,,,,,,,,,,,,,,
dart_OtherCashFlowsFromUsedInInvestingActivitiesOfCashFlowsFromUsedInInvestingActivities,,,,,,,,,,,,,,,,,,,,,-363000000,,-8022000000,,,,,,,,,,,,,,,,,,,,,,,,,,,,,,,,,,,,,,,,,,,,,,,,,,,,,,,,,,,,,,,,,,,,,,,,,,,,,,,,,,,,,,,,,,,,,,,,,,,,,,,,,,,,,,,,,,,,,,,,,,,,,,,,,,,,,,,,,,,,,,,,,,,,,,,,,,,,,,,,,
dart_InsuranceContractLiabilitiesWithoutParticipationFeaturesOfLiabilitiesAbstract,,,,,,,,,,,,,,,,,,,,,,,,,,,,27636366000000,26917287000000,27636366000000,26917287000000,,,,,,,,,,,,,,,,,,,,,,,,,,,,,,,,,,,,,,,,,,,,,,,,,,,,,,,,,,,,,,,,,,,,,,,,,,,,,,,,,,,,,,,,,,,,,,,,,,,,,,,,,,,,,,,,,,,,,,,,,,,,,,,,,,,,,,,,,,,,,,,,,,,,,,,,,
dart_OtherCashFlowsFromUsedInFinancingActivitiesOfCashFlowsFromUsedInFinancingActivities,,,,,,,,,,,,,,,,,,,,,2049000000,,3282000000,-1000000,,-770000000,,,,,,,,,,,,,,,,,,,,,,,,,,,,,,,,,,,,,,,,,,,,,,,,,,,,,,,,,,,,,,,,,,,,,,,,,,,,,,,,,,,,,,,,,,,,,,,,,,,,,,,,,,,,,,,,,,,,,,,,,,,,,,,,,,,,,,,,,,,,,,,,,,,,,,,,,,,,,,
dart_LossFromAssociatesOfOperatingExpenseInvestment,,,,,,,,,,,,,,,,,,,,283000000,151000000,151000000,283000000,,,,,,,,,,,,,,,,,,,,,,,,,,,,,,,,,,,,,,,,,,,,,,,,,,,,,,,,,,,,,,,,,,,,,,,,,,,,,,,,,,,,,,,,,,,,,,,,,,,,,,,,,,,,,,,,,,,,,,,,,,,,,,,,,,,,,,,,,,,,,,,,,,,,,,,,,,,,,,,,,
dart_InsuranceContractLiabilitiesWithParticipationFeaturesOfLiabilitiesAbstract,,,,,,,,,,,,,,,,,,,,,,,,,,,,841004000000,800685000000,841004000000,800685000000,,,,,,,,,,,,,,,,,,,,,,,,,,,,,,,,,,,,,,,,,,,,,,,,,,,,,,,,,,,,,,,,,,,,,,,,,,,,,,,,,,,,,,,,,,,,,,,,,,,,,,,,,,,,,,,,,,,,,,,,,,,,,,,,,,,,,,,,,,,,,,,,,,,,,,,,,
dart_LossFromAssociatesAndSubsidiariesOfOperatingExpenseInvestment,,,,,,,,,,,,,,,,,,,,,,,,283000000,283000000,151000000,151000000,,,,,,,,,,,,,,,,,,,,,,,,,,,,,,,,,,,,,,,,,,,,,,,,,,,,,,,,,,,,,,,,,,,,,,,,,,,,,,,,,,,,,,,,,,,,,,,,,,,,,,,,,,,,,,,,,,,,,,,,,,,,,,,,,,,,,,,,,,,,,,,,,,,,,,,,,,,,,
dart_udf_IS_20231011145754830OfOperatingExpenseInvestment,,,,,,,,,,,,,,,,,,,,,,,,,,,,,,,,,,,10950000000,,,1926000000,10950000000,1926000000,,,,,,,,,,,,,,,,,,,,,,,,,,,,,,,,,,,,,,,,,,,,,,,,,,,,,,,,,,,,,,,,,,,,,,,,,,,,,,,,,,,,,,,,,,,,,,,,,,,,,,,,,,,,,,,,,,,,,,,,,,,,,,,,,,,,,,,,,,,,,,,,
dart_udf_IS_20231011145656635OfOperatingExpenseInvestment,,,,,,,,,,,,,,,,,,,,,,,,,,,,,,,,,,,4169000000,,,2382000000,4169000000,2382000000,,,,,,,,,,,,,,,,,,,,,,,,,,,,,,,,,,,,,,,,,,,,,,,,,,,,,,,,,,,,,,,,,,,,,,,,,,,,,,,,,,,,,,,,,,,,,,,,,,,,,,,,,,,,,,,,,,,,,,,,,,,,,,,,,,,,,,,,,,,,,,,,
dart_GainsonchangeinfairvalueandondisposalofsecuritiesOfOperatingExpenseInvestment,,,,,,,,,,,,,,,,,,,,,,,,,,,,,,,,,,,118978000000,,,111032000000,118978000000,111032000000,,,,,,,,,,,,,,,,,,,,,,,,,,,,,,,,,,,,,,,,,,,,,,,,,,,,,,,,,,,,,,,,,,,,,,,,,,,,,,,,,,,,,,,,,,,,,,,,,,,,,,,,,,,,,,,,,,,,,,,,,,,,,,,,,,,,,,,,,,,,,,,,
dart_udf_IS_2023101114552982OfInvestmentIncome,,,,,,,,,,,,,,,,,,,,,,,,,,,,,,,,,,,6765000000,,,1293000000,6765000000,1293000000,,,,,,,,,,,,,,,,,,,,,,,,,,,,,,,,,,,,,,,,,,,,,,,,,,,,,,,,,,,,,,,,,,,,,,,,,,,,,,,,,,,,,,,,,,,,,,,,,,,,,,,,,,,,,,,,,,,,,,,,,,,,,,,,,,,,,,,,,,,,,,,,
dart_udf_IS_2023101114559173OfInvestmentIncome,,,,,,,,,,,,,,,,,,,,,,,,,,,,,,,,,,,1949000000,,,1272000000,1949000000,1272000000,,,,,,,,,,,,,,,,,,,,,,,,,,,,,,,,,,,,,,,,,,,,,,,,,,,,,,,,,,,,,,,,,,,,,,,,,,,,,,,,,,,,,,,,,,,,,,,,,,,,,,,,,,,,,,,,,,,,,,,,,,,,,,,,,,,,,,,,,,,,,,,,
dart_udf_IS_202485203610486OfInvestmentIncome,,,,,,,,,,,,,,,,,,,,,,,,,,,,,,,,,,,132079000000,,,206089000000,132079000000,206089000000,,,,,,,,,,,,,,,,,,,,,,,,,,,,,,,,,,,,,,,,,,,,,,,,,,,,,,,,,,,,,,,,,,,,,,,,,,,,,,,,,,,,,,,,,,,,,,,,,,,,,,,,,,,,,,,,,,,,,,,,,,,,,,,,,,,,,,,,,,,,,,,,
dart_EffectOfChangesInScopeOfConsolidationOfCashFlowsFromUsedInInvestingActivities,,,,,,,,,,,,,,,,,,,,,,,,,,,,,,,,,,0,,-138347000000,,,,,,,,,,,,,,,,,,,,,,,,,,,,,,,,,,,,,,,,,,,,,,,,,,,,,,,,,,,,,,,,,,,,,,,,,,,,,,,,,,,,,,,,,,,,,,,,,,,,,,,,,,,,,,,,,,,,,,,,,,,,,,,,,,,,,,,,,,,,,,,,,,,,
dart_LossesonchangeinfairvalueofloansandmiscellaneousreceivablesOfOperatingExpenseInvestment,,,,,,,,,,,,,,,,,,,,,,,,,,,,,,,,,,2570000000,,4986000000,4986000000,,,,2570000000,,,,,,,,,,,,,,,,,,,,,,,,,,,,,,,,,,,,,,,,,,,,,,,,,,,,,,,,,,,,,,,,,,,,,,,,,,,,,,,,,,,,,,,,,,,,,,,,,,,,,,,,,,,,,,,,,,,,,,,,,,,,,,,,,,,,,,,,,,,,,,,
dart_LossesondisposalofsubsidiariesOfOperatingExpenseInvestment,,,,,,,,,,,,,,,,,,,,,,,,,,,,,,,,,,647000000,,3181000000,3181000000,,,,647000000,,,,,,,,,,,,,,,,,,,,,,,,,,,,,,,,,,,,,,,,,,,,,,,,,,,,,,,,,,,,,,,,,,,,,,,,,,,,,,,,,,,,,,,,,,,,,,,,,,,,,,,,,,,,,,,,,,,,,,,,,,,,,,,,,,,,,,,,,,,,,,,
dart_InsuranceContractLiabilitiesWithoutParticipatingFeaturesOfInsuranceContractsIssuedThatAreLiabilities,,,,,,,,,,,,,,,,,,,,,,,,,,,,,,,,,,,,,,,,,,,21261741000000,,,22766618000000,,,,,,,,,,,,,,,,,,,,,,,,,,,,,,,,,,,,,,20562820048658,,20583424556709,,22175987330581,22195965682004,,,,,,,,,,,,,,,,,,,,,,,,,,,,,,,,,,,,,,,,,,,,,,,,,,,,,,,,,,,,,,,,,,,,,,,,,,,,,,,,,,,,,,,,,,,,,,,
dart_InsuranceContractLiabilitiesWithParticipatingFeaturesOfInsuranceContractsIssuedThatAreLiabilities,,,,,,,,,,,,,,,,,,,,,,,,,,,,,,,,,,,,,,,,,,3442832000000,3442832000000,,,3501385000000,3501385000000,,,,,,,,,,,,,,,,,,,,,,,,,,,,,,,,,,,,,1529285142771,,1529285142771,,1539723590603,1539723590603,,,,,,,,,,,,,,,,,,,,,,,,,,,,,,,,,,,,,,,,,,,,,,,,,,,,,,,,,,,,,,,,,,,,,,,,,,,,,,,,,,,,,,,,,,,,,,,
dart_GainsonchangeinfairvalueandondisposalofsecuritiesOfInvestmentIncome,,,,,,,,,,,,,,,,,,,,,,,,,,,,,,,,,,206102000000,,137276000000,137276000000,,,,206102000000,,,,,,,,,,,,,,,,,,,,,,,,,,,,,,,,,,,,,,,,,,,,,,,,,,,,,,,,,,,,,,,,,,,,,,,,,,,,,,,,,,,,,,,,,,,,,,,,,,,,,,,,,,,,,,,,,,,,,,,,,,,,,,,,,,,,,,,,,,,,,,,
dart_GainsonchangeinfairvalueofloansandmiscellaneousreceivablesOfInvestmentIncome,,,,,,,,,,,,,,,,,,,,,,,,,,,,,,,,,,1413000000,,2012000000,2012000000,,,,1413000000,,,,,,,,,,,,,,,,,,,,,,,,,,,,,,,,,,,,,,,,,,,,,,,,,,,,,,,,,,,,,,,,,,,,,,,,,,,,,,,,,,,,,,,,,,,,,,,,,,,,,,,,,,,,,,,,,,,,,,,,,,,,,,,,,,,,,,,,,,,,,,,
dart_GainsondisposalofsubsidiariesOfInvestmentIncome,,,,,,,,,,,,,,,,,,,,,,,,,,,,,,,,,,334000000,,513000000,513000000,,,,334000000,,,,,,,,,,,,,,,,,,,,,,,,,,,,,,,,,,,,,,,,,,,,,,,,,,,,,,,,,,,,,,,,,,,,,,,,,,,,,,,,,,,,,,,,,,,,,,,,,,,,,,,,,,,,,,,,,,,,,,,,,,,,,,,,,,,,,,,,,,,,,,,
dart_DOfInsuranceContractsIssuedThatAreLiabilities,,,,,,,,,,,,,,,,,,,,,,,,,,,,,,,,,,,,,,,,,,21208689000000,,,,,22718316000000,,,,,,,,,,,,,,,,,,,,,,,,,,,,,,,,,,,,,,,,,,,,,,,,,,,,,,,,,,,,,,,,,,,,,,,,,,,,,,,,,,,,,,,,,,,,,,,,,,,,,,,,,,,,,,,,,,,,,,,,,,,,,,,,,,,,,,,,,
dart_LossesonchangeinfairvalueandondisposalofsecuritiesOfOperatingExpenseInvestment,,,,,,,,,,,,,,,,,,,,,,,,,,,,,,,,,,112441000000,,134675000000,134675000000,,,,112441000000,,,,,,,,,,,,,,,,,,,,,,,,,,,,,,,,,,,,,,,,,,,,,,,,,,,,,,,,,,,,,,,,,,,,,,,,,,,,,,,,,,,,,,,,,,,,,,,,,,,,,,,,,,,,,,,,,,,,,,,,,,,,,,,,,,,,,,,,,,,,,,,
dart_udf_CE_202431916503934OfOtherComprehensiveIncomeAbstract,,,,,,,,,,,,,,,,,,,,,,,,,,,,,,,,,,,,,,,,,,,,,,,,44975766,,266664856,,,,,,,,,,,,,,,,,,,,,,,,,,,,,,,,,,,,,,,,,,,,,,,,,,,,,,,,,,,,,,,,,,,,,,,,,,,,,,,,,,,,,,,,,,,,,,,,,,,,,,,,,,,,,,,,,,,,,,,,,,,,,,,,,,,,,,
dart_udf_CE_202412915245108OfStatementOfChangesInEquityLineItems,,,,,,,,,,,,,,,,,,,,,,,,,,,,,,,,,,,,,,,,,,,,,,,,8718018727149,,8364878934977,,,,,,,,,,,,,,,,,,,,,,,,,,,,,,,,,,,,,,,,,,,,,,,,,,,,,,,,,,,,,,,,,,,,,,,,,,,,,,,,,,,,,,,,,,,,,,,,,,,,,,,,,,,,,,,,,,,,,,,,,,,,,,,,,,,,,,
dart_EquityAtBeginningOfPeriodAfterChangeOfStatementOfChangesInEquityLineItems,,,,,,,,,,,,,,,,,,,,,,,,,,,,,,,,,,,,,,,,,,,,,,,,,7306220723432,,7654759167916,,,,,,,,,,,,,,,,,,,,,,,,,,,,,,,,,,,,,,,,,,,,,,,,,,,,,,,,,,,,,,,,,,,,,,,,,,,,,,,,,,,,,,,,,,,,,,,,,,,,,,,,,,,,,,,,,,,,,,,,,,,,,,,,,,,,,
dart_DividendsReceivedFromAssociatesOfCashFlowsFromUsedInInvestingActivities,,,,,,,,,,,,,,,,,,,,,,,,,,,,,,,,,,,,,,,,,,,,,,,,,10462718405,,920409000,,,,,,,,,,,,,,,,,,,,,,,,,,,,,,,,,,,,,,,,,,,,,,,,,,,,,,,,,,,,,,,,,,,,,,,,,,,,,,,,,,,,,,,,,,,,,,,,,,,,,,,,,,,,,,,,,,,,,,,,,,,,,,,,,,,,,
dart_udf_CF_202426145957708OfCashFlowsFromUsedInFinancingActivities,,,,,,,,,,,,,,,,,,,,,,,,,,,,,,,,,,,,,,,,,,,,,,,,398361480403,,516440345633,,,,,,,,,,,,,,,,,,,,,,,,,,,,,,,,,,,,,,,,,,,,,,,,,,,,,,,,,,,,,,,,,,,,,,,,,,,,,,,,,,,,,,,,,,,,,,,,,,,,,,,,,,,,,,,,,,,,,,,,,,,,,,,,,,,,,,
dart_udf_CE_2024319164110475OfOtherComprehensiveIncomeAbstract,,,,,,,,,,,,,,,,,,,,,,,,,,,,,,,,,,,,,,,,,,,,,,,,,338356994,,54191605,,,,,,,,,,,,,,,,,,,,,,,,,,,,,,,,,,,,,,,,,,,,,,,,,,,,,,,,,,,,,,,,,,,,,,,,,,,,,,,,,,,,,,,,,,,,,,,,,,,,,,,,,,,,,,,,,,,,,,,,,,,,,,,,,,,,,
dart_DifferentialDividendOfInvestmentsInSubsidiariesOfIncreaseDecreaseThroughTransactionsWithOwnersAbstract,,,,,,,,,,,,,,,,,,,,,,,,,,,,,,,,,,,,,,,,,,,,,,,,0,,0,,,,,,,,,,,,,,,,,,,,,,,,,,,,,,,,,,,,,,,,,,,,,,,,,,,,,,,,,,,,,,,,,,,,,,,,,,,,,,,,,,,,,,,,,,,,,,,,,,,,,,,,,,,,,,,,,,,,,,,,,,,,,,,,,,,,,,
dart_ValuationAndTradingGainsAndLossesFinancialInstrumentsOfGainLossFromFinancialInstrumentsOfGainsLossesFinancialInstrumentsByCategoryTableOfItems,,,,,,,,,,,,,,,,,,,,,,,,,,,,,,,,,,,,,,,,,,,,,,,,,,,,,,,,,,,,,,,,,,,17135000000,,39478000000,,39497000000,,17135000000,,,,,,,,,,,,,,,,,,,,,,,,,,,,,,,,,,,,,,,,,,,,,,,,,,,,,,,,,,,,,,,,,,,,,,,,,,,,,,,,,,,,,,,,,,,,,,,,,,,,,,,,,,,,,,,
dart_ProportionalCommissionsOfGeneralAndAdministrativeExpenseOfDisclosureOfBusinessExpensesRecognizedAsInsuranceOperatingExpensesTableOfItems,,,,,,,,,,,,,,,,,,,,,,,,,,,,,,,,,,,,,,,,,,,,,,,,,,,,,,,,,,,,,,,,,,,114579000000,,100645000000,,100645000000,,114579000000,,,,,,,,,,,,,,,,,,,,,,,,,,,,,,,,,,,,,,,,,,,,,,,,,,,,,,,,,,,,,,,,,,,,,,,,,,,,,,,,,,,,,,,,,,,,,,,,,,,,,,,,,,,,,,,
dart_BranchOperatingCostsOfGeneralAndAdministrativeExpenseOfDisclosureOfBusinessExpensesRecognizedAsInsuranceOperatingExpensesTableOfItems,,,,,,,,,,,,,,,,,,,,,,,,,,,,,,,,,,,,,,,,,,,,,,,,,,,,,,,,,,,,,,,,,,,2857000000,,2363000000,,2363000000,,2857000000,,,,,,,,,,,,,,,,,,,,,,,,,,,,,,,,,,,,,,,,,,,,,,,,,,,,,,,,,,,,,,,,,,,,,,,,,,,,,,,,,,,,,,,,,,,,,,,,,,,,,,,,,,,,,,,
dart_CollectionProcessingCostsOfGeneralAndAdministrativeExpenseOfDisclosureOfBusinessExpensesRecognizedAsInsuranceOperatingExpensesTableOfItems,,,,,,,,,,,,,,,,,,,,,,,,,,,,,,,,,,,,,,,,,,,,,,,,,,,,,,,,,,,,,,,,,,,4892000000,,4669000000,,4669000000,,4892000000,,,,,,,,,,,,,,,,,,,,,,,,,,,,,,,,,,,,,,,,,,,,,,,,,,,,,,,,,,,,,,,,,,,,,,,,,,,,,,,,,,,,,,,,,,,,,,,,,,,,,,,,,,,,,,,
dart_NetIncomeBeforeReserveTransferOfDisclosureOfAdjustedProfitLossNetOrRegulatoryReserveLineItemsOfDisclosureOfAdjustedProfitLossNetOfRegulatoryReserveTableOfItems,,,,,,,,,,,,,,,,,,,,,,,,,,,,,,,,,,,,,,,,,,,,,,,,,,,,,,,,,,,,,,,,,,,46740000000,,26692000000,,,,,,,,,,,,,,,,,,,,,,,,,,,,,,,,,,,,,,,,,,,,,,,,,,,,,,,,,,,,,,,,,,,,,,,,,,,,,,,,,,,,,,,,,,,,,,,,,,,,,,,,,,,,,,,,,,,
dart_VariableInsuranceContractLiabilitiesOfInsuranceContractsIssuedThatAreLiabilities,,,,,,,,,,,,,,,,,,,,,,,,,,,,,,,,,,,,,,,,,,,,,,,,,,,,,,,,,,,,,,1545261000000,1463342000000,1545261000000,1463342000000,,,,,,,,,,,,,,,,,,,,,,,,,,,,,,,,,,,,,,,,,,,,,,,,,,,,,,,,,,,,,,,,,,,,,,,,,,,,,,,,,,,,,,,,,,,,,,,,,,,,,,,,,,,,,,,,,,,,,,,
dart_NominalOrPrincipalAmountOfFinancialAssetsPledgedAsCollateralForLiabilitiesOrContingentLiabilitiesOfDisclosureOfFinancialAssetsPledgedAsSecurityLineItemsOfDisclosureOfFinancialAssetsPledgedAsSecurityTableOfItems,,,,,,,,,,,,,,,,,,,,,,,,,,,,,,,,,,,,,,,,,,,,,,,,,,,,,,,,,,,,,,3305153000000,2177176000000,3305153000000,2177176000000,,,,,,,,,2177176000000,,,,,,,,,,,,,,,,,,,,,,,,,,,,,,,,,,,,,,,,,,,,,,,,,,,,,,,,,,,,,,,,,,,,,,,,,,,,,,,,,,,,,,,,,,,,,,,,,,,,,,,,,,,,,,
dart_ForeignExchangeGainsAndLossesOfGainLossFromFinancialInstrumentsOfGainsLossesFinancialInstrumentsByCategoryTableOfItems,,,,,,,,,,,,,,,,,,,,,,,,,,,,,,,,,,,,,,,,,,,,,,,,,,,,,,,,,,,,,,,,,,,47569000000,,64405000000,,64387000000,,47569000000,,,,,,,,,,,,,,,,,,,,,,,,,,,,,,,,,,,,,,,,,,,,,,,,,,,,,,,,,,,,,,,,,,,,,,,,,,,,,,,,,,,,,,,,,,,,,,,,,,,,,,,,,,,,,,,
dart_AdjustedEarningsPerShareReflectingDividendsOnHybridCapitalSecuritiesOfDisclosureOfAdjustedProfitLossNetOrRegulatoryReserveLineItemsOfDisclosureOfAdjustedProfitLossNetOfRegulatoryReserveTableOfItems,,,,,,,,,,,,,,,,,,,,,,,,,,,,,,,,,,,,,,,,,,,,,,,,,,,,,,,,,,,,,,,,,,,-179,,,,,,-183,,,,,,,,,,,,,,,,,,,,,,,,,,,,,,,,,,,,,,,,,,,,,,,,,,,,,,,,,,,,,,,,,,,,,,,,,,,,,,,,,,,,,,,,,,,,,,,,,,,,,,,,,,,,,,,
dart_ParticipatingInsuranceContractLiabilitiesOfInsuranceContractsIssuedThatAreLiabilities,,,,,,,,,,,,,,,,,,,,,,,,,,,,,,,,,,,,,,,,,,,,,,,,,,,,,,,,,,,,,,2754159000000,2925871000000,2754159000000,2925871000000,,,,,,,,,,,,,,,,,,,,,,,,,3728771249554,,3728771249554,,,,,,3936697804752,3936697804752,,,,,,,,71612380000000,67675351000000,71612380000000,67675351000000,,,,,,,,,,,,,,,,,,,,,,,,,,,,,,,,,,,,,,,,,,,,,,,,,,,,,,,,,,,,,,,,,,,,,,,,,,
dart_NonParticipatingInsuranceContractLiabilitiesOfInsuranceContractsIssuedThatAreLiabilities,,,,,,,,,,,,,,,,,,,,,,,,,,,,,,,,,,,,,,,,,,,,,,,,,,,,,,,,,,,,,,22284951000000,23755866000000,22284951000000,23755866000000,,,,,,,,,,,,,,,,,,,,,,,,,,,,,,,,,,,,,,,,,,105050588000000,99834286000000,103889837000000,98696532000000,,,,,,,,,,,,,,,,,,,,,,,,,,,,,,,,,,,,,,,,,,,,,,,,,,,,,,,,,,,,,,,,,,,,,,,,,,
dart_OtherMiscellaneousCostsOfGeneralAndAdministrativeExpenseOfDisclosureOfBusinessExpensesRecognizedAsInsuranceOperatingExpensesTableOfItems,,,,,,,,,,,,,,,,,,,,,,,,,,,,,,,,,,,,,,,,,,,,,,,,,,,,,,,,,,,,,,,,,,,122000000,,160000000,,160000000,,122000000,,,,,,,,,,,,,,,,,,,,,,,,,,,,,,,,,,,,,,,,,,,,,,,,,,,,,,,,,,,,,,,,,,,,,,,,,,,,,,,,,,,,,,,,,,,,,,,,,,,,,,,,,,,,,,,
dart_ResearchAndInvestigationCostsOfGeneralAndAdministrativeExpenseOfDisclosureOfBusinessExpensesRecognizedAsInsuranceOperatingExpensesTableOfItems,,,,,,,,,,,,,,,,,,,,,,,,,,,,,,,,,,,,,,,,,,,,,,,,,,,,,,,,,,,,,,,,,,,1249000000,,1574000000,,1574000000,,1249000000,,,,,,,,,,,,,,,,,,,,,,,,,,,,,,,,,,,,,,,,,,,,,,,,,,,,,,,,,,,,,,,,,,,,,,,,,,,,,,,,,,,,,,,,,,,,,,,,,,,,,,,,,,,,,,,
dart_LeaseDepositOfOtherFinancialLiabilitiesOfOtherFinancialLiabilitiesTableOfItems,,,,,,,,,,,,,,,,,,,,,,,,,,,,,,,,,,,,,,,,,,,,,,,,,,,,,,,,,,,,,,10866000000,10931000000,10147000000,10205000000,,,,,,,,,,,,,,,,,,,,,,,,,,,,,,,,,,,,,,,,,,,,,,,,,,,,,,,,,,,,,,,,,,,,,,,,,,,,,,,,,,,,,,,,,,,,,,,,,,,,,,,,,,,,,,,,,,,,,,,
dart_ConsolidatedNetIncomeBeforeReserveTransferOfDisclosureOfAdjustedProfitLossNetOrRegulatoryReserveLineItemsOfDisclosureOfAdjustedProfitLossNetOfRegulatoryReserveTableOfItems,,,,,,,,,,,,,,,,,,,,,,,,,,,,,,,,,,,,,,,,,,,,,,,,,,,,,,,,,,,,,,,,,,,,,,,25023000000,,46194000000,,,,,,,,,,,,,,,,,,,,,,,,,,,,,,,,,,,,,,,,,,,,,,,,,,,,,,,,,,,,,,,,,,,,,,,,,,,,,,,,,,,,,,,,,,,,,,,,,,,,,,,,,,,,,,,
dart_EquityAtBeginningOfPeriodAfterAdjustmentsOfStatementOfChangesInEquityLineItems,,,,,,,,,,,,,,,,,,,,,,,,,,,,,,,,,,,,,,,,,,,,,,,,,,,,,,,,,,,,,,,,,,,,,,,,,,,,5742709963326,5876286392121,,,,,,,,,,,,,,,,,,,,,,,,,,,,,,,,,,,,,,,,,,,,,,,,,,,,,,,,,,,,,,,,,,,,,,,,,,,,,,,,,,,,,,,,,,,,,,,,,,,,,,,,,,,
dart_ProceedsfromsalesofderivativefinancialliabilitiesheldforhedgingOfCashFlowsFromUsedInInvestingActivities,,,,,,,,,,,,,,,,,,,,,,,,,,,,,,,,,,,,,,,,,,,,,,,,,,,,,,,,,,,,,,,,,,,,,,,,,,,,,,-55253976718,7225684458,,,,,,,,,,,,,,,,,,,,,,,,,,,,,,,,,,,,,,,,,,,,,,,,,,,,,,,,,,,,,,,,,,,,,,,,,,,,,,,,,,,,,,,,,,,,,,,,,,,,,,,,,
dart_InsuranceContractAssetsWithoutParticipatingFeaturesOfInsuranceContractsIssuedThatAreAssets,,,,,,,,,,,,,,,,,,,,,,,,,,,,,,,,,,,,,,,,,,,,,,,,,,,,,,,,,,,,,,,,,,,,,,,,,,,,,,,,,,,,46619391274,,46619391274,,34774598623,34774598623,,,,,,,,,,,,,,,,,,,,,,,,,,,,,,,,,,,,,,,,,,,,,,,,,,,,,,,,,,,,,,,,,,,,,,,,,,,,,,,,,,,,,,,,,,,,,,,
dart_InsuranceContractAssetsWithParticipatingFeaturesOfInsuranceContractsIssuedThatAreAssets,,,,,,,,,,,,,,,,,,,,,,,,,,,,,,,,,,,,,,,,,,,,,,,,,,,,,,,,,,,,,,,,,,,,,,,,,,,,,,,,,,,,0,,0,,0,0,,,,,,,,,,,,,,,,,,,,,,,,,,,,,,,,,,,,,,,,,,,,,,,,,,,,,,,,,,,,,,,,,,,,,,,,,,,,,,,,,,,,,,,,,,,,,,,
dart_udf_CF_20239213435910OfCashFlowsFromUsedInInvestingActivities,,,,,,,,,,,,,,,,,,,,,,,,,,,,,,,,,,,,,,,,,,,,,,,,,,,,,,,,,,,,,,,,,,,,,,,,,,,,7225684458,-55253976718,,,,,,,,,,,,,,,,,,,,,,,,,,,,,,,,,,,,,,,,,,,,,,,,,,,,,,,,,,,,,,,,,,,,,,,,,,,,,,,,,,,,,,,,,,,,,,,,,,,,,,,,,,,
dart_udf_CE_202658174217151OfStatementOfChangesInEquityLineItems,,,,,,,,,,,,,,,,,,,,,,,,,,,,,,,,,,,,,,,,,,,,,,,,,,,,,,,,,,,,,,,,,,,,,,,,,,,,,,5854318798795,5730803162740,,,,,,,,,,,,,,,,,,,,,,,,,,,,,,,,,,,,,,,,,,,,,,,,,,,,,,,,,,,,,,,,,,,,,,,,,,,,,,,,,,,,,,,,,,,,,,,,,,,,,,,,,
dart_GainArisingFromDerecognitionOfFinancialInstrumentsMeasuredAtAmortisedcostOfOperatingExpenseInvestment,,,,,,,,,,,,,,,,,,,,,,,,,,,,,,,,,,,,,,,,,,,,,,,,,,,,,,,,,,,,,,,,,,,,,,,,,,,,,,,,,,,,,,,,,,,,,,2825862383,2623953007,,,,,2623953007,2825862383,,,,,,,,,,,,,,,,,,,,,,,,,,,,,,,,,,,,,,,,,,,,,,,,,,,,,,,,,,,,,,,,,,,,,,,,,,,,,,,,,,,
dart_udf_IS_202445153513828OfInvestmentIncome,,,,,,,,,,,,,,,,,,,,,,,,,,,,,,,,,,,,,,,,,,,,,,,,,,,,,,,,,,,,,,,,,,,,,,,,,,,,,,,,,,,,,,,,,,,,,,,,1513415824,874553707,,,,,1513415824,874553707,,,,,,,,,,,,,,,,,,,,,,,,,,,,,,,,,,,,,,,,,,,,,,,,,,,,,,,,,,,,,,,,,,,,,,,,,,,,,,,,,
dart_StakeMethodProductValuationGainOrLossOfInvestmentIncome,,,,,,,,,,,,,,,,,,,,,,,,,,,,,,,,,,,,,,,,,,,,,,,,,,,,,,,,,,,,,,,,,,,,,,,,,,,,,,,,,,,,,,,,,,,,,,,,1180469520,,,,,,1180469520,,,,,,,,,,,,,,,,,,,,,,,,,,,,,,,,,,,,,,,,,,,,,,,,,,,,,,,,,,,,,,,,,,,,,,,,,,,,,,,,,,
dart_udf_IS_2024319201530452OfInvestmentIncome,,,,,,,,,,,,,,,,,,,,,,,,,,,,,,,,,,,,,,,,,,,,,,,,,,,,,,,,,,,,,,,,,,,,,,,,,,,,,,,,,,,,,,,,,,,,,,,,16262393756,17643775577,,,,,16262393756,17643775577,,,,,,,,,,,,,,,,,,,,,,,,,,,,,,,,,,,,,,,,,,,,,,,,,,,,,,,,,,,,,,,,,,,,,,,,,,,,,,,,,
dart_RentalRuvenueOfInvestmentIncome,,,,,,,,,,,,,,,,,,,,,,,,,,,,,,,,,,,,,,,,,,,,,,,,,,,,,,,,,,,,,,,,,,,,,,,,,,,,,,,,,,,,,,,,,,,,,,,,148011031,131465688,,,,,148011031,131465688,,,,,,,,,,,,,,,,,,,,,,,,,,,,,,,,,,,,,,,,,,,,,,,,,,,,,,,,,,,,,,,,,,,,,,,,,,,,,,,,,
dart_LossFromFinancialAssetsAtAmortisedCostOfOperatingExpenseInvestment,,,,,,,,,,,,,,,,,,,,,,,,,,,,,,,,,,,,,,,,,,,,,,,,,,,,,,,,,,,,,,,,,,,,,,,,,,,,,,,,,,,,,,,,,,,,,,,,2826103320,2624625346,,,,,2826103320,2624625346,,,,,,,,,,,,,,,,,,,,,,,,,,,,,,,,,,,,,,,,,,,,,,,,,,,,,,,,,,,,,,,,,,,,,,,,,,,,,,,,,
dart_EquityMethodValuationLossOfOperatingExpenseInvestment,,,,,,,,,,,,,,,,,,,,,,,,,,,,,,,,,,,,,,,,,,,,,,,,,,,,,,,,,,,,,,,,,,,,,,,,,,,,,,,,,,,,,,,,,,,,,,,,,505394931,,,,,,505394931,,,,,,,,,,,,,,,,,,,,,,,,,,,,,,,,,,,,,,,,,,,,,,,,,,,,,,,,,,,,,,,,,,,,,,,,,,,,,,,,,
dart_OtherInsuranceContractLiabilitiesOfInsuranceContractsIssuedThatAreLiabilities,,,,,,,,,,,,,,,,,,,,,,,,,,,,,,,,,,,,,,,,,,,,,,,,,,,,,,,,,,,,,,,,,,,,,,,,,,,,,,,,,,,,,,,,,,22470663612024,,22470663612024,,,,,,23060000450771,23060000450771,,,,,,,,,,,,,,,,,,,,,,,,,,,,,,,,,,,,,,,,,,,,,,,,,,,,,,,,,,,,,,,,,,,,,,,,,,,,,,,,,,,,,
dart_RentalReturnOfInvestmentIncome,,,,,,,,,,,,,,,,,,,,,,,,,,,,,,,,,,,,,,,,,,,,,,,,,,,,,,,,,,,,,,,,,,,,,,,,,,,,,,,,,,,,,,,,,,,,,,148011031,131465688,,,,,131465688,148011031,,,,,,,,,,,,,,,,,,,,,,,,,,,,,,,,,,,,,,,,,,,,,,,,,,,,,,,,,,,,,,,,,,,,,,,,,,,,,,,,,,,
dart_FeeIncomeOfInvestmentIncome,,,,,,,,,,,,,,,,,,,,,,,,,,,,,,,,,,,,,,,,,,,,,,,,,,,,,,,,,,,,,,,,,,,,,,,,,,,,,,,,,,,,,,,,,,,,,,734968320,1175242597,,,,,1175242597,734968320,,,,,,,,,,,,,,,,,,,,,,,,,,,,,,,,,,,,,,,,,,,,,,,,,,,,,,,,,,,,,,,,,,,,,,,,,,,,,,,,,,,
dart_DispositionIncomeOfLoansAndReceivablesAtAmortisedCostOfInvestmentIncome,,,,,,,,,,,,,,,,,,,,,,,,,,,,,,,,,,,,,,,,,,,,,,,,,,,,,,,,,,,,,,,,,,,,,,,,,,,,,,,,,,,,,,,,,,,,,,1513415824,874553707,,,,,874553707,1513415824,,,,,,,,,,,,,,,,,,,,,,,,,,,,,,,,,,,,,,,,,,,,,,,,,,,,,,,,,,,,,,,,,,,,,,,,,,,,,,,,,,,
dart_CumulativeGainsOrLossesReclassifiedDueToReclassificationAdjustmentsFromDerecognizedFvociFinancialAssetsOfDetailsOfEquityInstrumentsAmongFinancialAssetsMeasuredAtFairValueThroughOtherComprehensiveIncomeOfDisclosureOfDetailsOfEquityInstrumentsAmongFinancialAssetsMeasuredAtFairValueThroughOtherComprehensiveIncomeTableOfItems,,,,,,,,,,,,,,,,,,,,,,,,,,,,,,,,,,,,,,,,,,,,,,,,,,,,,,,,,,,,,,,,,,,,,,,,,,,,,,,,,,,,,,,,,,,,,,,,,,,,,,,,0,,,,,,,,,,,,,,,,,,,,,,,,,,,,,,,,,,,,,,,,,,,,,,,,,,,,,,,,,,,,,,,,,,,,,,,,,,,,,,,,
dart_VariableInsuranceContractsIssuedThatAreLiabilitiesOfInterestBearingLiabilitiesOfInterestRateRiskExposureTableOfItems,,,,,,,,,,,,,,,,,,,,,,,,,,,,,,,,,,,,,,,,,,,,,,,,,,,,,,,,,,,,,,,,,,,,,,,,,,,,,,,,,,,,,,,,,,,,,,,,,,,,,,,,,,,25344130000000,25898788000000,,,,,,,,,,,,,,,,,,,,,,,,,,,,,,,,,,,,,,,,,,,,,,,,,,,,,,,,,,,,,,,,,,,,,,,,,,,,
dart_NetInterestIncomeExcludingPerformanceBasedOfDisclosureOfAnalysisOfInsuranceFinanceIncomeExpensesLineItemsOfDisclosureOfAnalysisOfInsuranceFinanceIncomeExpensesTableOfItems,,,,,,,,,,,,,,,,,,,,,,,,,,,,,,,,,,,,,,,,,,,,,,,,,,,,,,,,,,,,,,,,,,,,,,,,,,,,,,,,,,,,,,,,,,,,,,,,,,,,,,,,1580825000000,1105166000000,1086206000000,,,,,,,1556273000000,,,,,,,,,,,,,,,,,,,,,,,,,,,,,,,,,,,,,,,,,,,,,,,,,,,,,,,,,,,,,,,,,,,,,,,
dart_DividendIncomeExcludingPerformanceBasedOfDisclosureOfAnalysisOfInsuranceFinanceIncomeExpensesLineItemsOfDisclosureOfAnalysisOfInsuranceFinanceIncomeExpensesTableOfItems,,,,,,,,,,,,,,,,,,,,,,,,,,,,,,,,,,,,,,,,,,,,,,,,,,,,,,,,,,,,,,,,,,,,,,,,,,,,,,,,,,,,,,,,,,,,,,,,,,,,,,,,468808000000,452525000000,341601000000,,,,,,,358672000000,,,,,,,,,,,,,,,,,,,,,,,,,,,,,,,,,,,,,,,,,,,,,,,,,,,,,,,,,,,,,,,,,,,,,,,
dart_OtherInvestmentIncomeAndExpensesExcludingPerformanceBasedOfDisclosureOfAnalysisOfInsuranceFinanceIncomeExpensesLineItemsOfDisclosureOfAnalysisOfInsuranceFinanceIncomeExpensesTableOfItems,,,,,,,,,,,,,,,,,,,,,,,,,,,,,,,,,,,,,,,,,,,,,,,,,,,,,,,,,,,,,,,,,,,,,,,,,,,,,,,,,,,,,,,,,,,,,,,,,,,,,,,,148170000000,299857000000,220906000000,,,,,,,17349000000,,,,,,,,,,,,,,,,,,,,,,,,,,,,,,,,,,,,,,,,,,,,,,,,,,,,,,,,,,,,,,,,,,,,,,,
dart_NvestmentIncomeOrLossFromUnitLinkedFundsOfDisclosureOfAnalysisOfInsuranceFinanceIncomeExpensesLineItemsOfDisclosureOfAnalysisOfInsuranceFinanceIncomeExpensesTableOfItems,,,,,,,,,,,,,,,,,,,,,,,,,,,,,,,,,,,,,,,,,,,,,,,,,,,,,,,,,,,,,,,,,,,,,,,,,,,,,,,,,,,,,,,,,,,,,,,,,,,,,,,,1802662000000,1802662000000,447855000000,,,,,,,447855000000,,,,,,,,,,,,,,,,,,,,,,,,,,,,,,,,,,,,,,,,,,,,,,,,,,,,,,,,,,,,,,,,,,,,,,,
dart_InvestmentGainsAndLossesRecognizedAsOtherComprehensiveIncomeOfDisclosureOfAnalysisOfInsuranceFinanceIncomeExpensesLineItemsOfDisclosureOfAnalysisOfInsuranceFinanceIncomeExpensesTableOfItems,,,,,,,,,,,,,,,,,,,,,,,,,,,,,,,,,,,,,,,,,,,,,,,,,,,,,,,,,,,,,,,,,,,,,,,,,,,,,,,,,,,,,,,,,,,,,,,,,,,,,,,,15611380000000,15710954000000,5442812000000,,,,,,,5484513000000,,,,,,,,,,,,,,,,,,,,,,,,,,,,,,,,,,,,,,,,,,,,,,,,,,,,,,,,,,,,,,,,,,,,,,,
dart_NonControllingInterestLiabilitiesOfOtherFinancialLiabilitiesLineItemsOfOtherFinancialLiabilitiesTableOfItems,,,,,,,,,,,,,,,,,,,,,,,,,,,,,,,,,,,,,,,,,,,,,,,,,,,,,,,,,,,,,,,,,,,,,,,,,,,,,,,,,,,,,,,,,,,,,,,,,,,,,,,,4172596000000,,,,,,,,,,,,,,,,4353541000000,,,,,,,,,,,,,,,,,,,,,,,,,,,,,,,,,,,,,,,,,,,,,,,,,,,,,,,,,,,,,,,,
dart_ReductionDueToRepaymentLeaseLiabilityOfDisclosureOfChangesInLeaseLiabilitiesLineItemsOfDisclosureOfChangesInLeaseLiabilitiesTableOfItems,,,,,,,,,,,,,,,,,,,,,,,,,,,,,,,,,,,,,,,,,,,,,,,,,,,,,,,,,,,,,,,,,,,,,,,,,,,,,,,,,,,,,,,,,,,,,,,,,,,,,,,,,,,,,,,,,,,,,,,,,,,,,21855000000,23923000000,22601000000,24189000000,,,,,,,,,,,,,,,,,,,,,,,,,,,,,,,,,,,,,,,,,,,,,,,,,,,,,,,,
dart_OtherComprehensiveIncomeBeforeTaxGainOrLossOnFairValueMeasurementOfFinancialAssetsOfChangesInFairValueOfFinancialAssetsMeasuredAtFairValueThroughOtherComprehensiveIncomeLineItemsOfChangesInFairValueOfFinancialAssetsMeasuredAtFairValueThroughOtherComprehensiveIncomeTableOfItems,,,,,,,,,,,,,,,,,,,,,,,,,,,,,,,,,,,,,,,,,,,,,,,,,,,,,,,,,,,,,,,,,,,,,,,,,,,,,,,,,,,,,,,,,,,,,,,,,,,,,,,,,,,,,,,,,,,,,,,,,,,,,832529000000,3155859000000,832491000000,3156200000000,,,,,,,,,,,,,,,,,,,,,,,,,,,,,,,,,,,,,,,,,,,,,,,,,,,,,,,,
dart_CapitalBeforeTaxOfChangesInFairValueOfFinancialAssetsMeasuredAtFairValueThroughOtherComprehensiveIncomeLineItemsOfChangesInFairValueOfFinancialAssetsMeasuredAtFairValueThroughOtherComprehensiveIncomeTableOfItems,,,,,,,,,,,,,,,,,,,,,,,,,,,,,,,,,,,,,,,,,,,,,,,,,,,,,,,,,,,,,,,,,,,,,,,,,,,,,,,,,,,,,,,,,,,,,,,,,,,,,,,,,,,,,,,,,,,,,,,,,8582421000000,11520003000000,8582593000000,11520172000000,,,,,3170651000000,3970993000000,3170852000000,3970830000000,,,,,,,,,,,,,,,,,,,,,,,,,,,,,,,,,,,,,,,,,,,,,,,,,,,,
dart_OtherComprehensiveIncomeBeforeTaxAccumulatedGainOrLossUponDisposalOfFairValueMeasuredFinancialAssetsOfChangesInFairValueOfFinancialAssetsMeasuredAtFairValueThroughOtherComprehensiveIncomeLineItemsOfChangesInFairValueOfFinancialAssetsMeasuredAtFairValueThroughOtherComprehensiveIncomeTableOfItems,,,,,,,,,,,,,,,,,,,,,,,,,,,,,,,,,,,,,,,,,,,,,,,,,,,,,,,,,,,,,,,,,,,,,,,,,,,,,,,,,,,,,,,,,,,,,,,,,,,,,,,,,,,,,,,,,,,,,,,,,,,,,-32350000000,-218449000000,-32350000000,-218449000000,,,,,,,,,,,,,,,,,,,,,,,,,,,,,,,,,,,,,,,,,,,,,,,,,,,,,,,,
dart_InsuranceContractsIssuedWithParticipationFeaturesThatAreLiabilitiesOfInsuranceContractsIssuedThatAreLiabilities,,,,,,,,,,,,,,,,,,,,,,,,,,,,,,,,,,,,,,,,,,,,,,,,,,,,,,,,,,,,,,,,,,,,,,,,,,,,,,,,,,,,,,,,,,,,,,,,,,,,,,,,,,,,,,,,,,,,,,,,,19532849135347,19075267152070,19532849135347,19075267152070,,,,,,,,,,,,,,,,,,,,,,,,,,,,,,,,,,,,,,,,,,,,,,,,,,,,,,,,,,,,
dart_InsuranceContractsIssuedWithoutParticipationFeaturesThatAreLiabilitiesOfInsuranceContractsIssuedThatAreLiabilities,,,,,,,,,,,,,,,,,,,,,,,,,,,,,,,,,,,,,,,,,,,,,,,,,,,,,,,,,,,,,,,,,,,,,,,,,,,,,,,,,,,,,,,,,,,,,,,,,,,,,,,,,,,,,,,,,,,,,,,,,29201963175479,28138643104968,29517067541319,27759700820980,,,,,,,,,,,,,,,,,,,,,,,,,,,,,,,,,,,,,,,,,,,,,,,,,,,,,,,,,,,,
dart_InsuranceContractsIssuedWithParticipationFeaturesThatAreAssetsOfInsuranceContractsIssuedThatAreAssets,,,,,,,,,,,,,,,,,,,,,,,,,,,,,,,,,,,,,,,,,,,,,,,,,,,,,,,,,,,,,,,,,,,,,,,,,,,,,,,,,,,,,,,,,,,,,,,,,,,,,,,,,,,,,,,,,,,,,,,,,752521,752521,752521,752521,,,,,,,,,,,,,,,,,,,,,,,,,,,,,,,,,,,,,,,,,,,,,,,,,,,,,,,,,,,,
dart_InsuranceContractsIssuedWithoutParticipationFeaturesThatAreAssetsOfInsuranceContractsIssuedThatAreAssets,,,,,,,,,,,,,,,,,,,,,,,,,,,,,,,,,,,,,,,,,,,,,,,,,,,,,,,,,,,,,,,,,,,,,,,,,,,,,,,,,,,,,,,,,,,,,,,,,,,,,,,,,,,,,,,,,,,,,,,,,11538988,0,11538988,0,,,,,,,,,,,,,,,,,,,,,,,,,,,,,,,,,,,,,,,,,,,,,,,,,,,,,,,,,,,,
dart_TransferFromTangibleAssetsAndAssetsUnderConstructionAndTransferToPrepaidValueAddedTaxOfDisclosureOfDetailedInformationAboutInvestmentPropertyLineItemsOfDisclosureOfInvestmentPropertyTableOfItems,,,,,,,,,,,,,,,,,,,,,,,,,,,,,,,,,,,,,,,,,,,,,,,,,,,,,,,,,,,,,,,,,,,,,,,,,,,,,,,,,,,,,,,,,,,,,,,,,,,,,,,,,,,,,,,,,,,,,,,,,,,,,1831000000,-8472000000,-241000000,-2143000000,,,,,,,,,,,,,,,,,,,,,,,,,,,,,,,,,,,,,,,,,,,,,,,,,,,,,,,,
dart_RealEstateMortgageLoansUndiscountedCashFlowsOfLoansAtAmortisedCostUndiscountedCashFlowsOfDisclosureOfLoansAndReceivablesMeasuredAtAmortizedCostByRemainingMaturityTableOfItems,,,,,,,,,,,,,,,,,,,,,,,,,,,,,,,,,,,,,,,,,,,,,,,,,,,,,,,,,,,,,,,,,,,,,,,,,,,,,,,,,,,,,,,,,,,,,,,,,,,,,,,,,,,,,,,,,,,,,,,,,19486015000000,18575886000000,19041870000000,19091010000000,,,,,,,,,,,,,,,,,,,,,,,,,,,,,,,,,,,,,,,,,,,,,,,,,,,,,,,,,,,,
dart_CreditLoanUndiscountedCashFlowsOfLoansAtAmortisedCostUndiscountedCashFlowsOfDisclosureOfLoansAndReceivablesMeasuredAtAmortizedCostByRemainingMaturityTableOfItems,,,,,,,,,,,,,,,,,,,,,,,,,,,,,,,,,,,,,,,,,,,,,,,,,,,,,,,,,,,,,,,,,,,,,,,,,,,,,,,,,,,,,,,,,,,,,,,,,,,,,,,,,,,,,,,,,,,,,,,,,344486000000,328370000000,344486000000,328370000000,,,,,,,,,,,,,,,,,,,,,,,,,,,,,,,,,,,,,,,,,,,,,,,,,,,,,,,,,,,,
dart_PaymentGuaranteeLoanUndiscountedCashFlowsOfLoansAtAmortisedCostUndiscountedCashFlowsOfDisclosureOfLoansAndReceivablesMeasuredAtAmortizedCostByRemainingMaturityTableOfItems,,,,,,,,,,,,,,,,,,,,,,,,,,,,,,,,,,,,,,,,,,,,,,,,,,,,,,,,,,,,,,,,,,,,,,,,,,,,,,,,,,,,,,,,,,,,,,,,,,,,,,,,,,,,,,,,,,,,,,,,,298601000000,278954000000,298601000000,278954000000,,,,,,,,,,,,,,,,,,,,,,,,,,,,,,,,,,,,,,,,,,,,,,,,,,,,,,,,,,,,
dart_IncreaseDecreaseDueToExchangeRateEffectLeaseLiabilitiesOfDisclosureOfChangesInLeaseLiabilitiesLineItemsOfDisclosureOfChangesInLeaseLiabilitiesTableOfItems,,,,,,,,,,,,,,,,,,,,,,,,,,,,,,,,,,,,,,,,,,,,,,,,,,,,,,,,,,,,,,,,,,,,,,,,,,,,,,,,,,,,,,,,,,,,,,,,,,,,,,,,,,,,,,,,,,,,,,,,,,,,,51000000,586000000,,,,,,,,,,,,,,,,,,,,,,,,,,,,,,,,,,,,,,,,,,,,,,,,,,,,,,,,,,
dart_IncreaseDecreaseDueToExchangeRateEffectRightOfUseAssetsOfDisclosureOfChangeInRightOfUseAssetsLineItemsOfDisclosureOfChangeInRightOfUseAssetsTableOfItems,,,,,,,,,,,,,,,,,,,,,,,,,,,,,,,,,,,,,,,,,,,,,,,,,,,,,,,,,,,,,,,,,,,,,,,,,,,,,,,,,,,,,,,,,,,,,,,,,,,,,,,,,,,,,,,,,,,,,,,,,,,,,46000000,570000000,,,,,,,,,,,,,,,,,,,,,,,,,,,,,,,,,,,,,,,,,,,,,,,,,,,,,,,,,,
dart_IncreaseDecreaseDueToReplacementRightOfUseAssetOfDisclosureOfChangeInRightOfUseAssetsLineItemsOfDisclosureOfChangeInRightOfUseAssetsTableOfItems,,,,,,,,,,,,,,,,,,,,,,,,,,,,,,,,,,,,,,,,,,,,,,,,,,,,,,,,,,,,,,,,,,,,,,,,,,,,,,,,,,,,,,,,,,,,,,,,,,,,,,,,,,,,,,,,,,,,,,,,,,,,,0,-142000000,0,0,,,,,,,,,,,,,,,,,,,,,,,,,,,,,,,,,,,,,,,,,,,,,,,,,,,,,,,,
dart_OtherComprehensiveIncomeBeforeTaxOfDisclosureOfChangesInAccumulatedComprehensiveIncomeLineItemsOfDisclosureOfChangesInAccumulatedComprehensiveIncomeTableOfItems,,,,,,,,,,,,,,,,,,,,,,,,,,,,,,,,,,,,,,,,,,,,,,,,,,,,,,,,,,,,,,,,,,,,,,,,,,,,,,,,,,,,,,,,,,,,,,,,,,,,,,,,,,,,,,,,,,,,,,,,,,,,,-7103000000,3967076000000,-72538000000,3908645000000,,,,,,,,,,,,,,,,,,,,,,,,,,,,,,,,,,,,,,,,,,,,,,,,,,,,,,,,
dart_RevaluationReserveBalanceAsOfTheRevaluationBaseDateOfDisclosureOfRevaluationReserveBalanceDetailsLineItemsOfDisclosureOfRevaluationReserveBalanceDetailsTableOfItems,,,,,,,,,,,,,,,,,,,,,,,,,,,,,,,,,,,,,,,,,,,,,,,,,,,,,,,,,,,,,,,,,,,,,,,,,,,,,,,,,,,,,,,,,,,,,,,,,,,,,,,,,,,,,,,,,,,,,,,,,,,,,,1506000000,,1506000000,,,,,,,,,,,,,,,,,,,,,,,,,,,,,,,,,,,,,,,,,,,,,,,,,,,,,,,,
dart_DeferredCorporateTaxRevaluationReserveOfDisclosureOfRevaluationReserveBalanceDetailsLineItemsOfDisclosureOfRevaluationReserveBalanceDetailsTableOfItems,,,,,,,,,,,,,,,,,,,,,,,,,,,,,,,,,,,,,,,,,,,,,,,,,,,,,,,,,,,,,,,,,,,,,,,,,,,,,,,,,,,,,,,,,,,,,,,,,,,,,,,,,,,,,,,,,,,,,,,,,,,,,,8393000000,,8393000000,,,,,,,,,,,,,,,,,,,,,,,,,,,,,,,,,,,,,,,,,,,,,,,,,,,,,,,,
dart_RevaluationTaxEtcRevaluationReserveOfDisclosureOfRevaluationReserveBalanceDetailsLineItemsOfDisclosureOfRevaluationReserveBalanceDetailsTableOfItems,,,,,,,,,,,,,,,,,,,,,,,,,,,,,,,,,,,,,,,,,,,,,,,,,,,,,,,,,,,,,,,,,,,,,,,,,,,,,,,,,,,,,,,,,,,,,,,,,,,,,,,,,,,,,,,,,,,,,,,,,,,,,,3345000000,,3345000000,,,,,,,,,,,,,,,,,,,,,,,,,,,,,,,,,,,,,,,,,,,,,,,,,,,,,,,,
dart_PropertyPlantAndEquipmentBookValueBeforeRevaluationOfDisclosureOfRevaluationReserveBalanceDetailsLineItemsOfDisclosureOfRevaluationReserveBalanceDetailsTableOfItems,,,,,,,,,,,,,,,,,,,,,,,,,,,,,,,,,,,,,,,,,,,,,,,,,,,,,,,,,,,,,,,,,,,,,,,,,,,,,,,,,,,,,,,,,,,,,,,,,,,,,,,,,,,,,,,,,,,,,,,,,,,,,,461968000000,,461968000000,,,,,,,,,,,,,,,,,,,,,,,,,,,,,,,,,,,,,,,,,,,,,,,,,,,,,,,,
dart_AcquisitionCostOfTreasurySharesCanceledPursuantToTheBoardOfDirectorsResolutionOnApril182007OfDisclosureOfClassesOfShareCapitalLineItemsOfDisclosureOfClassesOfShareCapitalTableOfItems,,,,,,,,,,,,,,,,,,,,,,,,,,,,,,,,,,,,,,,,,,,,,,,,,,,,,,,,,,,,,,,,,,,,,,,,,,,,,,,,,,,,,,,,,,,,,,,,,,,,,,,,,,,,,,,,,,,,,,,,,,262821000000,,262821000000,,,,,,,,,,,,,,,,,,,,,,,,,,,,,,,,,,,,,,,,,,,,,,,,,,,,,,,,,,,,
dart_FinancialAssetsDenominatedInForeignCurrencyOriginalCurrencyUsdOfDetailsOfFinancialAssetsDenominatedInForeignCurrencyLineItemsOfDetailsOfFinancialAssetsDenominatedInForeignCurrencyTableOfItems,,,,,,,,,,,,,,,,,,,,,,,,,,,,,,,,,,,,,,,,,,,,,,,,,,,,,,,,,,,,,,,,,,,,,,,,,,,,,,,,,,,,,,,,,,,,,,,,,,,,,,,,,,,,,,,,,,,,,,,,,,9545517000,9180648000,,,,,,,,,,,,,,,,,,,,,,,,,,,,,,,,,,,,,,,,,,,,,,,,,,,,,,,,,,,,,
dart_OtherLoansUndiscountedCashFlowsOfLoansAtAmortisedCostUndiscountedCashFlowsOfDisclosureOfLoansAndReceivablesMeasuredAtAmortizedCostByRemainingMaturityTableOfItems,,,,,,,,,,,,,,,,,,,,,,,,,,,,,,,,,,,,,,,,,,,,,,,,,,,,,,,,,,,,,,,,,,,,,,,,,,,,,,,,,,,,,,,,,,,,,,,,,,,,,,,,,,,,,,,,,,,,,,,,,7244698000000,8549699000000,8190347000000,7572237000000,,,,,,,,,,,,,,,,,,,,,,,,,,,,,,,,,,,,,,,,,,,,,,,,,,,,,,,,,,,,
dart_LoansUnderInsuranceTermsUndiscountedCashFlowsOfLoansAtAmortisedCostUndiscountedCashFlowsOfDisclosureOfLoansAndReceivablesMeasuredAtAmortizedCostByRemainingMaturityTableOfItems,,,,,,,,,,,,,,,,,,,,,,,,,,,,,,,,,,,,,,,,,,,,,,,,,,,,,,,,,,,,,,,,,,,,,,,,,,,,,,,,,,,,,,,,,,,,,,,,,,,,,,,,,,,,,,,,,,,,,,,,,22619000000,22704000000,22619000000,22704000000,,,,,,,,,,,,,,,,,,,,,,,,,,,,,,,,,,,,,,,,,,,,,,,,,,,,,,,,,,,,
dart_CallLoanUndiscountedCashFlowsOfLoansAtAmortisedCostUndiscountedCashFlowsOfDisclosureOfLoansAndReceivablesMeasuredAtAmortizedCostByRemainingMaturityTableOfItems,,,,,,,,,,,,,,,,,,,,,,,,,,,,,,,,,,,,,,,,,,,,,,,,,,,,,,,,,,,,,,,,,,,,,,,,,,,,,,,,,,,,,,,,,,,,,,,,,,,,,,,,,,,,,,,,,,,,,,,,,,300000000,,,,,,,,,,,,,,,,,,,,,,,,,,,,,,,,,,,,,,,,,,,,,,,,,,,,,,,,,,,,,,
dart_IncreaseInOtherFinancialLiabilitiesOfCashFlowsFromUsedInFinancingActivities,,,,,,,,,,,,,,,,,,,,,,,,,,,,,,,,,,,,,,,,,,,,,,,,,,,,,,,,,,,,,,,,,,,,,,,,,,,,,,,,,,,,,,,,,,,,,,,,,,,,,,,,,,,,,,,,,,,,,,,,,,,,,,,,,,,,,,,,,,,,,199000000,8000000,199000000,0,,,,,,,,,,,,,,,,,,,,,,,,,,,,,,,,,,,,,,,,
dart_DecreaseInOtherFinancialLiabilitiesOfCashFlowsFromUsedInFinancingActivities,,,,,,,,,,,,,,,,,,,,,,,,,,,,,,,,,,,,,,,,,,,,,,,,,,,,,,,,,,,,,,,,,,,,,,,,,,,,,,,,,,,,,,,,,,,,,,,,,,,,,,,,,,,,,,,,,,,,,,,,,,,,,,,,,,,,,,,,,,,,,313000000,0,313000000,0,,,,,,,,,,,,,,,,,,,,,,,,,,,,,,,,,,,,,,,,
dart_udf_CE_2026310155325756OfOtherComprehensiveIncomeAbstract,,,,,,,,,,,,,,,,,,,,,,,,,,,,,,,,,,,,,,,,,,,,,,,,,,,,,,,,,,,,,,,,,,,,,,,,,,,,,,,,,,,,,,,,,,,,,,,,,,,,,,,,,,,,,,,,,,,,,,,,,,,,,,,,,,,,,,,,,,,,,,686897000000,-1552386000000,,,,,,,,,,,,,,,,,,,,,,,,,,,,,,,,,,,,,,,,,
dart_FeesAndCommissionIncomeOfInvestmentIncome,,,,,,,,,,,,,,,,,,,,,,,,,,,,,,,,,,,,,,,,,,,,,,,,,,,,,,,,,,,,,,,,,,,,,,,,,,,,,,,,,,,,,,,,,,,,,,,,,,,,,,,,,,,,,,,,,,,,,,,,,,,,,,,,,,,,,,,,,,,,,2668000000,2289000000,2668000000,2289000000,2668000000,2289000000,2289000000,2668000000,,,,,,,,,,,,,,,,,,,,,,,,,,,,,,,,,,,,
dart_IncreaseInReceivablesAtAmortizedCostOfCashFlowsFromUsedInInvestingActivities,,,,,,,,,,,,,,,,,,,,,,,,,,,,,,,,,,,,,,,,,,,,,,,,,,,,,,,,,,,,,,,,,,,,,,,,,,,,,,,,,,,,,,,,,,,,,,,,,,,,,,,,,,,,,,,,,,,,,,,,,,,,,,,,,,,,,,,,,,,,,3459000000,2026000000,3329000000,1936000000,,,,,,,,,,,,,,,,,,,,,,,,,,,,,,,,,,,,,,,,
dart_DecreaseInReceivablesAtAmortizedCostOfCashFlowsFromUsedInInvestingActivities,,,,,,,,,,,,,,,,,,,,,,,,,,,,,,,,,,,,,,,,,,,,,,,,,,,,,,,,,,,,,,,,,,,,,,,,,,,,,,,,,,,,,,,,,,,,,,,,,,,,,,,,,,,,,,,,,,,,,,,,,,,,,,,,,,,,,,,,,,,,,4459000000,2972000000,4004000000,3669000000,,,,,,,,,,,,,,,,,,,,,,,,,,,,,,,,,,,,,,,,
dart_VariableInsuranceContractsOfInsuranceContractsIssuedThatAreLiabilities,,,,,,,,,,,,,,,,,,,,,,,,,,,,,,,,,,,,,,,,,,,,,,,,,,,,,,,,,,,,,,,,,,,,,,,,,,,,,,,,,,,,,,,,,,,,,,,,,,,,,,,,,,,,,,,,,,,,,,,,,,,,,,,,,,,,,,,,,5814381000000,6034423000000,6034423000000,5814380000000,,,,,,,,,,,,,,,,,,,,,,,,,,,,,,,,,,,,,,,,,,,,
dart_NonParticipatingInsuranceContractsOfInsuranceContractsIssuedThatAreLiabilities,,,,,,,,,,,,,,,,,,,,,,,,,,,,,,,,,,,,,,,,,,,,,,,,,,,,,,,,,,,,,,,,,,,,,,,,,,,,,,,,,,,,,,,,,,,,,,,,,,,,,,,,,,,,,,,,,,,,,,,,,,,,,,,,,,,,,,,,,37008315000000,34681371000000,34683926000000,37008627000000,,,,,,,,,,,,,,,,,,,,,,,,,,,,,,,,,,,,,,,,,,,,
dart_ParticipatingInsuranceContractsOfInsuranceContractsIssuedThatAreLiabilities,,,,,,,,,,,,,,,,,,,,,,,,,,,,,,,,,,,,,,,,,,,,,,,,,,,,,,,,,,,,,,,,,,,,,,,,,,,,,,,,,,,,,,,,,,,,,,,,,,,,,,,,,,,,,,,,,,,,,,,,,,,,,,,,,,,,,,,,,5089927000000,4785865000000,4785865000000,5089927000000,,,,,,,,,,,,,,,,,,,,,,,,,,,,,,,,,,,,,,,,,,,,
dart_GainLossFromFinancialInstrumentsAtFairValueThroughOtherComprehensiveIncomeOfOtherComprehensiveIncomeAbstract,,,,,,,,,,,,,,,,,,,,,,,,,,,,,,,,,,,,,,,,,,,,,,,,,,,,,,,,,,,,,,,,,,,,,,,,,,,,,,,,,,,,,,,,,,,,,,,,,,,,,,,,,,,,,,,,,,,,,,,,,,,,,,,,,,,,,,,,,,,,,-1552415000000,,,686982000000,,,,,,,,,,,,,,,,,,,,,,,,,,,,,,,,,,,,,,,,
dart_ReversalsOfImpairmentLossesOfFinancialAssetsRelatedPartyTransactionsOfDisclosureOfTransactionsBetweenRelatedPartiesLineItemsOfDisclosureOfTransactionsBetweenRelatedPartiesTableOfItems,,,,,,,,,,,,,,,,,,,,,,,,,,,,,,,,,,,,,,,,,,,,,,,,,,,,,,,,,,,,,,,,,,,,,,,,,,,,,,,,,,,,,,,,,,,,,,,,,,,,,,,,,,,,,,,,,,,,,,,,,,,,,,,,,,,,,,,,,,,,,,,,,,,,,,,1000000,1000000,,17000000,,,,,,,,,,,,,,,,,,,,,,,,,,,,,,
dart_InvestmentAssetsInAssociatesAndSubsidiariesOfFinancialAssetsOfDisclosureOfFinancialAssetsByCategoryTableOfItems,,,,,,,,,,,,,,,,,,,,,,,,,,,,,,,,,,,,,,,,,,,,,,,,,,,,,,,,,,,,,,,,,,,,,,,,,,,,,,,,,,,,,,,,,,,,,,,,,,,,,,,,,,,,,,,,,,,,,,,,,,,,,,,,,,,,,,,,,,,,,,,,,,,,,,,,,,,,7635524000000,7792880000000,,,,,,,,,,,,,,,,,,,,,,,,,,,
dart_HybridBondsIssueCostOfDetailOfHybridBondsLineItemsOfDetailOfHybridBondsTableOfItems,,,,,,,,,,,,,,,,,,,,,,,,,,,,,,,,,,,,,,,,,,,,,,,,,,,,,,,,,,,,,,,,,,,,,,,,,,,,,,,,,,,,,,,,,,,,,,,,,,,,,,,,,,,,,,,,,,,,,,,,,,,,,,,,,,,,,,,,,,,,,,,,,,,,,,,13447000000,,,13447000000,,,,,13447000000,,,,,,,13447000000,,,,,,,,,,,,,,,,,,
dart_DecreaseInCapitalLeasePaymentReceivablesOfCashFlowsFromUsedInInvestingActivitiesOfCashFlowsFromUsedInInvestingActivities,,,,,,,,,,,,,,,,,,,,,,,,,,,,,,,,,,,,,,,,,,,,,,,,,,,,,,,,,,,,,,,,,,,,,,,,,,,,,,,,,,,,,,,,,,,,,,,,,,,,,,,,,,,,,,,,,,,,,,,,,,,,,,,,,,,,,,,,,,,,,,,,,,,,,,,40000000,90000000,60000000,0,,,,,,,,,,,,,,,,,,,,,,,,,,,,,,
dart_CashFlowsFromLosingControlOfSubsidiariesOrOtherBusinessesClassifiedAsInvestingActivitiesOfCashFlowsFromUsedInInvestingActivitiesOfCashFlowsFromUsedInInvestingActivities,,,,,,,,,,,,,,,,,,,,,,,,,,,,,,,,,,,,,,,,,,,,,,,,,,,,,,,,,,,,,,,,,,,,,,,,,,,,,,,,,,,,,,,,,,,,,,,,,,,,,,,,,,,,,,,,,,,,,,,,,,,,,,,,,,,,,,,,,,,,,,,,,,,,,,,0,-14583000000,,,,,,,,,,,,,,,,,,,,,,,,,,,,,,,,
dart_LiabilitiesOtherThanInsuranceContractsIssuedThatAreLiabilitiesAndReinsuranceContractsHeldThatAreLiabilitiesOfLiabilitiesOfDisclosureOfAssetsAndLiabilitiesByOperatingSegmentsTableOfItems,,,,,,,,,,,,,,,,,,,,,,,,,,,,,,,,,,,,,,,,,,,,,,,,,,,,,,,,,,,,,,,,,,,,,,,,,,,,,,,,,,,,,,,,,,,,,,,,,,,,,,,,,,,,,,,,,,,,,,,,,,,,,,,,,,,,,,,,,,,,,,,,,,,,,,,52089241000000,,,,,,,,,,,,,,,48773299000000,,,,,,,,,,,,,,,,,,
dart_InsuranceContractsIssuedThatAreLiabilitiesAndReinsuranceContractsHeldThatAreLiabilitiesOfLiabilitiesOfDisclosureOfAssetsAndLiabilitiesByOperatingSegmentsTableOfItems,,,,,,,,,,,,,,,,,,,,,,,,,,,,,,,,,,,,,,,,,,,,,,,,,,,,,,,,,,,,,,,,,,,,,,,,,,,,,,,,,,,,,,,,,,,,,,,,,,,,,,,,,,,,,,,,,,,,,,,,,,,,,,,,,,,,,,,,,,,,,,,,,,,,,,,107872878000000,,,,,,,,,,,,,,,113137694000000,,,,,,,,,,,,,,,,,,
dart_ImpairmentLossesOfLoansRelatedPartyTransactionsOfDisclosureOfOutstandingBalancesForRelatedPartyTransactionsLineItemsOfDisclosureOfOutstandingBalancesForRelatedPartyTransactionsTableOfItems,,,,,,,,,,,,,,,,,,,,,,,,,,,,,,,,,,,,,,,,,,,,,,,,,,,,,,,,,,,,,,,,,,,,,,,,,,,,,,,,,,,,,,,,,,,,,,,,,,,,,,,,,,,,,,,,,,,,,,,,,,,,,,,,,,,,,,,,,,,,,,,,,,,,,,,17000000,,,503000000,,,,,520000000,,,,,,,18000000,,,,,,,,,,,,,,,,,,
dart_ExpenseRelatedPartyTransactionsOfDisclosureOfSubtotalOfTransactionsBetweenRelatedPartiesLineItemsOfDisclosureOfSubtotalOfTransactionsBetweenRelatedPartiesTableOfItems,,,,,,,,,,,,,,,,,,,,,,,,,,,,,,,,,,,,,,,,,,,,,,,,,,,,,,,,,,,,,,,,,,,,,,,,,,,,,,,,,,,,,,,,,,,,,,,,,,,,,,,,,,,,,,,,,,,,,,,,,,,,,,,,,,,,,,,,,,,,,,,,,,,,,,,111537000000,74870000000,701867000000,807020000000,,,,,,,,,,,,,,,,,,,,,,,,,,,,,,
dart_OtherIncomeRelatedPartyTransactionsOfDisclosureOfSubtotalOfTransactionsBetweenRelatedPartiesLineItemsOfDisclosureOfSubtotalOfTransactionsBetweenRelatedPartiesTableOfItems,,,,,,,,,,,,,,,,,,,,,,,,,,,,,,,,,,,,,,,,,,,,,,,,,,,,,,,,,,,,,,,,,,,,,,,,,,,,,,,,,,,,,,,,,,,,,,,,,,,,,,,,,,,,,,,,,,,,,,,,,,,,,,,,,,,,,,,,,,,,,,,,,,,,,,,22048000000,11055000000,93496000000,84470000000,,,,,,,,,,,,,,,,,,,,,,,,,,,,,,
dart_RentalIncomeRelatedPartyTransactionsOfDisclosureOfSubtotalOfTransactionsBetweenRelatedPartiesLineItemsOfDisclosureOfSubtotalOfTransactionsBetweenRelatedPartiesTableOfItems,,,,,,,,,,,,,,,,,,,,,,,,,,,,,,,,,,,,,,,,,,,,,,,,,,,,,,,,,,,,,,,,,,,,,,,,,,,,,,,,,,,,,,,,,,,,,,,,,,,,,,,,,,,,,,,,,,,,,,,,,,,,,,,,,,,,,,,,,,,,,,,,,,,,,,,16960000000,17718000000,9615000000,8700000000,,,,,,,,,,,,,,,,,,,,,,,,,,,,,,
dart_IncomeRelatedPartyTransactionsOfDisclosureOfSubtotalOfTransactionsBetweenRelatedPartiesLineItemsOfDisclosureOfSubtotalOfTransactionsBetweenRelatedPartiesTableOfItems,,,,,,,,,,,,,,,,,,,,,,,,,,,,,,,,,,,,,,,,,,,,,,,,,,,,,,,,,,,,,,,,,,,,,,,,,,,,,,,,,,,,,,,,,,,,,,,,,,,,,,,,,,,,,,,,,,,,,,,,,,,,,,,,,,,,,,,,,,,,,,,,,,,,,,,41243000000,31265000000,107110000000,97261000000,,,,,,,,,,,,,,,,,,,,,,,,,,,,,,
dart_InterestIncomeRelatedPartyTransactionsOfDisclosureOfSubtotalOfTransactionsBetweenRelatedPartiesLineItemsOfDisclosureOfSubtotalOfTransactionsBetweenRelatedPartiesTableOfItems,,,,,,,,,,,,,,,,,,,,,,,,,,,,,,,,,,,,,,,,,,,,,,,,,,,,,,,,,,,,,,,,,,,,,,,,,,,,,,,,,,,,,,,,,,,,,,,,,,,,,,,,,,,,,,,,,,,,,,,,,,,,,,,,,,,,,,,,,,,,,,,,,,,,,,,1575000000,1692000000,3999000000,4091000000,,,,,,,,,,,,,,,,,,,,,,,,,,,,,,
dart_DividendTransactionsBetweenEntityRelatedPartyReceiptOfDividendTransactionsBetweenEntityRelatedPartyOfDisclosureOfTheSubtotalOfFinancialTransactionsBetweenRelatedPartiesTableOfItems,,,,,,,,,,,,,,,,,,,,,,,,,,,,,,,,,,,,,,,,,,,,,,,,,,,,,,,,,,,,,,,,,,,,,,,,,,,,,,,,,,,,,,,,,,,,,,,,,,,,,,,,,,,,,,,,,,,,,,,,,,,,,,,,,,,,,,,,,,,,,,,,,,,,,,,7627000000,4214000000,91410000000,82195000000,,,,,,,,,,,,,,,,,,,,,,,,,,,,,,
dart_SecuritiesRelatedPartyTransactionsOfAmountsReceivableRelatedPartyTransactionsOfDisclosureOfOutstandingBalancesForRelatedPartyTransactionsTableOfItems,,,,,,,,,,,,,,,,,,,,,,,,,,,,,,,,,,,,,,,,,,,,,,,,,,,,,,,,,,,,,,,,,,,,,,,,,,,,,,,,,,,,,,,,,,,,,,,,,,,,,,,,,,,,,,,,,,,,,,,,,,,,,,,,,,,,,,,,,,,,,,,,,,,,,,,,,,115000000000,,,,,115000000000,,,,,,,,,,,,,,,,,,,,,,,,,
dart_SecuritiesRelatedPartyTransactionsOfAmountsReceivableRelatedPartyTransactionsOfDisclosureOfTheSubtotalOfOutstandingBalancesForRelatedPartyTransactionsTableOfItems,,,,,,,,,,,,,,,,,,,,,,,,,,,,,,,,,,,,,,,,,,,,,,,,,,,,,,,,,,,,,,,,,,,,,,,,,,,,,,,,,,,,,,,,,,,,,,,,,,,,,,,,,,,,,,,,,,,,,,,,,,,,,,,,,,,,,,,,,,,,,,,,,,,,,,,,,,,,115000000000,115000000000,,,,,,,,,,,,,,,,,,,,,,,,,,,
dart_DividendTransactionsBetweenEntityRelatedPartyPaymentOfDividendTransactionsBetweenEntityRelatedPartyOfDisclosureOfTheSubtotalOfFinancialTransactionsBetweenRelatedPartiesTableOfItems,,,,,,,,,,,,,,,,,,,,,,,,,,,,,,,,,,,,,,,,,,,,,,,,,,,,,,,,,,,,,,,,,,,,,,,,,,,,,,,,,,,,,,,,,,,,,,,,,,,,,,,,,,,,,,,,,,,,,,,,,,,,,,,,,,,,,,,,,,,,,,,,,,,,,,,0,0,0,0,,,,,,,,,,,,,,,,,,,,,,,,,,,,,,
dart_InsuranceExpenseRelatedPartyTransactionsOfDisclosureOfSubtotalOfTransactionsBetweenRelatedPartiesLineItemsOfDisclosureOfSubtotalOfTransactionsBetweenRelatedPartiesTableOfItems,,,,,,,,,,,,,,,,,,,,,,,,,,,,,,,,,,,,,,,,,,,,,,,,,,,,,,,,,,,,,,,,,,,,,,,,,,,,,,,,,,,,,,,,,,,,,,,,,,,,,,,,,,,,,,,,,,,,,,,,,,,,,,,,,,,,,,,,,,,,,,,,,,,,,,,52645000000,48249000000,660373000000,740200000000,,,,,,,,,,,,,,,,,,,,,,,,,,,,,,
dart_ParticipatingInsuranceContractsIssuedThatAreLiabilitiesOfInsuranceContractsIssuedThatAreLiabilities,,,,,,,,,,,,,,,,,,,,,,,,,,,,,,,,,,,,,,,,,,,,,,,,,,,,,,,,,,,,,,,,,,,,,,,,,,,,,,,,,,,,,,,,,,,,,,,,,,,,,,,,,,,,,,,,,,,,,,,,,,,,,,,,,,,,,,,,,,,,,,,,,,,,,,,,,,,27958106000000,28598816000000,27092705000000,29488989000000,,,,,,,,,,,,,,,,,,,,,,,,,,
dart_IncreaseDecreaseThroughTransfersRightOfUseAssetsOfDisclosureOfQuantitativeInformationAboutRightOfUseAssetsLineItemsOfDisclosureOfQuantitativeInformationAboutRightOfUseAssetsTableOfItems,,,,,,,,,,,,,,,,,,,,,,,,,,,,,,,,,,,,,,,,,,,,,,,,,,,,,,,,,,,,,,,,,,,,,,,,,,,,,,,,,,,,,,,,,,,,,,,,,,,,,,,,,,,,,,,,,,,,,,,,,,,,,,,,,,,,,,,,,,,,,,,,,,,,,,,2506000000,117000000,40000000,17000000,,,,,,,,,,,,,,,,,,,,,,,,,,,,,,
dart_BorrowingsAdjustmentAmountOfDisclosureOfDetailedInformationAboutBorrowingsLineItemsOfDisclosureOfDetailedInformationAboutBorrowingsTableOfItems,,,,,,,,,,,,,,,,,,,,,,,,,,,,,,,,,,,,,,,,,,,,,,,,,,,,,,,,,,,,,,,,,,,,,,,,,,,,,,,,,,,,,,,,,,,,,,,,,,,,,,,,,,,,,,,,,,,,,,,,,,,,,,,,,,,,,,,,,,,,,,,,,,,,,,,79642000000,,,,,,,,,,,,,,,79962000000,,,,,,,,,,,,,,,,,,
dart_BorrowingsParValueOfDisclosureOfDetailedInformationAboutBorrowingsLineItemsOfDisclosureOfDetailedInformationAboutBorrowingsTableOfItems,,,,,,,,,,,,,,,,,,,,,,,,,,,,,,,,,,,,,,,,,,,,,,,,,,,,,,,,,,,,,,,,,,,,,,,,,,,,,,,,,,,,,,,,,,,,,,,,,,,,,,,,,,,,,,,,,,,,,,,,,,,,,,,,,,,,,,,,,,,,,,,,,,,,,,,,,,,16330158000000,,,16779258000000,,,,,,,,,,,,,,,,,,,,,,,,,,
dart_OtherComprehensiveIncomeNetOfTaxGainsLossesOnChangeInFairValueOfFinancialLiabilitiesDesignatedAtFairValueThroughProfitOrLossOfOtherComprehensiveIncomeThatWillNotBeReclassifiedToProfitOrLossNetOfTax,,,,,,,,,,,,,,,,,,,,,,,,,,,,,,,,,,,,,,,,,,,,,,,,,,,,,,,,,,,,,,,,,,,,,,,,,,,,,,,,,,,,,,,,,,,,,,,,,,,,,,,,,,,,,,,,,,,,,,,,,,,,,,,,,,,,,,,,,,,,,,,,,,,,,,,84000000,-18000000,,,,,,,,,,-18000000,84000000,,,,,,,,,,,,,,,,,,,,,
dart_OtherAssetsOtherThanFinancialAssetsInvestmentsAccountedForUsingEquityMethodInsuranceContractsIssuedThatAreAssetsAndReinsuranceContractsHeldThatAreAssetsOfAssetsOfDisclosureOfAssetsAndLiabilitiesByOperatingSegmentsTableOfItems,,,,,,,,,,,,,,,,,,,,,,,,,,,,,,,,,,,,,,,,,,,,,,,,,,,,,,,,,,,,,,,,,,,,,,,,,,,,,,,,,,,,,,,,,,,,,,,,,,,,,,,,,,,,,,,,,,,,,,,,,,,,,,,,,,,,,,,,,,,,,,,,,,,,,,,6968609000000,,,,,,,,,,,,,,,6637665000000,,,,,,,,,,,,,,,,,,
dart_InsuranceContractsIssuedThatArAssetsAndReinsuranceContractsHeldThatAreAssetsOfAssetsOfDisclosureOfAssetsAndLiabilitiesByOperatingSegmentsTableOfItems,,,,,,,,,,,,,,,,,,,,,,,,,,,,,,,,,,,,,,,,,,,,,,,,,,,,,,,,,,,,,,,,,,,,,,,,,,,,,,,,,,,,,,,,,,,,,,,,,,,,,,,,,,,,,,,,,,,,,,,,,,,,,,,,,,,,,,,,,,,,,,,,,,,,,,,1188559000000,,,,,,,,,,,,,,,1191787000000,,,,,,,,,,,,,,,,,,
dart_IncreasedecreasethroughaffiliatetransfersnetdefinedbenefitliabilityassetOfChangesInNetDefinedBenefitLiabilityAssetResultingFromMiscellaneousOtherChangesAbstractOfDisclosureOfNetDefinedBenefitLiabilityAssetTableOfItems,,,,,,,,,,,,,,,,,,,,,,,,,,,,,,,,,,,,,,,,,,,,,,,,,,,,,,,,,,,,,,,,,,,,,,,,,,,,,,,,,,,,,,,,,,,,,,,,,,,,,,,,,,,,,,,,,,,,,,,,,,,,,,,,,,,,,,,,,,,,,,,,,,,,,,,1356000000,2742000000,2366000000,57000000,,,,,,,,,,,,,,,,,,,,,,,,,,,,,,
dart_ImpairmentLossRecognisedInProfitOrLossPropertyRightOfUseAssetsOfDisclosureOfQuantitativeInformationAboutRightOfUseAssetsLineItemsOfDisclosureOfQuantitativeInformationAboutRightOfUseAssetsTableOfItems,,,,,,,,,,,,,,,,,,,,,,,,,,,,,,,,,,,,,,,,,,,,,,,,,,,,,,,,,,,,,,,,,,,,,,,,,,,,,,,,,,,,,,,,,,,,,,,,,,,,,,,,,,,,,,,,,,,,,,,,,,,,,,,,,,,,,,,,,,,,,,,,,,,,,,,0,0,,,,,,,,,,,,,,,,,,,,,,,,,,,,,,,,
dart_AcquisitionsThroughBusinessCombinationsRightOfUseAssetsOfDisclosureOfQuantitativeInformationAboutRightOfUseAssetsLineItemsOfDisclosureOfQuantitativeInformationAboutRightOfUseAssetsTableOfItems,,,,,,,,,,,,,,,,,,,,,,,,,,,,,,,,,,,,,,,,,,,,,,,,,,,,,,,,,,,,,,,,,,,,,,,,,,,,,,,,,,,,,,,,,,,,,,,,,,,,,,,,,,,,,,,,,,,,,,,,,,,,,,,,,,,,,,,,,,,,,,,,,,,,,,,0,2270000000,,,,,,,,,,,,,,,,,,,,,,,,,,,,,,,,
dart_IncreaseDecreaseThroughOtherChangesAndNetExchangeDifferencesIntangibleAssetsAndGoodwillOfReconciliationOfChangesInIntangibleAssetsAndGoodwillAbstractOfDisclosureOfReconciliationOfChangesInIntangibleAssetsAndGoodwillTableOfItems,,,,,,,,,,,,,,,,,,,,,,,,,,,,,,,,,,,,,,,,,,,,,,,,,,,,,,,,,,,,,,,,,,,,,,,,,,,,,,,,,,,,,,,,,,,,,,,,,,,,,,,,,,,,,,,,,,,,,,,,,,,,,,,,,,,,,,,,,,,,,,,,,,,,,,,10326000000,-509000000,,,,,,,,,,,,,,,,,,,,,,,,,,,,,,,,
dart_IncreaseDecreaseThroughOtherChangesAndNetExchangeDifferencesInvestmentPropertyOfChangesInInvestmentPropertyAbstractOfDisclosureOfInvestmentPropertyTableOfItems,,,,,,,,,,,,,,,,,,,,,,,,,,,,,,,,,,,,,,,,,,,,,,,,,,,,,,,,,,,,,,,,,,,,,,,,,,,,,,,,,,,,,,,,,,,,,,,,,,,,,,,,,,,,,,,,,,,,,,,,,,,,,,,,,,,,,,,,,,,,,,,,,,,,,,,-3865000000,-2963000000,,,,,,,,,,,,,,,,,,,,,,,,,,,,,,,,
dart_IncreaseDecreaseThroughOtherChangesAndNetExchangeDifferencesPropertyPlantAndEquipmentOfChangesInPropertyPlantAndEquipmentAbstractOfDisclosureOfPropertyPlantAndEquipmentTableOfItems,,,,,,,,,,,,,,,,,,,,,,,,,,,,,,,,,,,,,,,,,,,,,,,,,,,,,,,,,,,,,,,,,,,,,,,,,,,,,,,,,,,,,,,,,,,,,,,,,,,,,,,,,,,,,,,,,,,,,,,,,,,,,,,,,,,,,,,,,,,,,,,,,,,,,,,70000000,-3056000000,,,,,,,,,,,,,,,,,,,,,,,,,,,,,,,,
dart_IncreaseDecreaseInOtherFinancialAssetsOfCashFlowsFromUsedInFinancingActivitiesOfCashFlowsFromUsedInFinancingActivities,,,,,,,,,,,,,,,,,,,,,,,,,,,,,,,,,,,,,,,,,,,,,,,,,,,,,,,,,,,,,,,,,,,,,,,,,,,,,,,,,,,,,,,,,,,,,,,,,,,,,,,,,,,,,,,,,,,,,,,,,,,,,,,,,,,,,,,,,,,,,,,,,,,,,,,-31291000000,-57381000000,,,,,,,,,,,,,,,,,,,,,,,,,,,,,,,,
dart_OtherDebtRelatedPartyTransactionsOfDisclosureOfTheSubtotalOfOutstandingBalancesForRelatedPartyTransactionsLineItemsOfDisclosureOfTheSubtotalOfOutstandingBalancesForRelatedPartyTransactionsTableOfItems,,,,,,,,,,,,,,,,,,,,,,,,,,,,,,,,,,,,,,,,,,,,,,,,,,,,,,,,,,,,,,,,,,,,,,,,,,,,,,,,,,,,,,,,,,,,,,,,,,,,,,,,,,,,,,,,,,,,,,,,,,,,,,,,,,,,,,,,,,,,,,,,,,,,,,,868717000000,,,1320812000000,,,,,1373652000000,,,,,,,859427000000,,,,,,,,,,,,,,,,,,
dart_GuaranteeDepositRentRelatedPartyTransactionsOfDisclosureOfTheSubtotalOfOutstandingBalancesForRelatedPartyTransactionsLineItemsOfDisclosureOfTheSubtotalOfOutstandingBalancesForRelatedPartyTransactionsTableOfItems,,,,,,,,,,,,,,,,,,,,,,,,,,,,,,,,,,,,,,,,,,,,,,,,,,,,,,,,,,,,,,,,,,,,,,,,,,,,,,,,,,,,,,,,,,,,,,,,,,,,,,,,,,,,,,,,,,,,,,,,,,,,,,,,,,,,,,,,,,,,,,,,,,,,,,,3274000000,,,28466000000,,,,,32351000000,,,,,,,6848000000,,,,,,,,,,,,,,,,,,
dart_OtherReceivablesRelatedPartyTransactionsOfDisclosureOfTheSubtotalOfOutstandingBalancesForRelatedPartyTransactionsLineItemsOfDisclosureOfTheSubtotalOfOutstandingBalancesForRelatedPartyTransactionsTableOfItems,,,,,,,,,,,,,,,,,,,,,,,,,,,,,,,,,,,,,,,,,,,,,,,,,,,,,,,,,,,,,,,,,,,,,,,,,,,,,,,,,,,,,,,,,,,,,,,,,,,,,,,,,,,,,,,,,,,,,,,,,,,,,,,,,,,,,,,,,,,,,,,,,,,,,,,55023000000,,,22755000000,,,,,31628000000,,,,,,,51252000000,,,,,,,,,,,,,,,,,,
dart_LoansRelatedPartyTransactionsOfDisclosureOfTheSubtotalOfOutstandingBalancesForRelatedPartyTransactionsLineItemsOfDisclosureOfTheSubtotalOfOutstandingBalancesForRelatedPartyTransactionsTableOfItems,,,,,,,,,,,,,,,,,,,,,,,,,,,,,,,,,,,,,,,,,,,,,,,,,,,,,,,,,,,,,,,,,,,,,,,,,,,,,,,,,,,,,,,,,,,,,,,,,,,,,,,,,,,,,,,,,,,,,,,,,,,,,,,,,,,,,,,,,,,,,,,,,,,,,,,91118000000,,,318696000000,,,,,323485000000,,,,,,,95776000000,,,,,,,,,,,,,,,,,,
dart_NonParticipatingInsuranceContractsIssuedThatAreLiabilitiesOfInsuranceContractsIssuedThatAreLiabilities,,,,,,,,,,,,,,,,,,,,,,,,,,,,,,,,,,,,,,,,,,,,,,,,,,,,,,,,,,,,,,,,,,,,,,,,,,,,,,,,,,,,,,,,,,,,,,,,,,,,,,,,,,,,,,,,,,,,,,,,,,,,,,,,,,,,,,,,,,,,,,,,,,,,,,,,,,,79882649000000,68337014000000,65558822000000,83614091000000,,,,,,,,,,,,,,,,,,,,,,,,,,
dart_CreditDerivativeNumberOfContractsOfDisclosureOfCreditDerivativeContractsLineItemsOfDisclosureOfCreditDerivativeContractsTableOfItems,,,,,,,,,,,,,,,,,,,,,,,,,,,,,,,,,,,,,,,,,,,,,,,,,,,,,,,,,,,,,,,,,,,,,,,,,,,,,,,,,,,,,,,,,,,,,,,,,,,,,,,,,,,,,,,,,,,,,,,,,,,,,,,,,,,,,,,,,,,,,,,,,,,,,,,,,,,69.00,,,,,,,,,,,,,,,,,,,,,,,,,,,,,
dart_SecuritiesBorrowedOfSecuritiesBorrowedLineItemsOfSecuritiesBorrowedTableOfItems,,,,,,,,,,,,,,,,,,,,,,,,,,,,,,,,,,,,,,,,,,,,,,,,,,,,,,,,,,,,,,,,,,,,,,,,,,,,,,,,,,,,,,,,,,,,,,,,,,,,,,,,,,,,,,,,,,,,,,,,,,,,,,,,,,,,,,,,,,,,,,,,,,,,,,,,,,,2056002000000,,,1422355000000,,,,,,,,,,,,,,,,,,,,,,,,,,
dart_OtherExpenseRelatedPartyTransactionsOfDisclosureOfSubtotalOfTransactionsBetweenRelatedPartiesLineItemsOfDisclosureOfSubtotalOfTransactionsBetweenRelatedPartiesTableOfItems,,,,,,,,,,,,,,,,,,,,,,,,,,,,,,,,,,,,,,,,,,,,,,,,,,,,,,,,,,,,,,,,,,,,,,,,,,,,,,,,,,,,,,,,,,,,,,,,,,,,,,,,,,,,,,,,,,,,,,,,,,,,,,,,,,,,,,,,,,,,,,,,,,,,,,,26019000000,24611000000,36107000000,33375000000,,,,,,,,,,,,,,,,,,,,,,,,,,,,,,
dart_FinancialAssetsOtherThanCashAndCashEquivalentsOfAssetsOfDisclosureOfAssetsAndLiabilitiesByOperatingSegmentsTableOfItems,,,,,,,,,,,,,,,,,,,,,,,,,,,,,,,,,,,,,,,,,,,,,,,,,,,,,,,,,,,,,,,,,,,,,,,,,,,,,,,,,,,,,,,,,,,,,,,,,,,,,,,,,,,,,,,,,,,,,,,,,,,,,,,,,,,,,,,,,,,,,,,,,,,,,,,166797351000000,,,,,,,,,,,,,,,167177673000000,,,,,,,,,,,,,,,,,,
dart_AdditionalImpairmentLossesOfFinancialAssetsRelatedPartyTransactionsOfDisclosureOfTransactionsBetweenRelatedPartiesLineItemsOfDisclosureOfTransactionsBetweenRelatedPartiesTableOfItems,,,,,,,,,,,,,,,,,,,,,,,,,,,,,,,,,,,,,,,,,,,,,,,,,,,,,,,,,,,,,,,,,,,,,,,,,,,,,,,,,,,,,,,,,,,,,,,,,,,,,,,,,,,,,,,,,,,,,,,,,,,,,,,,,,,,,,,,,,,,,,,,,,,,,,,,,9000000,,,,,,,,,,,,,,,,,,,,,,,,,,,,,,,
dart_OtherComprehensiveIncomeNetOfTaxGainsLossesOnChangeInFairValueOfFinancialLiabilitiesDesignatedAtFairValueThroughProfitOrLossOfOtherComprehensiveIncomeAbstract,,,,,,,,,,,,,,,,,,,,,,,,,,,,,,,,,,,,,,,,,,,,,,,,,,,,,,,,,,,,,,,,,,,,,,,,,,,,,,,,,,,,,,,,,,,,,,,,,,,,,,,,,,,,,,,,,,,,,,,,,,,,,,,,,,,,,,,,,,,,,,,,,,,,,,,84000000,-18000000,,,,,,,,,,,,,,,,,,,,,,,,,,,,,,,,
dart_IncreaseAndDecreaseOfNonControllingInterestsOfChangesInEquityAbstract,,,,,,,,,,,,,,,,,,,,,,,,,,,,,,,,,,,,,,,,,,,,,,,,,,,,,,,,,,,,,,,,,,,,,,,,,,,,,,,,,,,,,,,,,,,,,,,,,,,,,,,,,,,,,,,,,,,,,,,,,,,,,,,,,,,,,,,,,,,,,,,,,,,,,,,0,3920000000,,,,,,,,,,,,,,,,,,,,,,,,,,,,,,,,
dart_OtherComprehensiveIncomeBeforeTaxInsuranceFinanceIncomeExpensesFromInsuranceContractsOfDisclosureOfAnalysisOfInsuranceFinanceIncomeExpensesTotalOfDisclosureOfAnalysisOfInsuranceFinanceIncomeExpensesTotalTableOfItems,,,,,,,,,,,,,,,,,,,,,,,,,,,,,,,,,,,,,,,,,,,,,,,,,,,,,,,,,,,,,,,,,,,,,,,,,,,,,,,,,,,,,,,,,,,,,,,,,,,,,,,,,,,,,,,,,,,,,,,,,,,,,,,,,,,,,,,,,,,,,,,,,,,,,,,,,,,,,,,,,,,,,,,,,2139359910067,-1781461641164,2139359910067,-1781461641164,,,,,,,,,,,,
dart_DividendinsurancecontractsissuedthatareliabilitiesofinsurancecontractsissuedthatareliabilitiesOfInsuranceContractsIssuedThatAreLiabilities,,,,,,,,,,,,,,,,,,,,,,,,,,,,,,,,,,,,,,,,,,,,,,,,,,,,,,,,,,,,,,,,,,,,,,,,,,,,,,,,,,,,,,,,,,,,,,,,,,,,,,,,,,,,,,,,,,,,,,,,,,,,,,,,,,,,,,,,,,,,,,,,,,,,,,,,,,,,,,,,,,,,,,,,,,,,,,,,,5741574726923,,,5741574726923,5833051592941,5833051592941,,
dart_TransferFromCapitalSurplusToRetainedEarningsOfIncreaseDecreaseThroughTransactionsWithOwnersAbstract,,,,,,,,,,,,,,,,,,,,,,,,,,,,,,,,,,,,,,,,,,,,,,,,,,,,,,,,,,,,,,,,,,,,,,,,,,,,,,,,,,,,,,,,,,,,,,,,,,,,,,,,,,,,,,,,,,,,,,,,,,,,,,,,,,,,,,,,,,,,,,,,,,,,,,,,,,,,,,,,,,,,,,,,,,,0,,,,,,,,,,,,,
dart_TransferFromCapitalSurplustoretainedearningsOfIncreaseDecreaseThroughTransactionsWithOwnersAbstract,,,,,,,,,,,,,,,,,,,,,,,,,,,,,,,,,,,,,,,,,,,,,,,,,,,,,,,,,,,,,,,,,,,,,,,,,,,,,,,,,,,,,,,,,,,,,,,,,,,,,,,,,,,,,,,,,,,,,,,,,,,,,,,,,,,,,,,,,,,,,,,,,,,,,,,,,,,,,,,,,,,,,,,,,0,,,,,,,,,,,,,,,
dart_NondividendinsurancecontractsissuedthatareliabilitiesofinsurancecontractsissuedthatareliabilitiesOfInsuranceContractsIssuedThatAreLiabilities,,,,,,,,,,,,,,,,,,,,,,,,,,,,,,,,,,,,,,,,,,,,,,,,,,,,,,,,,,,,,,,,,,,,,,,,,,,,,,,,,,,,,,,,,,,,,,,,,,,,,,,,,,,,,,,,,,,,,,,,,,,,,,,,,,,,,,,,,,,,,,,,,,,,,,,,,,,,,,,,,,,,,,,,,,,,,,,,,27113891994709,,,27115038711218,29019282386994,29019872812048,,
dart_LoansAtAmortisedCostRelatedPartyTransactionsOfDisclosureOfOutstandingBalancesForRelatedPartyTransactionsLineItemsOfDisclosureOfOutstandingBalancesForRelatedPartyTransactionsTableOfItems,,,,,,,,,,,,,,,,,,,,,,,,,,,,,,,,,,,,,,,,,,,,,,,,,,,,,,,,,,,,,,,,,,,,,,,,,,,,,,,,,,,,,,,,,,,,,,,,,,,,,,,,,,,,,,,,,,,,,,,,,,,,,,,,,,,,,,,,,,,,,,,,,,,,,,,,,,,,,,,,,,,,,,,,,,,,,,,,,208889000,,,208889000,252342324,211555664,,
dart_ReceivablesRelatedPartyTransactionsOfDisclosureOfOutstandingBalancesForRelatedPartyTransactionsLineItemsOfDisclosureOfOutstandingBalancesForRelatedPartyTransactionsTableOfItems,,,,,,,,,,,,,,,,,,,,,,,,,,,,,,,,,,,,,,,,,,,,,,,,,,,,,,,,,,,,,,,,,,,,,,,,,,,,,,,,,,,,,,,,,,,,,,,,,,,,,,,,,,,,,,,,,,,,,,,,,,,,,,,,,,,,,,,,,,,,,,,,,,,,,,,,,,,,,,,,,,,,,,,,,,,,,,,,,1457310518,,,2562584026,1491860831,3228976025,,
dart_PayablesRelatedPartyTransactionsOfDisclosureOfOutstandingBalancesForRelatedPartyTransactionsLineItemsOfDisclosureOfOutstandingBalancesForRelatedPartyTransactionsTableOfItems,,,,,,,,,,,,,,,,,,,,,,,,,,,,,,,,,,,,,,,,,,,,,,,,,,,,,,,,,,,,,,,,,,,,,,,,,,,,,,,,,,,,,,,,,,,,,,,,,,,,,,,,,,,,,,,,,,,,,,,,,,,,,,,,,,,,,,,,,,,,,,,,,,,,,,,,,,,,,,,,,,,,,,,,,,,,,,,,,598092469,,,3354496605,153302884,1240371760,,
dart_DonationsRelatedPartyTransactionsOfDisclosureOfTransactionsBetweenRelatedPartiesLineItemsOfDisclosureOfTransactionsBetweenRelatedPartiesTableOfItems,,,,,,,,,,,,,,,,,,,,,,,,,,,,,,,,,,,,,,,,,,,,,,,,,,,,,,,,,,,,,,,,,,,,,,,,,,,,,,,,,,,,,,,,,,,,,,,,,,,,,,,,,,,,,,,,,,,,,,,,,,,,,,,,,,,,,,,,,,,,,,,,,,,,,,,,,,,,,,,,,,,,,,,,,3500000000,3000000000,3500000000,3000000000,,,,,,,,,,,,
dart_OperatingExpensesRelatedPartyTransactionsOfDisclosureOfTransactionsBetweenRelatedPartiesLineItemsOfDisclosureOfTransactionsBetweenRelatedPartiesTableOfItems,,,,,,,,,,,,,,,,,,,,,,,,,,,,,,,,,,,,,,,,,,,,,,,,,,,,,,,,,,,,,,,,,,,,,,,,,,,,,,,,,,,,,,,,,,,,,,,,,,,,,,,,,,,,,,,,,,,,,,,,,,,,,,,,,,,,,,,,,,,,,,,,,,,,,,,,,,,,,,,,,,,,,,,,,482162261,491265600,36604178377,43415230882,,,,,,,,,,,,
dart_AmortizationRelatingToLiabilitiesArisingFromFinancingActivitiesNonCashChangesInLiabilitiesArisingFromFinancingActivitiesOfDisclosureOfReconciliationOfLiabilitiesArisingFromFinancingActivitiesLineItemsOfDisclosureOfReconciliationOfLiabilitiesArisingFromFinancingActivitiesTableOfItems,,,,,,,,,,,,,,,,,,,,,,,,,,,,,,,,,,,,,,,,,,,,,,,,,,,,,,,,,,,,,,,,,,,,,,,,,,,,,,,,,,,,,,,,,,,,,,,,,,,,,,,,,,,,,,,,,,,,,,,,,,,,,,,,,,,,,,,,,,,,,,,,,,,,,,,,,,,,,,,,,,,,,,,,,1075433065,1481181335,909560822,1195348961,,,,,,,,,,,,
dart_RevenueFromInterestRelatedPartyTransactionsOfDisclosureOfTransactionsBetweenRelatedPartiesLineItemsOfDisclosureOfTransactionsBetweenRelatedPartiesTableOfItems,,,,,,,,,,,,,,,,,,,,,,,,,,,,,,,,,,,,,,,,,,,,,,,,,,,,,,,,,,,,,,,,,,,,,,,,,,,,,,,,,,,,,,,,,,,,,,,,,,,,,,,,,,,,,,,,,,,,,,,,,,,,,,,,,,,,,,,,,,,,,,,,,,,,,,,,,,,,,,,,,,,,,,,,,,,0,2365890409,,,,,,,,,,,,
dart_DistributionIncomeRelatedPartyTransactionsOfDisclosureOfTransactionsBetweenRelatedPartiesLineItemsOfDisclosureOfTransactionsBetweenRelatedPartiesTableOfItems,,,,,,,,,,,,,,,,,,,,,,,,,,,,,,,,,,,,,,,,,,,,,,,,,,,,,,,,,,,,,,,,,,,,,,,,,,,,,,,,,,,,,,,,,,,,,,,,,,,,,,,,,,,,,,,,,,,,,,,,,,,,,,,,,,,,,,,,,,,,,,,,,,,,,,,,,,,,,,,,,,,,,,,,,,,5759633340,5936592700,,,,,,,,,,,,
dart_NonOperatingIncomeRelatedPartyTransactionsOfDisclosureOfTransactionsBetweenRelatedPartiesLineItemsOfDisclosureOfTransactionsBetweenRelatedPartiesTableOfItems,,,,,,,,,,,,,,,,,,,,,,,,,,,,,,,,,,,,,,,,,,,,,,,,,,,,,,,,,,,,,,,,,,,,,,,,,,,,,,,,,,,,,,,,,,,,,,,,,,,,,,,,,,,,,,,,,,,,,,,,,,,,,,,,,,,,,,,,,,,,,,,,,,,,,,,,,,,,,,,,,,,,,,,,,,,97563461,14347500,,,,,,,,,,,,
dart_LossAdjustmentExpensesRelatedPartyTransactionsOfDisclosureOfTransactionsBetweenRelatedPartiesLineItemsOfDisclosureOfTransactionsBetweenRelatedPartiesTableOfItems,,,,,,,,,,,,,,,,,,,,,,,,,,,,,,,,,,,,,,,,,,,,,,,,,,,,,,,,,,,,,,,,,,,,,,,,,,,,,,,,,,,,,,,,,,,,,,,,,,,,,,,,,,,,,,,,,,,,,,,,,,,,,,,,,,,,,,,,,,,,,,,,,,,,,,,,,,,,,,,,,,,,,,,,,,,59111419743,60714629531,,,,,,,,,,,,
dart_AccruedIncomeRelatedPartyTransactionsOfDisclosureOfOutstandingBalancesForRelatedPartyTransactionsLineItemsOfDisclosureOfOutstandingBalancesForRelatedPartyTransactionsTableOfItems,,,,,,,,,,,,,,,,,,,,,,,,,,,,,,,,,,,,,,,,,,,,,,,,,,,,,,,,,,,,,,,,,,,,,,,,,,,,,,,,,,,,,,,,,,,,,,,,,,,,,,,,,,,,,,,,,,,,,,,,,,,,,,,,,,,,,,,,,,,,,,,,,,,,,,,,,,,,,,,,,,,,,,,,,,,,,,,,,45445469,,,,39445160,,,
dart_PropertyManagementExpensesRelatedPartyTransactionsOfDisclosureOfTransactionsBetweenRelatedPartiesLineItemsOfDisclosureOfTransactionsBetweenRelatedPartiesTableOfItems,,,,,,,,,,,,,,,,,,,,,,,,,,,,,,,,,,,,,,,,,,,,,,,,,,,,,,,,,,,,,,,,,,,,,,,,,,,,,,,,,,,,,,,,,,,,,,,,,,,,,,,,,,,,,,,,,,,,,,,,,,,,,,,,,,,,,,,,,,,,,,,,,,,,,,,,,,,,,,,,,,,,,,,,,,,8119918455,6606275888,,,,,,,,,,,,
dart_RealEstateManagementExpensesRelatedPartyTransactionsOfDisclosureOfTransactionsBetweenRelatedPartiesLineItemsOfDisclosureOfTransactionsBetweenRelatedPartiesTableOfItems,,,,,,,,,,,,,,,,,,,,,,,,,,,,,,,,,,,,,,,,,,,,,,,,,,,,,,,,,,,,,,,,,,,,,,,,,,,,,,,,,,,,,,,,,,,,,,,,,,,,,,,,,,,,,,,,,,,,,,,,,,,,,,,,,,,,,,,,,,,,,,,,,,,,,,,,,,,,,,,,,,,,,,,,,,,2315266022,2430124429,,,,,,,,,,,,
dart_InsuranceContractsLiabilityAndOtherLiabilitiesRelatedPartyTransactionsOfDisclosureOfOutstandingBalancesForRelatedPartyTransactionsLineItemsOfDisclosureOfOutstandingBalancesForRelatedPartyTransactionsTableOfItems,,,,,,,,,,,,,,,,,,,,,,,,,,,,,,,,,,,,,,,,,,,,,,,,,,,,,,,,,,,,,,,,,,,,,,,,,,,,,,,,,,,,,,,,,,,,,,,,,,,,,,,,,,,,,,,,,,,,,,,,,,,,,,,,,,,,,,,,,,,,,,,,,,,,,,,,,,,,,,,,,,,,,,,,,,,,,,,,,,,,171067980481,,178083131965,,
dart_AccrualsRelatedPartyTransactionsOfDisclosureOfOutstandingBalancesForRelatedPartyTransactionsLineItemsOfDisclosureOfOutstandingBalancesForRelatedPartyTransactionsTableOfItems,,,,,,,,,,,,,,,,,,,,,,,,,,,,,,,,,,,,,,,,,,,,,,,,,,,,,,,,,,,,,,,,,,,,,,,,,,,,,,,,,,,,,,,,,,,,,,,,,,,,,,,,,,,,,,,,,,,,,,,,,,,,,,,,,,,,,,,,,,,,,,,,,,,,,,,,,,,,,,,,,,,,,,,,,,,,,,,,,,,,29999565524,,31584511901,,
dart_GuaranteeDepositsReceivedRelatedPartyTransactionsOfDisclosureOfOutstandingBalancesForRelatedPartyTransactionsLineItemsOfDisclosureOfOutstandingBalancesForRelatedPartyTransactionsTableOfItems,,,,,,,,,,,,,,,,,,,,,,,,,,,,,,,,,,,,,,,,,,,,,,,,,,,,,,,,,,,,,,,,,,,,,,,,,,,,,,,,,,,,,,,,,,,,,,,,,,,,,,,,,,,,,,,,,,,,,,,,,,,,,,,,,,,,,,,,,,,,,,,,,,,,,,,,,,,,,,,,,,,,,,,,,,,,,,,,,,,,11740011236,,25768004661,,
