account_id,label_kor
dart_AccruedIncomeMember,미수수익 [구성요소]
dart_AdditionDeferredLoanOriginationFeeCost,"신규발생에 따른 증가, 이연대출부대수익(비용)"
dart_AdditionReversalOfCreditLossFinancialAssets,"기대신용손실전(환)입, 금융자산"
dart_AdditionalImpairmentLossesOfFinancialAssets,신용손실충당금 전입액
dart_AdditionsToLeaseLiabilities,리스부채의 추가
dart_AdjustedProfitLossNetOfCapastropheReserve,비상위험준비금 반영후 조정이익
dart_AdjustedProfitLossNetOfRegulatoryReserve,감독목적상 적립금 전입(환입) 후 조정이익
dart_AdjustedProfitLossNetOfRegulatoryReserveForCreditLoss,대손준비금 반영후 조정이익(손실)
dart_AdjustedProfitLossNetOfSurrenderValueReserve,해약환급금준비금 반영후 조정이익
dart_AdjustedProfitLossPerShareNetOfRegulatoryReserve,감독목적상 적립금 전입(환입) 후 주당조정이익
dart_AdjustmentForDecreaseIncreaseInDueFromBanksAtAmortisedCost,상각후원가측정예치금의 감소(증가)
dart_AdjustmentForDecreaseIncreaseInLoansAtAmortisedCost,상각후원가측정대출채권의 감소(증가)
dart_AdjustmentsForAdditionalAllowanceRecognisedInProfitOrLossAllowanceAccountForCreditLossesOfFinancialAssets,신용손실충당금 전입액 조정
dart_AdjustmentsForAssetsLiabilitiesOfOperatingActivities,영업활동으로 인한 자산 부채의 변동
dart_AdjustmentsForBadDebtExpenses,대손상각비 조정
dart_AdjustmentsForDecreaseIncreaseInDeferredLoanOriginationFee,이연대출부대수익의 감소(증가)
dart_AdjustmentsForDecreaseIncreaseInDerivativeAssets,파생상품자산의 감소(증가)
dart_AdjustmentsForDecreaseIncreaseInDuefromBanks,예치금의 감소(증가)
dart_AdjustmentsForDecreaseIncreaseInFinancialAssetsAtAmortisedCostClassifiedAsOperatingActivities,상각후원가측정금융자산의 감소(증가) - 영업활동
dart_AdjustmentsForDecreaseIncreaseInFinancialAssetsAtFairValueThroughProfitOrLossClassifiedAsOperatingActivities,당기손익-공정가치측정금융자산의 감소(증가) - 영업활동
dart_AdjustmentsForDecreaseIncreaseInFinancialAssetsMeasuredAtFairValueThroughOtherComprehensiveIncomeClassifiedAsOperatingActivities,기타포괄손익-공정가치측정금융자산의 감소(증가) - 영업활동
dart_AdjustmentsForDecreaseIncreaseInLoans,대출채권의 감소(증가)
dart_AdjustmentsForDecreaseIncreaseInMiscellaneousReceivables,기타수취채권의 감소(증가)
dart_AdjustmentsForDecreaseIncreaseInReinsuranceContractsHeldThatAreAssets,재보험자산의 감소(증가)
dart_AdjustmentsForDecreaseincreaseInAccruedIncome,미수수익의 감소(증가)
dart_AdjustmentsForDecreaseincreaseInAdvancePayments,선급금의 감소(증가)
dart_AdjustmentsForDecreaseincreaseInFairValueOfPlanAssets,사외적립자산의공정가치의 감소(증가)
dart_AdjustmentsForDecreaseincreaseInOtherReceivables,미수금의 감소(증가)
dart_AdjustmentsForDepreciationInvestmentProperty,투자부동산감가상각비 조정
dart_AdjustmentsForExpenseOfProvisionForDecommissioningRestorationAndRehabilitationCosts,복구충당부채전입액 조정
dart_AdjustmentsForForeignExchangeGain,외화거래이익 조정
dart_AdjustmentsForForeignExchangeLoss,외화거래손실 조정
dart_AdjustmentsForGainFromLeaseContractChange,리스변경이익 조정
dart_AdjustmentsForGainOnDisposalOfInvestmentsInAssociates,관계기업투자자산처분이익 조정
dart_AdjustmentsForGainOnDispositionOfTangibleAssets,유형자산처분이익 조정
dart_AdjustmentsForGainOnForeignExchangeTranslations,외화환산이익 조정
dart_AdjustmentsForGainsOnChangeInFairValueOfDerivatives,파생상품평가이익 조정
dart_AdjustmentsForGainsOnDisposalsOfIntangibleAssets,무형자산처분이익 조정
dart_AdjustmentsForGainsOnDisposalsOfPropertyPlantAndEquipment,유형자산처분이익의 조정
dart_AdjustmentsForGainsOnEvaluationOfFairValueFinancialAssets,당기손익인식금융자산평가이익 조정
dart_AdjustmentsForGainsOnTransactionOfDerivativeFinancialInstrumentsFinancialIncome,파생상품거래이익 조정
dart_AdjustmentsForImpairmentLossInInvestmentsInAssociates,관계기업투자자산손상차손
dart_AdjustmentsForImpairmentLossesOfIntangibleAssets,무형자산손상차손 조정
dart_AdjustmentsForIncreaseDecreaseInDerivativeLiabilities,파생상품부채의 증가(감소)
dart_AdjustmentsForIncreaseDecreaseInFinancialLiabilitiesAtFairValueThroughProfitOrLossClassifiedAsOperatingActivities,당기손익-공정가치측정금융부채의 증가(감소) - 영업활동
dart_AdjustmentsForIncreaseDecreaseInInsuranceContractsIssuedThatAreLiabilities,보험계약부채의 증가(감소)
dart_AdjustmentsForIncreaseDecreaseInLeaseLiabilities,리스부채의 증가(감소)
dart_AdjustmentsForIncreasedecreaseInAccruedExpenses,미지급비용의 증가(감소)
dart_AdjustmentsForIncreasedecreaseInOtherFinancialLiabilities,기타금융부채의 증가(감소)
dart_AdjustmentsForIncreasedecreaseInOtherPayables,미지급금의 증가(감소)
dart_AdjustmentsForIncreasedecreaseInOtherProvisions,기타충당부채의 증가(감소) 조정
dart_AdjustmentsForIncreasedecreaseInPostemploymentBenefitObligations,퇴직급여채무의 증가(감소)
dart_AdjustmentsForIncreasedecreaseInPresentValueOfDefinedBenefitObligation,확정급여채무의현재가치의 증가(감소)
dart_AdjustmentsForIncreasedecreaseInProvisionForDecommissioningRestorationAndRehabilitationCosts,"사후처리, 복구, 정화 비용을 위한 충당부채의 증가(감소)"
dart_AdjustmentsForIncreasedecreaseInProvisions,충당부채의 증가(감소)
dart_AdjustmentsForInterestExpenses,이자비용 조정
dart_AdjustmentsForLossFromLeaseContractChange,리스변경손실 조정
dart_AdjustmentsForLossOnDisposalOfInvestmentsInAssociates,관계기업투자자산처분손실
dart_AdjustmentsForLossesOfAssociatesAndJointVenturesAccountedForUsingEquityMethod,지분법손실 조정
dart_AdjustmentsForLossesOnChangeInFairValueOfDerivatives,파생상품평가손실 조정
dart_AdjustmentsForLossesOnChangeInFairValueOfFinancialAssetsAtFairValueThroughProfitOrLossDesignatedAsUponInitialRecognition,당기손익인식지정금융자산평가손실
dart_AdjustmentsForLossesOnDisposalsOfIntangibleAssets,무형자산처분손실 조정
dart_AdjustmentsForLossesOnDisposalsOfInvestmentProperty,투자부동산처분손실 조정
dart_AdjustmentsForLossesOnDisposalsOfPropertyPlantAndEquipment,유형자산처분손실의 조정
dart_AdjustmentsForLossesOnDispositionOfPropertyPlantAndEquipment,유형자산처분손실 조정
dart_AdjustmentsForLossesOnEvaluationOfFairValueFinancialAssets,당기손익인식금융자산평가손실 조정
dart_AdjustmentsForLossesOnForeignExchangeTranslations,외화환산손실 조정
dart_AdjustmentsForLossesOnTransactionOfDerivativeFinancialInstrumentsFinancialExpense,파생상품거래손실 조정
dart_AdjustmentsForMiscellaneousIncome,잡이익 조정
dart_AdjustmentsForMiscellaneousLosses,잡손실 조정
dart_AdjustmentsForNonOperatingExpense,영업외비용 조정
dart_AdjustmentsForNonOperatingIncome,영업외수익 조정
dart_AdjustmentsForOtherExpenseByFunction,기타비용 조정
dart_AdjustmentsForOtherIncomeExpense,기타손익 조정
dart_AdjustmentsForOtherOperatingExpense,기타영업비용 조정
dart_AdjustmentsForOtherOperatingIncome,기타영업수익 조정
dart_AdjustmentsForOtherRevenue,기타수익 조정
dart_AdjustmentsForOtherReversalsOfProvisions,기타충당부채의 환입 조정
dart_AdjustmentsForProfitsOfAssociatesAndJointVenturesAccountedForUsingEquityMethod,지분법이익 조정
dart_AdjustmentsForProvisionForSeveranceIndemnities,퇴직급여 조정
dart_AdjustmentsForReversalAllowanceAccountForCreditLossesOfFinancialAssets,신용손실충당금 환입액 조정
dart_AdjustmentsForReversalAllowanceDoubtfulAccounts,대손충당금환입
dart_AdjustmentsForReversalOfProvisionForDecommissioningRestorationAndRehabilitationCosts,복구충당부채환입액 조정
dart_AdjustmentsForReversalsOfImpairmentLossesOnIntangibleAssets,무형자산손상차손환입 조정
dart_AdvertisingExpenses,광고선전비
dart_AdvertisingExpensesSellingGeneralAdministrativeExpenses,"광고선전비, 판관비"
dart_AllowanceForCreditRiskAdjustment,신용위험조정충당금
dart_AllowanceForOwnCreditRiskAdjustment,자기신용위험조정충당금
dart_AmountContractuallyRequiredToPayAtMaturityToHolderOfObligation,계약조건에 따라 채권자에게 만기에 상환하여야 할 금액
dart_AnnualDividendsMember,연차배당 [구성요소]
dart_AnnualDividendsPaid,연차배당
dart_AppropriatedRetainedEarningsOtherLegalReserves,기타법정적립금
dart_AssetsPledgedAsCollateralExplanatory,담보제공자산 [문장영역]
dart_AutomobileInsuranceMember,자동차보험 [구성요소]
dart_BeneficiaryCertificateMember,수익증권 [구성요소]
dart_BondsBorrowed,"채권, 차입유가증권"
dart_BondsIssuedMember,사채 [구성요소]
dart_BondsIssuedNominalValue,"사채, 명목금액"
dart_BondsPurchasedUnderResaleAgreementsMember,환매조건부채권매수 [구성요소]
dart_Bonus,상여
dart_BonusSellingGeneralAdministrativeExpenses,"상여, 판관비"
dart_BorrowingTransactionBetweenEntityRelatedPartyBorrowing,"차입거래, 차입"
dart_BorrowingTransactionBetweenEntityRelatedPartyRepayment,"차입거래, 상환"
dart_BorrowingsMember,차입부채 [구성요소]
dart_BorrowingsUndiscountedCashFlows,"차입부채, 미할인현금흐름"
dart_CallLoanMember,콜론 [구성요소]
dart_CapitalAdjustments,자본조정
dart_CapitalAdjustmentsMember,자본조정 [구성요소]
dart_CapitalSurplus,자본잉여금
dart_CapitalSurplusMember,자본잉여금 [구성요소]
dart_CashAndCashEquivalentsAtBeginningOfPeriodCf,기초현금및현금성자산
dart_CashAndDuefromBanks,현금및예치금
dart_CashInflowFromIssuanceOfHybridBond,신종자본증권의 발행
dart_CashOutflowForSeverancePay,퇴직금의지급
dart_CashReceiptsFromFutureContractsForwardContractsOptionContractsAndSwapContractsClassifiedAsFinancingActivities,"선물계약, 선도계약, 옵션계약, 스왑계약에 따른 현금수취-재무활동"
dart_CatastropheReserveToBeAdded,비상위험준비금 적립예정액
dart_ChangeOfDeferredLoanOriginationFeeCostAbstract,이연대출부대수익(비용)의 변동내역 [개요]
dart_ChangeOfDeferredLoanOriginationFeeCostLineItems,이연대출부대수익(비용)의 변동내역 [항목]
dart_ChangeOfDeferredLoanOriginationFeeCostTable,이연대출부대수익(비용)의 변동내역 [표]
dart_ChangesInConsolidatedCompanies,연결대상범위의 변동
dart_ChangesInForeignExchangeRates,환율변동
dart_ChargeoffsMember,특수채 [구성요소]
dart_ClassesOfInsuranceFinanceIncomeExpensesAxis,보험금융수익(비용)의 분류 [축]
dart_ClassesOfInsuranceFinanceIncomeExpensesMember,보험금융수익(비용)의 분류 [구성항목]
dart_ClassesOfLegalProceedingsContingentLiabilityMember,법적소송우발부채의 분류 [구성요소]
dart_ClassesofLegalProceedingsContingentLiabilityAxis,법적소송우발부채의 분류 [축]
dart_CommercialPaperSecuritiesMember,기업어음증권 [구성요소]
dart_Commissions,지급수수료
dart_CommissionsSellingGeneralAdministrativeExpenses,"지급수수료, 판관비"
dart_CommitmentsAmount,약정 금액
dart_CommitmentsInTheRealEstatePF,약정금액
dart_CommunicationExpensesSellingGeneralAdministrativeExpenses,"통신비, 판관비"
dart_ComprehensiveIncomeGainsLossesEquityMethodSecurities,지분법기타포괄손익변동
dart_ConfidenceLevelUsedToDetermineRiskAdjustmentForNonfinancialRiskMember,비금융위험에 대한 위험조정 산정에 사용한 신뢰수준 [구성요소]
dart_ConsignedSecurities,위탁자유가증권
dart_ConsolidatedAndSeparateFinancialStatementsDomain,연결 또는 별도 재무제표 [domain]
dart_ConsolidatedAndSeparateFinancialStatementsTable,연결 또는 별도 재무제표 [table]
dart_CorporateBondsMember,회사채 [구성요소]
dart_CorporateCustomersMember,기업 [구성요소]
dart_CorrelationCoefficientMember,상관계수 [구성요소]
dart_CreditCardReceivablesMember,신용카드 [구성요소]
dart_CreditLoanMember,신용대출금 [구성요소]
dart_CreditRelatedMember,신용 관련 [구성요소]
dart_DebtSecuritiesAtFairValueThroughProfitOrLossMember,당기손익-공정가치측정채무증권 [구성요소]
dart_DebtSecuritiesInForeignCurrencyMember,외화채무증권 [구성요소]
dart_DebtSecuritiesMeasuredAtFairValueThroughOtherComprehensiveIncomeCategoryMember,기타포괄손익-공정가치측정채무증권 [구성요소]
dart_DecreaseDueToTerminationOrCancellationOfLeaseContractsLeaseLiabilities,"계약 종료 또는 해지로 인한 감소, 리스부채"
dart_DecreaseInGuaranteeDeposits,임차보증금의 감소
dart_DecreaseInGuaranteeDepositsAsFinancialActivities,임대보증금의 감소
dart_DecreaseInNoncontrollingInterests,비지배지분의 감소
dart_DecreaseInOtherLiabilities,기타부채의 감소 - 재무활동
dart_DecreaseInRepurchaseAgreements,환매조건부채권매도의 감소
dart_DecreaseOfFinancialAssetsRecovered,"회수에 따른 총 장부금액의 감소, 금융자산"
dart_DecreaseOfRightofuseAssetsDueToTerminationOrCancellationOfLeaseContracts,"계약 종료 또는 해지로 인한 감소, 사용권자산"
dart_DefendantInLawsuitsMember,피소(피고) [구성요소]
dart_DeferredLoanOriginationCostMember,이연대출부대비용 [구성요소]
dart_DeferredLoanOriginationFeeCost,이연대출부대수익(비용)
dart_DeferredLoanOriginationFeeCostAxis,이연대출부대수익(비용) [축]
dart_DeferredLoanOriginationFeeCostMember,이연대출부대수익(비용) [구성요소]
dart_DeferredLoanOriginationFeeMember,이연대출부대수익 [구성요소]
dart_DeferredMiscellaneousGainsLossMember,이연부대손익 [구성요소]
dart_DepositsAtAmortisedCostMember,상각후원가측정예치금 [구성요소]
dart_DepositsForDerivativesTradingOnExchangeMember,장내파생상품거래예치금 [구성요소]
dart_DepositsForMarginLoansFromKSFCMember,유통금융담보금 [구성요소]
dart_DepositsFromCustomersMember,예수부채 [구성요소]
dart_DepositsPaid,자산인 보증금
dart_DepositsReceived,예수금
dart_DepreciationDeferredLoanOriginationFeeCost,"상각에 따른 감소, 이연대출부대수익(비용)"
dart_DepreciationExpenseSellingGeneralAdministrativeExpenses,"감가상각비, 판관비"
dart_DerecognitionOfFinancialAssetsByTransfers,"양도에 따른 감소, 금융자산"
dart_DerivativeAssetsBeforeCreditRiskAdjustment,파생상품자산(신용위험조정전)
dart_DerivativeAssetsMember,파생상품자산 [구성요소]
dart_DerivativeContractTypeAxis,파생상품 계약 유형 [축]
dart_DerivativeContractTypeMember,파생상품 계약 유형 [구성요소]
dart_DerivativeFinancialAssetsHeldForHedgingMember,위험회피목적파생상품자산 [구성요소]
dart_DerivativeFinancialAssetsHeldForTradingMember,단기매매목적파생상품자산 [구성요소]
dart_DerivativeFinancialLiabilitiesHeldForHedgingMember,위험회피목적파생상품부채 [구성요소]
dart_DerivativeFinancialLiabilitiesHeldForTradingMember,단기매매목적파생상품부채 [구성요소]
dart_DerivativeLiabilitiesBeforeCreditRiskAdjustment,파생상품부채(신용위험조정전)
dart_DerivativeLiabilitiesMember,파생상품 금융부채 [구성요소]
dart_DerivativesExplanatory,파생상품 [문장영역]
dart_DerivativesLinkedSecuritiesSoldMember,매도파생결합증권 [구성요소]
dart_DerivativesTypeAxis,파생상품 유형 [축]
dart_DerivativesTypeMember,파생상품 유형 [구성요소]
dart_DescriptionOfCommitments,약정에 대한 설명
dart_DesignatedPurposeOfDerivativesAxis,파생상품의 목적 [축]
dart_DesignatedPurposeOfDerivativesMember,파생상품 목적의 지정 [구성요소]
dart_DetailOfFinancialAssetsAtFairValueThroughOtherComprehensiveIncomeAbstract,기타포괄손익-공정가치금융자산의 구성내역 [개요]
dart_DetailOfFinancialAssetsAtFairValueThroughOtherComprehensiveIncomeLineItems,기타포괄손익-공정가치금융자산의 구성내역 [항목]
dart_DetailOfFinancialAssetsAtFairValueThroughOtherComprehensiveIncomeTable,기타포괄손익-공정가치금융자산의 구성내역 [표]
dart_DetailsOfFinancialAssetsAtAmortisedCostAbstract,상각후원가측정금융자산의 내역 [개요]
dart_DetailsOfFinancialAssetsAtAmortisedCostExplanatory,상각후원가측정금융자산의 내역 [문장영역]
dart_DetailsOfFinancialAssetsAtAmortisedCostLineItems,상각후원가측정금융자산의 내역 [항목]
dart_DetailsOfFinancialAssetsAtAmortisedCostTable,상각후원가측정금융자산의 내역 [표]
dart_DetailsOfFinancialLiabilitiesAtFairValueThroughProfitOrLossAbstract,당기손익-공정가치측정금융부채의 공시 [개요]
dart_DetailsOfFinancialLiabilitiesAtFairValueThroughProfitOrLossExplanatory,당기손익-공정가치측정금융부채의 공시 [문장영역]
dart_DetailsOfFinancialLiabilitiesAtFairValueThroughProfitOrLossLineItems,당기손익-공정가치측정금융부채의 공시 [항목]
dart_DetailsOfFinancialLiabilitiesAtFairValueThroughProfitOrLossTable,당기손익-공정가치측정금융부채의 공시 [표]
dart_DifferenceBetweenCarryingAmountOfFinancialLiabilityAndAmountContractuallyRequiredToPayAtMaturityToHolderOfObligationAbstract,계약조건에 따른 만기상환금액과 장부금액 차이 [개요]
dart_DifferenceBetweenCarryingAmountOfFinancialLiabilityAndAmountContractuallyRequiredToPayAtMaturityToHolderOfObligationExplanatory,계약조건에 따른 만기상환금액과 장부금액 차이 [문장영역]
dart_DifferenceBetweenCarryingAmountOfFinancialLiabilityAndAmountContractuallyRequiredToPayAtMaturityToHolderOfObligationLineItems,계약조건에 따른 만기상환금액과 장부금액 차이 [항목]
dart_DifferenceBetweenCarryingAmountOfFinancialLiabilityAndAmountContractuallyRequiredToPayAtMaturityToHolderOfObligationTable,계약조건에 따른 만기상환금액과 장부금액 차이 [표]
dart_DisclosureOfAdjustedProfitLossNetOfRegulatoryReserveAbstract,감독목적상 적립금 전입(환입) 후 조정이익에 대한 공시 [개요]
dart_DisclosureOfAdjustedProfitLossNetOfRegulatoryReserveExplanatory,감독목적상 적립금 전입(환입) 후 조정이익에 대한 공시 [문장영역]
dart_DisclosureOfAdjustedProfitLossNetOfRegulatoryReserveLineItems,감독목적상 적립금 전입(환입) 후 조정이익에 대한 공시 [항목]
dart_DisclosureOfAdjustedProfitLossNetOfRegulatoryReserveTable,감독목적상 적립금 전입(환입) 후 조정이익에 대한 공시 [표]
dart_DisclosureOfAnalysisOfExpensesFromReinsuranceContractsAbstract,재보험비용 분석 공시 [개요]
dart_DisclosureOfAnalysisOfExpensesFromReinsuranceContractsLineItems,재보험비용 분석 공시 [항목]
dart_DisclosureOfAnalysisOfExpensesFromReinsuranceContractsTable,재보험비용 분석 공시 [표]
dart_DisclosureOfAnalysisOfInsuranceFinanceIncomeExpensesAbstract,보험금융수익(비용) 분석 공시 [개요]
dart_DisclosureOfAnalysisOfInsuranceFinanceIncomeExpensesExplanatory,보험금융수익(비용) 분석 공시 [문장영역]
dart_DisclosureOfAnalysisOfInsuranceFinanceIncomeExpensesLineItems,보험금융수익(비용) 분석 공시 [항목]
dart_DisclosureOfAnalysisOfInsuranceFinanceIncomeExpensesTable,보험금융수익(비용) 분석 공시 [표]
dart_DisclosureOfAnalysisOfInsuranceRevenueFromInsuranceContractsIssuedAbstract,발행보험의 보험수익 분석 공시 [개요]
dart_DisclosureOfAnalysisOfInsuranceRevenueFromInsuranceContractsIssuedExplanatory,발행보험의 보험수익 분석 공시 [문장영역]
dart_DisclosureOfAnalysisOfInsuranceRevenueFromInsuranceContractsIssuedLineItems,발행보험의 보험수익 분석 공시 [항목]
dart_DisclosureOfAnalysisOfInsuranceRevenueFromInsuranceContractsIssuedTable,발행보험의 보험수익 분석 공시 [표]
dart_DisclosureOfAnalysisOfInsuranceServiceExpensesFromInsuranceContractsIssuedAbstract,발행보험의 보험서비스비용 분석 공시 [개요]
dart_DisclosureOfAnalysisOfInsuranceServiceExpensesFromInsuranceContractsIssuedLineItems,발행보험의 보험서비스비용 분석 공시 [항목]
dart_DisclosureOfAnalysisOfInsuranceServiceExpensesFromInsuranceContractsIssuedTable,발행보험의 보험서비스비용 분석 공시 [표]
dart_DisclosureOfAnalysisOfInsuranceServiceExpensesFromReinsuranceContractsAbstract,재보험비용의 보험서비스비용 분석 공시 [개요]
dart_DisclosureOfAnalysisOfInsuranceServiceExpensesFromReinsuranceContractsLineItems,재보험비용의 보험서비스비용 분석 공시 [항목]
dart_DisclosureOfAnalysisOfInsuranceServiceExpensesFromReinsuranceContractsTable,재보험비용의 보험서비스비용 분석 공시 [표]
dart_DisclosureOfAnalysisOfInsuranceServiceResultsExplanatory,보험서비스결과 분석 공시 [문장영역]
dart_DisclosureOfAnalysisOfReinsuranceServiceResultsExplanatory,재보험서비스결과 분석 공시 [문장영역]
dart_DisclosureOfChangesInFinancialAssetsAtAmortisedCostAbstract,상각후원가측정금융자산에 대한 변동내역 [개요]
dart_DisclosureOfChangesInFinancialAssetsAtAmortisedCostLineItems,상각후원가측정금융자산에 대한 변동내역 [항목]
dart_DisclosureOfChangesInFinancialAssetsAtAmortisedCostTable,상각후원가측정금융자산에 대한 변동내역 [표]
dart_DisclosureOfChangesInFinancialAssetsAtFairValueThroughOtherComprehensiveIncomeAbstract,기타포괄손익-공정가치측정금융자산의 변동내역 [개요]
dart_DisclosureOfChangesInFinancialAssetsAtFairValueThroughOtherComprehensiveIncomeLineItems,기타포괄손익-공정가치측정금융자산의 변동내역 [항목]
dart_DisclosureOfChangesInFinancialAssetsAtFairValueThroughOtherComprehensiveIncomeTable,기타포괄손익-공정가치측정금융자산의 변동내역 [표]
dart_DisclosureOfContingentLiabilitiesContingentAssetsAndCommitmentsExplanatory,"우발부채, 우발자산 및 약정사항에 대한 공시 [문장영역]"
dart_DisclosureOfFairValueByHierarchyAssetsNotMeasuredAtFairValueInStatementOfFinancialPositionButForWhichFairValueIsDisclosedAbstract,"공정가치로 측정되지 않으나 공정가치가 공시되는 자산,부채의 서열체계별 공정가치, 자산 [개요]"
dart_DisclosureOfFairValueByHierarchyAssetsNotMeasuredAtFairValueInStatementOfFinancialPositionButForWhichFairValueIsDisclosedExplanatory,"공정가치로 측정되지 않으나 공정가치가 공시되는 자산,부채의 서열체계별 공정가치, 자산 [문장영역]"
dart_DisclosureOfFairValueByHierarchyAssetsNotMeasuredAtFairValueInStatementOfFinancialPositionButForWhichFairValueIsDisclosedLineItems,"공정가치로 측정되지 않으나 공정가치가 공시되는 자산,부채의 서열체계별 공정가치, 자산 [항목]"
dart_DisclosureOfFairValueByHierarchyAssetsNotMeasuredAtFairValueInStatementOfFinancialPositionButForWhichFairValueIsDisclosedTable,"공정가치로 측정되지 않으나 공정가치가 공시되는 자산,부채의 서열체계별 공정가치, 자산 [표]"
dart_DisclosureOfFairValueByHierarchyLiabilitiesNotMeasuredAtFairValueInStatementOfFinancialPositionButForWhichFairValueIsDisclosedAbstract,"공정가치로 측정되지 않으나 공정가치가 공시되는 자산,부채의 서열체계별 공정가치, 부채 [개요]"
dart_DisclosureOfFairValueByHierarchyLiabilitiesNotMeasuredAtFairValueInStatementOfFinancialPositionButForWhichFairValueIsDisclosedExplanatory,"공정가치로 측정되지 않으나 공정가치가 공시되는 자산,부채의 서열체계별 공정가치, 부채 [문장영역]"
dart_DisclosureOfFairValueByHierarchyLiabilitiesNotMeasuredAtFairValueInStatementOfFinancialPositionButForWhichFairValueIsDisclosedLineItems,"공정가치로 측정되지 않으나 공정가치가 공시되는 자산,부채의 서열체계별 공정가치, 부채 [항목]"
dart_DisclosureOfFairValueByHierarchyLiabilitiesNotMeasuredAtFairValueInStatementOfFinancialPositionButForWhichFairValueIsDisclosedTable,"공정가치로 측정되지 않으나 공정가치가 공시되는 자산,부채의 서열체계별 공정가치, 부채 [표]"
dart_DisclosureOfFeeAndCommissionIncomeExpenseAbstract,순수수료손익에 대한 공시 [개요]
dart_DisclosureOfFeeAndCommissionIncomeExpenseLineItems,순수수료손익에 대한 공시 [항목]
dart_DisclosureOfFeeAndCommissionIncomeExpenseTable,순수수료손익에 대한 공시 [표]
dart_DisclosureOfFinancialAssetsAtFairValueThroughProfitOrLossAbstract,당기손익-공정가치측정금융자산의 공시 [개요]
dart_DisclosureOfFinancialAssetsAtFairValueThroughProfitOrLossLineItems,당기손익-공정가치측정금융자산의 공시 [항목]
dart_DisclosureOfFinancialAssetsAtFairValueThroughProfitOrLossTable,당기손익-공정가치측정금융자산의 공시 [표]
dart_DisclosureOfFinancialAssetsByCategoryAbstract,금융자산 범주별 장부금액의 공시 [개요]
dart_DisclosureOfFinancialAssetsByCategoryExplanatory,금융자산 범주별 장부금액의 공시 [문장영역]
dart_DisclosureOfFinancialAssetsByCategoryLineItems,금융자산 범주별 장부금액의 공시 [항목]
dart_DisclosureOfFinancialAssetsByCategoryTable,금융자산의 범주별 공시 [표]
dart_DisclosureOfFinancialAssetsPledgedAsSecurityAbstract,담보로 제공된 금융자산에 대한 공시 [개요]
dart_DisclosureOfFinancialAssetsPledgedAsSecurityExplanatory,담보로 제공된 금융자산에 대한 공시 [문장영역]
dart_DisclosureOfFinancialAssetsPledgedAsSecurityLineItems,담보로 제공된 금융자산에 대한 공시 [항목]
dart_DisclosureOfFinancialAssetsPledgedAsSecurityTable,담보로 제공된 금융자산에 대한 공시 [표]
dart_DisclosureOfFinancialInstrumentsByCategoryExplanatory,범주별 금융상품에 대한 공시 [문장영역]
dart_DisclosureOfFinancialLiabilitiesAtFairValueThroughProfitOrLossExplanatory,당기손익인식금융부채에 대한 공시 [문장영역]
dart_DisclosureOfFinancialLiabilitiesByCategoryAbstract,금융부채 범주별 장부금액의 공시 [개요]
dart_DisclosureOfFinancialLiabilitiesByCategoryExplanatory,금융부채 범주별 장부금액의 공시 [문장영역]
dart_DisclosureOfFinancialLiabilitiesByCategoryLineItems,금융부채 범주별 장부금액의 공시 [항목]
dart_DisclosureOfFinancialLiabilitiesByCategoryTable,금융부채의 범주별 공시 [표]
dart_DisclosureOfFinancialRiskExplanatory,금융위험에 대한 공시 [문장영역]
dart_DisclosureOfFinancialTransactionsBetweenRelatedPartiesAbstract,특수관계자 자금거래에 관한 공시 [개요]
dart_DisclosureOfFinancialTransactionsBetweenRelatedPartiesExplanatory,특수관계자 자금거래에 관한 공시 [문장영역]
dart_DisclosureOfFinancialTransactionsBetweenRelatedPartiesLineItems,특수관계자 자금거래에 관한 공시 [항목]
dart_DisclosureOfFinancialTransactionsBetweenRelatedPartiesTable,특수관계자 자금거래에 관한 공시 [표]
dart_DisclosureOfInterestIncomeExpenseAbstract,순이자손익에 대한 공시 [개요]
dart_DisclosureOfInterestIncomeExpenseLineItems,순이자손익에 대한 공시 [항목]
dart_DisclosureOfInterestIncomeExpenseTable,순이자손익에 대한 공시 [표]
dart_DisclosureOfLegalProceedingsContingentLiabilityAbstract,법적소송우발부채에 대한 공시 [개요]
dart_DisclosureOfLegalProceedingsContingentLiabilityExplanatory,법적소송우발부채에 대한 공시 [문장영역]
dart_DisclosureOfLegalProceedingsContingentLiabilityLineItems,법적소송우발부채에 대한 공시 [항목]
dart_DisclosureOfLegalProceedingsContingentLiabilityTable,법적소송우발부채에 대한 공시 [표]
dart_DisclosureOfOtherAssetsAbstract,기타 자산에 대한 공시 [개요]
dart_DisclosureOfOtherAssetsLineItems,기타자산에 대한 공시 [항목]
dart_DisclosureOfOtherAssetsTable,기타자산에 대한 공시 [표]
dart_DisclosureOfOtherLiabilitiesAbstract,기타 부채에 대한 공시 [개요]
dart_DisclosureOfOtherLiabilitiesLineItems,기타부채에 대한 공시 [항목]
dart_DisclosureOfOtherLiabilitiesTable,기타부채에 대한 공시 [표]
dart_DisclosureOfOtherOperatingIncomeExpenseAbstract,기타영업손익 공시 [개요]
dart_DisclosureOfOtherOperatingIncomeExpenseLineItems,기타영업손익 공시 [항목]
dart_DisclosureOfOtherOperatingIncomeExpenseTable,기타영업손익 공시 [표]
dart_DisclosureOfOutstandingBalancesForRelatedPartyTransactionsAbstract,특수관계자거래의 채권·채무 잔액에 대한 공시 [개요]
dart_DisclosureOfOutstandingBalancesForRelatedPartyTransactionsExplanatory,특수관계자거래의 채권·채무 잔액에 대한 공시 [문장영역]
dart_DisclosureOfOutstandingBalancesForRelatedPartyTransactionsLineitems,특수관계자거래의 채권·채무 잔액에 대한 공시 [항목]
dart_DisclosureOfOutstandingBalancesForRelatedPartyTransactionsTable,특수관계자거래의 채권·채무 잔액에 대한 공시 [표]
dart_DisclosureOfQuantitativeInformationAboutLeaseLiabilitiesAbstract,리스부채에 대한 양적 정보 공시 [개요]
dart_DisclosureOfReconciliationOfChangesInInsuranceContractsIssuedByComponentsAbstract,보험계약부채(자산)의 보험계약 구성요소별 변동분에 대한 차이조정 공시 [개요]
dart_DisclosureOfReconciliationOfChangesInInsuranceContractsIssuedByComponentsExplanatory,보험계약부채(자산)의 보험계약 구성요소별 변동분에 대한 차이조정 공시 [문장영역]
dart_DisclosureOfReconciliationOfChangesInInsuranceContractsIssuedByComponentsLineItems,보험계약부채(자산)의 보험계약 구성요소별 변동분에 대한 차이조정 공시 [항목]
dart_DisclosureOfReconciliationOfChangesInInsuranceContractsIssuedByComponentsTable,보험계약부채(자산)의 보험계약 구성요소별 변동분에 대한 차이조정 공시 [표]
dart_DisclosureOfReconciliationOfChangesInInsuranceContractsIssuedByRemainingCoverageAndIncurredClaimsAbstract,보험계약부채(자산)의 잔여보장부채 변동분과 발생사고부채 변동분의 차이조정 공시 [개요]
dart_DisclosureOfReconciliationOfChangesInInsuranceContractsIssuedByRemainingCoverageAndIncurredClaimsExplanatory,보험계약부채(자산)의 잔여보장부채 변동분과 발생사고부채 변동분의 차이조정 공시 [문장영역]
dart_DisclosureOfReconciliationOfChangesInInsuranceContractsIssuedByRemainingCoverageAndIncurredClaimsLineItems,보험계약부채(자산)의 잔여보장부채 변동분과 발생사고부채 변동분의 차이조정에 대한 공시 [항목]
dart_DisclosureOfReconciliationOfChangesInInsuranceContractsIssuedByRemainingCoverageAndIncurredClaimsTable,보험계약부채(자산)의 잔여보장부채 변동분과 발생사고부채 변동분의 차이조정 공시 [표]
dart_DisclosureOfReconciliationOfChangesInInsuranceContractsLiabilityAssetExplanatory,보험계약부채(자산) 변동분의 차이조정 공시 [문장영역]
dart_DisclosureOfReconciliationOfChangesInReinsuranceContractsAssetLiabilityExplanatory,재보험계약자산(부채) 변동분의 차이조정 공시 [문장영역]
dart_DisclosureOfReconciliationOfChangesInReinsuranceContractsByComponentsAbstract,재보험계약자산(부채)의 보험계약 구성요소별 변동분에 대한 차이조정 공시 [개요]
dart_DisclosureOfReconciliationOfChangesInReinsuranceContractsByComponentsExplanatory,재보험계약자산(부채)의 보험계약 구성요소별 변동분에 대한 차이조정 공시 [문장영역]
dart_DisclosureOfReconciliationOfChangesInReinsuranceContractsByComponentsLineItems,재보험계약자산(부채)의 보험계약 구성요소별 변동분에 대한 차이조정 공시 [항목]
dart_DisclosureOfReconciliationOfChangesInReinsuranceContractsByComponentsTable,재보험계약자산(부채)의 보험계약 구성요소별 변동분에 대한 차이조정 공시 [표]
dart_DisclosureOfReconciliationOfChangesInReinsuranceContractsByRemainingCoverageAndIncurredClaimsAbstract,재보험계약자산(부채)의 잔여보장부채 변동분과 발생사고부채 변동분의 차이조정 공시 [개요]
dart_DisclosureOfReconciliationOfChangesInReinsuranceContractsByRemainingCoverageAndIncurredClaimsExplanatory,재보험계약자산(부채)의 잔여보장부채 변동분과 발생사고부채 변동분의 차이조정 공시 [문장영역]
dart_DisclosureOfReconciliationOfChangesInReinsuranceContractsByRemainingCoverageAndIncurredClaimsLineItems,재보험계약자산(부채)의 잔여보장부채 변동분과 발생사고부채 변동분의 차이조정에 대한 공시 [항목]
dart_DisclosureOfReconciliationOfChangesInReinsuranceContractsByRemainingCoverageAndIncurredClaimsTable,재보험계약자산(부채)의 잔여보장부채 변동분과 발생사고부채 변동분의 차이조정 공시 [표]
dart_DisclosureOfRegulatoryReserveAbstract,감독목적상 적립금에 대한 공시 [개요]
dart_DisclosureOfRegulatoryReserveAndAdjustedProfitLossNetOfRegulatoryReservesExplanatory,감독목적상 적립금 및 적립금 전입(환입) 후 조정이익에 대한 공시 [문장영역]
dart_DisclosureOfRegulatoryReserveExplanatory,감독목적상 적립금에 대한 공시 [문장영역]
dart_DisclosureOfRegulatoryReserveLineItems,감독목적상 적립금에 대한 공시 [항목]
dart_DisclosureOfRegulatoryReserveTable,감독목적상 적립금에 대한 공시 [표]
dart_DisclosuresOfTheReconciliationOfTheContractualServiceMarginAndTheAmountOfInsuranceRevenueSeparatelyForContractsUnderTheTransitionApproachesAbstract,전환방법 별 보험계약마진의 변동과 보험수익에 미치는 효과에 대한 공시 [개요]
dart_DisclosuresOfTheReconciliationOfTheContractualServiceMarginAndTheAmountOfInsuranceRevenueSeparatelyForContractsUnderTheTransitionApproachesExplanatory,전환방법 별 보험계약마진의 변동과 보험수익에 미치는 효과에 대한 공시 [문장영역]
dart_DisclosuresOfTheReconciliationOfTheContractualServiceMarginAndTheAmountOfInsuranceRevenueSeparatelyForContractsUnderTheTransitionApproachesLineItems,전환방법 별 보험계약마진의 변동과 보험수익에 미치는 효과에 대한 공시 [항목]
dart_DisclosuresOfTheReconciliationOfTheContractualServiceMarginAndTheAmountOfInsuranceRevenueSeparatelyForContractsUnderTheTransitionApproachesTable,전환방법 별 보험계약마진의 변동과 보험수익에 미치는 효과에 대한 공시 [표]
dart_DisclousureOfRestrictedFinancialAssetsAbstract,사용이 제한된 금융자산의 공시 [개요]
dart_DisclousureOfRestrictedFinancialAssetsLineItems,사용이 제한된 금융자산의 공시 [항목]
dart_DisclousureOfRestrictedFinancialAssetsTable,사용이 제한된 금융자산의 공시 [표]
dart_DiscountOnBondsIssued,사채할인발행차금
dart_DispositionOfTreasuryShares,자기주식의 처분
dart_DividendAndDistributionIncome,배당수익 및 분배금수익
dart_DividendIncome,배당금수익(금융수익)
dart_DividendIncomeExplanatory,배당수익 [문장영역]
dart_DividendToHybridBond,신종자본증권배당
dart_DividendsPaidToHybridBond,신종자본증권의 배당
dart_DividendsRecognisedForInvestmentsInEquityInstrumentsDesignatedAsMeasuredAtFairValueThroughOtherComprehensiveIncomeAbstract,기타포괄손익-공정가치측 항목으로 지정한 지분상품으로 인해 인식한 배당금수익 [개요]
dart_Donations,기부금
dart_DueFromBanksAtAmortisedCost,상각후원가측정예치금
dart_EURMember,EUR [구성요소]
dart_EffectOfFinancialRiskAndChangesInFinancialRiskMember,금융위험 및 그 변동 효과 [구성요소]
dart_EffectOfTheTimeValueOfMoneyAndChangesInTheTimeValueOfMoneyMember,화폐의 시간가치 및 그 변동 효과 [구성요소]
dart_ElectronicFacilitiesExpenses,전산비
dart_ElectronicFacilitiesExpensesSellingGeneralAdministrativeExpenses,"전산비, 판관비"
dart_EmployeeBenefits,복리후생비
dart_EmployeeBenefitsSellingGeneralAdministrativeExpenses,"복리후생비, 판관비"
dart_EquityAtBeginningOfPeriod,기초자본
dart_EquityContributionsInCashBetweenEntityRelatedPartyContribution,"현금출자, 출자금 납입"
dart_EquityContributionsInCashBetweenEntityRelatedPartyWithdrawal,"현금출자, 출자금 회수"
dart_EquityInvestedMember,출자금 [구성요소]
dart_EquityLinkedSecuritiesMember,주가연계증권 [구성요소]
dart_EquityRelatedMember,주식 관련 [구성요소]
dart_EquitySecuritiesAtFairValueThroughProfitOrLossMember,당기손익-공정가치측정지분증권 [구성요소]
dart_EquitySecuritiesMember,지분증권 [구성요소]
dart_ExpenseForManagementOfAffairs,사무관리비
dart_ExpensesOfProvisionsForRestoration,복구충당부채전입액
dart_ExplanationOfRestrictedFinancialAssets,사용이 제한된 금융자산에 대한 설명
dart_FairValueAndBookValueOfAssetsAbstract,자산의 공정가치 및 장부금액 [개요]
dart_FairValueAndBookValueOfAssetsExplanatory,자산의 공정가치 및 장부금액 [문장영역]
dart_FairValueAndBookValueOfAssetsLineItems,자산의 공정가치 및 장부금액 [항목]
dart_FairValueAndBookValueOfAssetsTable,자산의 공정가치 및 장부금액 [표]
dart_FairValueAndBookValueOfLiabilitiesAbstract,부채의 공정가치 및 장부금액 [개요]
dart_FairValueAndBookValueOfLiabilitiesExplanatory,부채의 공정가치 및 장부금액 [문장영역]
dart_FairValueAndBookValueOfLiabilitiesLineItems,부채의 공정가치 및 장부금액 [항목]
dart_FairValueAndBookValueOfLiabilitiesTable,부채의 공정가치 및 장부금액 [표]
dart_FairValuesOfDerivativeInstrumentsAbstract,파생상품 공정가치 [개요]
dart_FairValuesOfDerivativeInstrumentsExplanatory,파생상품 공정가치 [문장영역]
dart_FairValuesOfDerivativeInstrumentsLineItems,파생상품 공정가치 [항목]
dart_FairValuesOfDerivativeInstrumentsTable,파생상품 공정가치 [표]
dart_FinanceDebenturesMember,금융채 [구성요소]
dart_FinanceExpensesFromReinsuranceContractsHeldRecognisedInProfitOrLoss,재보험금융비용
dart_FinanceIncomeFromReinsuranceContractsHeldRecognisedInProfitOrLoss,재보험금융수익
dart_FinanceLeaseReceivablesExplanatory,금융리스채권 [문장영역]
dart_FinancialAssetsAtFairValueThroughOtherComprehensiveIncomeExplanatory,기타포괄손익-공정가치측정금융자산 [문장영역]
dart_FinancialAssetsAtFairValueThroughProfitOrLossExplanatory,당기손익-공정가치측정금융자산의 공시 [문장영역]
dart_FinancialAssetsDenominatedInForeignCurrency,"외화금융자산, 원화환산금액"
dart_FinancialInstrumentsByCurrencyAxis,통화별 금융상품 [축]
dart_FinancialInstrumentsByCurrencyMember,통화별 금융상품 [구성요소]
dart_FinancialLiabilitesDenominatedInForeignCurrency,"외화금융부채, 원화환산금액"
dart_ForeignCurrencyMember,외화 [구성요소]
dart_ForeignCurrencyRelatedMember,통화 관련 [구성요소]
dart_GainArisingFromDerecognitionOfFinancialInstrumentsMeasuredAtAmortisedCost,상각후원가측정금융상품제거이익
dart_GainFromDerivatives,파생상품관련수익
dart_GainFromFinancialInstruments,금융상품관련수익
dart_GainFromFinancialInstrumentsAtAmortisedCost,상각후원가측정금융상품관련이익
dart_GainFromFinancialInstrumentsAtFairValueThroughOtherComprehensiveIncome,기타포괄손익-공정가치측정금융상품관련이익
dart_GainFromFinancialInstrumentsAtFairValueThroughProfitOrLoss,당기손익-공정가치측정금융상품관련이익
dart_GainLossFromDerivativesHeldForHedging,파생상품관련손익
dart_GainLossFromFinancialInstruments,금융상품관련순손익
dart_GainLossFromFinancialInstrumentsAtFairValueThroughOtherComprehensiveIncome,기타포괄손익-공정가치측정금융상품관련손익
dart_GainOnForeignExchangeTranslations,외화환산이익
dart_GainsFromDisposalOfFinancialInstruments,"처분이익, 금융상품"
dart_GainsFromDueToChangeInFairValueOfFinancialInstruments,"평가이익, 금융상품"
dart_GainsLossesFinancialInstrumentsByCategoryAbstract,금융상품의 범주별 손익의 공시 [개요]
dart_GainsLossesFinancialInstrumentsByCategoryExplanatory,금융상품의 범주별 손익의 공시 [문장영역]
dart_GainsLossesFinancialInstrumentsByCategoryLineItems,금융상품의 범주별 손익의 공시 [항목]
dart_GainsLossesFinancialInstrumentsByCategoryTable,금융상품의 범주별 손익의 공시 [표]
dart_GainsLossesOnChangeInFairValueOfDerivativesExplanatory,파생상품평가손익 [문장영역]
dart_GainsLossesOnChangeInFairValueOfDerivativesLineItems,파생상품평가손익 [항목]
dart_GainsLossesOnChangeInFairValueOfDerivativesTable,파생상품평가손익 [표]
dart_GainsLossesOnDisposalsOfFinancialAssetsAtFairValueThroughOtherComprehensiveIncome,기타포괄손익-공정가치측정금융자산처분손익 조정
dart_GainsOnChangeInFairValueAndOnDisposalOfFinancialInstruments,금융상품평가및처분이익
dart_GainsOnChangeInFairValueOfFinancialInstruments,금융상품평가이익
dart_GainsOnChangeInFairValueOfFinancialInstrumentsAtFairValueThroughProfitOrLoss,당기손익-공정가치측정금융상품평가이익 조정
dart_GainsOnDisposalOfFinancialInstruments,금융상품처분이익
dart_GainsOnDisposalsOfFairValueFinancialAsset,당기손익인식금융자산처분이익
dart_GainsOnDisposalsOfFinancialAssetsAtFairValueThroughOtherComprehensiveIncome,기타포괄손익-공정가치측정금융자산처분이익 조정
dart_GainsOnDisposalsOfFinancialInstrumentsAtFairValueThroughProfitOrLoss,당기손익-공정가치측정금융상품처분이익 조정
dart_GainsOnDisposalsOfIntangibleAssets,무형자산처분이익
dart_GainsOnForeignCurrencyTransactionsFiancialIncome,외환차익(금융수익)
dart_GainsOnForeignExchangeTranslationsFinancialIncome,외화환산이익(금융수익)
dart_GainsOnTransactionOfDerivativeFinancialInstrumentsFinancialIncome,파생상품거래이익(금융수익)
dart_GainsOnValuationOfFairValueFinancialAsset,당기손익인식금융자산평가이익
dart_GainsSaleTreasuryStock,자기주식처분이익
dart_GainsValuationDerivativesCashFlowHedge,현금흐름위험회피파생상품평가이익
dart_GeneralInsuranceMember,일반보험 [구성요소]
dart_GovernmentPublicAndMunicipalBondsMember,국공채 및 지방채 [구성요소]
dart_GrossCarryingAmountBeforeDeferredMiscellaneousGainsLossMember,이연부대손익 반영 전 총장부금액 [구성요소]
dart_GrowthRateMember,성장률 [구성요소]
dart_GuaranteeDepositsForSecuritiesLendingMember,대차거래이행보증금 [구성요소]
dart_GuaranteeDepositsForStockBorrowingFromKSFCMember,유통금융차주담보금 [구성요소]
dart_GuaranteeDepositsMember,보증금 [구성요소]
dart_GuaranteeForDerativesTradingOnExchangeMember,장내파생상품매매증거금 [구성요소]
dart_GuaranteeProvider,보증처
dart_GuaranteeReserveMember,보증준비금 [구성요소]
dart_GuranteeReserve,보증준비금 기적립액
dart_GuranteeReserveToBeAdded,보증준비금 적립(환입)예정액
dart_HealthInsuranceMember,건강보험 [구성요소]
dart_HedgingPurposeMember,위험회피 목적 [구성요소]
dart_HybridBonds,신종자본증권
dart_HybridBondsMember,신종자본증권 [구성요소]
dart_ImpairmentLossOfFinancialAssetsAtFairValueThroughOtherComprehensiveIncome,기타포괄손익-공정가치측정금융자산손상차손
dart_ImpairmentLossesOnAssociates,관계기업/공동기업투자손상차손
dart_ImpairmentLossesOnIntangibleAssets,무형자산손상차손
dart_ImpairmentLossesOnInvestmentProperty,투자부동산손상차손
dart_IncreaseDecreaseInDirectInsuranceContractsLiabilityAsset,원보험계약부채의 증가(감소)
dart_IncreaseDecreaseInReInsuranceContractsLiabilityAsset,재보험계약자산의 감소(증가)
dart_IncreaseDecreaseOfFinancialAssetsDueToChangeInFairValue,"공정가치변동에 따른 증가(감소), 금융자산"
dart_IncreaseDecreaseThroughChangesInAccountingPolicies,회계정책변경에 따른 증가(감소)
dart_IncreaseDecreaseThroughOtherChangesLeaseLiabilities,"기타 변동에 따른 증가(감소), 리스부채"
dart_IncreaseDecreaseThroughOtherChangesRightofuseAssets,"기타 변동에 따른 증가(감소), 사용권자산"
dart_IncreaseDecreaseThroughTransactionsWithOwnersAbstract,소유주와의 거래 [개요]
dart_IncreaseDecreaseThroughTreasuryShareTransactionsAbstract,자기주식 거래에 따른 증가(감소)
dart_IncreaseDueToBusinessCombinationsFinancialAssets,"합병으로 인한 증가, 금융자산"
dart_IncreaseInGuaranteeDeposits,임차보증금의 증가
dart_IncreaseInGuaranteeDepositsAsFinancialActivities,임대보증금의 증가
dart_IncreaseInNoncontrollingInterests,비지배지분의 증가
dart_IncreaseInOtherLiabilitiesFinancingActivities,기타부채의 증가 - 재무활동
dart_IncreaseInRepurchaseAgreements,환매조건부채권매도의 증가
dart_IncreaseThroughRecoveryOfWrittenOffFinancialAssets,제각된 채권의 회수에 따른 증가
dart_IndividualCustomersMember,개인 [구성요소]
dart_InsuranceFinanceExpensesFromInsuranceContractsIssuedRecognisedInProfitOrLoss,보험금융비용
dart_InsuranceFinanceIncomeFromInsuranceContractsIssuedRecognisedInProfitOrLoss,보험금융수익
dart_InsuranceRevenueClaimsIncurredDuringPeriodMeasuredAtAmountsExpectedAtBeginningOfPeriod,"보험수익, 예상 보험금 (기초 예상 측정치)"
dart_InsuranceRevenueInvestmentManagementExpensesIncurredDuringPeriodMeasuredAtAmountsExpectedAtBeginningOfPeriod,"보험수익, 예상 투자관리비 (기초 예상 측정치)"
dart_InsuranceRevenueLossAdjustmentExpensesIncurredDuringPeriodMeasuredAtAmountsExpectedAtBeginningOfPeriod,"보험수익, 예상 손해조사비 (기초 예상 측정치)"
dart_InsuranceRevenueMaintenanceExpensesIncurredDuringPeriodMeasuredAtAmountsExpectedAtBeginningOfPeriod,"보험수익, 예상 유지비 (기초 예상 측정치)"
dart_InsuranceRevenueOtherInsuranceServiceExpensesIncurredDuringPeriodMeasuredAtAmountsExpectedAtBeginningOfPeriod,"보험수익, 예상 기타 보험서비스비용 (기초 예상 측정치)"
dart_InsuranceServiceExpensesAmountsThroughAmortisationOfInsuranceAcquisitionCashFlows,"보험서비스비용, 보험취득 현금흐름의 상각에 따른 금액"
dart_InsuranceServiceExpensesAmountsThroughChangesThatRelateToFutureService,"보험서비스비용, 미래 서비스와 관련된 변동분에 관련된 금액"
dart_InsuranceServiceExpensesAmountsThroughChangesThatRelateToPastService,"보험서비스비용, 과거 서비스와 관련된 금액"
dart_InsuranceServiceExpensesIncurredClaims,"보험서비스비용, 발생한 보험금"
dart_InsuranceServiceExpensesIncurredClaimsAndOtherIncurredInsuranceServiceExpenses,"보험서비스비용, 발생한 보험금 및 그 밖의 발생한 보험서비스비용"
dart_InsuranceServiceExpensesIncurredInvestmentManagementExpenses,"보험서비스비용, 발생한 투자관리비"
dart_InsuranceServiceExpensesIncurredLossAdjustmentExpenses,"보험서비스비용, 발생한 손해조사비"
dart_InsuranceServiceExpensesIncurredMaintenanceExpenses,"보험서비스비용, 발생한 유지비"
dart_InsuranceServiceExpensesOtherIncurredInsuranceServiceExpenses,"보험서비스비용, 그 밖의 발생한 보험서비스비용"
dart_InterestExpenseFinanceExpense,이자비용(금융원가)
dart_InterestExpenseForHybridBond,신종자본증권이자비용
dart_InterestIncomeFinanceIncome,이자수익(금융수익)
dart_InterestPaidToHybridBond,신종자본증권 이자지급
dart_InterestRatesRelatedMember,이자율 관련 [구성요소]
dart_InterestRevenueOnFinancialAssetsAtFairValueThroughProfitOrLoss,당기손익-공정가치로 측정하는 금융자산의 이자수익
dart_InvestmentIncomeExpenses,투자손익
dart_IssueOfHybridBond,신종자본증권발행
dart_IssuedCapitalOfCommonStock,보통주자본금
dart_JPYMember,JPY [구성요소]
dart_KRWMember,원화 [구성요소]
dart_LargeBusinessGroupMember,대규모기업집단 [구성요소]
dart_LeaseAndLeaseLiabilitesAsALesseeAbstract,리스 및 리스부채 [개요]
dart_LeaseAndLeaseLiabilitesAsALesseeExplanatory,"리스 및 리스부채, 리스이용자 [문장영역]"
dart_LeaseAndLeaseLiabilitesAsALesseeLineItems,리스 및 리스부채 [항목]
dart_LeaseAndLeaseLiabilitesAsALesseeTable,리스 및 리스부채 [표]
dart_LeaseIncome,리스수익
dart_LeasedAssets,리스자산
dart_LegalReserve,이익준비금
dart_LegalReserveMember,이익준비금 [구성요소]
dart_LentIncome,수입임대료
dart_LiabilitiesForRemainingCoverageMember,잔여보장부채 [구성요소]
dart_LifeInsuranceMember,사망보험 [구성요소]
dart_LiquidationValueMember,청산가치 [구성요소]
dart_LitigationAmount,소송 금액
dart_LoanMember,대여금 [구성요소]
dart_LoanTransactionsBetweenEntityRelatedParty,대여거래
dart_LoanTransactionsBetweenEntityRelatedPartyCollection,"대여거래, 회수"
dart_LoanTransactionsBetweenEntityRelatedPartyLending,"대여거래, 대여"
dart_LoansAtAmortisedCost,상각후원가측정대출채권
dart_LoansAtAmortisedCostMember,상각후원가측정대출채권 [구성요소]
dart_LoansAtAmortisedCostUndiscountedCashFlows,"상각후원가측정대출채권, 미할인현금흐름"
dart_LoansAtFairValueThroughOtherComprehensiveIncomeMember,기타포괄손익-공정가치측정대출채권 [구성요소]
dart_LoansAtFairValueThroughProfitOrLossMember,당기손익-공정가치측정대출채권 [구성요소]
dart_LoansUnderInsuranceTermsMember,보험약관대출금 [구성요소]
dart_LongTermGuaranteeDepositRentGross,"장기임대보증금, 총액"
dart_LongTermGuaranteeDepositRentNet,"장기임대보증금, 순액"
dart_LongTermGuaranteeDepositWithholdings,"장기예수보증금, 총액"
dart_LongtermInsuranceMember,장기보험 [구성요소]
dart_LossArisingFromDerecognitionOfFinancialInstrumentsMeasuredAtAmortisedCost,상각후원가측정금융상품제거손실
dart_LossFromChangeInFairValueOfFinancialInstruments,"평가손실, 금융상품"
dart_LossFromDerivativesHeldForHedging,위험회피목적파생상품평가및처분손실
dart_LossFromDisposalOfFinancialInstruments,"처분손실, 금융상품"
dart_LossFromFinancialInstruments,금융상품관련비용
dart_LossFromFinancialInstrumentsAtAmortisedCost,상각후원가측정금융상품관련손실
dart_LossFromFinancialInstrumentsAtFairValueThroughOtherComprehensiveIncome,기타포괄손익-공정가치측정금융상품관련손실
dart_LossFromFinancialInstrumentsAtFairValueThroughProfitOrLoss,당기손익-공정가치측정금융상품관련손실
dart_LossOnForeignExchangeTranslations,외화환산손실
dart_LossRatioMember,손해율 [구성요소]
dart_LossesFromDerivatives,파생상품평가및처분손실
dart_LossesOfAssociatesAndJointVenturesAccountedForUsingEquityMethod,지분법손실
dart_LossesOnChangeInFairValueAndOnDisposalOfFinancialInstruments,금융상품평가및처분손실
dart_LossesOnChangeInFairValueOfFinancialInstruments,금융상품평가손실
dart_LossesOnChangeInFairValueOfFinancialInstrumentsAtFairValueThroughProfitOrLoss,당기손익-공정가치측정금융상품평가손실
dart_LossesOnDisposalOfFairValueFinancialAsset,당기손익인식금융자산처분손실
dart_LossesOnDisposalOfFinancialInstruments,금융상품처분손실
dart_LossesOnDisposalOfIntangibleAssets,무형자산처분손실
dart_LossesOnDisposalsOfFinancialAssetsAtFairValueThroughOtherComprehensiveIncome,기타포괄손익-공정가치측정금융자산처분손실
dart_LossesOnDisposalsOfFinancialInstrumentsAtFairValueThroughProfitOrLoss,당기손익-공정가치측정금융상품처분손실
dart_LossesOnForeignCurrencyTransactionsFiancialExpense,외환차손(금융원가)
dart_LossesOnForeignExchangeTranslationsFinancialExpense,외화환산손실(금융원가)
dart_LossesOnTransactionOfDerivativeFinancialInstrumentsFinancialExpense,파생상품거래손실(금융원가)
dart_LossesOnValuationOfFairValueFinancialAsset,당기손익인식금융자산평가손실
dart_LossesSaleTreasuryStock,자기주식처분손실
dart_MajorComponentsOfTaxExpenseIncomeExplanatory,법인세비용(수익)의 주요 구성요소 [문장영역]
dart_MajorComponentsOfTaxExpenseIncomeLineItems,법인세비용(수익)의 주요 구성요소 [항목]
dart_MajorComponentsOfTaxExpenseIncomeTable,법인세비용(수익)의 주요 구성요소 [표]
dart_MembershipExpenses,협회비
dart_MiscellaneousExpenses,기타판매비와관리비
dart_MiscellaneousFinancialAssetsAtAmortisedCostMember,그밖의 상각후원가측정기타금융자산 [구성요소]
dart_MiscellaneousIncome,잡이익
dart_MiscellaneousLosses,잡손실
dart_NameOfEntitiesProvidedWithGuarantee,피보증처명
dart_NameOfSecuredCreditor,담보제공처
dart_NameOfSecuredCreditorAxis,담보제공처 [축]
dart_NameOfSecuredCreditorMember,담보제공처 [구성요소]
dart_NameOfTheInstitutionMakingTheCommitments,약정처
dart_NonOperatingExpense,영업외비용
dart_NonOperatingIncome,영업외수익
dart_NonOperatingProfitLoss,영업외손익
dart_NonoperatingIncomeExpenseAbstract,영업외손익 [개요]
dart_NonoperatingIncomeExpenseExplanatory,영업외손익 [문장영역]
dart_NonoperatingIncomeExpenseLineItems,영업외손익 [항목]
dart_NonoperatingIncomeExpenseTable,영업외손익 [표]
dart_NotionalAmountOfDerivativesAbstract,파생상품의 미결제약정 내역 [개요]
dart_NotionalAmountOfDerivativesExplanatory,파생상품의 미결제약정 내역 [문장영역]
dart_NotionalAmountOfDerivativesLineItems,파생상품의 미결제약정 내역 [항목]
dart_NotionalAmountOfDerivativesTable,파생상품의 미결제약정 내역 [표]
dart_NumberOfLitigations,소송 건수
dart_OpeningDepositsForCheckingAccountMember,당좌개설보증금 [구성요소]
dart_OperatingExpenseInsurance,보험영업비용
dart_OperatingExpenseInvestment,투자영업비용
dart_OperatingExpenseRateMember,사업비율 [구성요소]
dart_OperatingIncomeInsurance,보험영업수익
dart_OtherAdjustmentsOfLiabilitiesForIncurredClaimsThatAriseFromContractsWithinScopeOfIFRS17,IFRS 17의 적용범위에 포함되는 계약에서 생기는 발생사고부채에 대한 기타 조정 사항
dart_OtherBorrowingsUndiscountedCashFlows,"기타 차입금(사채 제외), 미할인현금흐름"
dart_OtherCapitalAdjustments,기타자본조정
dart_OtherCapitalSurplus,기타자본잉여금
dart_OtherChangesFairValueMeasurementAssets,"기타변동, 공정가치측정, 자산"
dart_OtherComprehensiveIncomeLossAccumulatedAmount,기타포괄손익누계액
dart_OtherComprehensiveIncomeLossAccumulatedAmountMember,기타포괄손익누계액 [구성요소]
dart_OtherComprehensiveIncomeNetOfTaxChangeInFairValueOfFinancialAssetsMeasuredAtFairValueThroughOtherComprehensiveIncome,기타포괄손익-공정가치측정금융자산평가손익
dart_OtherComprehensiveIncomeNetOfTaxCreditLossesOfFinancialAssetsMeasuredAtFairValueThroughOtherComprehensiveIncome,기타포괄손익-공정가치측정 신용손실
dart_OtherComprehensiveIncomeNetOfTaxFinancialAssetsMeasuredAtFairValueThroughOtherComprehensiveIncomeAbstract,기타포괄손익-공정가치측정금융자산관련손익 [개요]
dart_OtherComprehensiveIncomeNetOfTaxFinancialAssetsMeasuredAtFairValueThroughOtherComprehensiveIncomeTotal,기타포괄손익-공정가치측정금융자산관련손익 총손익
dart_OtherComprehensiveIncomeNetOfTaxGainsLossesOnHedgingInstrument,"공정가치 위험회피수단 평가손익, 세후기타포괄손익"
dart_OtherComprehensiveIncomeNetOfTaxGainsLossesOnRevaluationOfPropertyPlandAndEquipment,유형자산재평가잉여금
dart_OtherContractTypeMember,기타 계약 유형 [구성요소]
dart_OtherDebtSecuritiedMember,기타채무상품 [구성요소]
dart_OtherDepositsMember,기타 예치금 [구성요소]
dart_OtherEffectOfChangeInTheCarryingAmountOfTheGroupOfInsuranceContractsMember,기타 보험계약집합 장부금액의 변동 효과 [구성요소]
dart_OtherFinancialAssetsAtAmortisedCost,상각후원가측정기타금융자산
dart_OtherFinancialAssetsAtAmortisedCostMember,상각후원가측정기타금융자산 [구성요소]
dart_OtherFinancialAssetsAtFairValueThroughOtherComprehensiveIncome,기타포괄손익-공정가치측정기타금융자산
dart_OtherFinancialAssetsAtFairValueThroughProfitOrLoss,당기손익-공정가치측정기타금융자산
dart_OtherFinancialAssetsMember,기타금융자산 [구성요소]
dart_OtherFinancialLiabilitiesAbstract,기타금융부채 [개요]
dart_OtherFinancialLiabilitiesExplanatory,기타금융부채 [문장영역]
dart_OtherFinancialLiabilitiesLineItems,기타금융부채 [항목]
dart_OtherFinancialLiabilitiesMember,기타금융부채 [구성요소]
dart_OtherFinancialLiabilitiesTable,기타금융부채 [표]
dart_OtherGainsFromFinancialInstruments,"기타이익, 금융상품"
dart_OtherInsuranceMember,기타보험 [구성요소]
dart_OtherLoansMember,기타대출 [구성요소]
dart_OtherLossFromFinancialInstruments,"기타손실, 금융상품"
dart_OtherOperatingExpense,기타영업비용
dart_OtherOperatingExpenseInsurance,기타보험영업비용
dart_OtherOperatingExpenseInvestment,기타투자영업비용
dart_OtherOperatingIncome,기타영업수익
dart_OtherOperatingIncomeInvestment,기타투자영업이익
dart_OtherPayablesMember,기타 미지급금 [구성요소]
dart_OtherPayablesTrust,"미지급금, 신탁계정"
dart_OtherReceivablesMember,기타채권 [구성요소]
dart_OtherRetainedEarningsMember,기타 이익잉여금 [구성요소]
dart_OutsourcingExpensesSellingGeneralAdministrativeExpenses,"외주용역비, 판관비"
dart_OutstandingCommitments,약정 잔액
dart_Payables,미지급금
dart_PaymentGuaranteeLoanMember,지급보증대출금 [구성요소]
dart_PaymentsForRestoration,복구비의지출
dart_PensionAndSavingsInsuranceMember,연금저축보험 [구성요소]
dart_PlaintiffInLawsuitsMember,제소(원고) [구성요소]
dart_PolicyholdersEquityAdjustment,계약자지분조정
dart_PremiumOnBondsIssued,사채할증발행차금
dart_PrepaidExpenses,선급비용
dart_PresentValueDiscountMember,현재가치할인차금 [구성요소]
dart_PresentValueDiscountsLongTermGuaranteeDepositRentGross,"현재가치할인차금, 장기임대보증금"
dart_PrivateStocksMember,비상장 주식 [구성요소]
dart_ProceedsFromDisposalOfFinancialAssetsAtFairValueThroughProfitOrLossClassifiedAsInvestingActivities,당기손익-공정가치측정금융자산의 처분
dart_ProceedsFromSalesOfFinancialAssetsAtAmortisedCostClassifiedAsInvestingActivities,상각후원가측정금융자산의처분 - 투자활동
dart_ProceedsFromSalesOfFinancialAssetsAtFairValueThroughOtherComprehensiveIncome,기타포괄손익-공정가치측정금융자산의처분
dart_ProceedsFromSalesOfIntangibleAssetsOtherThanGoodwill,영업권 이외의 무형자산의 처분
dart_ProceedsFromSalesOfInvestmentsInSubsidiaries,종속기업에 대한 투자자산의 처분
dart_ProceedsFromSalesOfInvestmentsInSubsidiariesJointVenturesAndAssociates,"종속기업, 조인트벤처와 관계기업에 대한 투자자산의 처분"
dart_ProfitOrLossRelatedToAssetsLevel3HeldAtEndOfPeriodAbstract,"보고기간 말 보유하고 있는 수준 3으로 측정된 자산, 부채와 관련된 당기손익과 인식된 계정과목, 자산 [개요]"
dart_ProfitOrLossRelatedToAssetsLevel3HeldAtEndOfPeriodExplanatory,"보고기간 말 보유하고 있는 수준 3으로 측정된 자산, 부채와 관련된 당기손익과 인식된 계정과목, 자산 [문장영역]"
dart_ProfitOrLossRelatedToAssetsLevel3HeldAtEndOfPeriodLineItems,"보고기간 말 보유하고 있는 수준 3으로 측정된 자산, 부채와 관련된 당기손익과 인식된 계정과목, 자산 [항목]"
dart_ProfitOrLossRelatedToAssetsLevel3HeldAtEndOfPeriodTable,"보고기간 말 보유하고 있는 수준 3으로 측정된 자산, 부채와 관련된 당기손익과 인식된 계정과목, 자산 [표]"
dart_ProfitsOfAssociatesAndJointVenturesAccountedForUsingEquityMethod,지분법이익
dart_ProvidedPaymentGuaranteeMember,제공한 지급보증 [구성요소]
dart_ProvisionForSeveranceIndemnities,"퇴직급여, 판관비"
dart_ProvisionOfGuaranteesByEntity,기업의 보증금액
dart_ProvisionOfGuaranteesByToEntityOfNonPF,기업의(으로의) 보증금액 (비 PF)
dart_PublicStocksMember,상장주식 [구성요소]
dart_PublicationExpenses,도서인쇄비
dart_PurchaseCommitmentMember,매입약정 [구성요소]
dart_PurchaseOfFinancialAssetsAtAmortisedCostClassifiedAsInvestingActivities,상각후원가측정금융자산의취득 - 투자활동
dart_PurchaseOfFinancialAssetsAtFairValueThroughOtherComprehensiveIncome,기타포괄손익-공정가치측정금융자산의취득
dart_PurchaseOfFinancialAssetsAtFairValueThroughProfitOrLossClassifiedAsInvestingActivities,당기손익-공정가치측정금융자산의 취득
dart_PurchaseOfIntangibleAssetsOtherThanGoodwill,영업권 이외의 무형자산의 취득
dart_PurchaseOfInvestmentsInSubsidiaries,종속기업에 대한 투자자산의 취득
dart_PurchaseOfInvestmentsInSubsidiariesJointVenturesAndAssociates,"종속기업, 조인트벤처와 관계기업에 대한 투자자산의 취득"
dart_PurchaseOfNonCurrentAssetsOrDisposalGroupsClassifiedAsHeldForSale,매각예정으로 분류된 비유동자산이나 처분자산집단의 취득
dart_RealEstateMortgageLoansMember,부동산담보대출금 [구성요소]
dart_ReceivablesMember,미수금 [구성요소]
dart_ReceivedPaymentGuaranteeMember,제공받은 지급보증 [구성요소]
dart_ReconciliationOfAccountingProfitMultipliedByApplicableTaxRatesExplanatory,회계이익에 적용세율을 곱하여 산출한 금액에 대한 조정 [문장영역]
dart_ReconciliationOfAccountingProfitMultipliedByApplicableTaxRatesLineItems,회계이익에 적용세율을 곱하여 산출한 금액에 대한 조정 [항목]
dart_ReconciliationOfAccountingProfitMultipliedByApplicableTaxRatesTable,회계이익에 적용세율을 곱하여 산출한 금액에 대한 조정 [표]
dart_ReconciliationOfAggregateDifferenceBetweenFairValueAtInitialRecognitionAndAmountDeterminedUsingValuationTechniqueYetToBeRecognisedExplanatory,아직 인식하지 아니한 최초인식시점의 공정가치와 거래가격의 손익차이에 대한 조정 [문장영역]
dart_ReconciliationOfAggregateDifferenceBetweenFairValueAtInitialRecognitionAndAmountDeterminedUsingValuationTechniqueYetToBeRecognisedLineItems,아직 인식하지 아니한 최초인식시점의 공정가치와 거래가격의 손익차이에 대한 조정 [항목]
dart_ReconciliationOfAggregateDifferenceBetweenFairValueAtInitialRecognitionAndAmountDeterminedUsingValuationTechniqueYetToBeRecognisedTable,아직 인식하지 아니한 최초인식시점의 공정가치와 거래가격의 손익차이에 대한 조정 [표]
dart_ReconciliationOfAverageEffectiveTaxRateAndApplicableTaxRateExplanatory,평균유효세율과 적용세율간의 조정 [문장영역]
dart_ReconciliationOfAverageEffectiveTaxRateAndApplicableTaxRateLineItems,평균유효세율과 적용세율간의 조정 [항목]
dart_ReconciliationOfAverageEffectiveTaxRateAndApplicableTaxRateTable,평균유효세율과 적용세율간의 조정 [표]
dart_ReconciliationOfChangesInFairValueMeasurementAssetsExplanatory,"공정가치측정의 변경에 대한 조정, 자산 [문장영역]"
dart_ReconciliationOfChangesInFairValueMeasurementAssetsLineItems,"공정가치측정의 변경에 대한 조정, 자산 [항목]"
dart_ReconciliationOfChangesInFairValueMeasurementAssetsTable,"공정가치측정의 변경에 대한 조정, 자산 [표]"
dart_ReconciliationOfChangesInFairValueMeasurementLiabilitiesExplanatory,"공정가치측정의 변경에 대한 조정, 부채 [문장영역]"
dart_ReconciliationOfChangesInFairValueMeasurementLiabilitiesLineItems,"공정가치측정의 변경에 대한 조정, 부채 [항목]"
dart_ReconciliationOfChangesInFairValueMeasurementLiabilitiesTable,"공정가치측정의 변경에 대한 조정, 부채 [표]"
dart_RegulatoryReserveAfterAppropriationReversion,감독목적상 적립금 전입(환입) 후 잔액
dart_RegulatoryReserveForCreditLoss,대손준비금 기적립액
dart_RegulatoryReserveForCreditLossMember,대손준비금 [구성요소]
dart_RegulatoryReserveForCreditLossToBeAddedReversed,대손준비금 적립(환입)예정액
dart_RegulatoryReserveToBeAddedReversed,감독목적상 적립금 전입(환입) 예정액
dart_RemarksCommentsAboutGuarantee,지급보증에 대한 비고(설명)
dart_RentalExpensesSellingGeneralAdministrativeExpenses,"임차료, 판관비"
dart_RepairExpenses,수선비
dart_ReportedAmountMember,공시금액 [구성요소]
dart_RepurchaseAgreementsMember,환매조건부채권매도 [구성요소]
dart_RestrictedDepositsMember,사용제한 예치금 [구성요소]
dart_RestrictedFinancialAssetAxis,사용이 제한된 금융자산 [축]
dart_RestrictedFinancialAssetMember,사용이 제한된 금융자산 [구성요소]
dart_RestrictedFinancialAssets,사용이 제한된 금융자산
dart_RestrictedFinancialAssetsExplanatory,사용이 제한된 금융자산 [문장영역]
dart_RetainedEarningsBeforeAppropriationsAccumulatedDeficitBeforeDispositionMember,미처분이익잉여금(미처리결손금) [구성요소]
dart_RevenueFromRenderingOfServicesRental,임대수익
dart_ReversalOfImpairmentLossOfFinancialAssetsAtAmortisedCost,상각후원가측정금융자산손상환입
dart_ReversalOfImpairmentLossOfFinancialAssetsAtFairValueThroughOtherComprehensiveIncome,기타포괄손익-공정가치측정금융자산손상차손환입 조정
dart_ReversalOfImpairmentLossesOnIntangibleAssets,무형자산손상차손환입
dart_ReversalsOfImpairmentLossesOfFinancialAssets,신용손실충당금 환입액
dart_ReversalsOfImpairmentLossesOnInvestmentProperty,투자부동산손상차손환입
dart_RightForFacilityUseMember,회원권 [구성요소]
dart_SalariesWages,"급여, 판관비"
dart_SalesPromotionExpenses,판매촉진비
dart_SecuritiesAtAmortisedCost,상각후원가측정유가증권
dart_SecuritiesAtAmortisedCostMember,상각후원가측정유가증권 [구성요소]
dart_SecuritiesAtAmortisedCostUndiscountedCashFlows,"상각후원가측정유가증권, 미할인현금흐름"
dart_SecuritiesAtFairValueThroughOtherComprehensiveIncome,기타포괄손익-공정가치측정유가증권
dart_SecuritiesAtFairValueThroughOtherComprehensiveIncomeUndiscountedCashFlows,"기타포괄손익-공정가치측정유가증권, 미할인현금흐름"
dart_SecuritiesAtFairValueThroughProfitOrLoss,당기손익-공정가치측정유가증권
dart_SecuritiesAtFairValueThroughProfitOrLossMember,당기손익-공정가치측정유가증권 [구성요소]
dart_SecuritiesDenominatedInForeignCurrencyMember,외화유가증권 [구성요소]
dart_SecuritiesLentMember,대여유가증권 [구성요소]
dart_SecuritiesMember,유가증권 [구성요소]
dart_SecuritiesOfBeneficiariesInCustody,수익자유가증권
dart_SecuritiesSoldMember,매도유가증권 [구성요소]
dart_SeparateCustomersDepositsMember,투자자예탁금별도예치금 [구성요소]
dart_ShareCapitalRepayableOnDemand,요구불상환지분
dart_ShareOfRetainedEarningsOfAssociatesAndJointVenturesAccountedForUsingEquityMethod,지분법 이익잉여금 변동
dart_ShortTermOtherGuaranteeDepositReceived,단기기타보증금
dart_SpecificDepositsMember,특정예금 [구성요소]
dart_StockIndexRelatedMember,주가지수 관련 [구성요소]
dart_StocksBorrowed,"주식, 차입유가증권"
dart_StocksMember,"주식, 지분증권 [구성요소]"
dart_StructureMember,구축물 [구성요소]
dart_SubscriptionDepositsMember,청약예치금 [구성요소]
dart_SupplyExpenses,소모품비
dart_SurrenderRatioMember,해약율 [구성요소]
dart_SurrenderValueReserve,해약환급금준비금 기적립액
dart_SurrenderValueReserveMember,해약환급금준비금 [구성요소]
dart_SurrenderValueReserveToBeAdded,해약환급금준비금 적립(환입)예정액
dart_TaxesDues,세금과공과
dart_TaxesDuesSellingGeneralAdministrativeExpenses,"세금과공과, 판관비"
dart_TermDepositsMember,정기예치금 [구성요소]
dart_TotalSellingGeneralAdministrativeExpenses,판매비와관리비
dart_TradingPurposeMember,매매 목적 [구성요소]
dart_TrainingExpenses,교육훈련비
dart_TransferOfAmountRecognisedInOtherComprehensiveIncomeAndAccumulatedInEquityRelatingToDisposalOfInvestmentsInEquityInstruments,기타포괄손익지분증권처분이익잉여금대체
dart_TransferToImpairedFinancialAssets,신용이 손상된 금융자산으로 대체
dart_TransferToLifetimeExpectedCreditLossesType,전체기간 기대신용측정 금융자산으로 대체
dart_TransferToTwelvemonthExpectedCreditLossesType,12개월 기대신용손실측정 금융자산으로 대체
dart_TravelExpenses,여비교통비
dart_TrustExpenses,"비용, 신탁계정"
dart_TrustFeesCommissions,신탁보수
dart_TrustIncome,"수익, 신탁계정"
dart_TypeOfGuarantee,보증종류
dart_TypesOfCommitmentsAxis,약정의 유형 [축]
dart_TypesOfCommitmentsMember,약정의 유형 [구성요소]
dart_TypesOfDividendsAxis,배당의 구분 [축]
dart_TypesOfDividendsMember,배당의 구분 [구성요소]
dart_TypesOfPaymentGuaranteesAxis,지급보증의 구분 [축]
dart_TypesOfPaymentGuaranteesMember,지급보증의 구분 [구성요소]
dart_USDMember,USD [구성요소]
dart_UnappropriatedRetainedEarnings,미처분이익잉여금
dart_UtilityExpenses,수도광열비
dart_ValuationTechniquesAndInputsLevel2AssetsNotMeasuredAtFairValueInStatementOfFinancialPositionButForWhichFairValueIsDisclosedAbstract,"평가기법 및 투입변수 수준2 자산, 재무상태표상에 공정가치로 측정되지 않았지만 공시된 공정가치 [개요]"
dart_ValuationTechniquesAndInputsLevel2AssetsNotMeasuredAtFairValueInStatementOfFinancialPositionButForWhichFairValueIsDisclosedExplanatory,"평가기법 및 투입변수 수준2 자산, 재무상태표상에 공정가치로 측정되지 않았지만 공시된 공정가치 [문장영역]"
dart_ValuationTechniquesAndInputsLevel2AssetsNotMeasuredAtFairValueInStatementOfFinancialPositionButForWhichFairValueIsDisclosedLineItems,"평가기법 및 투입변수 수준2 자산, 재무상태표상에 공정가치로 측정되지 않았지만 공시된 공정가치 [항목]"
dart_ValuationTechniquesAndInputsLevel2AssetsNotMeasuredAtFairValueInStatementOfFinancialPositionButForWhichFairValueIsDisclosedTable,"평가기법 및 투입변수 수준2 자산, 재무상태표상에 공정가치로 측정되지 않았지만 공시된 공정가치 [표]"
dart_ValuationTechniquesAndInputsLevel2LiabilitiesNotMeasuredAtFairValueInStatementOfFinancialPositionButForWhichFairValueIsDisclosedAbstract,"평가기법 및 투입변수 수준2 부채, 재무상태표상에 공정가치로 측정되지 않았지만 공시된 공정가치 [개요]"
dart_ValuationTechniquesAndInputsLevel2LiabilitiesNotMeasuredAtFairValueInStatementOfFinancialPositionButForWhichFairValueIsDisclosedExplanatory,"평가기법 및 투입변수 수준2 부채, 재무상태표상에 공정가치로 측정되지 않았지만 공시된 공정가치 [문장영역]"
dart_ValuationTechniquesAndInputsLevel2LiabilitiesNotMeasuredAtFairValueInStatementOfFinancialPositionButForWhichFairValueIsDisclosedLineItems,"평가기법 및 투입변수 수준2 부채, 재무상태표상에 공정가치로 측정되지 않았지만 공시된 공정가치 [항목]"
dart_ValuationTechniquesAndInputsLevel2LiabilitiesNotMeasuredAtFairValueInStatementOfFinancialPositionButForWhichFairValueIsDisclosedTable,"평가기법 및 투입변수 수준2 부채, 재무상태표상에 공정가치로 측정되지 않았지만 공시된 공정가치 [표]"
dart_ValuationTechniquesAndInputsLevel3AssetsNotMeasuredAtFairValueInStatementOfFinancialPositionButForWhichFairValueIsDisclosedAbstract,"평가기법 및 투입변수 수준3 자산, 재무상태표상에 공정가치로 측정되지 않았지만 공시된 공정가치 [개요]"
dart_ValuationTechniquesAndInputsLevel3AssetsNotMeasuredAtFairValueInStatementOfFinancialPositionButForWhichFairValueIsDisclosedExplanatory,"평가기법 및 투입변수 수준3 자산, 재무상태표상에 공정가치로 측정되지 않았지만 공시된 공정가치 [문장영역]"
dart_ValuationTechniquesAndInputsLevel3AssetsNotMeasuredAtFairValueInStatementOfFinancialPositionButForWhichFairValueIsDisclosedLineItems,"평가기법 및 투입변수 수준3 자산, 재무상태표상에 공정가치로 측정되지 않았지만 공시된 공정가치 [항목]"
dart_ValuationTechniquesAndInputsLevel3AssetsNotMeasuredAtFairValueInStatementOfFinancialPositionButForWhichFairValueIsDisclosedTable,"평가기법 및 투입변수 수준3 자산, 재무상태표상에 공정가치로 측정되지 않았지만 공시된 공정가치 [표]"
dart_ValuationTechniquesAndInputsLevel3LiabilitiesNotMeasuredAtFairValueInStatementOfFinancialPositionButForWhichFairValueIsDisclosedAbstract,"평가기법 및 투입변수 수준3 부채, 재무상태표상에 공정가치로 측정되지 않았지만 공시된 공정가치 [개요]"
dart_ValuationTechniquesAndInputsLevel3LiabilitiesNotMeasuredAtFairValueInStatementOfFinancialPositionButForWhichFairValueIsDisclosedExplanatory,"평가기법 및 투입변수 수준3 부채, 재무상태표상에 공정가치로 측정되지 않았지만 공시된 공정가치 [문장영역]"
dart_ValuationTechniquesAndInputsLevel3LiabilitiesNotMeasuredAtFairValueInStatementOfFinancialPositionButForWhichFairValueIsDisclosedLineItems,"평가기법 및 투입변수 수준3 부채, 재무상태표상에 공정가치로 측정되지 않았지만 공시된 공정가치 [항목]"
dart_ValuationTechniquesAndInputsLevel3LiabilitiesNotMeasuredAtFairValueInStatementOfFinancialPositionButForWhichFairValueIsDisclosedTable,"평가기법 및 투입변수 수준3 부채, 재무상태표상에 공정가치로 측정되지 않았지만 공시된 공정가치 [표]"
dart_ValuationTechniquesAndInputsUsedInFairValueMeasurementOfLevel2AssetsAbstract,평가기법 및 투입변수 수준2 자산 [개요]
dart_ValuationTechniquesAndInputsUsedInFairValueMeasurementOfLevel2AssetsExplanatory,평가기법 및 투입변수 수준2 자산 [문장영역]
dart_ValuationTechniquesAndInputsUsedInFairValueMeasurementOfLevel2AssetsLineItems,평가기법 및 투입변수 수준2 자산 [항목]
dart_ValuationTechniquesAndInputsUsedInFairValueMeasurementOfLevel2AssetsTable,평가기법 및 투입변수 수준2 자산 [표]
dart_ValuationTechniquesAndInputsUsedInFairValueMeasurementOfLevel2LiabilitiesAbstract,평가기법 및 투입변수 수준2 부채 [개요]
dart_ValuationTechniquesAndInputsUsedInFairValueMeasurementOfLevel2LiabilitiesExplanatory,평가기법 및 투입변수 수준2 부채 [문장영역]
dart_ValuationTechniquesAndInputsUsedInFairValueMeasurementOfLevel2LiabilitiesLineItems,평가기법 및 투입변수 수준2 부채 [항목]
dart_ValuationTechniquesAndInputsUsedInFairValueMeasurementOfLevel2LiabilitiesTable,평가기법 및 투입변수 수준2 부채 [표]
dart_ValuationTechniquesAndInputsUsedInFairValueMeasurementOfLevel3AssetsAbstract,평가기법 및 투입변수 수준3 자산 [개요]
dart_ValuationTechniquesAndInputsUsedInFairValueMeasurementOfLevel3AssetsExplanatory,평가기법 및 투입변수 수준3 자산 [문장영역]
dart_ValuationTechniquesAndInputsUsedInFairValueMeasurementOfLevel3AssetsLineItems,평가기법 및 투입변수 수준3 자산 [항목]
dart_ValuationTechniquesAndInputsUsedInFairValueMeasurementOfLevel3AssetsTable,평가기법 및 투입변수 수준3 자산 [표]
dart_ValuationTechniquesAndInputsUsedInFairValueMeasurementOfLevel3LiabilitiesAbstract,평가기법 및 투입변수 수준3 부채 [개요]
dart_ValuationTechniquesAndInputsUsedInFairValueMeasurementOfLevel3LiabilitiesExplanatory,평가기법 및 투입변수 수준3 부채 [문장영역]
dart_ValuationTechniquesAndInputsUsedInFairValueMeasurementOfLevel3LiabilitiesLineItems,평가기법 및 투입변수 수준3 부채 [항목]
dart_ValuationTechniquesAndInputsUsedInFairValueMeasurementOfLevel3LiabilitiesTable,평가기법 및 투입변수 수준3 부채 [표]
dart_VehicleMaintenanceExpenses,차량유지비
dart_VoluntaryReserves,임의적립금
dart_VoluntaryReservesMember,임의적립금 [구성요소]
entity00112332_AccruedExpensesNonFinancialOfOtherNonFinancialLiabilitiesOfDisclosureOfOtherLiabilitiesTableOfItems,비금융미지급비용
entity00112332_AccruedIntangibleAssetAcquisitionOfASignificantTransactionThatDoesNotInvolveCashInflowOrOutflowOfThreeASignificantTransactionThatDoesNotInvolveCashInflowOrOutflowTableOfItems,무형자산취득미지급금
entity00112332_AccruedReceivablesForAcquisitionOfTangibleAssetsOfASignificantTransactionThatDoesNotInvolveCashInflowOrOutflowOfThreeASignificantTransactionThatDoesNotInvolveCashInflowOrOutflowTableOfItems,유형자산 취득미지급금
entity00112332_AcquisitionAndDisposalOfConsolidatedBeneficiarySecuritiesAbstract,연결대상수익증권의 취득 및 처분[ 개요 ]
entity00112332_AcquisitionAndDisposalOfConsolidatedBeneficiarySecuritiesOfAcquisitionAndDisposalOfConsolidatedBeneficiarySecuritiesTableOfLineItems,연결대상수익증권의 취득 및 처분
entity00112332_AcquisitionAndDisposalOfConsolidatedBeneficiarySecuritiesTable,연결대상수익증권의 취득 및 처분
entity00112332_AcquisitionAndDisposalOfConsolidatedBeneficiarySecuritiesTextBlock,연결대상수익증권의 취득 및 처분[ 문장영역 ]
entity00112332_AcquisitionOfConsolidatedRevenueSecuritiesOfAcquisitionAndDisposalOfConsolidatedBeneficiarySecuritiesOfAcquisitionAndDisposalOfConsolidatedBeneficiarySecuritiesTableOfItems,연결대상수익증권의 취득
entity00112332_AcquisitionOfCorporateBondsRelatedPartiesOfDisclosureOfFinancialTransactionsBetweenRelatedPartiesLineItemsOfDisclosureOfFinancialTransactionsBetweenRelatedPartiesTableOfItems,"사채취득, 특수관계자"
entity00112332_AcquisitionOfPrivateLoansOfDisclosureOfFinancialTransactionsBetweenRelatedPartiesLineItemsOfDisclosureOfFinancialTransactionsBetweenRelatedPartiesTableOfItems,사채취득
entity00112332_ActualBusinessExpensesIncludedInInsuranceServiceCostsOfProjectExpensesAndPropertyManagementExpensesOfProjectExpensesAndPropertyManagementExpensesTableOfMember,보험서비스비용에 포함된 실제 발생한 사업비
entity00112332_AdjustmentOfBadDebtReservesOfReconciliationOfExpensesAndRevenuesOfOneReconciliationOfExpensesAndRevenuesTableOfItems,대손충당금환입의 조정
entity00112332_AdjustmentOfGainsAndLossesOnRedemptionOfSecuritiesMeasuredAtAmortizedCostOfReconciliationOfExpensesAndRevenuesOfOneReconciliationOfExpensesAndRevenuesTableOfItems,상각후원가측정유가증권상환손익의 조정
entity00112332_AdjustmentOfInsuranceFinanceCostsOfReconciliationOfExpensesAndRevenuesOfOneReconciliationOfExpensesAndRevenuesTableOfItems,보험금융비용의 조정
entity00112332_AdjustmentOfInsuranceFinancialIncomeOfReconciliationOfExpensesAndRevenuesOfOneReconciliationOfExpensesAndRevenuesTableOfItems,보험금융수익의 조정
entity00112332_AdjustmentOfInsuranceProfitsOfReconciliationOfExpensesAndRevenuesOfOneReconciliationOfExpensesAndRevenuesTableOfItems,보험수익의 조정
entity00112332_AdjustmentOfInsuranceServiceCostsOfReconciliationOfExpensesAndRevenuesOfOneReconciliationOfExpensesAndRevenuesTableOfItems,보험서비스비용의 조정
entity00112332_AdjustmentOfLossRelatedToFinancialInstrumentsMeasuredAtFairValueProfitOrLossForThePeriodOfReconciliationOfExpensesAndRevenuesOfOneReconciliationOfExpensesAndRevenuesTableOfItems,당기손익-공정가치측정금융상품 관련 손실의 조정
entity00112332_AdjustmentOfProfitRelatedToFinancialInstrumentsMeasuredAtFairValueProfitOrLossForThePeriodOfReconciliationOfExpensesAndRevenuesOfOneReconciliationOfExpensesAndRevenuesTableOfItems,당기손익-공정가치측정금융상품 관련 이익의 조정
entity00112332_AdjustmentOfProfitsAndLossesRelatedToDerivativesOfReconciliationOfExpensesAndRevenuesOfOneReconciliationOfExpensesAndRevenuesTableOfItems,파생상품관련손익의 조정
entity00112332_AdjustmentOfReinsuranceFinanceCostsOfReconciliationOfExpensesAndRevenuesOfOneReconciliationOfExpensesAndRevenuesTableOfItems,재보험금융비용의 조정
entity00112332_AdjustmentOfReinsuranceFinancialIncomeOfReconciliationOfExpensesAndRevenuesOfOneReconciliationOfExpensesAndRevenuesTableOfItems,재보험금융수익의 조정
entity00112332_AdjustmentOfReinsuranceIncomeOfReconciliationOfExpensesAndRevenuesOfOneReconciliationOfExpensesAndRevenuesTableOfItems,재보험수익의 조정
entity00112332_AdjustmentOfReinsuranceServiceCostsOfReconciliationOfExpensesAndRevenuesOfOneReconciliationOfExpensesAndRevenuesTableOfItems,재보험서비스비용의 조정
entity00112332_AdjustmentOfRestorationWorkProfitAndLossOfReconciliationOfExpensesAndRevenuesOfOneReconciliationOfExpensesAndRevenuesTableOfItems,복구공사손익의 조정
entity00112332_AdjustmentOfTheAmountOfUnusedContractualReserveLiabilitiesTransferredReturnedOfReconciliationOfExpensesAndRevenuesOfOneReconciliationOfExpensesAndRevenuesTableOfItems,미사용약정충당부채전입(환입)액의 조정
entity00112332_AdvancePaymentEtcOfMiscellaneousAssetsAbstractOfDisclosureOfOtherAssetsTableOfItems,선급금 등
entity00112332_AmortizedCostLoansAndOtherReceivablesOfFinancialAssetsAtAmortisedCostCategoryMemberOfFinancialCostTableOfMember,상각후원가측정대출채권 및 기타수취채권
entity00112332_AmortizedCostLoansAndOtherReceivablesOfFinancialAssetsAtAmortisedCostCategoryMemberOfTwo8FinancialIncomeAndFinancialExpensesTableOfMember,상각후원가측정대출채권 및 기타수취채권
entity00112332_AmountSetAsCollateralInConnectionWithDerivativesTransactionsTable,파생상품거래와 관련하여 담보로 설정한 금액
entity00112332_AmountSetAsCollateralInConnectionWithDerivativesTransactionsTextBlock,파생상품거래와 관련하여 담보로 설정한 금액[ 문장영역 ]
entity00112332_AnnualRepaymentPlanTable,연도별 상환계획
entity00112332_AnnualRepaymentPlanTextBlock,연도별 상환계획[ 문장영역 ]
entity00112332_AustraliaNewZealandBankOfNameOfSecuredCreditorMemberOfAmountSetAsCollateralInConnectionWithDerivativesTransactionsTableOfMember,호주뉴질랜드은행
entity00112332_AverageEffectiveTaxRateOfCorporateTaxExpenseTable,법인세비용의 평균유효세율
entity00112332_AverageEffectiveTaxRateOfCorporateTaxExpenseTextBlock,법인세비용의 평균유효세율[ 문장영역 ]
entity00112332_BnpParibasBankOfNameOfSecuredCreditorMemberOfAmountSetAsCollateralInConnectionWithDerivativesTransactionsTableOfMember,비엔피파리바은행
entity00112332_BondExpectedPurchaseTransactionOfHedgedItemsMemberOfDisclosureOfDetailedInformationAboutHedgedItemsTableOfMember,채권예상매입거래
entity00112332_BondsOfDisclosureOfOutstandingBalancesForRelatedPartyTransactionsLineItemsOfDisclosureOfOutstandingBalancesForRelatedPartyTransactionsTableOfItems,"채권, 특수관계자거래"
entity00112332_C26kr1603001OfJpmorganWonStructuredDeposit1OfStructuredDepositTableOfMember,C26KR1603001
entity00112332_C26kr1605001OfShinhanBankStructuredDepositPowerspreadRa1OfStructuredDepositTableOfMember,C26KR1605001
entity00112332_C26kr2009001OfKoreaDevelopmentBankCallOptionDepartmentStructuredDeposit2OfStructuredDepositTableOfMember,C26KR2009001
entity00112332_CalculationDetailsOfWeightedAverageNumberOfCommonSharesInCirculationTable,가중평균유통보통주식수 계산내역
entity00112332_CalculationDetailsOfWeightedAverageNumberOfCommonSharesInCirculationTextBlock,가중평균유통보통주식수 계산내역[ 문장영역 ]
entity00112332_CapitalAdjustmentConsolidatedFinancialStatements,자본조정
entity00112332_CapitalAdjustmentTable,자본조정
entity00112332_CapitalAdjustmentTextBlock,자본조정[ 문장영역 ]
entity00112332_CapitalSurplusConsolidatedFinancialStatements,자본잉여금
entity00112332_CapitalSurplusTable,자본잉여금
entity00112332_CapitalSurplusTextBlock,자본잉여금[ 문장영역 ]
entity00112332_CashAndCashEquivalentsOfAssetsMemberOfDisclosureOfFairValueByHierarchyAssetsNotMeasuredAtFairValueInStatementOfFinancialPositionButForWhichFairValueIsDisclosedTableOfMember,현금및현금성자산
entity00112332_CashAndCashEquivalentsOfFinancialAssetsAtAmortisedCostCategoryMemberOfFinancialCostTableOfMember,현금및현금성자산
entity00112332_CashAndCashEquivalentsOfFinancialAssetsAtAmortisedCostCategoryMemberOfTwo8FinancialIncomeAndFinancialExpensesTableOfMember,현금및현금성자산
entity00112332_CashAndCashEquivalentsOfFinancialAssetsCategoryMemberOfFairValueAndBookValueOfAssetsTableOfMember,현금및현금성자산
entity00112332_CashAndCashEquivalentsTable,현금 및 현금성자산
entity00112332_CashAndCashEquivalentsTextBlock,현금 및 현금성자산[ 문장영역 ]
entity00112332_CashContributionSpecialRelatedPartyOfDisclosureOfFinancialTransactionsBetweenRelatedPartiesLineItemsOfDisclosureOfFinancialTransactionsBetweenRelatedPartiesTableOfItems,"현금출자, 특수관계자"
entity00112332_CashFlowDueToChangesInConsolidationScopeOfCashFlowsFromUsedInInvestingActivities,연결범위변동으로 인한 현금흐름
entity00112332_CashFlowRiskHedgingDerivativesValuationGainsAndLossesOfChangesInAccumulatedOtherComprehensiveIncomeOfChangesInAccumulatedOtherComprehensiveIncomeTableOfMember,현금흐름위험회피파생상품평가손익
entity00112332_CashRecoverySpecialRelatedPartiesOfDisclosureOfFinancialTransactionsBetweenRelatedPartiesLineItemsOfDisclosureOfFinancialTransactionsBetweenRelatedPartiesTableOfItems,"현금회수, 특수관계자"
entity00112332_ChangeEffectOfDiscountRateAndFinancialAssumptionOfIncreaseDecreaseThroughInsuranceFinanceIncomeOrExpensesInsuranceContractsLiabilityAssetOfOne64InvestmentServiceProfitAndInsuranceRelatedFinancialIncomeTableOfItems,할인률 및 금융가정의 변경 효과
entity00112332_ChangeEffectOfDiscountRateAndFinancialAssumptionReinsuranceOfFinanceIncomeFromReinsuranceContractsHeldRecognisedInProfitOrLossOfOne64InvestmentServiceProfitAndInsuranceRelatedFinancialIncomeTableOfItems,재보험 할인률 및 금융가정의 변경 효과
entity00112332_ChangesInAccumulatedOtherComprehensiveIncomeOfChangesInAccumulatedOtherComprehensiveIncomeOfAxis,기타포괄손익누계액 변동내역
entity00112332_ChangesInAccumulatedOtherComprehensiveIncomeOfChangesInAccumulatedOtherComprehensiveIncomeOfChangesInAccumulatedOtherComprehensiveIncomeTableOfMember,기타포괄손익누계액 변동내역
entity00112332_ChangesInAccumulatedOtherComprehensiveIncomeTable,기타포괄손익누계액의 변동내역
entity00112332_ChangesInAccumulatedOtherComprehensiveIncomeTextBlock,기타포괄손익누계액의 변동내역[ 문장영역 ]
entity00112332_ChangesInCashFlowHedgeValuationGainsAndLossesOtherComprehensiveIncomeOfASignificantTransactionThatDoesNotInvolveCashInflowOrOutflowOfThreeASignificantTransactionThatDoesNotInvolveCashInflowOrOutflowTableOfItems,현금흐름위험회피평가손익의 변동(기타포괄손익)
entity00112332_ChangesInForeignExchangeRatesReinsuranceOfFinanceIncomeFromReinsuranceContractsHeldRecognisedInProfitOrLossOfOne64InvestmentServiceProfitAndInsuranceRelatedFinancialIncomeTableOfItems,환율변동효과
entity00112332_ChangesInReinsuranceContractFinancialAssumptionsAndOtherComprehensiveIncomeOtherComprehensiveIncomeOfASignificantTransactionThatDoesNotInvolveCashInflowOrOutflowOfThreeASignificantTransactionThatDoesNotInvolveCashInflowOrOutflowTableOfItems,재보험계약금융가정변동기타포괄손익의 변동(기타포괄손익)
entity00112332_ChangesInReinsuranceCostsForReinsuranceContractsHeldTable,보유한 재보험계약에 대한 재보험비용의 변동내역
entity00112332_ChangesInReinsuranceCostsForReinsuranceContractsHeldTextBlock,보유한 재보험계약에 대한 재보험비용의 변동내역[ 문장영역 ]
entity00112332_CitibankKoreaOfNameOfSecuredCreditorMemberOfAmountSetAsCollateralInConnectionWithDerivativesTransactionsTableOfMember,한국씨티은행
entity00112332_CollectionOfficeExpensesOfProjectExpensesAndPropertyManagementExpensesOfProjectExpensesAndPropertyManagementExpensesTableOfItems,수금사무비
entity00112332_CommissionCostsSpecialRelatedPartyTransactionsOfDisclosureOfTransactionsBetweenRelatedPartiesLineItemsOfDisclosureOfTransactionsBetweenRelatedPartiesTableOfItems,"수수료비용, 특수관계자거래"
entity00112332_CompositionDetailsByMaturityTable,만기별 구성내역
entity00112332_CompositionDetailsByMaturityTextBlock,만기별 구성내역[ 문장영역 ]
entity00112332_CondominiumMembershipOfOtherIntangibleAssetsMemberOfDisclosureOfReconciliationOfChangesInIntangibleAssetsAndGoodwillTableOfMember,콘도회원권
entity00112332_ContractAmountHeldOfTitleOfInsuranceContractTableOfItems,보험계약에 의거한 약정사항의 보유계약고
entity00112332_ContractMaintenanceCostOfActualBusinessExpensesIncludedInInsuranceServiceCostsOfProjectExpensesAndPropertyManagementExpensesTableOfMember,계약유지비용
entity00112332_ContractsOtherThanDividendsOfTypesOfContractsMemberOfDisclosureOfNatureAndExtentOfRisksThatAriseFromContractsWithinScopeOfIFRS17TableOfMember,유배당 외 계약
entity00112332_CorporateLoanLossReserveRatioOfDisclosureOfTheTotalOfMajorLoanTypesAndCustomerTypesOfLoansMeasuredAtAmortizedCostAndTheLossReserveRatioOfDisclosureOfTheTotalOfMajorLoanTypesAndCustomerTypesOfLoansMeasuredAtAmortizedCostAndTheLossReserveRatioTableOfItems,기업대출 손실충당금 설정비율
entity00112332_CorporateTaxEffectOfChangesInAccumulatedOtherComprehensiveIncomeOfChangesInAccumulatedOtherComprehensiveIncomeTableOfItems,법인세효과
entity00112332_CurrentLoanAgreementLimitWithFinancialInstitutionsOfContingentLiabilitiesMemberOfFinancialInstitutionAgreementLimitTableOfMember,금융기관과 체결하고 있는 당좌대출 약정한도
entity00112332_DamageInvestigationCostOfActualBusinessExpensesIncludedInInsuranceServiceCostsOfProjectExpensesAndPropertyManagementExpensesTableOfMember,손해조사비용
entity00112332_DefinedBenefitLiabilityRemeasurementFactorsOfChangesInAccumulatedOtherComprehensiveIncomeOfChangesInAccumulatedOtherComprehensiveIncomeTableOfMember,확정급여부채 재측정요소
entity00112332_DepositAmountAndMaturityAmountOfStructuredDepositsOfDepositAmountAndMaturityAmountOfStructuredDepositsOfStructuredDepositTableOfMember,구조화예금의 예치금액과 만기금액
entity00112332_DepositAmountAndMaturityAmountOfStructuredDepositsOfStructuredDepositOfAxis,구조화예금의 예치금액과 만기금액
entity00112332_DepositAmountOfDepositAmountAndMaturityAmountOfStructuredDepositsOfStructuredDepositTableOfMember,예치금액
entity00112332_DepositSettlementAgencyOfCounterpartiesMemberOfTransferOfFinancialAssetsTableOfMember,예탁결제원
entity00112332_DepreciatedCostMeasurementLoanLossReserveRatioOfDisclosureOfTheTotalOfMajorLoanTypesAndCustomerTypesOfLoansMeasuredAtAmortizedCostAndTheLossReserveRatioOfDisclosureOfTheTotalOfMajorLoanTypesAndCustomerTypesOfLoansMeasuredAtAmortizedCostAndTheLossReserveRatioTableOfItems,상각후원가측정대출채권 손실충당금 설정비율
entity00112332_DescriptionOfMethodsUsedToMeasureContractsWithinScopeOfIfrs17AndBasisForEstimatingInputsToThoseMethodsOfDisclosureOfInputsToMethodsUsedToMeasureContractsWithinScopeOfIfrs17LineItemsOfDisclosureOfInputsToMethodsUsedToMeasureContractsWithinScopeOfIFRS17TableOfItems,IFRS 17 적용범위에 포함되는 보험계약 측정에 사용한 방법과 그 방법의 투입변수 추정의 근거
entity00112332_DetailsOfAccumulatedOtherComprehensiveIncomeTable,기타포괄손익누계액의 내역
entity00112332_DetailsOfAccumulatedOtherComprehensiveIncomeTextBlock,기타포괄손익누계액의 내역[ 문장영역 ]
entity00112332_DevelopmentCostsEtcOfOtherIntangibleAssetsMemberOfDisclosureOfReconciliationOfChangesInIntangibleAssetsAndGoodwillTableOfMember,개발비 등
entity00112332_DiagnosisFeeOfProjectExpensesAndPropertyManagementExpensesOfProjectExpensesAndPropertyManagementExpensesTableOfItems,진단비
entity00112332_DirectParDeathOtherOfInsuranceContractsIssuedMemberOfOne63ExpectedRevenueRecognitionAmountByPeriodOfContractualServiceMarginTableOfMember,Direct-Par 변액연금저축
entity00112332_DirectParVariableDeathOfInsuranceContractsIssuedMemberOfOne63ExpectedRevenueRecognitionAmountByPeriodOfContractualServiceMarginTableOfMember,Direct-Par 변액사망
entity00112332_DirectParVariableOtherOfInsuranceContractsIssuedMemberOfOne63ExpectedRevenueRecognitionAmountByPeriodOfContractualServiceMarginTableOfMember,Direct-Par 변액기타
entity00112332_DirectParVariableOtherOfVariableFeeApproachOfInsuranceLiabilitiesByAccountingModelAndPortfolioTableOfMember,Direct-Par 변액기타
entity00112332_DisclosureOfAggregateLoanReceivablesMeasuredAtAmortizedCostTable,상각후원가 측정 대출채권 합계에 대한 공시
entity00112332_DisclosureOfAggregateLoanReceivablesMeasuredAtAmortizedCostTextBlock,상각후원가 측정 대출채권 합계에 대한 공시[ 문장영역 ]
entity00112332_DisclosureOfEffectOfReinsuranceContractsInitiallyRecognisedTable,처음 인식한 재보험계약의 영향 공시
entity00112332_DisclosureOfEffectOfReinsuranceContractsInitiallyRecognisedTextBlock,처음 인식한 재보험계약의 영향 공시[ 문장영역 ]
entity00112332_DisclosureOfFairValueLevelAbstract,공정가치의 수준공시[ 개요 ]
entity00112332_DisclosureOfFairValueLevelOfDisclosureOfFairValueLevelTableOfLineItems,공정가치의 수준공시
entity00112332_DisclosureOfFairValueLevelTable,공정가치의 수준공시
entity00112332_DisclosureOfFairValueLevelTextBlock,공정가치의 수준공시[ 문장영역 ]
entity00112332_DisclosureOfReconciliationOfChangesInInsuranceContractsIssuedByComponentsClassificationByDividendStatusAbstract,보험계약부채(자산)의 보험계약 구성요소별 변동분에 대한 차이조정 공시(배당여부별 구분)[ 개요 ]
entity00112332_DisclosureOfReconciliationOfChangesInInsuranceContractsIssuedByComponentsClassificationByDividendStatusOfDisclosureOfReconciliationOfChangesInInsuranceContractsIssuedByComponentsClassificationByDividendStatusTableOfLineItems,보험계약부채(자산)의 보험계약 구성요소별 변동분에 대한 차이조정 공시(배당여부별 구분)
entity00112332_DisclosureOfReconciliationOfChangesInInsuranceContractsIssuedByComponentsClassificationByDividendStatusTable,보험계약부채(자산)의 보험계약 구성요소별 변동분에 대한 차이조정 공시(배당여부별 구분)
entity00112332_DisclosureOfReconciliationOfChangesInInsuranceContractsIssuedByComponentsClassificationByDividendStatusTextBlock,보험계약부채(자산)의 보험계약 구성요소별 변동분에 대한 차이조정 공시(배당여부별 구분)[ 문장영역 ]
entity00112332_DisclosureOfReconciliationOfChangesInInsuranceContractsIssuedByRemainingCoverageAndIncurredClaimsClassificationByDividendStatusAbstract,보험계약부채(자산)의 잔여보장부채 변동분과 발생사고부채 변동분의 차이조정 공시(배당여부별 구분)[ 개요 ]
entity00112332_DisclosureOfReconciliationOfChangesInInsuranceContractsIssuedByRemainingCoverageAndIncurredClaimsClassificationByDividendStatusOfDisclosureOfReconciliationOfChangesInInsuranceContractsIssuedByRemainingCoverageAndIncurredClaimsClassificationByDividendStatusTableOfLineItems,보험계약부채(자산)의 잔여보장부채 변동분과 발생사고부채 변동분의 차이조정 공시(배당여부별 구분)
entity00112332_DisclosureOfReconciliationOfChangesInInsuranceContractsIssuedByRemainingCoverageAndIncurredClaimsClassificationByDividendStatusTable,보험계약부채(자산)의 잔여보장부채 변동분과 발생사고부채 변동분의 차이조정 공시(배당여부별 구분)
entity00112332_DisclosureOfReconciliationOfChangesInInsuranceContractsIssuedByRemainingCoverageAndIncurredClaimsClassificationByDividendStatusTextBlock,보험계약부채(자산)의 잔여보장부채 변동분과 발생사고부채 변동분의 차이조정 공시(배당여부별 구분)[ 문장영역 ]
entity00112332_DisclosureOfTheTotalOfMajorLoanTypesAndCustomerTypesOfLoansMeasuredAtAmortizedCostAndTheLossReserveRatioTable,상각후원가 측정 대출채권의 주요 대출유형 및 고객유형별 합계에 대한 공시 및 손실충당금 설정비율
entity00112332_DisclosureOfTheTotalOfMajorLoanTypesAndCustomerTypesOfLoansMeasuredAtAmortizedCostAndTheLossReserveRatioTextBlock,상각후원가 측정 대출채권의 주요 대출유형 및 고객유형별 합계에 대한 공시 및 손실충당금 설정비율[ 문장영역 ]
entity00112332_DisclosureOfTotalReceivablesMeasuredAtAmortizedCostTable,상각후 원가 측정수취채권 합계에 대한 공시
entity00112332_DisclosureOfTotalReceivablesMeasuredAtAmortizedCostTextBlock,상각후 원가 측정수취채권 합계에 대한 공시[ 문장영역 ]
entity00112332_DisclosuresOfRecognizedExpenseRelatedToTheDefinedContributionPlanTable,확정기여제도 관련하여 비용으로 인식한 금액에 대한 공시
entity00112332_DisclosuresOfRecognizedExpenseRelatedToTheDefinedContributionPlanTextBlock,확정기여제도 관련하여 비용으로 인식한 금액에 대한 공시[ 문장영역 ]
entity00112332_DisposalOfConsolidatedBeneficiarySecuritiesOfAcquisitionAndDisposalOfConsolidatedBeneficiarySecuritiesOfAcquisitionAndDisposalOfConsolidatedBeneficiarySecuritiesTableOfItems,연결대상수익증권의 처분
entity00112332_DispositionIncomeOfLoansAndReceivablesAtAmortisedCostOfInvestmentIncome,상각후원가 측정 대출채권및기타수취채권 관련이익
entity00112332_DividendContractOfTypesOfContractsMemberOfDisclosureOfNatureAndExtentOfRisksThatAriseFromContractsWithinScopeOfIFRS17TableOfMember,유배당계약
entity00112332_DividendIncomeSpecialRelatedPartyTransactionsOfDisclosureOfTransactionsBetweenRelatedPartiesLineItemsOfDisclosureOfTransactionsBetweenRelatedPartiesTableOfItems,"배당수익, 특수관계자거래"
entity00112332_EquityMethodCapitalChangesOfChangesInAccumulatedOtherComprehensiveIncomeOfChangesInAccumulatedOtherComprehensiveIncomeTableOfMember,지분법자본변동
entity00112332_EquityMethodValuationLossOfOperatingExpenseInvestment,지분법평가손실
entity00112332_FairValueMeasurementAndValuationTechniquesForFinancialProductsAbstract,금융상품의 공정가치측정 평가기법[ 개요 ]
entity00112332_FairValueMeasurementAndValuationTechniquesForFinancialProductsOfFairValueMeasurementAndValuationTechniquesForFinancialProductsTableOfLineItems,금융상품의 공정가치측정 평가기법
entity00112332_FairValueMeasurementAndValuationTechniquesForFinancialProductsTable,금융상품의 공정가치측정 평가기법
entity00112332_FairValueMeasurementAndValuationTechniquesForFinancialProductsTextBlock,금융상품의 공정가치측정 평가기법[ 문장영역 ]
entity00112332_FeeIncomeOfInvestmentIncome,수수료수익
entity00112332_FinancialCostTable,2) 금융비용
entity00112332_FinancialCostTextBlock,금융비용[ 문장영역 ]
entity00112332_FinancialIncomeAndFinancialExpenses,금융수익과 금융비용
entity00112332_FinancialInstitutionAgreementLimitTable,금융기관 체결 약정한도
entity00112332_FinancialInstitutionAgreementLimitTextBlock,금융기관 체결 약정한도[ 문장영역 ]
entity00112332_FinancialRiskDecreaseAmountOfFairValueOfUnderlyingItemsOfIncreaseDecreaseThroughInsuranceFinanceIncomeOrExpensesInsuranceContractsLiabilityAssetOfOne64InvestmentServiceProfitAndInsuranceRelatedFinancialIncomeTableOfItems,기초항목 공정가치에 대한 기업의 몫에 대한 금융위험 효과의 위험경감분
entity00112332_Five,이연대출부대손익의 변동내역
entity00112332_FourDisclosureOfReconciliationOfChangesInAllowanceForDoubtfulAccountsOfLoanAndReceivablesAtAmortisedCost,상각후원가 측정 대출채권 및 수취채권에 대한 대손충당금의 변동내역
entity00112332_FourFinancialAssetsMeasuredAtCostTable,원가로 측정된 금융자산
entity00112332_FourFinancialAssetsMeasuredAtCostTextBlock,원가로 측정된 금융자산
entity00112332_GainArisingFromDerecognitionOfFinancialInstrumentsMeasuredAtAmortisedcostOfOperatingExpenseInvestment,상각후원가 측정 대출채권및기타수취채권 관련손실
entity00112332_GeneralModelOfDisaggregationOfInsuranceContractsMemberOfInsuranceLiabilitiesByAccountingModelAndPortfolioTableOfMember,일반모형
entity00112332_GolfMembershipEtcOfOtherIntangibleAssetsMemberOfDisclosureOfReconciliationOfChangesInIntangibleAssetsAndGoodwillTableOfMember,골프회원권 등
entity00112332_HanaAlternativeUsPowerPlantSpecialInvestmentPrivateEquitySpecialAssetTrustNo51OfOtherRelatedPartiesMemberOfDisclosureOfFinancialTransactionsBetweenRelatedPartiesTableOfMember,하나대체미국발전소전문투자형사모특별자산신탁5-1호
entity00112332_HanaBankOfCounterpartiesMemberOfFinancialInstitutionAgreementLimitTableOfMember,하나은행
entity00112332_HanaDaecheAmericanPowerPlantSpecializedInvestmentPrivateEquitySpecialAssetInvestmentTrust51OfOtherRelatedPartiesMemberOfDisclosureOfTransactionsBetweenRelatedPartiesTableOfMember,하나대체미국발전소전문투자형사모특별자산투자신탁5-1
entity00112332_HanaDaecheAmericanPowerPlantSpecializedInvestmentPrivateEquitySpecialAssetInvestmentTrustNo51OfOtherRelatedPartiesMemberOfDisclosureOfFinancialTransactionsBetweenRelatedPartiesTableOfMember,하나대체미국발전소전문투자형사모특별자산투자신탁5-1호
entity00112332_IbkIndustrialBankOfKoreaOfNameOfSecuredCreditorMemberOfAmountSetAsCollateralInConnectionWithDerivativesTransactionsTableOfMember,신한투자증권
entity00112332_IbkInvestmentSecuritiesOfNameOfSecuredCreditorMemberOfAmountSetAsCollateralInConnectionWithDerivativesTransactionsTableOfMember,아이비케이투자증권
entity00112332_IndirectParAssetLinkedPensionSavingsOfInsuranceContractsIssuedMemberOfOne63ExpectedRevenueRecognitionAmountByPeriodOfContractualServiceMarginTableOfMember,Indirect-Par 자산연계형연금저축
entity00112332_IndirectParDividendDeathOfInsuranceContractsIssuedMemberOfOne63ExpectedRevenueRecognitionAmountByPeriodOfContractualServiceMarginTableOfMember,Indirect-Par 유배당사망
entity00112332_IndirectParDividendHealthOfInsuranceContractsIssuedMemberOfOne63ExpectedRevenueRecognitionAmountByPeriodOfContractualServiceMarginTableOfMember,Indirect-Par 유배당건강
entity00112332_IndirectParDividendOtherOfInsuranceContractsIssuedMemberOfOne63ExpectedRevenueRecognitionAmountByPeriodOfContractualServiceMarginTableOfMember,Indirect-Par 유배당기타
entity00112332_IndirectParDividendPensionSavingsOfInsuranceContractsIssuedMemberOfOne63ExpectedRevenueRecognitionAmountByPeriodOfContractualServiceMarginTableOfMember,Indirect-Par 유배당연금저축
entity00112332_IndirectParNoDividendDeathOfInsuranceContractsIssuedMemberOfOne63ExpectedRevenueRecognitionAmountByPeriodOfContractualServiceMarginTableOfMember,Indirect-Par 무배당사망
entity00112332_IndirectParNonDividendPensionSavingsOfInsuranceContractsIssuedMemberOfOne63ExpectedRevenueRecognitionAmountByPeriodOfContractualServiceMarginTableOfMember,Indirect-Par 무배당연금저축
entity00112332_InsuranceAcquisitionCashFlowDeferralOfProjectExpensesAndPropertyManagementExpensesOfProjectExpensesAndPropertyManagementExpensesTableOfItems,보험취득현금흐름이연액
entity00112332_InsuranceAcquisitionCashFlowOfActualBusinessExpensesIncludedInInsuranceServiceCostsOfProjectExpensesAndPropertyManagementExpensesTableOfMember,보험취득현금흐름
entity00112332_InsuranceAcquisitionCashFlowOfProjectExpensesAndPropertyManagementExpensesOfAxis,사업비 및 재산관리비
entity00112332_InsuranceAcquisitionCashFlowOfProjectExpensesAndPropertyManagementOfProjectExpensesAndPropertyManagementExpensesTableOfMember,사업비 및 재산관리비
entity00112332_InsuranceContractAssetsLiabilitiesNetFinancialIncomeAndLossOfChangesInAccumulatedOtherComprehensiveIncomeOfChangesInAccumulatedOtherComprehensiveIncomeTableOfMember,보험계약자산(부채)순금융손익
entity00112332_InsuranceContractFinancialAssumptionChangeOtherComprehensiveIncomeChangeOtherComprehensiveIncomeChangeOfASignificantTransactionThatDoesNotInvolveCashInflowOrOutflowOfThreeASignificantTransactionThatDoesNotInvolveCashInflowOrOutflowTableOfItems,보험계약금융가정변동기타포괄손익의 변동(기타포괄손익)
entity00112332_InsuranceContractTable,보험계약에 의거한 약정사항
entity00112332_InsuranceContractTextBlock,보험약정[ 문장영역 ]
entity00112332_InsuranceFinanceIncomeExpensesFromInsuranceContractsIssuedRecognisedInOtherComperhensiveIncomeOfIncreaseDecreaseThroughInsuranceFinanceIncomeOrExpensesInsuranceContractsLiabilityAssetOfDisclosureOfReconciliationOfChangesInInsuranceContractsIssuedByRemainingCoverageAndIncurredClaimsTableOfItems,기타포괄손익인식 보험금융손익
entity00112332_InsuranceFinanceIncomeExpensesFromInsuranceContractsIssuedRecognisedInOtherComperhensiveIncomeOfIncreaseDecreaseThroughInsuranceFinanceIncomeOrExpensesInsuranceContractsLiabilityAssetOfIiHealthTableOfItems,기타포괄손익인식 보험금융손익
entity00112332_InsuranceLiabilitiesByAccountingModelAndPortfolioTable,"회계모형별, 포트폴리오별 보험부채 현황"
entity00112332_InsuranceLiabilitiesByAccountingModelAndPortfolioTextBlock,"회계모형별, 포트폴리오별 보험부채 현황[ 문장영역 ]"
entity00112332_InsuranceOfContingentLiabilitiesMemberOfDisclosureOfLegalProceedingsContingentLiabilityTableOfMember,보험금과 관련된 소송으로 인한 우발부채
entity00112332_InterestExpenseAndCashOutflowFromShortTermAndSmallLeasesTable,이자비용 과 단기 및 소액리스의 현금유출액
entity00112332_InterestExpenseAndCashOutflowFromShortTermAndSmallLeasesTextBlock,이자비용 과 단기 및 소액리스의 현금유출액[ 문장영역 ]
entity00112332_InterestIncomeSpecialRelatedPartyTransactionsOfDisclosureOfTransactionsBetweenRelatedPartiesLineItemsOfDisclosureOfTransactionsBetweenRelatedPartiesTableOfItems,"이자수익, 특수관계자거래"
entity00112332_InvestmentAgencyContractConclusion,투자일임계약 체결
entity00112332_InvestmentAgreementOfContingentLiabilitiesMemberOfOtherAgreementsTableOfMember,출자약정
entity00112332_InvestmentCommitmentAmountOfTitleOfSpecialRelatedPartyInvestmentAgreementEtcTableOfItems,출자약정액
entity00112332_InvestmentContractLiabilitiesOfFinancialLiabilitiesCategoryMemberOfFairValueAndBookValueOfLiabilitiesTableOfMember,투자계약부채
entity00112332_InvestmentContractLiabilitiesOfLiabilitiesMemberOfDisclosureOfFairValueByHierarchyLiabilitiesNotMeasuredAtFairValueInStatementOfFinancialPositionButForWhichFairValueIsDisclosedTableOfMember,투자계약부채
entity00112332_InvestmentManagementCostOfActualBusinessExpensesIncludedInInsuranceServiceCostsOfProjectExpensesAndPropertyManagementExpensesTableOfMember,투자관리비용
entity00112332_InvestmentPropertyDepreciationOfOtherOperatingExpenseOfDisclosureOfOtherOperatingIncomeExpenseTableOfItems,투자부동산 감가상각비
entity00112332_InvestmentServiceProfitAndLossRecognizedInOtherComprehensiveIncomeOfInvestmentIncomeExpensesOfOne64InvestmentServiceProfitAndInsuranceRelatedFinancialIncomeTableOfItems,기타포괄손익으로 인식한 투자서비스 손익
entity00112332_InvestmentServiceProfitAndLossRecognizedInProfitAndLossOfInvestmentIncomeExpensesOfOne64InvestmentServiceProfitAndInsuranceRelatedFinancialIncomeTableOfItems,당기손익으로 인식한 투자서비스 손익
entity00112332_JpmorganWonStructuredDeposit1OfStructuredDepositTableOfMember,JPMorgan원화구조화예금
entity00112332_KdbIndustrialBankOfNameOfSecuredCreditorMemberOfAmountSetAsCollateralInConnectionWithDerivativesTransactionsTableOfMember,한국산업은행
entity00112332_KgaAssetManagementCoLtdOfAssociatesMemberOfDisclosureOfTransactionsBetweenRelatedPartiesTableOfMember,케이지에이에셋주식회사
entity00112332_KiwoomSecuritiesOfNameOfSecuredCreditorMemberOfAmountSetAsCollateralInConnectionWithDerivativesTransactionsTableOfMember,KB증권
entity00112332_KookminBankOfNameOfSecuredCreditorMemberOfAmountSetAsCollateralInConnectionWithDerivativesTransactionsTableOfMember,국민은행
entity00112332_KoreaDevelopmentBankCallOptionDepartmentStructuredDeposit2OfStructuredDepositTableOfMember,한국산업은행콜옵션부구조화예금
entity00112332_KoreaSecuritiesFinanceOfCounterpartiesMemberOfTransferOfFinancialAssetsTableOfMember,한국증권금융
entity00112332_LeaseDebtRepaymentOfTitleOfTotalCashOutflowRelatedToLeasesTableOfItems,리스부채상환
entity00112332_LeaseFeeOfDisclosureOfFinancialTransactionsBetweenRelatedPartiesLineItemsOfDisclosureOfFinancialTransactionsBetweenRelatedPartiesTableOfItems,"리스료, 특수관계자"
entity00112332_LeaseInterestCostOfTitleOfTotalCashOutflowRelatedToLeasesTableOfItems,리스이자비용
entity00112332_LoanLossReserveBalanceOfTitleOfLoanLossReserveBalanceTableOfItems,준비금 잔액
entity00112332_LoanLossReserveBalanceTable,준비금잔액
entity00112332_LoanLossReserveBalanceTextBlock,준비금잔액[ 문장영역 ]
entity00112332_LoanReceivablesForEmployeesTable,임직원에 대한 대출채권 내역
entity00112332_LoanReceivablesForEmployeesTextBlock,임직원에 대한 대출채권 내역[ 문장영역 ]
entity00112332_LoanReceivablesOfDisclosureOfOutstandingBalancesForRelatedPartyTransactionsTableOfItems,"대출채권, 특수관계자거래"
entity00112332_LossFactorAllocationAmountOfInsuranceRevenueAmountsRelatingToChangesInLiabilityForRemainingCoverageAbstractOfChangesInReinsuranceCostsForReinsuranceContractsHeldTableOfItems,손실요소배분액
entity00112332_LossFromFinancialAssetsAtAmortisedCostOfOperatingExpenseInvestment,상각후원가측정대출채권및기타수취채권관련손실
entity00112332_MattersConcerningTheCancellationOfShares,주식의 소각에 대한 사항
entity00112332_MattersConcerningTheCancellationOfSharesOfTheConsolidatedEntity,연결실체의 주식 소각에 대한 사항
entity00112332_MaturityAmountOfDepositAmountAndMaturityAmountOfStructuredDepositsOfStructuredDepositTableOfMember,만기금액
entity00112332_MaviNewGrowthGoodCompanyInvestmentAssociationNo1OfOtherRelatedPartiesMemberOfDisclosureOfTransactionsBetweenRelatedPartiesTableOfMember,MAVI신성장 좋은기업 투자조합 1호
entity00112332_MaviNewGrowthGoodCompanyInvestmentAssociationNo2OfOtherRelatedPartiesMemberOfDisclosureOfTransactionsBetweenRelatedPartiesTableOfMember,MAVI신성장 좋은기업 투자조합 2호
entity00112332_MeritzSecuritiesOfNameOfSecuredCreditorMemberOfAmountSetAsCollateralInConnectionWithDerivativesTransactionsTableOfMember,신한투자증권
entity00112332_MiraeAssetCapitalCoLtdOfEntitiesWithJointControlOrSignificantInfluenceOverEntityMemberOfDisclosureOfFinancialTransactionsBetweenRelatedPartiesTableOfMember,미래에셋캐피탈(주)
entity00112332_MiraeAssetCapitalCoLtdOfParentMemberOfDisclosureOfOutstandingBalancesForRelatedPartyTransactionsTableOfMember,미래에셋캐피탈㈜
entity00112332_MiraeAssetCapitalCoLtdOfParentMemberOfDisclosureOfTransactionsBetweenRelatedPartiesTableOfMember,미래에셋캐피탈㈜
entity00112332_MiraeAssetConsultingCoLtdOfLargeBusinessGroupMemberOfDisclosureOfOutstandingBalancesForRelatedPartyTransactionsTableOfMember,미래에셋컨설팅㈜
entity00112332_MiraeAssetConsultingCoLtdOfLargeBusinessGroupMemberOfDisclosureOfTransactionsBetweenRelatedPartiesTableOfMember,미래에셋컨설팅㈜
entity00112332_MiraeAssetEquitixFund35OfOtherRelatedPartiesMemberOfDisclosureOfTransactionsBetweenRelatedPartiesTableOfMember,미래에셋 Equitix Fund 3-5호
entity00112332_MiraeAssetEquitixFund35OfOtherRelatedPartiesMemberOfSpecialRelatedPartyInvestmentAgreementEtcTableOfMember,미래에셋 Equitix Fund 3-5호
entity00112332_MiraeAssetFinancialServicesCoLtdOfSubsidiariesMemberOfDisclosureOfTransactionsBetweenRelatedPartiesTableOfMember,미래에셋금융서비스(주)
entity00112332_MiraeAssetGlobalInvestmentsCoLtdOfEntitiesWithJointControlOrSignificantInfluenceOverEntityMemberOfDisclosureOfFinancialTransactionsBetweenRelatedPartiesTableOfMember,미래에셋자산운용㈜
entity00112332_MiraeAssetGlobalInvestmentsCoLtdOfEntitiesWithJointControlOrSignificantInfluenceOverEntityMemberOfDisclosureOfOutstandingBalancesForRelatedPartyTransactionsTableOfMember,미래에셋자산운용㈜
entity00112332_MiraeAssetGlobalInvestmentsCoLtdOfEntitiesWithJointControlOrSignificantInfluenceOverEntityMemberOfDisclosureOfTransactionsBetweenRelatedPartiesTableOfMember,미래에셋자산운용㈜
entity00112332_MiraeAssetHyundaiHeavyIndustriesHoldingsNewGrowthInvestmentFundNo1OfOtherRelatedPartiesMemberOfSpecialRelatedPartyInvestmentAgreementEtcTableOfMember,미래에셋-현대중공업지주신성장투자조합1호
entity00112332_MiraeAssetMapsAsiaPacificRealEstatePublicOfferingInvestmentCompanyNo1OfOtherRelatedPartiesMemberOfDisclosureOfTransactionsBetweenRelatedPartiesTableOfMember,미래에셋맵스아시아퍼시픽부동산공모일호투자회사
entity00112332_MiraeAssetMapsFrontierAustraliaPrivateRealEstateInvestmentTrustNo12OfSubsidiariesMemberOfDisclosureOfTransactionsBetweenRelatedPartiesTableOfMember,미래에셋맵스프런티어호주사모부동산투자신탁1-2호
entity00112332_MiraeAssetMapsFrontierPrivateEquityChinaRealEstateInvestmentTrustNo1OfOtherRelatedPartiesMemberOfDisclosureOfTransactionsBetweenRelatedPartiesTableOfMember,미래에셋맵스프런티어사모차이나부동산투자신탁1호
entity00112332_MiraeAssetMapsFrontierPrivateEquityRealEstateInvestmentTrustNo18OfOtherRelatedPartiesMemberOfDisclosureOfTransactionsBetweenRelatedPartiesTableOfMember,미래에셋맵스프런티어사모부동산투자신탁18호
entity00112332_MiraeAssetMapsFrontierPrivateEquityRealEstateInvestmentTrustNo27OfOtherRelatedPartiesMemberOfDisclosureOfTransactionsBetweenRelatedPartiesTableOfMember,미래에셋맵스프런티어사모부동산투자신탁27호
entity00112332_MiraeAssetMapsFrontierPrivateEquityRealEstateInvestmentTrustNo28OfOtherRelatedPartiesMemberOfDisclosureOfTransactionsBetweenRelatedPartiesTableOfMember,미래에셋맵스프런티어사모부동산투자신탁28호
entity00112332_MiraeAssetMapsFrontierUsPrivateRealEstateInvestmentTrustNo4OfOtherRelatedPartiesMemberOfDisclosureOfTransactionsBetweenRelatedPartiesTableOfMember,미래에셋맵스프런티어미국사모부동산투자신탁4호
entity00112332_MiraeAssetMapsFrontierUsPrivateRealEstateInvestmentTrustNo61OfSubsidiariesMemberOfDisclosureOfFinancialTransactionsBetweenRelatedPartiesTableOfMember,미래에셋맵스프런티어미국사모부동산투자신탁6-1호
entity00112332_MiraeAssetMapsGeneralPrivateEquityRealEstateInvestmentTrustNo12OfOtherRelatedPartiesMemberOfDisclosureOfFinancialTransactionsBetweenRelatedPartiesTableOfMember,미래에셋맵스일반사모부동산투자신탁12호
entity00112332_MiraeAssetMapsGeneralPrivateEquityRealEstateInvestmentTrustNo12OfOtherRelatedPartiesMemberOfSpecialRelatedPartyInvestmentAgreementEtcTableOfMember,미래에셋맵스일반사모부동산투자신탁12호
entity00112332_MiraeAssetMapsIndiaFrontierPrivateEquityRealEstateInvestmentTrustNo1OfOtherRelatedPartiesMemberOfDisclosureOfTransactionsBetweenRelatedPartiesTableOfMember,미래에셋맵스인디아프런티어사모부동산투자신탁1호
entity00112332_MiraeAssetMapsNplInvestmentPrivateEquityRealEstateInvestmentTrustNo1OfOtherRelatedPartiesMemberOfDisclosureOfTransactionsBetweenRelatedPartiesTableOfMember,미래에셋맵스프런티어NPL사모부동산투자신탁1호
entity00112332_MiraeAssetMapsSpecializedInvestmentPrivateEquityRealEstateInvestmentTrustNo11OfOtherRelatedPartiesMemberOfDisclosureOfOutstandingBalancesForRelatedPartyTransactionsTableOfMember,미래에셋맵스전문투자형사모부동산투자신탁11호
entity00112332_MiraeAssetMapsSpecializedInvestmentPrivateEquityRealEstateInvestmentTrustNo11OfOtherRelatedPartiesMemberOfDisclosureOfTransactionsBetweenRelatedPartiesTableOfMember,미래에셋맵스전문투자형사모부동산투자신탁11호
entity00112332_MiraeAssetMapsSpecializedInvestmentPrivateRealEstateInvestmentTrustNo11OfOtherRelatedPartiesMemberOfDisclosureOfFinancialTransactionsBetweenRelatedPartiesTableOfMember,미래에셋맵스전문투자형사모부동산투자신탁11호
entity00112332_MiraeAssetPartnersJeguhoPrivateEquityInvestmentLimitedPartnershipOfLargeBusinessGroupMemberOfDisclosureOfFinancialTransactionsBetweenRelatedPartiesTableOfMember,미래에셋파트너스제구호사모투자합자회사
entity00112332_MiraeAssetPartnersJeguhoPrivateEquityInvestmentLimitedPartnershipOfLargeBusinessGroupMemberOfDisclosureOfTransactionsBetweenRelatedPartiesTableOfMember,미래에셋파트너스제구호사모투자합자회사
entity00112332_MiraeAssetSecuritiesCoLtdOfEntitiesWithJointControlOrSignificantInfluenceOverEntityMemberOfDisclosureOfFinancialTransactionsBetweenRelatedPartiesTableOfMember,미래에셋증권㈜
entity00112332_MiraeAssetSecuritiesCoLtdOfEntitiesWithJointControlOrSignificantInfluenceOverEntityMemberOfDisclosureOfOutstandingBalancesForRelatedPartyTransactionsTableOfMember,미래에셋증권㈜
entity00112332_MiraeAssetSecuritiesCoLtdOfEntitiesWithJointControlOrSignificantInfluenceOverEntityMemberOfDisclosureOfTransactionsBetweenRelatedPartiesTableOfMember,미래에셋증권㈜
entity00112332_MiraeAssetSmartQArbitragePowerPlusSpecializedInvestmentPrivateEquityTrustNo1OfOtherRelatedPartiesMemberOfDisclosureOfTransactionsBetweenRelatedPartiesTableOfMember,미래에셋스마트Q아비트라지파워플러스전문투자형사모투자신탁1호
entity00112332_MiraeAssetVentureInvestmentCoLtdOfLargeBusinessGroupMemberOfDisclosureOfTransactionsBetweenRelatedPartiesTableOfMember,미래에셋벤처투자㈜
entity00112332_MiscellaneousLossEtcOfNonOperatingExpenseOfNonoperatingIncomeExpenseTableOfItems,잡손실 등
entity00112332_MiscellaneousProfitsEtcOfNonOperatingIncomeOfNonoperatingIncomeExpenseTableOfItems,잡이익 등
entity00112332_MultiAssetChileSolarPowerSpecializedInvestmentPrivateEquityTrustNo1OfOtherRelatedPartiesMemberOfDisclosureOfTransactionsBetweenRelatedPartiesTableOfMember,멀티에셋칠레태양광전문투자형사모투자신탁제1호
entity00112332_NhInvestmentSecuritiesOfNameOfSecuredCreditorMemberOfAmountSetAsCollateralInConnectionWithDerivativesTransactionsTableOfMember,NH투자증권
entity00112332_NonParNonDividendDeathOfInsuranceContractsIssuedMemberOfOne63ExpectedRevenueRecognitionAmountByPeriodOfContractualServiceMarginTableOfMember,Non-Par 무배당사망
entity00112332_NonParNonDividendHealthOfInsuranceContractsIssuedMemberOfOne63ExpectedRevenueRecognitionAmountByPeriodOfContractualServiceMarginTableOfMember,Non-Par 무배당건강
entity00112332_NonParNonDividendPensionSavingsOfInsuranceContractsIssuedMemberOfOne63ExpectedRevenueRecognitionAmountByPeriodOfContractualServiceMarginTableOfMember,Non-Par 무배당연금저축
entity00112332_NumberOfCasesOfTitleOfInsuranceContractTableOfItems,보험계약에 의거한 약정사항의 건수
entity00112332_OffsettingEffectOfDerivativesOnFinancialRiskOfInsuranceContractsWithDirectParticipationCharacteristicsTable,직접참가특성이 있는 보험계약의 금융위험에 대한 파생상품의 상쇄효과
entity00112332_OffsettingEffectOfDerivativesOnFinancialRiskOfInsuranceContractsWithDirectParticipationCharacteristicsTextBlock,직접참가특성이 있는 보험계약의 금융위험에 대한 파생상품의 상쇄효과[ 문장영역 ]
entity00112332_OffsettingOfDerivativeLiabilitiesTable,파생상품부채의 상계
entity00112332_OffsettingOfDerivativeLiabilitiesTextBlock,파생상품부채의 상계[ 문장영역 ]
entity00112332_OffsettingOfFinancialAssetsAndFinancialLiabilitiesTable,파생상품자산의 상계
entity00112332_OffsettingOfFinancialAssetsAndFinancialLiabilitiesTextBlock,금융자산과 금융부채의 상계[ 문장영역 ]
entity00112332_One0CashAndCashEquivalents202611513370356TextBlock,현금 및 현금성자산
entity00112332_One1LoanAtAmortisedCostPersonalLoansTable,상각후원가 측정 대출채권의 대손충당금
entity00112332_One1LoanAtAmortisedCostPersonalLoansTextBlock,상각후원가 측정 대출채권 및 수취채권의 대손충당금
entity00112332_One63ExpectedRevenueRecognitionAmountByPeriodOfContractualServiceMarginTable,보험계약마진의 기간별 기대수익인식금액
entity00112332_One63ExpectedRevenueRecognitionAmountByPeriodOfContractualServiceMarginTextBlock,보험계약마진의 기간별 기대수익인식금액[ 문장영역 ]
entity00112332_One64InvestmentServiceProfitAndInsuranceRelatedFinancialIncomeTable,회사의 투자서비스수익과 보험금융손익
entity00112332_One64InvestmentServiceProfitAndInsuranceRelatedFinancialIncomeTextBlock,회사의 투자서비스수익과 보험금융손익[ 문장영역 ]
entity00112332_One65UnderlyingItemsForInsuranceContractsWithDirectParticipationFeaturesTable,직접참가특성이 있는 보험계약의 기초항목
entity00112332_One65UnderlyingItemsForInsuranceContractsWithDirectParticipationFeaturesTextBlock,직접참가특성이 있는 보험계약의 기초항목[ 문장영역 ]
entity00112332_One66DisclosureOfReconciliationOfChangesInInsuranceIncomeTable,보험수익
entity00112332_One66DisclosureOfReconciliationOfChangesInInsuranceIncomeTextBlock,보험손익의 변동내역[ 문장영역 ]
entity00112332_OneCurrentAccountOpeningGuaranteeIncludedInTheDepositTable,예치금에 포함된 당좌개설보증금
entity00112332_OneCurrentAccountOpeningGuaranteeIncludedInTheDepositTextBlock,예치금에 포함된 당좌개설보증금[ 문장영역 ]
entity00112332_OneReconciliationOfExpensesAndRevenuesTable,비용 및 수익의 조정내역
entity00112332_OneReconciliationOfExpensesAndRevenuesTextBlock,비용 및 수익의 조정내역[ 문장영역 ]
entity00112332_OnerousFactorDistributionOfInsuranceRevenueAmountsRelatingToChangesInLiabilityForRemainingCoverageAbstractOfOne66DisclosureOfReconciliationOfChangesInInsuranceIncomeTableOfItems,손실요소배분액
entity00112332_OtherAgreementsTable,기타 약정사항
entity00112332_OtherAgreementsTextBlock,기타 약정사항[ 문장영역 ]
entity00112332_OtherBondsOfDisclosureOfOutstandingBalancesForRelatedPartyTransactionsTableOfItems,"기타채권, 특수관계자거래"
entity00112332_OtherBusinessExpensesOfProjectExpensesAndPropertyManagementExpensesOfProjectExpensesAndPropertyManagementExpensesTableOfMember,기타사업비
entity00112332_OtherComprehensiveIncomeAdjustmentForLossOnDisposalOfFinancialInstrumentsMeasuredAtFairValueOfReconciliationOfExpensesAndRevenuesOfOneReconciliationOfExpensesAndRevenuesTableOfItems,기타포괄손익-공정가치측정금융상품처분손실의 조정
entity00112332_OtherComprehensiveIncomeAdjustmentOfGainOnDisposalOfFinancialInstrumentsMeasuredAtFairValueOfReconciliationOfExpensesAndRevenuesOfOneReconciliationOfExpensesAndRevenuesTableOfItems,기타포괄손익-공정가치측정금융상품처분이익의 조정
entity00112332_OtherComprehensiveIncomeChangesInCarryingAmountOfDebtSecuritiesMeasuredAtFairValueTable,기타포괄손익-공정가치 측정 채무증권 대손충당금의 변동내역
entity00112332_OtherComprehensiveIncomeChangesInCarryingAmountOfDebtSecuritiesMeasuredAtFairValueTextBlock,기타포괄손익-공정가치 측정 채무증권 장부금액의 변동내역[ 문장영역 ]
entity00112332_OtherComprehensiveIncomeChangesInValuationGainsAndLossesOfFinancialAssetsMeasuredAtFairValueOtherComprehensiveIncomeOfASignificantTransactionThatDoesNotInvolveCashInflowOrOutflowOfThreeASignificantTransactionThatDoesNotInvolveCashInflowOrOutflowTableOfItems,기타포괄손익-공정가치 측정 금융자산 평가손익의 변동(기타포괄손익)
entity00112332_OtherComprehensiveIncomeRecognitionReinsuranceFinancialIncomeAndLossOfIncreaseDecreaseThroughInsuranceFinanceIncomeOrExpensesInsuranceContractsLiabilityAssetOfDisclosureOfReconciliationOfChangesInReinsuranceContractsByComponentsTableOfItems,기타포괄손익인식 재보험금융손익
entity00112332_OtherComprehensiveIncomeRecognitionReinsuranceFinancialIncomeAndLossOfIncreaseDecreaseThroughInsuranceFinanceIncomeOrExpensesInsuranceContractsLiabilityAssetOfDisclosureOfReconciliationOfChangesInReinsuranceContractsByRemainingCoverageAndIncurredClaimsTableOfItems,기타포괄손익인식 재보험금융손익
entity00112332_OtherComprehensiveIncomeRecognizedInsuranceAndFinancialIncomeAndLossOfIncreaseDecreaseThroughInsuranceFinanceIncomeOrExpensesInsuranceContractsLiabilityAssetOfDisclosureOfReconciliationOfChangesInInsuranceContractsIssuedByComponentsTableOfItems,기타포괄손익인식 보험금융손익
entity00112332_OtherComprehensiveIncomeValuationGainsAndLossesOnFinancialAssetsMeasuredAtFairValueOfChangesInAccumulatedOtherComprehensiveIncomeOfChangesInAccumulatedOtherComprehensiveIncomeTableOfMember,기타포괄손익-공정가치 측정 금융자산 평가손익
entity00112332_OtherDebtsOfAmountsPayableRelatedPartyTransactionsOfDisclosureOfOutstandingBalancesForRelatedPartyTransactionsTableOfItems,"기타채무, 특수관계자거래"
entity00112332_OtherExpensesOfNewContractFeeOfOtherBusinessExpensesTableOfItems,기타제비용
entity00112332_OtherExpensesSpecialRelatedPartyTransactionsOfDisclosureOfTransactionsBetweenRelatedPartiesLineItemsOfDisclosureOfTransactionsBetweenRelatedPartiesTableOfItems,"기타비용, 특수관계자거래"
entity00112332_OtherIncomeSpecialRelatedPartyTransactionsOfDisclosureOfTransactionsBetweenRelatedPartiesLineItemsOfDisclosureOfTransactionsBetweenRelatedPartiesTableOfItems,"기타수익, 특수관계자거래"
entity00112332_OtherInsuranceContractLiabilitiesOfInsuranceContractsIssuedThatAreLiabilities,기타보험계약부채
entity00112332_OtherInvestmentIncomeOfReconciliationOfExpensesAndRevenuesOfOneReconciliationOfExpensesAndRevenuesTableOfItems,기타투자수익의 조정
entity00112332_OtherNewContractFeesOfOtherBusinessExpensesOfProjectExpensesAndPropertyManagementExpensesTableOfMember,기타신계약비
entity00112332_OtherReceivablesOfTypesOfCustomersMemberOfDisclosureOfChangesInFinancialAssetsAtAmortisedCostTableOfMember,기타수취채권
entity00112332_OtherReceivablesOfTypesOfCustomersMemberOfOne1LoanAtAmortisedCostPersonalLoansTableOfMember,기타수취채권
entity00112332_OtherThanOfContingentLiabilitiesMemberOfDisclosureOfLegalProceedingsContingentLiabilityTableOfMember,보험금과 관련이 없는 소송으로 인한 우발부채
entity00112332_Over25YearsButWithin30YearsOfAggregatedTimeBandsMemberOfOne63ExpectedRevenueRecognitionAmountByPeriodOfContractualServiceMarginTableOfMember,25년 초과 30년 이내
entity00112332_Over30YearsOfAggregatedTimeBandsMemberOfOne63ExpectedRevenueRecognitionAmountByPeriodOfContractualServiceMarginTableOfMember,30년 초과
entity00112332_OverseasBusinessTranslationGainsAndLossesOfChangesInAccumulatedOtherComprehensiveIncomeOfChangesInAccumulatedOtherComprehensiveIncomeTableOfMember,해외사업 환산손익
entity00112332_OverseasLoanOfHedgedItemsMemberOfDisclosureOfDetailedInformationAboutHedgedItemsTableOfMember,해외대출
entity00112332_ParticipatingInsuranceContractLiabilitiesOfInsuranceContractsIssuedThatAreLiabilities,유배당보험계약부채
entity00112332_PaymentGuaranteeTable,지급보증
entity00112332_PaymentGuaranteeTextBlock,지급보증[ 문장영역 ]
entity00112332_PaymentGuaranteedLoanOfTitleOfLoanReceivablesForEmployeesTableOfItems,임직원에 대한 지급보증대출금
entity00112332_PensionInsuranceOfInsuranceContractsMemberOfIDeathTableOfMember,연금보험
entity00112332_PensionInsuranceOfTypesOfContractsMemberOfDisclosureOfEffectOfInsuranceContractsInitiallyRecognisedTableOfMember,연금보험
entity00112332_PensionInsuranceOfTypesOfContractsMemberOfOne66DisclosureOfReconciliationOfChangesInInsuranceIncomeTableOfMember,연금보험
entity00112332_PersonalLoanLossReserveRatioOfDisclosureOfTheTotalOfMajorLoanTypesAndCustomerTypesOfLoansMeasuredAtAmortizedCostAndTheLossReserveRatioOfDisclosureOfTheTotalOfMajorLoanTypesAndCustomerTypesOfLoansMeasuredAtAmortizedCostAndTheLossReserveRatioTableOfItems,개인대출 손실충당금 설정비율
entity00112332_PrivateBondDiscountIssuanceAmountOfCarryingAmountMemberOfDisclosureOfDetailedInformationAboutBorrowingsTableOfMember,사채할인발행차금
entity00112332_ProjectExpensesAndPropertyManagementExpensesTable,사업비 및 재산관리비
entity00112332_ProjectExpensesAndPropertyManagementExpensesTextBlock,사업비 및 재산관리비[ 문장영역 ]
entity00112332_PropertyManagementFeeOfProjectExpensesAndPropertyManagementExpensesOfProjectExpensesAndPropertyManagementExpensesTableOfMember,재산관리비
entity00112332_ProportionalAllowanceOfProjectExpensesAndPropertyManagementExpensesOfProjectExpensesAndPropertyManagementExpensesTableOfItems,비례수당
entity00112332_ProvisionsUnderInsuranceContractsOfContingentLiabilitiesMemberOfInsuranceContractTableOfMember,보험계약에 의거한 약정사항
entity00112332_ReceivablesMeasuredAtFairValueThroughProfitOrLossOfFinancialAssetsCategoryMemberOfDisclosureOfFinancialAssetsAtFairValueThroughProfitOrLossTableOfMember,당기손익-공정가치 측정 수취채권
entity00112332_ReinsuranceAgreementAbstract,재보험협약[ 개요 ]
entity00112332_ReinsuranceAgreementOfReinsuranceAgreementTableOfLineItems,재보험협약
entity00112332_ReinsuranceAgreementOfTypesOfCommitmentsMemberOfReinsuranceAgreementTableOfMember,재보험협약
entity00112332_ReinsuranceAgreementTable,재보험협약
entity00112332_ReinsuranceAgreementTextBlock,재보험협약[ 문장영역 ]
entity00112332_ReinsuranceContractAssetsLiabilitiesNetFinancialIncomeAndLossOfChangesInAccumulatedOtherComprehensiveIncomeOfChangesInAccumulatedOtherComprehensiveIncomeTableOfMember,재보험계약자산(부채)순금융손익
entity00112332_ReinsuranceContractsThatAppliedTheFairValueMethodAmongTheInsuranceContractsThatExistedAtTheTimeOfConversionOfInsuranceContractsByComponentsMemberOfChangesInReinsuranceCostsForReinsuranceContractsHeldTableOfMember,전환 시점에 존재했던 보험계약 중 공정가치법을 적용한 재보험계약
entity00112332_ReinsuranceFinanceIncomeExpensesFromInsuranceContractsIssuedRecognisedInOtherComperhensiveIncomeOfFinanceIncomeFromReinsuranceContractsHeldRecognisedInProfitOrLossOfOne64InvestmentServiceProfitAndInsuranceRelatedFinancialIncomeTableOfItems,기타포괄손익인식 재보험금융손익
entity00112332_RentalReturnOfInvestmentIncome,임대료수익
entity00112332_RentalRuvenueOfInvestmentIncome,임대료수익
entity00112332_ReplacementOfRightOfUseAssetsAndLeaseLiabilitiesOfASignificantTransactionThatDoesNotInvolveCashInflowOrOutflowOfThreeASignificantTransactionThatDoesNotInvolveCashInflowOrOutflowTableOfItems,사용권자산 및 리스부채의 대체
entity00112332_RequiredNonRedeemableShareOfLiabilitiesArisingFromFinancingActivitiesMemberOfDisclosureOfReconciliationOfLiabilitiesArisingFromFinancingActivitiesTableOfMember,요구불상환지분
entity00112332_ResearchFundingOfProjectExpensesAndPropertyManagementExpensesOfProjectExpensesAndPropertyManagementExpensesTableOfItems,조사연구비
entity00112332_RetirementBenefitsOfUpkeepExpensesOfOtherBusinessExpensesTableOfItems,퇴직급여
entity00112332_RevaluationSurplusOfChangesInAccumulatedOtherComprehensiveIncomeOfChangesInAccumulatedOtherComprehensiveIncomeTableOfMember,재평가잉여금
entity00112332_SavingsInsuranceOfInsuranceContractsMemberOfIDeathTableOfMember,저축보험
entity00112332_SavingsInsuranceOfTypesOfContractsMemberOfDisclosureOfEffectOfInsuranceContractsInitiallyRecognisedTableOfMember,저축보험
entity00112332_SavingsInsuranceOfTypesOfContractsMemberOfOne66DisclosureOfReconciliationOfChangesInInsuranceIncomeTableOfMember,저축보험
entity00112332_SecuritiesOfDisclosureOfOutstandingBalancesForRelatedPartyTransactionsTableOfItems,"유가증권, 특수관계자거래"
entity00112332_SevenCompensationDetailsForKeyExecutivesTable,주요 경영진에 대한 보상 내역
entity00112332_SevenCompensationDetailsForKeyExecutivesTextBlock,주요 경영진에 대한 보상 내역[ 문장영역 ]
entity00112332_ShinhanBankOfNameOfSecuredCreditorMemberOfAmountSetAsCollateralInConnectionWithDerivativesTransactionsTableOfMember,신한은행
entity00112332_ShinhanBankStructuredDepositPowerspreadRa1OfStructuredDepositTableOfMember,신한은행구조화예금PowerSpread RA
entity00112332_ShortTermLeasePaymentOfTitleOfTotalCashOutflowRelatedToLeasesTableOfItems,단기리스료 지급
entity00112332_SixValuationProcessesForFairValueMeasurementsCategorizedWithinLevel3,수준3으로 분류된 공정가치 측정치의 가치평가과정
entity00112332_SmallAndMediumBusinessBankOfNameOfSecuredCreditorMemberOfAmountSetAsCollateralInConnectionWithDerivativesTransactionsTableOfMember,중소기업은행
entity00112332_SmallAndMediumBusinessBankOfNameOfSecuredCreditorMemberOfDisclosureOfFinancialAssetsPledgedAsSecurityTableOfMember,IBK기업은행
entity00112332_SmallLeasePaymentOfTitleOfTotalCashOutflowRelatedToLeasesTableOfItems,소액리스료 지급
entity00112332_SocialWelfareCorporationMiraeAssetParkHyunJooFoundationOfOtherRelatedPartiesMemberOfDisclosureOfTransactionsBetweenRelatedPartiesTableOfMember,사회복지법인미래에셋박현주재단
entity00112332_SpecialBonusOfUpkeepExpensesOfOtherBusinessExpensesTableOfItems,특별상여금
entity00112332_SpecialRelatedPartyInvestmentAgreementEtcTable,특수관계자 출자약정 등
entity00112332_SpecialRelatedPartyInvestmentAgreementEtcTextBlock,특수관계자 출자약정 등[ 문장영역 ]
entity00112332_StakeMethodProductValuationGainOrLossOfInvestmentIncome,지분법평가이익
entity00112332_StandardCharteredBankKoreaOfNameOfSecuredCreditorMemberOfAmountSetAsCollateralInConnectionWithDerivativesTransactionsTableOfMember,한국스탠다드차타드은행
entity00112332_StructuredDepositOfStructuredDepositOfAxis,보유하고 있는 구조화예금의 종류
entity00112332_StructuredDepositOfStructuredDepositTableOfMember,보유하고 있는 구조화예금의 종류
entity00112332_StructuredDepositTable,구조화예금
entity00112332_StructuredDepositTextBlock,구조화예금[ 문장영역 ]
entity00112332_StructuredDepositsOfFinancialInstrumentsClassMemberOfStructuredDepositTableOfMember,구조화예금
entity00112332_TaxEffectOfDisclosureOfInformationAboutAmountsThatAffectedStatementOfComprehensiveIncomeAsResultOfHedgeAccountingLineItemsOfDisclosureOfInformationAboutAmountsThatAffectedStatementOfComprehensiveIncomeAsResultOfHedgeAccountingTableOfItems,법인세효과
entity00112332_Three1AccumulatedOtherComprehensiveIncome2026115134353449TextBlock,기타포괄손익누계액
entity00112332_ThreeASignificantTransactionThatDoesNotInvolveCashInflowOrOutflowTable,현금의 유입과 유출이 없는 중요한 거래
entity00112332_ThreeASignificantTransactionThatDoesNotInvolveCashInflowOrOutflowTextBlock,현금의 유입과 유출이 없는 중요한 거래[ 문장영역 ]
entity00112332_ThreeRdSubordinatedBondPublicOfferingBondOfBorrowingsByNameMemberOfDisclosureOfDetailedInformationAboutBorrowingsTableOfMember,제3회후순위채권(공모채)
entity00112332_Title13,상각후원가 측정 대출채권 및 수취채권의 구성내역
entity00112332_Title14,상각후원가 측정 대출채권 및 수취채권의 변동내역
entity00112332_Title20241217104710559Abstract,연도별 상환계획[ 개요 ]
entity00112332_Title20241217104711520LineItems,연도별 상환계획
entity00112332_Title20241218143252875Abstract,사업비 및 재산관리비[ 개요 ]
entity00112332_Title20241218143253893LineItems,사업비 및 재산관리비
entity00112332_Title20241218164749898Abstract,가중평균유통보통주식수 계산내역[ 개요 ]
entity00112332_Title20241218164750756LineItems,제목 [ 항목 ]
entity00112332_Title20241218172122289Abstract,보험계약에 의거한 약정사항[ 개요 ]
entity00112332_Title20241218172123110LineItems,보험계약에 의거한 약정사항
entity00112332_Title20241219134319625Abstract,구조화예금[ 개요 ]
entity00112332_Title20241219134320598LineItems,구조화예금
entity00112332_Title20241219135121589Abstract,금융기관 체결 약정한도[ 개요 ]
entity00112332_Title20241219135122531LineItems,금융기관 체결 약정한도
entity00112332_Title20241219145445317Abstract,기타 약정사항[ 개요 ]
entity00112332_Title20241219145446278LineItems,기타 약정사항
entity00112332_Title20241219152648314Abstract,금융자산의 양도[ 개요 ]
entity00112332_Title20241219152649287LineItems,금융자산의 양도
entity00112332_Title202412191551127Abstract,지급보증[ 개요 ]
entity00112332_Title202412191551247LineItems,지급보증
entity00112332_Title20241231144536889Abstract,원가로 측정된 금융자산[ 개요 ]
entity00112332_Title20241231144537270LineItems,제목 [ 항목 ]
entity00112332_Title202511010739724Abstract,기타포괄손익-공정가치 측정 채무증권 대손충당금의 변동내역[ 개요 ]
entity00112332_Title202511010740121LineItems,기타포괄손익-공정가치 측정 채무증권 대손충당금의 변동내역
entity00112332_Title2025110151539445LineItems,이자비용 과 단기 및 소액리스의 현금유출액
entity00112332_Title202511015153979Abstract,이자비용 과 단기 및 소액리스의 현금유출액[ 개요 ]
entity00112332_Title2025110151819787Abstract,만기별 구성내역[ 개요 ]
entity00112332_Title2025110151820172LineItems,만기별 구성내역
entity00112332_Title2025114101128502Abstract,기타이자비용 중 리스이자비용[ 개요 ]
entity00112332_Title2025114101128967LineItems,기타이자비용 중 리스이자비용
entity00112332_Title20251141027104LineItems,비용 및 수익의 조정내역
entity00112332_Title202511410279592Abstract,비용 및 수익의 조정내역[ 개요 ]
entity00112332_Title2025114104534467Abstract,"영업활동으로 인한 자산, 부채의 변동내역[ 개요 ]"
entity00112332_Title2025114104534852LineItems,"영업활동으로 인한 자산, 부채의 변동내역"
entity00112332_Title202511411711959Abstract,현금의 유입과 유출이 없는 중요한 거래[ 개요 ]
entity00112332_Title202511411712377LineItems,현금의 유입과 유출이 없는 중요한 거래
entity00112332_Title2025114173830440LineItems,예치금에 포함된 당좌개설보증금
entity00112332_Title202511417383046Abstract,예치금에 포함된 당좌개설보증금[ 개요 ]
entity00112332_Title202511485633481Abstract,1) 금융수익[ 개요 ]
entity00112332_Title202511485633905LineItems,금융수익과 금융비용
entity00112332_Title202511494129530Abstract,2) 금융비용[ 개요 ]
entity00112332_Title202511494129930LineItems,금융비용
entity00112332_Title202511514226601Abstract,주요 경영진에 대한 보상 내역[ 개요 ]
entity00112332_Title202511514226981LineItems,주요 경영진에 대한 보상 내역
entity00112332_Title202511795459800Abstract,리스관련 총 현금유출액[ 개요 ]
entity00112332_Title20251179550224LineItems,리스관련 총 현금유출액
entity00112332_Title202512153355892Abstract,상각후원가 측정 수취채권[ 개요 ]
entity00112332_Title202512153356301LineItems,상각후원가 측정 수취채권
entity00112332_Title20251215451289Abstract,상각후원가 측정 대출채권의 주요 대출유형 및 고객유형별 구성내역[ 개요 ]
entity00112332_Title20251215451657LineItems,상각후원가 측정 대출채권의 주요 대출유형 및 고객유형별 구성내역
entity00112332_Title202512164453504Abstract,상각후원가 측정 대출채권의 대손충당금[ 개요 ]
entity00112332_Title202512164453873LineItems,상각후원가 측정 대출채권(가계대출)
entity00112332_Title202516161119540Abstract,보험계약마진의 기간별 기대수익인식금액[ 개요 ]
entity00112332_Title202516161119936LineItems,보험계약마진의 기간별 기대수익인식금액
entity00112332_Title20251616323362Abstract,회사의 투자서비스수익과 보험금융손익[ 개요 ]
entity00112332_Title20251616323743LineItems,회사의 투자서비스수익과 보험금융손익
entity00112332_Title202516171838316Abstract,직접참가특성이 있는 보험계약의 기초항목[ 개요 ]
entity00112332_Title202516171838695LineItems,직접참가특성이 있는 보험계약의 기초항목
entity00112332_Title202516172856136Abstract,보험수익[ 개요 ]
entity00112332_Title202516172856533LineItems,보험손익의 변동내역
entity00112332_Title202517145743654Abstract,자본잉여금[ 개요 ]
entity00112332_Title20251714574420LineItems,자본잉여금
entity00112332_Title20251715813301Abstract,자본조정[ 개요 ]
entity00112332_Title20251715813696LineItems,자본조정
entity00112332_Title20251814140467Abstract,파생상품자산의 상계[ 개요 ]
entity00112332_Title20251814140850LineItems,파생상품자산의 상계
entity00112332_Title2025181481428Abstract,파생상품부채의 상계[ 개요 ]
entity00112332_Title2025181481823LineItems,파생상품부채의 상계
entity00112332_Title20251815448145Abstract,특수관계자 출자약정 등[ 개요 ]
entity00112332_Title20251815448512LineItems,특수관계자 출자약정 등
entity00112332_Title202518155313563Abstract,임직원에 대한 대출채권 내역[ 개요 ]
entity00112332_Title202518155313949LineItems,임직원에 대한 대출채권 내역
entity00112332_Title202518162157436Abstract,신탁계정[ 개요 ]
entity00112332_Title202518162157855LineItems,신탁계정
entity00112332_Title2025189154973Abstract,준비금잔액[ 개요 ]
entity00112332_Title2025189155339LineItems,준비금잔액
entity00112332_Title202564165133659LineItems,파생상품거래와 관련하여 담보로 설정한 금액
entity00112332_Title20256416513377Abstract,파생상품거래와 관련하여 담보로 설정한 금액[ 개요 ]
entity00112332_Title202564204656806Abstract,확정기여제도 관련하여 비용으로 인식한 금액에 대한 공시[ 개요 ]
entity00112332_Title202564204657381LineItems,확정기여제도 관련하여 비용으로 인식한 금액에 대한 공시
entity00112332_Title202565163155831Abstract,처음 인식한 재보험계약의 영향 공시[ 개요 ]
entity00112332_Title202565163156397LineItems,처음 인식한 재보험계약의 영향 공시
entity00112332_Title20256517219906Abstract,보유한 재보험계약에 대한 재보험비용의 변동내역[ 개요 ]
entity00112332_Title20256517220456LineItems,보유한 재보험계약에 대한 재보험비용의 변동내역
entity00112332_Title20256517565149Abstract,"회계모형별, 포트폴리오별 보험부채 현황[ 개요 ]"
entity00112332_Title202565175651615LineItems,"회계모형별, 포트폴리오별 보험부채 현황"
entity00112332_Title202571145813742Abstract,법인세비용의 평균유효세율[ 개요 ]
entity00112332_Title202571145814335LineItems,법인세비용의 평균유효세율
entity00112332_Title2025718131451658LineItems,상각후원가 측정 대출채권 합계에 대한 공시
entity00112332_Title202571813145165Abstract,상각후원가 측정 대출채권 합계에 대한 공시[ 개요 ]
entity00112332_Title2025718132543574LineItems,상각후 원가 측정수취채권 합계에 대한 공시
entity00112332_Title20257181325439Abstract,상각후 원가 측정수취채권 합계에 대한 공시[ 개요 ]
entity00112332_Title202571814525580Abstract,상각후원가 측정 대출채권의 주요 대출유형 및 고객유형별 합계에 대한 공시 및 손실충당금 설정비율[ 개요 ]
entity00112332_Title202571814526370LineItems,상각후원가 측정 대출채권의 주요 대출유형 및 고객유형별 합계에 대한 공시 및 손실충당금 설정비율
entity00112332_Title202572892042670LineItems,직접참가특성이 있는 보험계약의 금융위험에 대한 파생상품의 상쇄효과
entity00112332_Title20257289204290Abstract,직접참가특성이 있는 보험계약의 금융위험에 대한 파생상품의 상쇄효과[ 개요 ]
entity00112332_Title202611513354616Abstract,현금 및 현금성자산[ 개요 ]
entity00112332_Title202611513355711LineItems,현금 및 현금성자산
entity00112332_Title2026115133816226Abstract,기타포괄손익누계액의 내역[ 개요 ]
entity00112332_Title2026115133817325LineItems,기타포괄손익누계액의 내역
entity00112332_Title2026115135430565Abstract,기타포괄손익누계액의 변동내역[ 개요 ]
entity00112332_Title2026115135431662LineItems,기타포괄손익누계액의 변동내역
entity00112332_TogetherKoreaKoreaInvestmentPrivateInvestmentPoolProfessionalInvestmentTypePrivateEquitySecuritiesInvestmentTrustNo10OfOtherRelatedPartiesMemberOfSpecialRelatedPartyInvestmentAgreementEtcTableOfMember,다함께코리아 한국투자 민간투자풀 전문투자형 사모 증권 투자신탁 10호
entity00112332_TotalCashOutflowRelatedToLeasesTable,리스관련 총 현금유출액
entity00112332_TotalCashOutflowRelatedToLeasesTextBlock,리스관련 총 현금유출액[ 문장영역 ]
entity00112332_TransferOfFinancialAssetsTable,금융자산의 양도
entity00112332_TransferOfFinancialAssetsTextBlock,금융자산의 양도[ 문장영역 ]
entity00112332_TreasuryBond026254803182OfFinancialAssetsMeasuredAtFairValueThroughOtherComprehensiveIncomeCategoryMemberOfDisclosureOfFinancialAssetsPledgedAsSecurityTableOfMember,국고채권 02625-4803(18-2)
entity00112332_TreasuryBond030703012107OfFinancialAssetsMeasuredAtFairValueThroughOtherComprehensiveIncomeCategoryMemberOfDisclosureOfFinancialAssetsPledgedAsSecurityTableOfMember,국고채권 03070-3012(10-7)
entity00112332_TrustAccountConsolidatedFinancialStatements,신탁계정
entity00112332_TrustAccountOfTitleOfTrustAccountTableOfItems,계약이 체결된 신탁금액
entity00112332_TrustAccountTable,신탁계정
entity00112332_TrustAccountTextBlock,신탁계정[ 문장영역 ]
entity00112332_Two8FinancialIncomeAndFinancialExpensesTable,1) 금융수익
entity00112332_Two8FinancialIncomeAndFinancialExpensesTextBlock,금융수익과 금융비용[ 문장영역 ]
entity00112332_TwoDetailsOfChangesInAssetsAndLiabilitiesResultingFromBusinessActivitiesTable,"영업활동으로 인한 자산, 부채의 변동내역"
entity00112332_TwoDetailsOfChangesInAssetsAndLiabilitiesResultingFromBusinessActivitiesTextBlock,"영업활동으로 인한 자산, 부채의 변동내역[ 문장영역 ]"
entity00112332_TwoDetailsOfLoanAtAmortisedCostByTypeAndCustomerTable,상각후원가 측정 대출채권의 주요 대출유형 및 고객유형별 구성내역
entity00112332_TwoDetailsOfLoanAtAmortisedCostByTypeAndCustomerTextBlock,상각후원가 측정 대출채권의 주요 대출유형 및 고객유형별 구성내역[ 문장영역 ]
entity00112332_TwoDetailsOfReceivablesAtAmortisedCostTable,상각후원가 측정 수취채권
entity00112332_TwoDetailsOfReceivablesAtAmortisedCostTextBlock,상각후원가 측정 수취채권[ 문장영역 ]
entity00112332_TwoLeaseInterestExpenseAmongOtherInterestExpensesTable,기타이자비용 중 리스이자비용
entity00112332_TwoLeaseInterestExpenseAmongOtherInterestExpensesTextBlock,기타이자비용 중 리스이자비용[ 문장영역 ]
entity00112332_TwoNdSubordinatedDebtPublicOfferingOfBorrowingsByNameMemberOfDisclosureOfDetailedInformationAboutBorrowingsTableOfMember,제2회후순위채권(공모채)
entity00112332_UnexecutedAmountOfTitleOfSpecialRelatedPartyInvestmentAgreementEtcTableOfItems,미집행금액
entity00112332_UnusedCommitmentProvisionOfOtherProvisionsMemberOfDisclosureOfOtherProvisionsTableOfMember,미사용약정충당부채
entity00112332_UpkeepExpensesOfOtherBusinessExpensesOfProjectExpensesAndPropertyManagementExpensesTableOfMember,유지비
entity00112332_VariableFeeApproachOfDisaggregationOfInsuranceContractsMemberOfInsuranceLiabilitiesByAccountingModelAndPortfolioTableOfMember,변동수수료접근법
entity00112332_WeightedAverageNumberOfSharesAOfTitleOfCalculationDetailsOfWeightedAverageNumberOfCommonSharesInCirculationTableOfItems,가중평균발생주식수
entity00112332_WeightedAverageNumberOfTreasurySharesBOfTitleOfCalculationDetailsOfWeightedAverageNumberOfCommonSharesInCirculationTableOfItems,가중평균자기주식수
entity00112332_Within10YearsOfAggregatedTimeBandsMemberOfOne63ExpectedRevenueRecognitionAmountByPeriodOfContractualServiceMarginTableOfMember,10년 이내
entity00112332_WooriBankOfNameOfSecuredCreditorMemberOfAmountSetAsCollateralInConnectionWithDerivativesTransactionsTableOfMember,우리은행
entity00112332_WooriBankOfNameOfSecuredCreditorMemberOfDisclosureOfFinancialAssetsPledgedAsSecurityTableOfMember,우리은행
entity00112332_WooriBankStockOfNameOfSecuredCreditorMemberOfAmountSetAsCollateralInConnectionWithDerivativesTransactionsTableOfMember,우리은행주
entity00112332_WooriBankStockOfNameOfSecuredCreditorMemberOfDisclosureOfFinancialAssetsPledgedAsSecurityTableOfMember,우리은행
entity00112332_YkDevelopmentCoLtdOfLargeBusinessGroupMemberOfDisclosureOfOutstandingBalancesForRelatedPartyTransactionsTableOfMember,와이케이디벨롭먼트 주식회사
entity00112332_YkDevelopmentCoLtdOfLargeBusinessGroupMemberOfDisclosureOfTransactionsBetweenRelatedPartiesTableOfMember,와이케이디벨롭먼트 주식회사
entity00112332_udf_IS_2024319201530452OfInvestmentIncome,수수료수익
entity00112332_udf_IS_202445153513828OfInvestmentIncome,상각후원가측정대출채권및기타수취채권관련이익
entity00112332_udf_NOTE_20258110444628Member,KB증권
entity00112882_DifferentialDividendOfInvestmentsInSubsidiariesOfIncreaseDecreaseThroughTransactionsWithOwnersAbstract,차등배당으로 인한 비지배주주와의 자본거래
entity00112882_DividendsReceivedFromAssociatesOfCashFlowsFromUsedInInvestingActivities,관계종속기업투자의 배당금
entity00112882_EquityAtBeginningOfPeriodAfterChangeOfStatementOfChangesInEquityLineItems,기초자본(변경후)
entity00112882_udf_CE_202412915245108OfStatementOfChangesInEquityLineItems,기초자본(변경후)
entity00112882_udf_CE_2024319164110475OfOtherComprehensiveIncomeAbstract,"기타포괄손익-공정가치측정채무증권, 손실충당금"
entity00112882_udf_CE_202431916503934OfOtherComprehensiveIncomeAbstract,"기타포괄손익-공정가치측정채무증권, 손실충당금"
entity00112882_udf_CF_202426145957708OfCashFlowsFromUsedInFinancingActivities,차입부채의 순증감
entity00113058_AcquisitionsThroughBusinessCombinationsRightOfUseAssetsOfDisclosureOfQuantitativeInformationAboutRightOfUseAssetsLineItemsOfDisclosureOfQuantitativeInformationAboutRightOfUseAssetsTableOfItems,"사업결합을 통한 취득, 사용권자산"
entity00113058_AdditionalImpairmentLossesOfFinancialAssetsRelatedPartyTransactionsOfDisclosureOfTransactionsBetweenRelatedPartiesLineItemsOfDisclosureOfTransactionsBetweenRelatedPartiesTableOfItems,"신용손실충당금 전입액, 특수관계자거래"
entity00113058_AdjustmentsForAssetsAndLiabilitiesOfOperatingActivitiesTable,영업활동으로 인한 자산부채의 변동
entity00113058_AdjustmentsForAssetsAndLiabilitiesOfOperatingActivitiesTextBlock,영업활동으로 인한 자산부채의 변동[ 문장영역 ]
entity00113058_AdjustmentsForDecreaseIncreaseInOtherFinancialAssetsAtAmortisedCostClassifiedAsOperatingActivitiesOfAdjustmentsForAssetsAndLiabilitiesOfOperatingActivitiesLineItemsOfAdjustmentsForAssetsAndLiabilitiesOfOperatingActivitiesTableOfItems,상각후원가측정기타금융자산의 감소(증가) - 영업활동
entity00113058_AdjustmentsForDividendIncomeFromInvestmentsInAssociatesAndSubsidiariesOfAdjustmentsForIncomeAndExpensesOfCashFlowsFromOperatingActivitiesLineItemsOfAdjustmentsForIncomeAndExpensesOfCashFlowsFromOperatingActivitiesTableOfItems,관계기업/종속기업투자배당수익 조정
entity00113058_AdjustmentsForExpensesFromAllocationOfPremiumsPaidToReinsurerOfAdjustmentsForIncomeAndExpensesOfCashFlowsFromOperatingActivitiesLineItemsOfAdjustmentsForIncomeAndExpensesOfCashFlowsFromOperatingActivitiesTableOfItems,재보험서비스비용 조정
entity00113058_AdjustmentsForFinanceExpensesFromInsuranceContractsIssuedRecognisedInProfitOrLossOfAdjustmentsForIncomeAndExpensesOfCashFlowsFromOperatingActivitiesLineItemsOfAdjustmentsForIncomeAndExpensesOfCashFlowsFromOperatingActivitiesTableOfItems,보험금융비용 조정
entity00113058_AdjustmentsForFinanceExpensesFromReinsuranceContractsHeldRecognisedInProfitOrLossOfAdjustmentsForIncomeAndExpensesOfCashFlowsFromOperatingActivitiesLineItemsOfAdjustmentsForIncomeAndExpensesOfCashFlowsFromOperatingActivitiesTableOfItems,재보험금융비용 조정
entity00113058_AdjustmentsForFinanceIncomeFromReinsuranceContractsHeldRecognisedInProfitOrLossOfAdjustmentsForIncomeAndExpensesOfCashFlowsFromOperatingActivitiesLineItemsOfAdjustmentsForIncomeAndExpensesOfCashFlowsFromOperatingActivitiesTableOfItems,재보험금융수익 조정
entity00113058_AdjustmentsForGainsFromFinancialInstrumentsAtFairValueThroughProfitOrLossOfAdjustmentsForIncomeAndExpensesOfCashFlowsFromOperatingActivitiesLineItemsOfAdjustmentsForIncomeAndExpensesOfCashFlowsFromOperatingActivitiesTableOfItems,당기손익-공정가치측정금융상품관련이익 조정
entity00113058_AdjustmentsForGainsOnChangeInFairValueAndTransactionOfDerivativesOfAdjustmentsForIncomeAndExpensesOfCashFlowsFromOperatingActivitiesLineItemsOfAdjustmentsForIncomeAndExpensesOfCashFlowsFromOperatingActivitiesTableOfItems,파생상품평가 및 거래이익 조정
entity00113058_AdjustmentsForGainsOnDisposalsOfInvestmentPropertyAndPropertyPlantAndEquipmentOfAdjustmentsForIncomeAndExpensesOfCashFlowsFromOperatingActivitiesLineItemsOfAdjustmentsForIncomeAndExpensesOfCashFlowsFromOperatingActivitiesTableOfItems,투자부동산 및 유형자산처분이익 조정
entity00113058_AdjustmentsForGainsOnValuationAndDisposalOfFinancialAssetsOfAdjustmentsForIncomeAndExpensesOfCashFlowsFromOperatingActivitiesLineItemsOfAdjustmentsForIncomeAndExpensesOfCashFlowsFromOperatingActivitiesTableOfItems,금융상품 평가 및 처분이익 조정
entity00113058_AdjustmentsForIncomeAndExpensesOfCashFlowsFromOperatingActivitiesTable,영업활동으로부터 창출된 현금흐름의 주요 조정내역
entity00113058_AdjustmentsForIncomeAndExpensesOfCashFlowsFromOperatingActivitiesTextBlock,영업활동으로부터 창출된 현금흐름의 주요 조정내역[ 문장영역 ]
entity00113058_AdjustmentsForIncomeFromAmountsRecoveredFromReinsurerOfAdjustmentsForIncomeAndExpensesOfCashFlowsFromOperatingActivitiesLineItemsOfAdjustmentsForIncomeAndExpensesOfCashFlowsFromOperatingActivitiesTableOfItems,재보험영업수익 조정
entity00113058_AdjustmentsForIncreaseDecreaseInInvestmentContractLiabilitiesOfAdjustmentsForAssetsAndLiabilitiesOfOperatingActivitiesLineItemsOfAdjustmentsForAssetsAndLiabilitiesOfOperatingActivitiesTableOfItems,투자계약부채의 증가(감소)
entity00113058_AdjustmentsForInsuranceRevenueOfAdjustmentsForIncomeAndExpensesOfCashFlowsFromOperatingActivitiesLineItemsOfAdjustmentsForIncomeAndExpensesOfCashFlowsFromOperatingActivitiesTableOfItems,보험영업수익 조정
entity00113058_AdjustmentsForInsuranceServiceExpensesFromInsuranceContractsIssuedOfAdjustmentsForIncomeAndExpensesOfCashFlowsFromOperatingActivitiesLineItemsOfAdjustmentsForIncomeAndExpensesOfCashFlowsFromOperatingActivitiesTableOfItems,보험서비스비용 조정
entity00113058_AdjustmentsForInterestExpenseOfInvestmentContractsLiabilitiesOfAdjustmentsForIncomeAndExpensesOfCashFlowsFromOperatingActivitiesLineItemsOfAdjustmentsForIncomeAndExpensesOfCashFlowsFromOperatingActivitiesTableOfItems,투자계약부채이자비용 조정
entity00113058_AdjustmentsForLossesOnChangeInFairValueAndTransactionOfDerivativesOfAdjustmentsForIncomeAndExpensesOfCashFlowsFromOperatingActivitiesLineItemsOfAdjustmentsForIncomeAndExpensesOfCashFlowsFromOperatingActivitiesTableOfItems,파생상품평가 및 거래손실
entity00113058_AdjustmentsForLossesOnDisposalsOfInvestmentPropertyAndPropertyPlantAndEquipmentOfAdjustmentsForIncomeAndExpensesOfCashFlowsFromOperatingActivitiesLineItemsOfAdjustmentsForIncomeAndExpensesOfCashFlowsFromOperatingActivitiesTableOfItems,투자부동산 및 유형자산처분손실 조정
entity00113058_AdjustmentsForLossesOnValuationAndDisposalOfFinancialAssetsOfAdjustmentsForIncomeAndExpensesOfCashFlowsFromOperatingActivitiesLineItemsOfAdjustmentsForIncomeAndExpensesOfCashFlowsFromOperatingActivitiesTableOfItems,금융상품 평가 및 처분손실 조정
entity00113058_AdvancedDifferentCreditInformationCoLtdMemberOfAssociatesAndJointVenturesMemberOfDisclosureOfFinancialTransactionsBetweenRelatedPartiesTableOfMember,에이앤디신용정보 [구성요소]
entity00113058_AdvancedDifferentCreditInformationCoLtdMemberOfAssociatesAndJointVenturesMemberOfDisclosureOfOutstandingBalancesForRelatedPartyTransactionsTableOfMember,에이앤디신용정보 [구성요소]
entity00113058_AdvancedDifferentCreditInformationCoLtdMemberOfAssociatesAndJointVenturesMemberOfDisclosureOfTransactionsBetweenRelatedPartiesTableOfMember,에이앤디신용정보 [구성요소]
entity00113058_AgreementsWithReinsurersGeneralInsuranceMemberOfTypesOfCommitmentsMemberOfDisclosureOfAgreementsWithReinsurersTableOfMember,"재보험협약, 손해보험 [구성요소]"
entity00113058_AgreementsWithReinsurersLifeInsuranceMemberOfTypesOfCommitmentsMemberOfDisclosureOfAgreementsWithReinsurersTableOfMember,"재보험협약, 생명보험 [구성요소]"
entity00113058_AgreementsWithRelatedPartiesTable,특수관계자와의 약정사항
entity00113058_AgreementsWithRelatedPartiesTextBlock,특수관계자와의 약정사항[ 문장영역 ]
entity00113058_AllowanceForDoubtfulAccountReceivablesAgainstCompaniesUnderCourtReceivershipAndCompositionProceedingsOfDisclosureOfReceivablesSubjectToCourtReceivershipOrSimilarRehabilitationProceedingsLineItemsOfDisclosureOfReceivablesSubjectToCourtReceivershipOrSimilarRehabilitationProceedingsTableOfItems,"대손충당금, 법정관리 및 화의개시 대상회사에 대한 채권"
entity00113058_AmountOfLeaseholdRightsRelatedToGuaranteeDepositsOfMortgageAndLeaseholdRightsRelatedToGuaranteeDepositsLineItemsOfMortgageAndLeaseholdRightsRelatedToGuaranteeDepositTableOfItems,임대보증금 관련 전세권 설정금액
entity00113058_AmountOfMortgagesAndLeaseholdRightsRelatedToGuaranteeDepositsWithRelatedPartiesOfMortgageAndLeaseholdRightsOnLeaseDepositsWithRelatedPartiesLineItemsOfMortgageAndLeaseholdRightsOnLeaseDepositsWithRelatedPartiesTableOfItems,특수관계자와의 임대보증금 관련 근저당 및 전세권 설정금액
entity00113058_AmountOfMortgagesRelatedToGuaranteeDepositsOfMortgageAndLeaseholdRightsRelatedToGuaranteeDepositsLineItemsOfMortgageAndLeaseholdRightsRelatedToGuaranteeDepositTableOfItems,임대보증금 관련 근저당 설정금액
entity00113058_AssetLinkedPensionAndSavingsInsuranceMemberOfPensionAndSavingsInsuranceMemberOfDisclosureofinformationaboutexpectedrecognitionofcontractualservicemargininprofitorlosslifeinsurancetableTableOfMember,자산연계형 연금저축보험 [구성요소]
entity00113058_AssetLinkedPensionAndSavingsInsuranceMemberOfPensionAndSavingsInsuranceMemberOfLiabilitiesAssetsOfInsuranceContractsByPortfolioAndAccountingModelLifeInsuranceSegmentInParTableOfMember,자산연계형 연금저축보험 [구성요소]
entity00113058_AssetLinkedPensionAndSavingsInsuranceMemberOfPensionAndSavingsInsuranceMemberOfLiabilitiesAssetsOfInsuranceContractsByPortfolioAndAccountingModelLifeInsuranceSegmentTextBlockTableOfMember,자산연계형 연금저축보험 [구성요소]
entity00113058_AssetsReceivedAsCollateralMemberOfFinancialAssetsClassMemberOfDisclosureOfOtherFinancialAssetsPledgedAsSecurityTableOfMember,담보로 수취한 자산 [구성요소]
entity00113058_AssociatesAndJointVenturesMemberOfRelatedPartiesMemberOfDisclosureOfFinancialTransactionsBetweenRelatedPartiesTableOfMember,관계기업 및 공동기업 [구성요소]
entity00113058_AssociatesAndJointVenturesMemberOfRelatedPartiesMemberOfDisclosureOfOutstandingBalancesForRelatedPartyTransactionsTableOfMember,관계기업 및 공동기업 [구성요소]
entity00113058_AssociatesAndJointVenturesMemberOfRelatedPartiesMemberOfDisclosureOfSubtotalOfTransactionsBetweenRelatedPartiesTableOfMember,관계기업 및 공동기업 [구성요소]
entity00113058_AssociatesAndJointVenturesMemberOfRelatedPartiesMemberOfDisclosureOfTransactionsBetweenRelatedPartiesTableOfMember,관계기업 및 공동기업 [구성요소]
entity00113058_BalancesOnGuaranteeDepositsFromCustomersOfDepositsFromCustomersOfDisclosureOfDepositsFromCustomersTableOfItems,고객으로부터의 수입담보금 잔고
entity00113058_BalancesOnInvestorsDepositsFromCustomersOfDepositsFromCustomersOfDisclosureOfDepositsFromCustomersTableOfItems,고객으로부터의 투자자예수금 잔고
entity00113058_BalancesOnPeriodicalDepositsFromCustomersOfDepositsFromCustomersOfDisclosureOfDepositsFromCustomersTableOfItems,고객으로부터의 정기 적금 잔고
entity00113058_BankCimbNiagaAnd22OtherBanksMemberOfCounterpartiesMemberOfDisclosureOfCommitmentsTableOfMember,Bank CIMB Niaga 외 22개 은행 [구성요소]
entity00113058_BankForInvestmentAndDevelopmentOfVietnamMemberOfCounterpartiesMemberOfRestrictedDepositsAndOtherRestrictedAssetsFinancialAssetsAtFairValueThroughProfitOrLossTableOfMember,베트남투자개발은행 [구성요소]
entity00113058_BankOfMontrealMemberOfCounterpartiesMemberOfRestrictedDepositsAndOtherRestrictedAssetsFinancialAssetsAtFairValueThroughProfitOrLossTableOfMember,몬트리올 은행 [구성요소]
entity00113058_BeneficiaryCertificateInForeignCurrencyMemberOfHedgedItemsMemberOfDisclosureOfDetailedInformationAboutHedgedItemsTableOfMember,외화수익증권 [구성요소]
entity00113058_BondRelatedMemberOfDerivativeContractTypeMemberOfDisclosureOfDetailedInformationAboutHedgingInstrumentsTableOfMember,채권 관련 [구성요소]
entity00113058_BondRelatedMemberOfDerivativeContractTypeMemberOfFairValuesOfDerivativeInstrumentsTableOfMember,채권 관련 [구성요소]
entity00113058_BondRelatedMemberOfDerivativeContractTypeMemberOfFairValuesOfDerivativeInstrumentsTotalTableOfMember,채권 관련 [구성요소]
entity00113058_BondRelatedMemberOfDerivativeContractTypeMemberOfGainsLossesOnChangeInFairValueOfDerivativesTableOfMember,채권 관련 [구성요소]
entity00113058_BondRelatedMemberOfDerivativeContractTypeMemberOfNotionalAmountOfDerivativesTableOfMember,채권 관련 [구성요소]
entity00113058_BookookSecuritiesCoLtdAndOthersCommercialPaperMemberOfBorrowingsByNameMemberOfDisclosureOfDetailedInformationAboutBorrowingsTableOfMember,부국증권 등 기업어음 [구성요소]
entity00113058_BorrowingsAdjustmentAmountOfDisclosureOfDetailedInformationAboutBorrowingsLineItemsOfDisclosureOfDetailedInformationAboutBorrowingsTableOfItems,"차입금, 조정금액"
entity00113058_BorrowingsIssueDateOfDisclosureOfDetailedInformationAboutBorrowingsLineItemsOfDisclosureOfDetailedInformationAboutBorrowingsTableOfItems,"차입금, 발행일"
entity00113058_BorrowingsParValueOfDisclosureOfDetailedInformationAboutBorrowingsLineItemsOfDisclosureOfDetailedInformationAboutBorrowingsTableOfItems,"차입금, 액면가액"
entity00113058_CarrotCoLtdMemberOfSubsidiariesAndBeneficiaryCertificatesEtcMemberOfDisclosureOfTransactionsBetweenRelatedPartiesTableOfMember,캐롯손해보험 [구성요소]
entity00113058_CashAndCashEquivalentsMemberOfAssetsMemberOfDisclosureOfCompositionOfUnderlyingItemsForContractsWithDirectParticipationFeaturesTableOfMember,현금및현금성자산 [구성요소]
entity00113058_CashAndCashEquivalentsMemberOfAssetsMemberOfDisclosureOfFairValueByHierarchyAssetsNotMeasuredAtFairValueInStatementOfFinancialPositionButForWhichFairValueIsDisclosedTableOfMember,현금및현금성자산 [구성요소]
entity00113058_CashAndCashEquivalentsMemberOfAssetsMemberOfValuationTechniquesAndInputsUsedInFairValueMeasurementOfLevel2AssetsTableOfMember,현금및현금성자산 [구성요소]
entity00113058_CashAndCashEquivalentsMemberOfFinancialAssetsAtAmortisedCostCategoryMemberOfGainsLossesFinancialInstrumentsByCategoryTableOfMember,현금및현금성자산 [구성요소]
entity00113058_CashAndCashEquivalentsMemberOfFinancialAssetsClassMemberOfFairValueAndBookValueOfAssetsTableOfMember,현금및현금성자산 [구성요소]
entity00113058_CashFlowsFromLosingControlOfSubsidiariesOrOtherBusinessesClassifiedAsInvestingActivitiesOfCashFlowsFromUsedInInvestingActivitiesOfCashFlowsFromUsedInInvestingActivities,연결범위변동으로 인한 현금흐름
entity00113058_CertificateOfBeneficiaryRightsMemberOfFinancialAssetsClassMemberOfDisclosureOfOtherFinancialAssetsPledgedAsSecurityTableOfMember,수익권증서 [구성요소]
entity00113058_CertificateOfDepositMemberOfRestrictedDepositsMemberOfRestrictedDepositsAndOtherRestrictedAssetsFinancialAssetsAtFairValueThroughProfitOrLossTableOfMember,양도성예금증서 [구성요소]
entity00113058_ChangesInAllowanceForCreditLossesOfFinancialAssetsAtFairValueThroughOtherComprehensiveIncomeTable,기타포괄손익-공정가치측정금융자산의 손실충당금 변동내역
entity00113058_ChangesInAllowanceForCreditLossesOfFinancialAssetsAtFairValueThroughOtherComprehensiveIncomeTextBlock,기타포괄손익-공정가치측정금융자산의 손실충당금 변동내역[ 문장영역 ]
entity00113058_ChangesInAllowanceForCreditLossesOfFinancialAssetsAtFairValueThroughOtherComprehensiveIncomeTotalAbstract,"기타포괄손익-공정가치측정금융자산의 손실충당금 변동내역, 합계[ 개요 ]"
entity00113058_ChangesInAllowanceForCreditLossesOfFinancialAssetsAtFairValueThroughOtherComprehensiveIncomeTotalLineItemsOfChangesInAllowanceForCreditLossesOfFinancialAssetsAtFairValueThroughOtherComprehensiveIncomeTotalTableOfLineItems,"기타포괄손익-공정가치측정금융자산의 손실충당금 변동내역, 합계 [ 항목 ]"
entity00113058_ChangesInAllowanceForCreditLossesOfFinancialAssetsAtFairValueThroughOtherComprehensiveIncomeTotalOfChangesInAllowanceForCreditLossesOfFinancialAssetsAtFairValueThroughOtherComprehensiveIncomeTotalTableOfLineItems,"기타포괄손익-공정가치측정금융자산의 손실충당금 변동내역, 합계 [항목]"
entity00113058_ChangesInAllowanceForCreditLossesOfFinancialAssetsAtFairValueThroughOtherComprehensiveIncomeTotalTable,"기타포괄손익-공정가치측정금융자산의 손실충당금 변동내역, 합계"
entity00113058_ChangesInAllowanceForCreditLossesOfFinancialAssetsAtFairValueThroughOtherComprehensiveIncomeTotalTextBlock,"기타포괄손익-공정가치측정금융자산의 손실충당금 변동내역, 합계[ 문장영역 ]"
entity00113058_ChangesInDeferredTaxChargedDirectlyToEquityNonCashTransactionOfDisclosureOfSignificantNonCashTransactionsLineItemsOfDisclosureOfSignificantNonCashTransactionsTableOfItems,"자본에 부과된 이연법인세의 변동, 비현금흐름"
entity00113058_ChangesInDeferredTaxChargedToEquityNonCashTransactionOfDisclosureOfSignificantNonCashTransactionsLineItemsOfDisclosureOfSignificantNonCashTransactionsTableOfItems,"자본에 부과된 이연법인세의 변동, 비현금흐름"
entity00113058_ChangesInGainsOrLossesOnDesignatedFinancialLiabilitiesMeasuredAtFairValueThroughProfitOrLossNonCashTransactionOfDisclosureOfSignificantNonCashTransactionsLineItemsOfDisclosureOfSignificantNonCashTransactionsTableOfItems,"당기손익-공정가치측정지정금융부채평가손익의 변동, 비현금흐름"
entity00113058_ChangesInGainsOrLossesOnFinancialAssetsMeasuredAtFairValueThroughOtherComprehensiveIncomeNonCashTransactionOfDisclosureOfSignificantNonCashTransactionsLineItemsOfDisclosureOfSignificantNonCashTransactionsTableOfItems,"기타포괄-공정가치측정금융자산평가손익의 변동, 비현금흐름"
entity00113058_ChangesInNetFinanceIncomeLossOfReinsuranceContractAssetsLiabilitiesNonCashTransactionOfDisclosureOfSignificantNonCashTransactionsLineItemsOfDisclosureOfSignificantNonCashTransactionsTableOfItems,"재보험계약순금융손익의 변동, 비현금흐름"
entity00113058_ChangesInNetFinanceIncomeOrExpenseOnInsuranceContractAssetsLiabilitiesNonCashTransactionOfDisclosureOfSignificantNonCashTransactionsLineItemsOfDisclosureOfSignificantNonCashTransactionsTableOfItems,"보험계약순금융손익의 변동, 비현금흐름"
entity00113058_ChangesInOtherFinancialAssetsAtAmortisedCostAbstract,상각후원가측정기타금융자산에 대한 변동내역[ 개요 ]
entity00113058_ChangesInOtherFinancialAssetsAtAmortisedCostLineItemsOfChangesInOtherFinancialAssetsAtAmortisedCostTableOfLineItems,상각후원가측정기타금융자산에 대한 변동내역 [항목]
entity00113058_ChangesInOtherFinancialAssetsAtAmortisedCostTable,상각후원가측정기타금융자산에 대한 변동내역
entity00113058_ChangesInOtherFinancialAssetsAtAmortisedCostTextBlock,상각후원가측정기타금융자산에 대한 변동내역[ 문장영역 ]
entity00113058_ChangesInOtherFinancialAssetsAtAmortisedCostTotalAbstract,"상각후원가측정기타금융자산에 대한 변동내역, 합계[ 개요 ]"
entity00113058_ChangesInOtherFinancialAssetsAtAmortisedCostTotalLineItemsOfChangesInOtherFinancialAssetsAtAmortisedCostTotalTableOfLineItems,"상각후원가측정기타금융자산에 대한 변동내역, 합계 [항목]"
entity00113058_ChangesInOtherFinancialAssetsAtAmortisedCostTotalTable,"상각후원가측정기타금융자산에 대한 변동내역, 합계"
entity00113058_ChangesInOtherFinancialAssetsAtAmortisedCostTotalTextBlock,"상각후원가측정기타금융자산에 대한 변동내역, 합계[ 문장영역 ]"
entity00113058_ChangesInRemeasurementsOfDefinedBenefitPlansNonCashTransactionOfDisclosureOfSignificantNonCashTransactionsLineItemsOfDisclosureOfSignificantNonCashTransactionsTableOfItems,"확정급여제도재측정요소의 변동, 비현금흐름"
entity00113058_ChangesInRevaluationSurplusOfPropertyPlantAndEquipmentNonCashTransactionOfDisclosureOfSignificantNonCashTransactionsLineItemsOfDisclosureOfSignificantNonCashTransactionsTableOfItems,"유형자산재평가이익의 변동, 비현금흐름"
entity00113058_ChangesInRightOfUseAssetsNonCashTransactionOfDisclosureOfSignificantNonCashTransactionsLineItemsOfDisclosureOfSignificantNonCashTransactionsTableOfItems,"사용권자산의 변동, 비현금흐름"
entity00113058_ChangesInShareOfOtherComprehensiveIncomeOfAssociatesNonCashTransactionOfDisclosureOfSignificantNonCashTransactionsLineItemsOfDisclosureOfSignificantNonCashTransactionsTableOfItems,"관계기업의 기타포괄손익지분의 변동, 비현금흐름"
entity00113058_ChangesInTheFairValueOfTheUnderlyingItemsOfInsuranceContractsWithDirectParticipationFeaturesMemberOfClassesOfInsuranceFinanceIncomeExpensesMemberOfDisclosureOfAnalysisOfInsuranceFinanceIncomeExpensesTableOfMember,직접참여계약의 기초항목의 공정가치 변동 [구성요소]
entity00113058_ChangesInTheFairValueOfTheUnderlyingItemsOfInsuranceContractsWithDirectParticipationFeaturesMemberOfClassesOfInsuranceFinanceIncomeExpensesMemberOfDisclosureOfAnalysisOfInsuranceFinanceIncomeExpensesTotalTableOfMember,직접참여계약의 기초항목의 공정가치 변동 [구성요소]
entity00113058_ChangesInValuationGainsOrLossesOnDerivativesForHedgingPurposesNonCashTransactionOfDisclosureOfSignificantNonCashTransactionsLineItemsOfDisclosureOfSignificantNonCashTransactionsTableOfItems,"위험회피목적파생상품평가손익의 변동, 비현금흐름"
entity00113058_ChangesInValuationGainsOrLossesOnFinancialAssetsMeasuredAtFairValueThroughOtherComprehensiveIncomeNonCashTransactionOfDisclosureOfSignificantNonCashTransactionsLineItemsOfDisclosureOfSignificantNonCashTransactionsTableOfItems,"기타포괄손익-공정가치측정금융자산평가손익의 변동, 비현금흐름"
entity00113058_CheckableDemandDepositsOfDetailsOfCashAndCashEquivalentsOfDisclosureOfCashAndCashEquivalentsTableOfItems,당좌예금
entity00113058_CollateralFinancialSupportLoanInHouseMemberOfTypesOfCommitmentsMemberOfDisclosureOfCommitmentsTableOfMember,담보금융지원대출(자체) [구성요소]
entity00113058_CollateralForFinancialTransactionsMemberOfRestrictedDepositsMemberOfRestrictedDepositsAndOtherRestrictedAssetsFinancialAssetsAtAmortisedCostTableOfMember,금융업무담보금 [구성요소]
entity00113058_CollateralForPaymentMemberOfDepositsAtAmortisedCostMemberOfDetailOfDueFromBanksAtAmortisedCostTableOfMember,지급담보금 [구성요소]
entity00113058_CollateralForPaymentMemberOfRestrictedDepositsMemberOfRestrictedDepositsAndOtherRestrictedAssetsFinancialAssetsAtAmortisedCostTableOfMember,지급담보금 [구성요소]
entity00113058_CommerzbankAgAndOthersMemberOfCounterpartiesMemberOfRestrictedDepositsAndOtherRestrictedAssetsFinancialAssetsAtAmortisedCostTableOfMember,Commerzbank AG 등 [구성요소]
entity00113058_CreditDerivativeNumberOfContractsOfDisclosureOfCreditDerivativeContractsLineItemsOfDisclosureOfCreditDerivativeContractsTableOfItems,"신용파생상품, 계약건수"
entity00113058_CreditInsurancePurchasedByTheConsolidatedEntityForCreditEnhancementOfFinancialInstrumentsMemberOfReceivedPaymentGuaranteeMemberOfDetailsOfCreditInsuranceTakenOutForCreditEnhancementOfFinancialInstrumentsTableOfMember,연결실체가 금융상품 신용보강을 위해 가입한 신용보험 [구성요소]
entity00113058_DamagesClaimLitigationMemberOfPlaintiffInLawsuitsMemberOfDisclosureOfDetailsOfLegalProceedingsContingentLiabilityTableOfMember,손해배상청구소송 [구성요소]
entity00113058_DecreaseInCapitalLeasePaymentReceivablesOfCashFlowsFromUsedInInvestingActivitiesOfCashFlowsFromUsedInInvestingActivities,금융리스채권의 감소
entity00113058_DecreaseIncreaseInRightOfUseAssetsNonCashTransactionOfDisclosureOfSignificantNonCashTransactionsLineItemsOfDisclosureOfSignificantNonCashTransactionsTableOfItems,"사용권자산의 변동, 비현금흐름"
entity00113058_DemandDeposits1MemberOfDemandDepositsMemberOfDisclousureOfRestrictedFinancialAssetsTableOfMember,보통예금1 [구성요소]
entity00113058_DemandDeposits2MemberOfDemandDepositsMemberOfDisclousureOfRestrictedFinancialAssetsTableOfMember,보통예금2 [구성요소]
entity00113058_DemandDepositsOfDetailsOfCashAndCashEquivalentsOfDisclosureOfCashAndCashEquivalentsTableOfItems,보통예금
entity00113058_DemandDepositsOfRestrictedDepositsMemberOfDisclosureOfRestrictedCashAndCashequivalentsTableOfMember,보통예금 [구성요소]
entity00113058_DepositoryTrustClearingCorporationMemberOfCounterpartiesMemberOfRestrictedDepositsAndOtherRestrictedAssetsFinancialAssetsAtAmortisedCostTableOfMember,Depository Trust & Clearing Corporation [구성요소]
entity00113058_DepositsEtcMemberOfFinancialAssetsClassMemberOfDisclosureOfOtherFinancialAssetsPledgedAsSecurityTableOfMember,예치금 등 [구성요소]
entity00113058_DepositsEtcMemberOfRestrictedFinancialAssetsMemberOfRestrictedDepositsAndOtherRestrictedAssetsTotalTableOfMember,예치금 등 [구성요소]
entity00113058_DepositsFromCustomersConsolidatedFinancialStatements,예수부채
entity00113058_DepositsMemberOfDebtSecuritiesMemberOfDetailOfFinancialAssetsAtFairValueThroughOtherComprehensiveIncomeTableOfMember,예치금 [구성요소]
entity00113058_DepositsMortgageLoansMemberOfFinancialAssetsClassMemberOfDisclosureOfDetailsOfLoansAtAmortisedCostTableOfMember,예적금담보대출 [구성요소]
entity00113058_DerecognitionOfLoansMeasuredAtAmortizedCostAndOtherFinancialAssetsMeasuredAtAmortizedCostNonCashTransactionOfDisclosureOfSignificantNonCashTransactionsLineItemsOfDisclosureOfSignificantNonCashTransactionsTableOfItems,"상각후원가측정대출채권 및 상각후원가측정기타금융자산의 제각, 비현금흐름"
entity00113058_DescriptionOfAcquisitionOfInsuranceContractsIssued,발행한 보험계약의 취득에 대한 기술
entity00113058_DescriptionOfAcquisitionOfInsuranceContractsIssuedOfDisclosureOfEffectOfInsuranceContractsInitiallyRecognisedLineItemsOfDisclosureOfEffectOfInsuranceContractsInitiallyRecognisedTableOfItems,발행한 보험계약의 취득에 대한 기술
entity00113058_DescriptionOfAmountsIncludedInInsuranceContractMarginExpectedToBeRecognizedInProfitOrLossForTheCurrentPeriod,당기손익 인식이 예상되는 보험계약마진에 포함된 금액에 대한 기술
entity00113058_DescriptionOfAssetsAndLiabilitiesMeasuredAtLevel3,수준3으로 측정된 자산과 부채에 포함된 내용에 대한 기술
entity00113058_DescriptionOfBeneficiaryCertificatesSubjectToConsolidation,연결대상 수익증권에 대한 기술
entity00113058_DescriptionOfCasesWhereTheFairValueOfFinancialInstrumentsIsMeasuredUsingInputsNotBasedOnObservableMarketData,관측 가능한 시장 자료에 기초하지 않은 투입 변수를 이용하여 금융상품의 공정가치를 평가하는 경우에 대한 기술
entity00113058_DescriptionOfDeathInsuranceInReinsuranceContractsHeldOfReinsuranceContractsHeldThatAreLiabilitiesAssetsByPortfolioLifeInsuranceSegmentLineItemsOfReinsuranceContractsHeldThatAreLiabilitiesAssetsByPortfolioLifeInsuranceSegmentTableOfItems,보유재보험계약 중 사망보험에 대한 기술
entity00113058_DescriptionOfDeathInsuranceInReinsuranceContractsHeldOfReinsuranceContractsHeldThatAreLiabilitiesAssetsByPortfolioLineItemsOfReinsuranceContractsHeldThatAreLiabilitiesAssetsByPortfolioTableOfItems,보유재보험계약 중 사망보험에 대한 기술
entity00113058_DescriptionOfDefinedContributionRetirementBenefitPlansOfDisclosureOfTheDefinedContributionPlansLineItemsOfDisclosureOfTheDefinedContributionPlansTableOfItems,확정기여형 퇴직급여제도에 대한 기술
entity00113058_DescriptionOfDisclosuresRelatedToOperatingSegmentsBeingPresentedInTheConsolidatedFinancialStatements,영업부문과 관련된 공시사항을 연결재무제표에 공시하고 있음에 대한 기술
entity00113058_DescriptionOfDividendPayments,배당금 지급에 대한 기술
entity00113058_DescriptionOfEstimatedAverageAnnualIncomeTaxRateOfDisclosureOfEstimatedAverageAnnualIncomeTaxRateLineItemsOfDisclosureOfEstimatedAverageAnnualIncomeTaxRateTableOfItems,예상평균연간법인세율에 대한 기술
entity00113058_DescriptionOfFairValueByFairValueHierarchyLevelOfDisclosureOfFairValueHierarchyLineItemsOfDisclosureOfFairValueHierarchyTableOfItems,공정가치 서열체계 수준별 공정가치에 대한 기술
entity00113058_DescriptionOfFinancialInstrumentsForWhichDisclosureOfInputsHasBeenOmittedOfValuationTechniquesAndInputsUsedInFairValueMeasurementOfLevel2AssetsLineItemsOfValuationTechniquesAndInputsUsedInFairValueMeasurementOfLevel2AssetsTableOfItems,투입변수의 공시를 생략한 금융상품에 대한 기술
entity00113058_DescriptionOfFinancialInstrumentsForWhichDisclosureOfInputsHasBeenOmittedOfValuationTechniquesAndInputsUsedInFairValueMeasurementOfLevel2LiabilitiesLineItemsOfValuationTechniquesAndInputsUsedInFairValueMeasurementOfLevel2LiabilitiesTableOfItems,투입변수의 공시를 생략한 금융상품에 대한 기술
entity00113058_DescriptionOfFinancialInstrumentsForWhichDisclosureOfInputsHasBeenOmittedOfValuationTechniquesAndInputsUsedInFairValueMeasurementOfLevel3AssetsLineItemsOfValuationTechniquesAndInputsUsedInFairValueMeasurementOfLevel3AssetsTableOfItems,투입변수의 공시를 생략한 금융상품에 대한 기술
entity00113058_DescriptionOfFinancialInstrumentsForWhichDisclosureOfInputsHasBeenOmittedOfValuationTechniquesAndInputsUsedInFairValueMeasurementOfLevel3LiabilitiesLineItemsOfValuationTechniquesAndInputsUsedInFairValueMeasurementOfLevel3LiabilitiesTableOfItems,투입변수의 공시를 생략한 금융상품에 대한 기술
entity00113058_DescriptionOfFinancialRiskManagementAndDisclosuresForCondensedQuarterlyFinancialStatements,요약분기재무제표의 재무위험관리 및 공시사항에 대한 기술
entity00113058_DescriptionOfInformationAboutInsuranceContractMarginExpectedToBeRecognisedInProfitOrLoss,당기손익 인식이 예상되는 보험계약마진에 대한 정보 기술
entity00113058_DescriptionOfInsuranceContractLiabilitiesAssetsByPortfolioAndAccountingModel,"포트폴리오별, 회계모형별 보험계약부채(자산)에 대한 기술"
entity00113058_DescriptionOfInsuranceCostsForRelatedPartyTransactionsOfDisclosureOfTransactionsBetweenRelatedPartiesLineItemsOfDisclosureOfTransactionsBetweenRelatedPartiesTableOfItems,특수관계자거래의 보험비용에 대한 기술
entity00113058_DescriptionOfInvestmentAssetsInAssociatesAndSubsidiariesOfFairValueAndBookValueOfAssetsLineItemsOfFairValueAndBookValueOfAssetsTableOfItems,관계종속기업투자자산에 대한 기술
entity00113058_DescriptionOfLeaseDepositsForRelatedPartyTransactionsOfDisclosureOfOutstandingBalancesForRelatedPartyTransactionsLineItemsOfDisclosureOfOutstandingBalancesForRelatedPartyTransactionsTableOfItems,특수관계자거래의 임대보증금에 대한 기술
entity00113058_DescriptionOfLeaseLiabilities,리스부채에 대한 기술
entity00113058_DescriptionOfLeaseLiabilitiesPresentedInTheStatementOfFinancialPosition,재무상태표에 표시된 리스부채에 대한 기술
entity00113058_DescriptionOfMiscellaneousOtherProvisions,그밖의 기타충당부채에 대한 기술
entity00113058_DescriptionOfMiscellaneousOtherProvisionsOfDisclosureOfOtherProvisionsLineItemsOfDisclosureOfOtherProvisionsTableOfItems,그 밖의 기타충당부채에 대한 기술
entity00113058_DescriptionOfOtherChangesInRightOfUseAssetsOfDisclosureOfQuantitativeInformationAboutRightOfUseAssetsLineItemsOfDisclosureOfQuantitativeInformationAboutRightOfUseAssetsTableOfItems,사용권자산의 기타변동에 대한 기술
entity00113058_DescriptionOfOtherChangesInTheMovementsOfAllowanceForCreditLossesOnLoansMeasuredAtAmortizedCost,상각후원가측정대출채권에 대한 신용손실충당금의 변동내역 중 기타 변동에 대한 기술
entity00113058_DescriptionOfOtherChangesInTheMovementsOfAllowanceForCreditLossesOnOtherFinancialAssetsMeasuredAtAmortizedCost,상각후원가측정기타금융자산의 신용손실충당금의 변동내역 중 기타 변동에 대한 기술
entity00113058_DescriptionOfOtherChangesInTheMovementsOfAllowanceForCreditLossesOnOtherFinancialAssetsMeasuredAtAmortizedCost1,상각후원가측정기타금융자산의 신용손실충당금의 변동내역 중 기타 변동에 대한 기술
entity00113058_DescriptionOfOtherExpensesForRelatedPartyTransactionsOfDisclosureOfTransactionsBetweenRelatedPartiesLineItemsOfDisclosureOfTransactionsBetweenRelatedPartiesTableOfItems,특수관계자거래의 기타비용에 대한 기술
entity00113058_DescriptionOfOtherGainsOnFinancialInstrumentsOfGainsLossesOnFinancialInstrumentsByCategoriesLineItemsOfGainsLossesFinancialInstrumentsByCategoryTableOfItems,금융상품의 기타이익에 대한 기술
entity00113058_DescriptionOfOtherIncomeForRelatedPartyTransactionsOfDisclosureOfTransactionsBetweenRelatedPartiesLineItemsOfDisclosureOfTransactionsBetweenRelatedPartiesTableOfItems,특수관계자거래의 기타수익에 대한 기술
entity00113058_DescriptionOfOtherLiabilitiesForRelatedPartyTransactionsOfDisclosureOfOutstandingBalancesForRelatedPartyTransactionsLineItemsOfDisclosureOfOutstandingBalancesForRelatedPartyTransactionsTableOfItems,특수관계자거래의 기타 채무에 대한 기술
entity00113058_DescriptionOfOtherLossesOnFinancialInstrumentsOfGainsLossesOnFinancialInstrumentsByCategoriesLineItemsOfGainsLossesFinancialInstrumentsByCategoryTableOfItems,금융상품의 기타손실에 대한 기술
entity00113058_DescriptionOfOtherPayablesInRelatedPartyTransactionsOfDisclosureOfOutstandingBalancesForRelatedPartyTransactionsLineItemsOfDisclosureOfOutstandingBalancesForRelatedPartyTransactionsTableOfItems,특수관계자거래의 기타채무에 대한 기술
entity00113058_DescriptionOfReasonsForEnteringIntoDerivativeContracts,파생상품 계약을 체결한 이유에 대한 기술
entity00113058_DescriptionOfReasonsForEnteringIntoDerivativeContracts1,파생상품 계약을 체결한 이유에 대한 기술
entity00113058_DescriptionOfRecognitionOfIncomeTaxExpense,법인세비용의 인식에 대한 기술
entity00113058_DescriptionOfRetainedEarningsOfDisclosureOfAdjustedProfitLossNetOrRegulatoryReserveLineItemsOfDisclosureOfAdjustedProfitLossNetOfRegulatoryReserveTableOfItems,이익잉여금에 대한 설명
entity00113058_DescriptionOfSensitivityAnalysisForFinancialInstrumentsAndTheItemsSubjectToTheSensitivityAnalysis,금융상품 민감도 분석과 민감도 분석 대상에 대한 기술
entity00113058_DescriptionOfTheAmountOfTheConsolidatedEntitysShareOfChangesInTheFairValueOrFulfillmentCashFlowsOfUnderlyingItemsThatDoNotAdjustTheContractualServiceMarginOfDisclosureOfAnalysisOfInsuranceFinanceIncomeExpensesLineItemsOfDisclosureOfAnalysisOfInsuranceFinanceIncomeExpensesTableOfItems,계약서비스마진을 조정하지 않는 기초항목의 공정가치 또는 이행현금흐름의 변동의 연결실체의 몫의 금액에 대한 기술
entity00113058_DescriptionOfTheCompositionOfSignificantAdjustmentsOfDisclosureOfAssetsAndLiabilitiesByOperatingSegmentLineItemsOfDisclosureOfAssetsAndLiabilitiesByOperatingSegmentsTableOfItems,중요한 조정사항의 구성에 대한 기술
entity00113058_DescriptionOfTheCompositionOfSignificantAdjustmentsOfDisclosureOfOperatingSegmentsLineItemsOfDisclosureOfOperatingSegmentsTableOfItems,중요한 조정사항의 구성에 대한 기술
entity00113058_DetailOfAccumulatedOtherComprehensiveIncomeAbstract,기타포괄손익누적액의 구성내역[ 개요 ]
entity00113058_DetailOfAccumulatedOtherComprehensiveIncomeLineItemsOfDetailOfAccumulatedOtherComprehensiveIncomeTableOfLineItems,기타포괄손익누적액의 구성내역 [항목]
entity00113058_DetailOfAccumulatedOtherComprehensiveIncomeTable,기타포괄손익누적액의 구성내역
entity00113058_DetailOfAccumulatedOtherComprehensiveIncomeTextBlock,기타포괄손익누적액의 구성내역[ 문장영역 ]
entity00113058_DetailOfDueFromBanksAtAmortisedCostAbstract,상각후원가측정예치금의 내역[ 개요 ]
entity00113058_DetailOfDueFromBanksAtAmortisedCostLineItemsOfDetailOfDueFromBanksAtAmortisedCostTableOfLineItems,상각후원가측정예치금의 내역 [항목]
entity00113058_DetailOfDueFromBanksAtAmortisedCostTable,상각후원가측정예치금의 내역
entity00113058_DetailOfDueFromBanksAtAmortisedCostTextBlock,상각후원가측정예치금의 내역[ 문장영역 ]
entity00113058_DetailOfFinancialAssetsAtFairValueThroughOtherComprehensiveIncomeTotalAbstract,"기타포괄손익-공정가치금융자산의 구성내역, 합계[ 개요 ]"
entity00113058_DetailOfFinancialAssetsAtFairValueThroughOtherComprehensiveIncomeTotalLineItemsOfDetailOfFinancialAssetsAtFairValueThroughOtherComprehensiveIncomeTotalTableOfLineItems,"기타포괄손익-공정가치금융자산의 구성내역, 합계 [ 항목 ]"
entity00113058_DetailOfFinancialAssetsAtFairValueThroughOtherComprehensiveIncomeTotalTable,"기타포괄손익-공정가치금융자산의 구성내역, 합계"
entity00113058_DetailOfFinancialAssetsAtFairValueThroughOtherComprehensiveIncomeTotalTextBlock,"기타포괄손익-공정가치금융자산의 구성내역, 합계[ 문장영역 ]"
entity00113058_DetailOfHybridBondsAbstract,신종자본증권의 내역[ 개요 ]
entity00113058_DetailOfHybridBondsLineItemsOfDetailOfHybridBondsTableOfLineItems,신종자본증권의 내역 [항목]
entity00113058_DetailOfHybridBondsTable,신종자본증권의 내역
entity00113058_DetailOfHybridBondsTextBlock,신종자본증권의 내역[ 문장영역 ]
entity00113058_DetailOfOtherFinancialAssetsAtAmortisedCostAbstract,상각후원가측정기타금융자산의 내역[ 개요 ]
entity00113058_DetailOfOtherFinancialAssetsAtAmortisedCostLineItemsOfDetailOfOtherFinancialAssetsAtAmortisedCostTableOfLineItems,상각후원가측정기타금융자산의 내역 [ 항목 ]
entity00113058_DetailOfOtherFinancialAssetsAtAmortisedCostOfDetailOfOtherFinancialAssetsAtAmortisedCostTableOfLineItems,상각후원가측정기타금융자산의 내역 [항목]
entity00113058_DetailOfOtherFinancialAssetsAtAmortisedCostTable,상각후원가측정기타금융자산의 내역
entity00113058_DetailOfOtherFinancialAssetsAtAmortisedCostTextBlock,상각후원가측정기타금융자산의 내역[ 문장영역 ]
entity00113058_DetailsOfCreditInsuranceTakenOutForCreditEnhancementOfFinancialInstrumentsAbstract,금융상품 신용보강을 위해 가입한 신용보험 내역[ 개요 ]
entity00113058_DetailsOfCreditInsuranceTakenOutForCreditEnhancementOfFinancialInstrumentsLineItemsOfDetailsOfCreditInsuranceTakenOutForCreditEnhancementOfFinancialInstrumentsTableOfLineItems,금융상품 신용보강을 위해 가입한 신용보험 내역 [항목]
entity00113058_DetailsOfCreditInsuranceTakenOutForCreditEnhancementOfFinancialInstrumentsTable,금융상품 신용보강을 위해 가입한 신용보험 내역
entity00113058_DetailsOfCreditInsuranceTakenOutForCreditEnhancementOfFinancialInstrumentsTextBlock,금융상품 신용보강을 위해 가입한 신용보험 내역[ 문장영역 ]
entity00113058_DetailsOfLoansAtAmortisedCostAbstract,상각후원가측정대출채권의 내역[ 개요 ]
entity00113058_DetailsOfLoansAtAmortisedCostLineItemsOfDetailsOfLoansAtAmortisedCostTableOfLineItems,상각후원가측정대출채권의 내역 [ 항목 ]
entity00113058_DetailsOfLoansAtAmortisedCostOfDetailsOfLoansAtAmortisedCostTableOfLineItems,상각후원가측정대출채권의 내역 [항목]
entity00113058_DetailsOfLoansAtAmortisedCostTable,상각후원가측정대출채권의 내역
entity00113058_DetailsOfLoansAtAmortisedCostTextBlock,상각후원가측정대출채권의 내역[ 문장영역 ]
entity00113058_DetailsOfSecuritiesAtAmortisedCostTable,상각후원가측정유가증권의 구성내역
entity00113058_DetailsOfSecuritiesAtAmortisedCostTextBlock,상각후원가측정유가증권의 구성내역[ 문장영역 ]
entity00113058_DetailsOfTheTradeOfReceivablesThroughRelatedPartiesTable,특수관계자를 통한 채권 매매내역
entity00113058_DetailsOfTheTradeOfReceivablesThroughRelatedPartiesTextBlock,특수관계자를 통한 채권 매매내역[ 문장영역 ]
entity00113058_DisclosureOfAdditionalPaidInCapitalTable,기타불입자본에 대한 공시
entity00113058_DisclosureOfAdditionalPaidInCapitalTextBlock,기타불입자본에 대한 공시[ 문장영역 ]
entity00113058_DisclosureOfAgreementsWithReinsurersTable,재보험사와 체결하고 있는 협약에 대한 공시
entity00113058_DisclosureOfAgreementsWithReinsurersTextBlock,재보험사와 체결하고 있는 협약에 대한 공시[ 문장영역 ]
entity00113058_DisclosureOfAnalysisOfInsuranceFinanceIncomeExpensesTotalAbstract,"보험금융수익(비용) 분석 공시, 합계[ 개요 ]"
entity00113058_DisclosureOfAnalysisOfInsuranceFinanceIncomeExpensesTotalLineItemsOfDisclosureOfAnalysisOfInsuranceFinanceIncomeExpensesTotalTableOfLineItems,"보험금융수익(비용) 분석 공시, 합계 [항목]"
entity00113058_DisclosureOfAnalysisOfInsuranceFinanceIncomeExpensesTotalTable,"보험금융수익(비용) 분석 공시, 합계"
entity00113058_DisclosureOfAnalysisOfInsuranceFinanceIncomeExpensesTotalTextBlock,"보험금융수익(비용) 분석 공시, 합계[ 문장영역 ]"
entity00113058_DisclosureOfAnalysisOfInsuranceRevenueAndInsuranceServiceExpensesFromInsuranceContractsIssuedPremiumAllocationApproachTable,"발행보험의 보험수익 및 보험서비스비용 분석 공시, 보험료배분접근법"
entity00113058_DisclosureOfAnalysisOfInsuranceRevenueAndInsuranceServiceExpensesFromInsuranceContractsIssuedPremiumAllocationApproachTextBlock,"발행보험의 보험수익 및 보험서비스비용 분석 공시, 보험료배분접근법[ 문장영역 ]"
entity00113058_DisclosureOfAnalysisOfInsuranceRevenueAndInsuranceServiceExpensesFromInsuranceContractsIssuedTableTable,발행보험의 보험수익 및 보험서비스비용 분석 공시
entity00113058_DisclosureOfAnalysisOfInsuranceRevenueAndInsuranceServiceExpensesFromInsuranceContractsIssuedTableTextBlock,발행보험의 보험수익 및 보험서비스비용 분석 공시[ 문장영역 ]
entity00113058_DisclosureOfAnalysisOfInsuranceServiceExpensesFromReinsuranceContractsAbstract,재보험비용의 보험서비스비용 분석 공시[ 개요 ]
entity00113058_DisclosureOfAnalysisOfInsuranceServiceExpensesFromReinsuranceContractsLineItemsOfDisclosureOfAnalysisOfInsuranceServiceExpensesFromReinsuranceContractsTableOfLineItems,재보험비용의 보험서비스비용 분석 공시 [항목]
entity00113058_DisclosureOfAnalysisOfInsuranceServiceExpensesFromReinsuranceContractsTable,재보험비용의 보험서비스비용 분석 공시
entity00113058_DisclosureOfAnalysisOfInsuranceServiceExpensesFromReinsuranceContractsTextBlock,재보험비용의 보험서비스비용 분석 공시[ 문장영역 ]
entity00113058_DisclosureOfAnalysisOfInsuranceServiceResultFromInsuranceContractsIssuedTable,발행보험의 보험서비스결과 분석 공시
entity00113058_DisclosureOfAnalysisOfInsuranceServiceResultFromInsuranceContractsIssuedTextBlock,발행보험의 보험서비스결과 분석 공시[ 문장영역 ]
entity00113058_DisclosureOfAnalysisOfReinsuranceServiceResultsPremiumAllocationApproachTable,"재보험서비스결과 분석 공시, 보험료배분접근법"
entity00113058_DisclosureOfAnalysisOfReinsuranceServiceResultsPremiumAllocationApproachTextBlock,"재보험서비스결과 분석 공시, 보험료배분접근법[ 문장영역 ]"
entity00113058_DisclosureOfAnalysisOfReinsuranceServiceResultsTable,재보험서비스결과 분석 공시
entity00113058_DisclosureOfAnalysisOfReinsuranceServiceResultsTextBlock,재보험서비스결과 분석 공시[ 문장영역 ]
entity00113058_DisclosureOfAssetsAndLiabilitiesByOperatingSegmentsTable,영업부문별 자산 및 부채에 대한 공시
entity00113058_DisclosureOfAssetsAndLiabilitiesByOperatingSegmentsTextBlock,영업부문별 자산 및 부채에 대한 공시[ 문장영역 ]
entity00113058_DisclosureOfBorrowingsTable,차입부채 및 사채에 대한 공시
entity00113058_DisclosureOfBorrowingsTextBlock,차입부채 및 사채에 대한 공시[ 문장영역 ]
entity00113058_DisclosureOfCarryingAmountsOfIntangibleAssetsAndGoodwillAbstract,무형자산 및 영업권의 장부금액에 대한 공시[ 개요 ]
entity00113058_DisclosureOfCarryingAmountsOfIntangibleAssetsAndGoodwillLineItemsOfDisclosureOfCarryingAmountsOfIntangibleAssetsAndGoodwillTableOfLineItems,무형자산 및 영업권의 장부금액에 대한 공시 [항목]
entity00113058_DisclosureOfCarryingAmountsOfIntangibleAssetsAndGoodwillTable,무형자산 및 영업권의 장부금액에 대한 공시
entity00113058_DisclosureOfCarryingAmountsOfIntangibleAssetsAndGoodwillTextBlock,무형자산 및 영업권의 장부금액에 대한 공시[ 문장영역 ]
entity00113058_DisclosureOfCarryingAmountsOfTotalIntangibleAssetsAndGoodwillAbstract,무형자산 및 영업권 합계의 장부금액에 대한 공시[ 개요 ]
entity00113058_DisclosureOfCarryingAmountsOfTotalIntangibleAssetsAndGoodwillLineItemsOfDisclosureOfCarryingAmountsOfTotalIntangibleAssetsAndGoodwillTableOfLineItems,무형자산 및 영업권 합계의 장부금액에 대한 공시 [항목]
entity00113058_DisclosureOfCarryingAmountsOfTotalIntangibleAssetsAndGoodwillTable,무형자산 및 영업권 합계의 장부금액에 대한 공시
entity00113058_DisclosureOfCarryingAmountsOfTotalIntangibleAssetsAndGoodwillTextBlock,무형자산 및 영업권 합계의 장부금액에 대한 공시[ 문장영역 ]
entity00113058_DisclosureOfCarryingAmountsOnIntangibleAssetsOtherThanGoodwillAbstract,영업권 이외 무형자산의 장부금액에 대한 공시[ 개요 ]
entity00113058_DisclosureOfCarryingAmountsOnIntangibleAssetsOtherThanGoodwillLineItemsOfDisclosureOfCarryingAmountsOnIntangibleAssetsOtherThanGoodwillTableOfLineItems,영업권 이외 무형자산의 장부금액에 대한 공시 [ 항목 ]
entity00113058_DisclosureOfCarryingAmountsOnIntangibleAssetsOtherThanGoodwillTable,영업권 이외 무형자산의 장부금액에 대한 공시
entity00113058_DisclosureOfCarryingAmountsOnIntangibleAssetsOtherThanGoodwillTextBlock,영업권 이외 무형자산의 장부금액에 대한 공시[ 문장영역 ]
entity00113058_DisclosureOfCarryingAmountsOnIntangibleAssetsOtherThanGoodwillTotalAbstract,"영업권 이외 무형자산의 장부금액에 대한 공시, 합계[ 개요 ]"
entity00113058_DisclosureOfCarryingAmountsOnIntangibleAssetsOtherThanGoodwillTotalLineItemsOfDisclosureOfCarryingAmountsOnIntangibleAssetsOtherThanGoodwillTotalTableOfLineItems,"영업권 이외 무형자산의 장부금액에 대한 공시, 합계 [ 항목 ]"
entity00113058_DisclosureOfCarryingAmountsOnIntangibleAssetsOtherThanGoodwillTotalTable,"영업권 이외 무형자산의 장부금액에 대한 공시, 합계"
entity00113058_DisclosureOfCarryingAmountsOnIntangibleAssetsOtherThanGoodwillTotalTextBlock,"영업권 이외 무형자산의 장부금액에 대한 공시, 합계[ 문장영역 ]"
entity00113058_DisclosureOfCarryingAmountsOnInvestmentPropertyTable,투자부동산의 장부금액에 대한 공시
entity00113058_DisclosureOfCarryingAmountsOnInvestmentPropertyTextBlock,투자부동산의 장부금액에 대한 공시[ 문장영역 ]
entity00113058_DisclosureOfCarryingAmountsOnInvestmentPropertyTotalTable,"투자부동산의 장부금액에 대한 공시, 합계"
entity00113058_DisclosureOfCarryingAmountsOnInvestmentPropertyTotalTextBlock,"투자부동산의 장부금액에 대한 공시, 합계[ 문장영역 ]"
entity00113058_DisclosureOfCarryingAmountsOnPropertyPlantAndEquipmentTable,유형자산의 장부금액에 대한 공시
entity00113058_DisclosureOfCarryingAmountsOnPropertyPlantAndEquipmentTextBlock,유형자산의 장부금액에 대한 공시[ 문장영역 ]
entity00113058_DisclosureOfCarryingAmountsOnPropertyPlantAndEquipmentTotalTable,"유형자산의 장부금액에 대한 공시, 합계"
entity00113058_DisclosureOfCarryingAmountsOnPropertyPlantAndEquipmentTotalTextBlock,"유형자산의 장부금액에 대한 공시, 합계[ 문장영역 ]"
entity00113058_DisclosureOfCarryingAmountsOnRightOfUseAssetsAbstract,사용권자산의 장부금액에 대한 공시[ 개요 ]
entity00113058_DisclosureOfCarryingAmountsOnRightOfUseAssetsLineItemsOfDisclosureOfCarryingAmountsOnRightOfUseAssetsTableOfLineItems,사용권자산의 장부금액에 대한 공시 [항목]
entity00113058_DisclosureOfCarryingAmountsOnRightOfUseAssetsTable,사용권자산의 장부금액에 대한 공시
entity00113058_DisclosureOfCarryingAmountsOnRightOfUseAssetsTextBlock,사용권자산의 장부금액에 대한 공시[ 문장영역 ]
entity00113058_DisclosureOfCarryingAmountsOnRightOfUseAssetsTotalAbstract,"사용권자산의 장부금액에 대한 공시, 합계[ 개요 ]"
entity00113058_DisclosureOfCarryingAmountsOnRightOfUseAssetsTotalLineItemsOfDisclosureOfCarryingAmountsOnRightOfUseAssetsTotalTableOfLineItems,"사용권자산의 장부금액에 대한 공시, 합계 [항목]"
entity00113058_DisclosureOfCarryingAmountsOnRightOfUseAssetsTotalOfDisclosureOfCarryingAmountsOnRightOfUseAssetsTotalTableOfLineItems,"사용권자산의 장부금액에 대한 공시, 합계 [ 항목 ]"
entity00113058_DisclosureOfCarryingAmountsOnRightOfUseAssetsTotalTable,"사용권자산의 장부금액에 대한 공시, 합계"
entity00113058_DisclosureOfCarryingAmountsOnRightOfUseAssetsTotalTextBlock,"사용권자산의 장부금액에 대한 공시, 합계[ 문장영역 ]"
entity00113058_DisclosureOfCashAndCashEquivalentsTable,현금및현금성자산에 대한 공시
entity00113058_DisclosureOfCashAndCashEquivalentsTextBlock,현금및현금성자산에 대한 공시[ 문장영역 ]
entity00113058_DisclosureOfChangesInAccumulatedOtherComprehensiveIncomeAbstract,기타포괄손익누적액의 변동내역에 대한 공시[ 개요 ]
entity00113058_DisclosureOfChangesInAccumulatedOtherComprehensiveIncomeLineItemsOfDisclosureOfChangesInAccumulatedOtherComprehensiveIncomeTableOfLineItems,기타포괄손익누적액의 변동내역에 대한 공시 [항목]
entity00113058_DisclosureOfChangesInAccumulatedOtherComprehensiveIncomeTable,기타포괄손익누적액의 변동내역에 대한 공시
entity00113058_DisclosureOfChangesInAccumulatedOtherComprehensiveIncomeTextBlock,기타포괄손익누적액의 변동내역에 대한 공시[ 문장영역 ]
entity00113058_DisclosureOfChangesInAccumulatedOtherComprehensiveIncomeTotalAbstract,"기타포괄손익누적액의 변동내역에 대한 공시, 합계[ 개요 ]"
entity00113058_DisclosureOfChangesInAccumulatedOtherComprehensiveIncomeTotalLineItemsOfDisclosureOfChangesInAccumulatedOtherComprehensiveIncomeTotalTableOfLineItems,"기타포괄손익누적액의 변동내역에 대한 공시, 합계 [항목]"
entity00113058_DisclosureOfChangesInAccumulatedOtherComprehensiveIncomeTotalTable,"기타포괄손익누적액의 변동내역에 대한 공시, 합계"
entity00113058_DisclosureOfChangesInAccumulatedOtherComprehensiveIncomeTotalTextBlock,"기타포괄손익누적액의 변동내역에 대한 공시, 합계[ 문장영역 ]"
entity00113058_DisclosureOfChangesInLoansAtAmortisedCostAbstract,상각후원가측정대출채권에 대한 변동내역[ 개요 ]
entity00113058_DisclosureOfChangesInLoansAtAmortisedCostLineItemsOfDisclosureOfChangesInLoansAtAmortisedCostTableOfLineItems,상각후원가측정대출채권에 대한 변동내역 [ 항목 ]
entity00113058_DisclosureOfChangesInLoansAtAmortisedCostOfDisclosureOfChangesInLoansAtAmortisedCostTableOfLineItems,상각후원가측정대출채권에 대한 변동내역 [항목]
entity00113058_DisclosureOfChangesInLoansAtAmortisedCostTable,상각후원가측정대출채권에 대한 변동내역
entity00113058_DisclosureOfChangesInLoansAtAmortisedCostTextBlock,상각후원가측정대출채권에 대한 변동내역[ 문장영역 ]
entity00113058_DisclosureOfChangesInLoansAtAmortisedCostTotalAbstract,"상각후원가측정대출채권에 대한 변동내역, 합계[ 개요 ]"
entity00113058_DisclosureOfChangesInLoansAtAmortisedCostTotalLineItemsOfDisclosureOfChangesInLoansAtAmortisedCostTotalTableOfLineItems,"상각후원가측정대출채권에 대한 변동내역, 합계 [ 항목 ]"
entity00113058_DisclosureOfChangesInLoansAtAmortisedCostTotalOfDisclosureOfChangesInLoansAtAmortisedCostTotalTableOfLineItems,"상각후원가측정대출채권에 대한 변동내역, 합계 [항목]"
entity00113058_DisclosureOfChangesInLoansAtAmortisedCostTotalTable,"상각후원가측정대출채권에 대한 변동내역, 합계"
entity00113058_DisclosureOfChangesInLoansAtAmortisedCostTotalTextBlock,"상각후원가측정대출채권에 대한 변동내역, 합계[ 문장영역 ]"
entity00113058_DisclosureOfChangesInReserveOfCashFlowHedgesTable,현금흐름위험회피 적립금의 변동내역에 대한 공시
entity00113058_DisclosureOfChangesInReserveOfCashFlowHedgesTextBlock,현금흐름위험회피 적립금의 변동내역에 대한 공시[ 문장영역 ]
entity00113058_DisclosureOfChangesInReserveOfGainsAndLossesOnDebtAndEquityFinancialInstrumentsMeasuredAtFairValueThroughOtherComprehensiveIncomeTable,기타포괄손익-공정가치로 측정되는 채무증권 및 지분증권의 차손익적립금의 변동내역
entity00113058_DisclosureOfChangesInReserveOfGainsAndLossesOnDebtAndEquityFinancialInstrumentsMeasuredAtFairValueThroughOtherComprehensiveIncomeTextBlock,기타포괄손익-공정가치로 측정되는 채무증권 및 지분증권의 차손익적립금의 변동내역[ 문장영역 ]
entity00113058_DisclosureOfChangesInSecuritiesAtAmortisedCostTotalAbstract,"상각후원가측정유가증권의 변동내역, 합계[ 개요 ]"
entity00113058_DisclosureOfChangesInSecuritiesAtAmortisedCostTotalLineItemsOfDisclosureOfChangesInSecuritiesAtAmortisedCostTotalTableOfLineItems,"상각후원가측정유가증권의 변동내역, 합계 [ 항목 ]"
entity00113058_DisclosureOfChangesInSecuritiesAtAmortisedCostTotalOfDisclosureOfChangesInSecuritiesAtAmortisedCostTotalTableOfLineItems,"상각후원가측정유가증권의 변동내역, 합계 [항목]"
entity00113058_DisclosureOfChangesInSecuritiesAtAmortisedCostTotalTable,"상각후원가측정유가증권의 변동내역, 합계"
entity00113058_DisclosureOfChangesInSecuritiesAtAmortisedCostTotalTextBlock,"상각후원가측정유가증권의 변동내역, 합계[ 문장영역 ]"
entity00113058_DisclosureOfCommitmentsTable,약정에 대한 공시
entity00113058_DisclosureOfCommitmentsTextBlock,약정에 대한 공시[ 문장영역 ]
entity00113058_DisclosureOfCompositionOfUnderlyingItemsForContractsWithDirectParticipationFeaturesTable,직접참가특성계약에 대한 기초항목의 구성
entity00113058_DisclosureOfCompositionOfUnderlyingItemsForContractsWithDirectParticipationFeaturesTextBlock,직접참가특성계약에 대한 기초항목의 구성[ 문장영역 ]
entity00113058_DisclosureOfContingentLiabilityTable,우발부채에 대한 공시
entity00113058_DisclosureOfContingentLiabilityTextBlock,우발부채에 대한 공시[ 문장영역 ]
entity00113058_DisclosureOfCreditDerivativeContractsTable,신용파생상품계약에 대한 공시
entity00113058_DisclosureOfCreditDerivativeContractsTextBlock,신용파생상품계약에 대한 공시[ 문장영역 ]
entity00113058_DisclosureOfDepositsFromCustomersTable,예수부채에 대한 공시
entity00113058_DisclosureOfDepositsFromCustomersTextBlock,예수부채에 대한 공시[ 문장영역 ]
entity00113058_DisclosureOfDetailInformationAboutBondsIssuedTable,사채에 대한 세부 정보 공시
entity00113058_DisclosureOfDetailInformationAboutBondsIssuedTextBlock,사채에 대한 세부 정보 공시[ 문장영역 ]
entity00113058_DisclosureOfDetailOfOtherFinancialAssetsAtAmortisedCostAbstract,상각후원가측정기타금융자산의 구성내역[ 개요 ]
entity00113058_DisclosureOfDetailOfOtherFinancialAssetsAtAmortisedCostLineItemsOfDisclosureOfDetailOfOtherFinancialAssetsAtAmortisedCostTableOfLineItems,상각후원가측정기타금융자산의 구성내역 [ 항목 ]
entity00113058_DisclosureOfDetailOfOtherFinancialAssetsAtAmortisedCostOfDisclosureOfDetailOfOtherFinancialAssetsAtAmortisedCostTableOfLineItems,상각후원가측정기타금융자산의 구성내역 [항목]
entity00113058_DisclosureOfDetailOfOtherFinancialAssetsAtAmortisedCostTable,상각후원가측정기타금융자산의 구성내역
entity00113058_DisclosureOfDetailOfOtherFinancialAssetsAtAmortisedCostTextBlock,상각후원가측정기타금융자산의 구성내역[ 문장영역 ]
entity00113058_DisclosureOfDetailsOfDerecognisedInvestmentsInEquityInstrumentsThatTheEntityHasDesignatedAtFairValueThroughOtherComprehensiveIncomeAndTransfersOfCumulativeGainOrLossWithinEquityTable,제거한 기타포괄손익-공정가치측정금융자산 중 지분상품의 내역 및 자본 내에서 대체된 누적 손익에 대한 공시
entity00113058_DisclosureOfDetailsOfDerecognisedInvestmentsInEquityInstrumentsThatTheEntityHasDesignatedAtFairValueThroughOtherComprehensiveIncomeAndTransfersOfCumulativeGainOrLossWithinEquityTextBlock,제거한 기타포괄손익-공정가치측정금융자산 중 지분상품의 내역 및 자본 내에서 대체된 누적 손익에 대한 공시[ 문장영역 ]
entity00113058_DisclosureOfDetailsOfLegalProceedingsContingentLiabilityTable,법적소송우발부채 세부내역에 대한 공시
entity00113058_DisclosureOfDetailsOfLegalProceedingsContingentLiabilityTextBlock,법적소송우발부채 세부내역에 대한 공시[ 문장영역 ]
entity00113058_DisclosureOfDetailsOfLoansAtAmortisedCostAbstract,상각후원가측정대출채권의 구성내역[ 개요 ]
entity00113058_DisclosureOfDetailsOfLoansAtAmortisedCostLineItemsOfDisclosureOfDetailsOfLoansAtAmortisedCostTableOfLineItems,상각후원가측정대출채권의 구성내역 [ 항목 ]
entity00113058_DisclosureOfDetailsOfLoansAtAmortisedCostOfDisclosureOfDetailsOfLoansAtAmortisedCostTableOfLineItems,상각후원가측정대출채권의 구성내역 [항목]
entity00113058_DisclosureOfDetailsOfLoansAtAmortisedCostTable,상각후원가측정대출채권의 구성내역
entity00113058_DisclosureOfDetailsOfLoansAtAmortisedCostTextBlock,상각후원가측정대출채권의 구성내역[ 문장영역 ]
entity00113058_DisclosureOfEffectOfInsuranceContractsInitiallyRecognisedSubtotalTableTable,"처음 인식한 보험계약의 영향 공시, 중간합계"
entity00113058_DisclosureOfEffectOfInsuranceContractsInitiallyRecognisedSubtotalTableTextBlock,"처음 인식한 보험계약의 영향 공시, 중간합계[ 문장영역 ]"
entity00113058_DisclosureOfEstimatedAverageAnnualIncomeTaxRateAbstract,예상평균연간법인세율에 대한 공시[ 개요 ]
entity00113058_DisclosureOfEstimatedAverageAnnualIncomeTaxRateLineItemsOfDisclosureOfEstimatedAverageAnnualIncomeTaxRateTableOfLineItems,예상평균연간법인세율에 대한 공시 [항목]
entity00113058_DisclosureOfEstimatedAverageAnnualIncomeTaxRateTable,예상평균연간법인세율에 대한 공시
entity00113058_DisclosureOfEstimatedAverageAnnualIncomeTaxRateTextBlock,예상평균연간법인세율에 대한 공시[ 문장영역 ]
entity00113058_DisclosureOfFairValueByHierarchyAssetsNotMeasuredAtFairValueInStatementOfFinancialPositionButForWhichFairValueIsDisclosedTotalAbstract,"공정가치로 측정되지 않으나 공정가치가 공시되는 자산,부채의 서열체계별 공정가치, 자산, 합계[ 개요 ]"
entity00113058_DisclosureOfFairValueByHierarchyAssetsNotMeasuredAtFairValueInStatementOfFinancialPositionButForWhichFairValueIsDisclosedTotalLineItemsOfDisclosureOfFairValueByHierarchyAssetsNotMeasuredAtFairValueInStatementOfFinancialPositionButForWhichFairValueIsDisclosedTotalTableOfLineItems,"공정가치로 측정되지 않으나 공정가치가 공시되는 자산,부채의 서열체계별 공정가치, 자산, 합계 [항목]"
entity00113058_DisclosureOfFairValueByHierarchyAssetsNotMeasuredAtFairValueInStatementOfFinancialPositionButForWhichFairValueIsDisclosedTotalTable,"공정가치로 측정되지 않으나 공정가치가 공시되는 자산,부채의 서열체계별 공정가치, 자산, 합계"
entity00113058_DisclosureOfFairValueByHierarchyAssetsNotMeasuredAtFairValueInStatementOfFinancialPositionButForWhichFairValueIsDisclosedTotalTextBlock,"공정가치로 측정되지 않으나 공정가치가 공시되는 자산,부채의 서열체계별 공정가치, 자산, 합계[ 문장영역 ]"
entity00113058_DisclosureOfFairValueByHierarchyLiabilitiesNotMeasuredAtFairValueInStatementOfFinancialPositionButForWhichFairValueIsDisclosedTotalAbstract,"공정가치로 측정되지 않으나 공정가치가 공시되는 자산,부채의 서열체계별 공정가치, 부채, 합계[ 개요 ]"
entity00113058_DisclosureOfFairValueByHierarchyLiabilitiesNotMeasuredAtFairValueInStatementOfFinancialPositionButForWhichFairValueIsDisclosedTotalLineItemsOfDisclosureOfFairValueByHierarchyLiabilitiesNotMeasuredAtFairValueInStatementOfFinancialPositionButForWhichFairValueIsDisclosedTotalTableOfLineItems,"공정가치로 측정되지 않으나 공정가치가 공시되는 자산,부채의 서열체계별 공정가치, 부채, 합계 [ 항목 ]"
entity00113058_DisclosureOfFairValueByHierarchyLiabilitiesNotMeasuredAtFairValueInStatementOfFinancialPositionButForWhichFairValueIsDisclosedTotalOfDisclosureOfFairValueByHierarchyLiabilitiesNotMeasuredAtFairValueInStatementOfFinancialPositionButForWhichFairValueIsDisclosedTotalTableOfLineItems,"공정가치로 측정되지 않으나 공정가치가 공시되는 자산,부채의 서열체계별 공정가치, 부채, 합계 [항목]"
entity00113058_DisclosureOfFairValueByHierarchyLiabilitiesNotMeasuredAtFairValueInStatementOfFinancialPositionButForWhichFairValueIsDisclosedTotalTable,"공정가치로 측정되지 않으나 공정가치가 공시되는 자산,부채의 서열체계별 공정가치, 부채, 합계"
entity00113058_DisclosureOfFairValueByHierarchyLiabilitiesNotMeasuredAtFairValueInStatementOfFinancialPositionButForWhichFairValueIsDisclosedTotalTextBlock,"공정가치로 측정되지 않으나 공정가치가 공시되는 자산,부채의 서열체계별 공정가치, 부채, 합계[ 문장영역 ]"
entity00113058_DisclosureOfFairValueHierarchyAbstract,공정가치 서열체계에 대한 공시[ 개요 ]
entity00113058_DisclosureOfFairValueHierarchyLineItemsOfDisclosureOfFairValueHierarchyTableOfLineItems,공정가치 서열체계에 대한 공시 [항목]
entity00113058_DisclosureOfFairValueHierarchyTable,공정가치 서열체계에 대한 공시
entity00113058_DisclosureOfFairValueHierarchyTextBlock,공정가치 서열체계에 대한 공시[ 문장영역 ]
entity00113058_DisclosureOfFairValueMeasurementOfAssetsTotalTable,"자산의 공정가치측정에 대한 공시, 합계"
entity00113058_DisclosureOfFairValueMeasurementOfAssetsTotalTextBlock,"자산의 공정가치측정에 대한 공시, 합계[ 문장영역 ]"
entity00113058_DisclosureOfFairValueMeasurementOfLiabilitiesTotalTable,"부채의 공정가치측정에 대한 공시, 합계"
entity00113058_DisclosureOfFairValueMeasurementOfLiabilitiesTotalTextBlock,"부채의 공정가치측정에 대한 공시, 합계[ 문장영역 ]"
entity00113058_DisclosureOfFairValueOfInvestmentsInEquityInstrumentsDesignatedAtFairValueThroughOtherComprehensiveIncomeTable,기타포괄손익-공정가치 측정 항목으로 지정된 지분상품 투자의 공정가치에 대한 공시
entity00113058_DisclosureOfFairValueOfInvestmentsInEquityInstrumentsDesignatedAtFairValueThroughOtherComprehensiveIncomeTextBlock,기타포괄손익-공정가치 측정 항목으로 지정된 지분상품 투자의 공정가치에 대한 공시[ 문장영역 ]
entity00113058_DisclosureOfFinancialAssetsAtFairValueThroughProfitOrLossTotalTable,"당기손익-공정가치측정금융자산의 공시, 합계"
entity00113058_DisclosureOfFinancialAssetsAtFairValueThroughProfitOrLossTotalTextBlock,"당기손익-공정가치측정금융자산의 공시, 합계[ 문장영역 ]"
entity00113058_DisclosureOfFinancialAssetsPledgedAsSecurityForRepurchaseAgreementsTable,환매조건부매도 관련 담보로 제공된 금융자산에 대한 공시
entity00113058_DisclosureOfFinancialAssetsPledgedAsSecurityForRepurchaseAgreementsTextBlock,환매조건부매도 관련 담보로 제공된 금융자산에 대한 공시[ 문장영역 ]
entity00113058_DisclosureOfGeographicalAreas,지역에 대한 공시
entity00113058_DisclosureOfInformationAboutExpectedRecognitionOfContractualServiceMarginInProfitOrLossAbstract,당기손익 인식이 예상되는 보험계약마진에 대한 정보 공시[ 개요 ]
entity00113058_DisclosureOfInformationAboutExpectedRecognitionOfContractualServiceMarginInProfitOrLossIndirectParLifeInsuranceTable,"당기손익 인식이 예상되는 보험계약마진에 대한 정보 공시,Indirect-par 생명보험"
entity00113058_DisclosureOfInformationAboutExpectedRecognitionOfContractualServiceMarginInProfitOrLossIndirectParLifeInsuranceTextBlock,"당기손익 인식이 예상되는 보험계약마진에 대한 정보 공시,Indirect-par 생명보험[ 문장영역 ]"
entity00113058_DisclosureOfInformationAboutExpectedRecognitionOfContractualServiceMarginInProfitOrLossLifeInsuranceTable,"당기손익 인식이 예상되는 보험계약마진에 대한 정보 공시, Non-Par생명보험"
entity00113058_DisclosureOfInformationAboutExpectedRecognitionOfContractualServiceMarginInProfitOrLossLifeInsuranceTextBlock,"당기손익 인식이 예상되는 보험계약마진에 대한 정보 공시,생명보험[ 문장영역 ]"
entity00113058_DisclosureOfInformationAboutExpectedRecognitionOfContractualServiceMarginInProfitOrLossLifeInsuranceVariableFeeSTable,"당기손익 인식이 예상되는 보험계약마진에 대한 정보 공시, 변액"
entity00113058_DisclosureOfInformationAboutExpectedRecognitionOfContractualServiceMarginInProfitOrLossLifeInsuranceVariableFeeSTextBlock,"당기손익 인식이 예상되는 보험계약마진에 대한 정보 공시,생명보험[ 문장영역 ]"
entity00113058_DisclosureOfInformationAboutExpectedRecognitionOfContractualServiceMarginInProfitOrLossLifeInsuranceVariableFeeTable,"당기손익 인식이 예상되는 보험계약마진에 대한 정보 공시,생명보험 변액"
entity00113058_DisclosureOfInformationAboutExpectedRecognitionOfContractualServiceMarginInProfitOrLossLifeInsuranceVariableFeeTextBlock,"당기손익 인식이 예상되는 보험계약마진에 대한 정보 공시,생명보험 변액[ 문장영역 ]"
entity00113058_DisclosureOfInformationAboutExpectedRecognitionOfContractualServiceMarginInProfitOrLossLineItemsOfDisclosureOfInformationAboutExpectedRecognitionOfContractualServiceMarginInProfitOrLossTableOfLineItems,당기손익 인식이 예상되는 보험계약마진에 대한 정보 공시 [항목]
entity00113058_DisclosureOfInformationAboutExpectedRecognitionOfContractualServiceMarginInProfitOrLossNonLifeInsuranceSegmentTable,"당기손익 인식이 예상되는 보험계약마진에 대한 정보 공시, 손해보험부문"
entity00113058_DisclosureOfInformationAboutExpectedRecognitionOfContractualServiceMarginInProfitOrLossNonLifeInsuranceSegmentTextBlock,"당기손익 인식이 예상되는 보험계약마진에 대한 정보 공시, 손해보험부문[ 문장영역 ]"
entity00113058_DisclosureOfInformationAboutExpectedRecognitionOfContractualServiceMarginInProfitOrLossNonVariableFeeTable,"당기손익 인식이 예상되는 보험계약마진에 대한 정보 공시, 변액외"
entity00113058_DisclosureOfInformationAboutExpectedRecognitionOfContractualServiceMarginInProfitOrLossNonVariableFeeTextBlock,"당기손익 인식이 예상되는 보험계약마진에 대한 정보 공시, 변액외[ 문장영역 ]"
entity00113058_DisclosureOfInformationAboutExpectedRecognitionOfContractualServiceMarginInProfitOrLossReinsuranceContractsHeldTable,"당기손익 인식이 예상되는 보험계약마진에 대한 정보 공시, 출재보험"
entity00113058_DisclosureOfInformationAboutExpectedRecognitionOfContractualServiceMarginInProfitOrLossReinsuranceContractsHeldTextBlock,"당기손익 인식이 예상되는 보험계약마진에 대한 정보 공시, 출재보험[ 문장영역 ]"
entity00113058_DisclosureOfInformationAboutExpectedRecognitionOfContractualServiceMarginInProfitOrLossReinsuranceContractsHeldTotalAbstract,"당기손익 인식이 예상되는 보험계약마진에 대한 정보 공시, 출재보험, 합계[ 개요 ]"
entity00113058_DisclosureOfInformationAboutExpectedRecognitionOfContractualServiceMarginInProfitOrLossReinsuranceContractsHeldTotalLineItemsOfDisclosureOfInformationAboutExpectedRecognitionOfContractualServiceMarginInProfitOrLossReinsuranceContractsHeldTotalTableOfLineItems,"당기손익 인식이 예상되는 보험계약마진에 대한 정보 공시, 출재보험, 합계 [ 항목 ]"
entity00113058_DisclosureOfInformationAboutExpectedRecognitionOfContractualServiceMarginInProfitOrLossReinsuranceContractsHeldTotalTable,"당기손익 인식이 예상되는 보험계약마진에 대한 정보 공시, 출재보험, 합계"
entity00113058_DisclosureOfInformationAboutExpectedRecognitionOfContractualServiceMarginInProfitOrLossReinsuranceContractsHeldTotalTextBlock,"당기손익 인식이 예상되는 보험계약마진에 대한 정보 공시, 출재보험, 합계[ 문장영역 ]"
entity00113058_DisclosureOfInformationAboutExpectedRecognitionOfContractualServiceMarginInProfitOrLossTable,당기손익 인식이 예상되는 보험계약마진에 대한 정보 공시
entity00113058_DisclosureOfInformationAboutExpectedRecognitionOfContractualServiceMarginInProfitOrLossTextBlock,당기손익 인식이 예상되는 보험계약마진에 대한 정보 공시[ 문장영역 ]
entity00113058_DisclosureOfInformationAboutExpectedRecognitionOfContractualServiceMarginInProfitOrLossTotalTable,"당기손익 인식이 예상되는 보험계약마진에 대한 정보 공시, 출재보험, 합계"
entity00113058_DisclosureOfInformationAboutExpectedRecognitionOfContractualServiceMarginInProfitOrLossTotalTextBlock,"당기손익 인식이 예상되는 보험계약마진에 대한 정보 공시, 출재보험, 합계"
entity00113058_DisclosureOfInsuranceCommitmentsAndTrustAccountsTable,보험약정 및 신탁계정에 대한 공시
entity00113058_DisclosureOfInsuranceCommitmentsAndTrustAccountsTextBlock,보험약정 및 신탁계정에 대한 공시[ 문장영역 ]
entity00113058_DisclosureOfMaturityAnalysisForBorrowingsTable,차입금의 만기분석에 대한 공시
entity00113058_DisclosureOfMaturityAnalysisForBorrowingsTextBlock,차입금의 만기분석에 대한 공시[ 문장영역 ]
entity00113058_DisclosureOfMaturityAnalysisOfLeaseLiabilitiesTable,리스부채의 만기분석 공시
entity00113058_DisclosureOfMaturityAnalysisOfLeaseLiabilitiesTextBlock,리스부채의 만기분석 공시[ 문장영역 ]
entity00113058_DisclosureOfOtherCommitmentsTable,기타 약정사항에 대한 공시
entity00113058_DisclosureOfOtherCommitmentsTextBlock,기타 약정사항에 대한 공시[ 문장영역 ]
entity00113058_DisclosureOfOtherFinancialAssetsPledgedAsSecurityTable,담보로 제공된 기타 금융자산에 대한 공시
entity00113058_DisclosureOfOtherFinancialAssetsPledgedAsSecurityTextBlock,담보로 제공된 기타 금융자산에 대한 공시[ 문장영역 ]
entity00113058_DisclosureOfPaymentGuaranteesTable,지급보증에 대한 공시
entity00113058_DisclosureOfPaymentGuaranteesTextBlock,지급보증에 대한 공시[ 문장영역 ]
entity00113058_DisclosureOfQuantitativeInformationAboutRightOfUseAssetsAbstract,사용권자산에 대한 양적 정보 공시[ 개요 ]
entity00113058_DisclosureOfQuantitativeInformationAboutRightOfUseAssetsLineItemsOfDisclosureOfQuantitativeInformationAboutRightOfUseAssetsTableOfLineItems,사용권자산에 대한 양적 정보 공시 [항목]
entity00113058_DisclosureOfQuantitativeInformationAboutRightOfUseAssetsTable,사용권자산에 대한 양적 정보 공시
entity00113058_DisclosureOfQuantitativeInformationAboutRightOfUseAssetsTextBlock,사용권자산에 대한 양적 정보 공시[ 문장영역 ]
entity00113058_DisclosureOfReceivablesSubjectToCourtReceivershipOrSimilarRehabilitationProceedingsTable,법정관리 등 회생절차 진행 중인 채권에 대한 공시
entity00113058_DisclosureOfReceivablesSubjectToCourtReceivershipOrSimilarRehabilitationProceedingsTextBlock,법정관리 등 회생절차 진행 중인 채권에 대한 공시[ 문장영역 ]
entity00113058_DisclosureOfReceivedGuaranteeInsuranceTable,제공받은 보증보험에 대한 공시
entity00113058_DisclosureOfReceivedGuaranteeInsuranceTextBlock,제공받은 보증보험에 대한 공시[ 문장영역 ]
entity00113058_DisclosureOfReconciliationOfChangesInInsuranceContractsIssuedByComponentsLineItemsOfDisclosureOfReconciliationOfChangesInInsuranceContractsIssuedByComponentsParticipatingTypeTableOfLineItems,"보험계약부채(자산)의 보험계약 구성요소별 변동분에 대한 차이조정 공시, 배당 유형 [항목]"
entity00113058_DisclosureOfReconciliationOfChangesInInsuranceContractsIssuedByComponentsParticipatingTypeAbstract,"보험계약부채(자산)의 보험계약 구성요소별 변동분에 대한 차이조정 공시, 배당 유형[ 개요 ]"
entity00113058_DisclosureOfReconciliationOfChangesInInsuranceContractsIssuedByComponentsParticipatingTypeTable,"보험계약부채(자산)의 보험계약 구성요소별 변동분에 대한 차이조정 공시, 배당 유형"
entity00113058_DisclosureOfReconciliationOfChangesInInsuranceContractsIssuedByComponentsParticipatingTypeTextBlock,"보험계약부채(자산)의 보험계약 구성요소별 변동분에 대한 차이조정 공시, 배당 유형[ 문장영역 ]"
entity00113058_DisclosureOfReconciliationOfChangesInInsuranceContractsIssuedByRemainingCoverageAndIncurredClaimsLineItemsOfDisclosureOfReconciliationOfChangesInInsuranceContractsIssuedByRemainingCoverageAndIncurredClaimsParticipatingTableOfLineItems,"보험계약부채(자산)의 잔여보장부채 변동분과 발생사고부채 변동분의 차이조정 공시, 배당유형 [항목]"
entity00113058_DisclosureOfReconciliationOfChangesInInsuranceContractsIssuedByRemainingCoverageAndIncurredClaimsLineItemsOfDisclosureOfReconciliationOfChangesInInsuranceContractsIssuedByRemainingCoverageAndIncurredClaimsParticipatingTypeTableOfLineItems,"보험계약부채(자산)의 잔여보장부채 변동분과 발생사고부채 변동분의 차이조정 공시, 배당유형 [항목]"
entity00113058_DisclosureOfReconciliationOfChangesInInsuranceContractsIssuedByRemainingCoverageAndIncurredClaimsParticipatingTypeAbstract,"보험계약부채(자산)의 잔여보장부채 변동분과 발생사고부채 변동분의 차이조정 공시, 배당유형[ 개요 ]"
entity00113058_DisclosureOfReconciliationOfChangesInInsuranceContractsIssuedByRemainingCoverageAndIncurredClaimsParticipatingTypeTable,"보험계약부채(자산)의 잔여보장부채 변동분과 발생사고부채 변동분의 차이조정 공시, 배당유형"
entity00113058_DisclosureOfReconciliationOfChangesInInsuranceContractsIssuedByRemainingCoverageAndIncurredClaimsParticipatingTypeTextBlock,"보험계약부채(자산)의 잔여보장부채 변동분과 발생사고부채 변동분의 차이조정 공시, 배당유형[ 문장영역 ]"
entity00113058_DisclosureOfReconciliationOfChangesInInsuranceContractsIssuedByRemainingCoverageAndIncurredClaimsPremiumAllocationApproachOfDisclosureOfReconciliationOfChangesInInsuranceContractsIssuedByRemainingCoverageAndIncurredClaimsPremiumAllocationApproachParticipatingTypeTableOfLineItems,"보험계약부채(자산)의 잔여보장부채 변동분과 발생사고부채 변동분의 차이조정 공시, 보험료배분접근법, 배당유형 [항목]"
entity00113058_DisclosureOfReconciliationOfChangesInInsuranceContractsIssuedByRemainingCoverageAndIncurredClaimsPremiumAllocationApproachParticipatingTypeAbstract,"보험계약부채(자산)의 잔여보장부채 변동분과 발생사고부채 변동분의 차이조정 공시, 보험료배분접근법, 배당유형[ 개요 ]"
entity00113058_DisclosureOfReconciliationOfChangesInInsuranceContractsIssuedByRemainingCoverageAndIncurredClaimsPremiumAllocationApproachParticipatingTypeTable,"보험계약부채(자산)의 잔여보장부채 변동분과 발생사고부채 변동분의 차이조정 공시, 보험료배분접근법, 배당유형"
entity00113058_DisclosureOfReconciliationOfChangesInInsuranceContractsIssuedByRemainingCoverageAndIncurredClaimsPremiumAllocationApproachParticipatingTypeTextBlock,"보험계약부채(자산)의 잔여보장부채 변동분과 발생사고부채 변동분의 차이조정 공시, 보험료배분접근법, 배당유형[ 문장영역 ]"
entity00113058_DisclosureOfReconciliationOfChangesInInsuranceContractsIssuedByRemainingCoverageAndIncurredClaimsPremiumAllocationApproachTable,"보험계약부채(자산)의 잔여보장부채 변동분과 발생사고부채 변동분의 차이조정 공시, 보험료배분접근법"
entity00113058_DisclosureOfReconciliationOfChangesInInsuranceContractsIssuedByRemainingCoverageAndIncurredClaimsPremiumAllocationApproachTextBlock,"보험계약부채(자산)의 잔여보장부채 변동분과 발생사고부채 변동분의 차이조정 공시, 보험료배분접근법[ 문장영역 ]"
entity00113058_DisclosureOfReconciliationOfChangesInReinsuranceContractsByRemainingCoverageAndIncurredClaimsPremiumAllocationApproachTable,"재보험계약자산(부채)의 잔여보장부채 변동분과 발생사고부채 변동분의 차이조정 공시, 보험료배분접근법"
entity00113058_DisclosureOfReconciliationOfChangesInReinsuranceContractsByRemainingCoverageAndIncurredClaimsPremiumAllocationApproachTextBlock,"재보험계약자산(부채)의 잔여보장부채 변동분과 발생사고부채 변동분의 차이조정 공시, 보험료배분접근법[ 문장영역 ]"
entity00113058_DisclosureOfReinsuranceServiceResultsTable,재보험서비스결과 공시
entity00113058_DisclosureOfReinsuranceServiceResultsTextBlock,재보험서비스결과 공시[ 문장영역 ]
entity00113058_DisclosureOfShareBasedPaymentArrangementsTable,주식기준보상약정의 조건에 대한 공시
entity00113058_DisclosureOfShareBasedPaymentArrangementsTextBlock,주식기준보상약정의 조건에 대한 공시[ 문장영역 ]
entity00113058_DisclosureOfSignificantNonCashTransactionsTable,현금의 유입과 유출이 없는 거래의 주요 내용
entity00113058_DisclosureOfSignificantNonCashTransactionsTextBlock,현금의 유입과 유출이 없는 거래의 주요 내용[ 문장영역 ]
entity00113058_DisclosureOfSubtotalOfTransactionsBetweenRelatedPartiesTable,특수관계자거래 소계에 대한 공시
entity00113058_DisclosureOfSubtotalOfTransactionsBetweenRelatedPartiesTextBlock,특수관계자거래 소계에 대한 공시[ 문장영역 ]
entity00113058_DisclosureOfTheDefinedContributionPlansTable,확정기여제도의 공시
entity00113058_DisclosureOfTheDefinedContributionPlansTextBlock,확정기여제도의 공시[ 문장영역 ]
entity00113058_DisclosureOfTheSubtotalOfFinancialTransactionsBetweenRelatedPartiesTable,특수관계자 자금거래 소계에 관한 공시
entity00113058_DisclosureOfTheSubtotalOfFinancialTransactionsBetweenRelatedPartiesTextBlock,특수관계자 자금거래 소계에 관한 공시[ 문장영역 ]
entity00113058_DisclosureOfTheSubtotalOfOutstandingBalancesForRelatedPartyTransactionsTable,특수관계자거래의 채권·채무 잔액 소계에 대한 공시
entity00113058_DisclosureOfTheSubtotalOfOutstandingBalancesForRelatedPartyTransactionsTextBlock,특수관계자거래의 채권·채무 잔액 소계에 대한 공시[ 문장영역 ]
entity00113058_DisclosureOfTransferredFinancialAssetsThatAreNotDerecognisedInTheirEntiretyRepurchaseAgreementsTable,"전부가 제거되지 않은 양도된 금융자산에 대한 공시, 환매조건부매도"
entity00113058_DisclosureOfTransferredFinancialAssetsThatAreNotDerecognisedInTheirEntiretyRepurchaseAgreementsTextBlock,"전부가 제거되지 않은 양도된 금융자산에 대한 공시, 환매조건부매도[ 문장영역 ]"
entity00113058_DisclosureOfTransferredFinancialAssetsThatAreNotDerecognisedInTheirEntiretySecuritiesLentTable,"전부가 제거되지 않은 양도된 금융자산에 대한 공시, 대여유가증권"
entity00113058_DisclosureOfTransferredFinancialAssetsThatAreNotDerecognisedInTheirEntiretySecuritiesLentTextBlock,"전부가 제거되지 않은 양도된 금융자산에 대한 공시, 대여유가증권[ 문장영역 ]"
entity00113058_DisclosureOfUnincurredCapitalExpenditureCommitmentsTable,발생하지 않은 자본적지출 약정에 대한 공시
entity00113058_DisclosureOfUnincurredCapitalExpenditureCommitmentsTextBlock,발생하지 않은 자본적지출 약정에 대한 공시[ 문장영역 ]
entity00113058_DisclosureOfValuationProcessesUsedInFairValueMeasurementTable,공정가치측정에 사용된 평가과정에 대한 공시
entity00113058_DisclosureOfValuationProcessesUsedInFairValueMeasurementTextBlock,공정가치측정에 사용된 평가과정에 대한 공시[ 문장영역 ]
entity00113058_DisclosuresOfTheReconciliationOfTheContractualServiceMarginAndTheAmountOfInsuranceRevenueSeparatelyForContractsUnderTheTransitionApproachesReinsuranceContractsHeldTable,"전환방법 별 보험계약마진의 변동과 보험수익에 미치는 효과에 대한 공시, 출재보험"
entity00113058_DisclosuresOfTheReconciliationOfTheContractualServiceMarginAndTheAmountOfInsuranceRevenueSeparatelyForContractsUnderTheTransitionApproachesReinsuranceContractsHeldTextBlock,"전환방법 별 보험계약마진의 변동과 보험수익에 미치는 효과에 대한 공시, 출재보험[ 문장영역 ]"
entity00113058_DisclosuresOfTheReconciliationOfTheContractualServiceMarginAndTheAmountOfInsuranceRevenueSeparatelyForContractsUnderTheTransitionApproachesSubtotalTable,"전환방법 별 보험계약마진의 변동과 보험수익에 미치는 효과에 대한 공시, 합계"
entity00113058_DisclosuresOfTheReconciliationOfTheContractualServiceMarginAndTheAmountOfInsuranceRevenueSeparatelyForContractsUnderTheTransitionApproachesSubtotalTextBlock,"전환방법 별 보험계약마진의 변동과 보험수익에 미치는 효과에 대한 공시, 합계[ 문장영역 ]"
entity00113058_DisclosuresOfTheReconciliationOfTheContractualServiceMarginAndTheAmountOfInsuranceRevenueSeparatelyForContractsUnderTheTransitionApproachesTotalTable,"전환방법 별 보험계약마진의 변동과 보험수익에 미치는 효과에 대한 공시, 합계"
entity00113058_DisclosuresOfTheReconciliationOfTheContractualServiceMarginAndTheAmountOfInsuranceRevenueSeparatelyForContractsUnderTheTransitionApproachesTotalTextBlock,"전환방법 별 보험계약마진의 변동과 보험수익에 미치는 효과에 대한 공시, 합계[ 문장영역 ]"
entity00113058_DiscountedCashFlowMethodComparableCompanyMethodPrecedentTransactionMethodNetAssetValueMethodEtcMemberOfValuationTechniquesMemberOfDisclosureOfSignificantUnobservableInputsUsedInFairValueMeasurementOfAssetsTableOfMember,할인된현금흐름법/유사기업비교법/과거거래이용법/순자산가치법 등 [구성요소]
entity00113058_DiscountedCashFlowMethodComparableCompanyMethodPrecedentTransactionMethodNetAssetValueMethodEtcMemberOfValuationTechniquesMemberOfValuationTechniquesAndInputsUsedInFairValueMeasurementOfLevel3AssetsTableOfMember,할인된현금흐름법/유사기업비교법/과거거래이용법/순자산가치법 등 [구성요소]
entity00113058_DiscountedCashFlowMethodMontecarloSimulationEtcMemberOfValuationTechniquesMemberOfDisclosureOfSignificantUnobservableInputsUsedInFairValueMeasurementOfAssetsTableOfMember,할인된현금흐름법/몬테카를로 시뮬레이션 등 [구성요소]
entity00113058_DiscountedCashFlowMethodMontecarloSimulationEtcMemberOfValuationTechniquesMemberOfDisclosureOfSignificantUnobservableInputsUsedInFairValueMeasurementOfLiabilitiesTableOfMember,할인된현금흐름법/몬테카를로 시뮬레이션 등 [구성요소]
entity00113058_DiscountedCashFlowMethodMontecarloSimulationEtcMemberOfValuationTechniquesMemberOfValuationTechniquesAndInputsUsedInFairValueMeasurementOfLevel3AssetsTableOfMember,할인된현금흐름법/몬테카를로 시뮬레이션 등 [구성요소]
entity00113058_DiscountedCashFlowMethodMontecarloSimulationEtcMemberOfValuationTechniquesMemberOfValuationTechniquesAndInputsUsedInFairValueMeasurementOfLevel3LiabilitiesTableOfMember,할인된현금흐름법/몬테카를로 시뮬레이션 등 [구성요소]
entity00113058_DiscountedNotesInHouseMemberOfTypesOfCommitmentsMemberOfDisclosureOfCommitmentsTableOfMember,할인어음(자체) [구성요소]
entity00113058_DiscountedNotesSubscriptionDepositMemberOfTypesOfCommitmentsMemberOfDisclosureOfCommitmentsTableOfMember,할인어음(청약증거금) [구성요소]
entity00113058_DividendIncomeFromInvestmentsInAssociatesAndSubsidiariesOfNonOperatingIncomeOfNonoperatingIncomeExpenseTableOfItems,관계기업/종속기업투자 배당수익
entity00113058_DividendTransactionsBetweenEntityRelatedPartyPaymentOfDividendTransactionsBetweenEntityRelatedPartyOfDisclosureOfTheSubtotalOfFinancialTransactionsBetweenRelatedPartiesTableOfItems,"배당거래, 지급"
entity00113058_DividendTransactionsBetweenEntityRelatedPartyReceiptOfDividendTransactionsBetweenEntityRelatedPartyOfDisclosureOfTheSubtotalOfFinancialTransactionsBetweenRelatedPartiesTableOfItems,"배당거래, 수취"
entity00113058_DividendsRecognisedForFinancialAssetsAtFairValueThroughProfitOrLossDesignatedUponInitialRecognitionOrSubsequentlyTable,당기손익-공정가치측정지정금융자산으로부터 인식된 배당금에 대한 공시
entity00113058_DividendsRecognisedForFinancialAssetsAtFairValueThroughProfitOrLossDesignatedUponInitialRecognitionOrSubsequentlyTextBlock,당기손익-공정가치측정지정금융자산으로부터 인식된 배당금에 대한 공시[ 문장영역 ]
entity00113058_DividendsRecognisedForInvestmentsInEquityInstrumentsDesignatedAtFairValueThroughOtherComprehensiveIncomeTable,기타포괄손익-공정가치 측정 항목으로 지정된 지분상품에 대한 투자로 부터 인식된 배당금
entity00113058_DividendsRecognisedForInvestmentsInEquityInstrumentsDesignatedAtFairValueThroughOtherComprehensiveIncomeTextBlock,기타포괄손익-공정가치 측정 항목으로 지정된 지분상품에 대한 투자로 부터 인식된 배당금[ 문장영역 ]
entity00113058_DpRealEstateAmericaLlcMemberOfSubsidiariesAndBeneficiaryCertificatesEtcMemberOfDisclosureOfTransactionsBetweenRelatedPartiesTableOfMember,DP Real Estate America LLC [구성요소]
entity00113058_DpRealEstateAmericaLlcMemberOfSubsidiariesAndBeneficiaryCertificatesMemberOfDisclosureOfOutstandingBalancesForRelatedPartyTransactionsTableOfMember,DP Real Estate America LLC [구성요소]
entity00113058_EffectOfChangeInExchangeRateMemberOfEffectOfFinancialRiskAndChangesInFinancialRiskMemberOfDisclosureOfAnalysisOfInsuranceFinanceIncomeExpensesTableOfMember,환율변동효과 [구성요소]
entity00113058_EffectOfChangeInExchangeRateMemberOfEffectOfFinancialRiskAndChangesInFinancialRiskMemberOfDisclosureOfAnalysisOfInsuranceFinanceIncomeExpensesTotalTableOfMember,환율변동효과 [구성요소]
entity00113058_EffectOfChangesInDiscountRateAndFinancialAssumptionsMemberOfEffectOfFinancialRiskAndChangesInFinancialRiskMemberOfDisclosureOfAnalysisOfInsuranceFinanceIncomeExpensesTableOfMember,할인율 및 금융가정의 변경효과 [구성요소]
entity00113058_EffectOfChangesInDiscountRateAndFinancialAssumptionsMemberOfEffectOfFinancialRiskAndChangesInFinancialRiskMemberOfDisclosureOfAnalysisOfInsuranceFinanceIncomeExpensesTotalTableOfMember,할인율 및 금융가정의 변경효과 [구성요소]
entity00113058_EquityCommitmentsMemberOfTypesOfCommitmentsMemberOfDisclosureOfOtherCommitmentsTableOfMember,출자약정 [구성요소]
entity00113058_EquitySecuritiesInForeignCurrencyMemberOfEquityInvestmentsMemberOfDisclosureOfFinancialAssetsAtFairValueThroughProfitOrLossTableOfMember,외화지분증권 [구성요소]
entity00113058_ExchangeTradedFundsMemberOfFinancialAssetsClassMemberOfDisclosureOfFinancialAssetsPledgedAsSecurityForRepurchaseAgreementsTableOfMember,상장지수펀드 [구성요소]
entity00113058_ExpectedBondPurchaseTransactionMemberOfHedgedItemsMemberOfDisclosureOfDetailedInformationAboutHedgedItemsTableOfMember,채권예상매입거래 [구성요소]
entity00113058_ExpectedMaximumPeriodOfExposureToRiskOfFairValuesOfDerivativeInstrumentsLineItemsOfFairValuesOfDerivativeInstrumentsTableOfItems,위험에 노출되는 예상 최장기간
entity00113058_ExpectedMaximumPeriodOfExposureToRiskOfFairValuesOfDerivativeInstrumentsTotalLineItemsOfFairValuesOfDerivativeInstrumentsTotalTableOfItems,위험에 노출되는 예상 최장기간
entity00113058_ExpenseRelatedPartyTransactionsOfDisclosureOfSubtotalOfTransactionsBetweenRelatedPartiesLineItemsOfDisclosureOfSubtotalOfTransactionsBetweenRelatedPartiesTableOfItems,"비용, 특수관계자거래"
entity00113058_ExpenseRelatedPartyTransactionsOfDisclosureOfTransactionsBetweenRelatedPartiesLineItemsOfDisclosureOfTransactionsBetweenRelatedPartiesTableOfItems,"비용, 특수관계자거래"
entity00113058_ExplanationOfAssociatedFinancialLiabilitiesOfDisclosureOfTransferredFinancialAssetsThatAreNotDerecognisedInTheirEntiretyLineItemsOfDisclosureOfFinancialAssetsTransferredDuringPeriodWhichDoNotQualifyForDerecognitionTableOfItems,관련금융부채에 대한 설명
entity00113058_ExplanationOfBorrowingsOfDisclosureOfDetailedInformationAboutBorrowingsLineItemsOfDisclosureOfDetailedInformationAboutBorrowingsTableOfItems,차입금에 대한 설명
entity00113058_ExplanationOfHybridBondsOfDetailOfHybridBondsLineItemsOfDetailOfHybridBondsTableOfItems,신종자본증권에 대한 설명
entity00113058_ExplanationOfReceivablesAgainstCompaniesUnderCourtReceivershipAndCompositionProceedingsOfDisclosureOfReceivablesSubjectToCourtReceivershipOrSimilarRehabilitationProceedingsLineItemsOfDisclosureOfReceivablesSubjectToCourtReceivershipOrSimilarRehabilitationProceedingsTableOfItems,법정관리 및 화의개시 대상회사에 대한 채권에 관한 설명
entity00113058_ExplanationOnTheImpactOfSuspensionOfRedemptionOfInvestmentAssetsOfExplanationOnTheImpactOfSuspensionOfRedemptionOfInvestmentAssetsLineItemsOfExplanationOnTheImpactOfSuspensionOfRedemptionOfInvestmentAssetsTableOfItems,투자자산 환매중단에 따른 영향에 대한 설명
entity00113058_ExplanationOnTheImpactOfSuspensionOfRedemptionOfInvestmentAssetsTable,투자자산 환매중단에 따른 영향에 대한 설명
entity00113058_ExplanationOnTheImpactOfSuspensionOfRedemptionOfInvestmentAssetsTextBlock,투자자산 환매중단에 따른 영향에 대한 설명[ 문장영역 ]
entity00113058_FairValuesOfDerivativeInstrumentsTotalAbstract,"파생상품 공정가치, 합계[ 개요 ]"
entity00113058_FairValuesOfDerivativeInstrumentsTotalLineItemsOfFairValuesOfDerivativeInstrumentsTotalTableOfLineItems,"파생상품 공정가치, 합계 [항목]"
entity00113058_FairValuesOfDerivativeInstrumentsTotalTable,"파생상품 공정가치, 합계"
entity00113058_FairValuesOfDerivativeInstrumentsTotalTextBlock,"파생상품 공정가치, 합계[ 문장영역 ]"
entity00113058_FinancialAseetsAtFairValueThroughProfitOrLossDesignatedAsUponInitialRecognitionTable,당기손익-공정가치측정금융자산으로 지정한 금융자산의 공시
entity00113058_FinancialAseetsAtFairValueThroughProfitOrLossDesignatedAsUponInitialRecognitionTextBlock,당기손익-공정가치측정금융자산으로 지정한 금융자산의 공시[ 문장영역 ]
entity00113058_FinancialAssetsAtFairValueThroughOtherComprehensiveIncomeClassMemberOfAssetsMemberOfDisclosureOfFairValueMeasurementOfAssetsTableOfMember,"기타포괄손익인식금융자산, 분류 [구성요소]"
entity00113058_FinancialAssetsAtFairValueThroughOtherComprehensiveIncomeClassMemberOfAssetsMemberOfReconciliationOfChangesInFairValueMeasurementAssetsTableOfMember,"기타포괄손익인식금융자산, 분류 [구성요소]"
entity00113058_FinancialAssetsAtFairValueThroughOtherComprehensiveIncomeClassMemberOfAssetsMemberOfValuationTechniquesAndInputsUsedInFairValueMeasurementOfLevel2AssetsTableOfMember,"기타포괄손익인식금융자산, 분류 [구성요소]"
entity00113058_FinancialAssetsAtFairValueThroughOtherComprehensiveIncomeClassMemberOfAssetsMemberOfValuationTechniquesAndInputsUsedInFairValueMeasurementOfLevel3AssetsTableOfMember,"기타포괄손익인식금융자산, 분류 [구성요소]"
entity00113058_FinancialAssetsAtFairValueThroughOtherComprehensiveIncomeClassMemberOfFinancialAssetsClassMemberOfFairValueAndBookValueOfAssetsTableOfMember,"기타포괄손익인식금융자산, 분류 [구성요소]"
entity00113058_FinancialAssetsAtFairValueThroughProfitOrLossClassMemberOfAssetsMemberOfDisclosureOfFairValueMeasurementOfAssetsTableOfMember,"당기손익인식금융자산, 분류 [구성요소]"
entity00113058_FinancialAssetsAtFairValueThroughProfitOrLossClassMemberOfAssetsMemberOfReconciliationOfChangesInFairValueMeasurementAssetsTableOfMember,"당기손익인식금융자산, 분류 [구성요소]"
entity00113058_FinancialAssetsAtFairValueThroughProfitOrLossClassMemberOfAssetsMemberOfValuationTechniquesAndInputsUsedInFairValueMeasurementOfLevel2AssetsTableOfMember,"당기손익인식금융자산, 분류 [구성요소]"
entity00113058_FinancialAssetsAtFairValueThroughProfitOrLossClassMemberOfAssetsMemberOfValuationTechniquesAndInputsUsedInFairValueMeasurementOfLevel3AssetsTableOfMember,"당기손익인식금융자산, 분류 [구성요소]"
entity00113058_FinancialAssetsAtFairValueThroughProfitOrLossClassMemberOfFinancialAssetsClassMemberOfFairValueAndBookValueOfAssetsTableOfMember,"당기손익인식금융자산, 분류 [구성요소]"
entity00113058_FinancialAssetsAtFairValueThroughProfitOrLossDesignatedUponInitialRecognitionAbstract,당기손익-공정가치측정금융자산으로 지정한 금융자산의 공시[ 개요 ]
entity00113058_FinancialAssetsAtFairValueThroughProfitOrLossDesignatedUponInitialRecognitionLineItemsOfFinancialAssetsAtFairValueThroughProfitOrLossDesignatedUponInitialRecognitionTableOfLineItems,당기손익-공정가치측정금융자산으로 지정한 금융자산의 공시 [ 항목 ]
entity00113058_FinancialAssetsAtFairValueThroughProfitOrLossDesignatedUponInitialRecognitionTable,당기손익-공정가치측정금융자산으로 지정한 금융자산의 공시
entity00113058_FinancialAssetsAtFairValueThroughProfitOrLossDesignatedUponInitialRecognitionTextBlock,당기손익-공정가치측정금융자산으로 지정한 금융자산의 공시[ 문장영역 ]
entity00113058_FinancialAssetsOtherThanCashAndCashEquivalentsOfAssetsOfDisclosureOfAssetsAndLiabilitiesByOperatingSegmentsTableOfItems,현금및현금성자산을 제외한 금융자산
entity00113058_FloatingRateBond1MemberOfBorrowingsByNameMemberOfDisclosureOfDetailInformationAboutBondsIssuedTableOfMember,무담보 사모사채 1 [구성요소]
entity00113058_FloatingRateBond2MemberOfBorrowingsByNameMemberOfDisclosureOfDetailInformationAboutBondsIssuedTableOfMember,변동금리부사채 2 [구성요소]
entity00113058_FloatingRateBond3MemberOfBorrowingsByNameMemberOfDisclosureOfDetailInformationAboutBondsIssuedTableOfMember,변동금리부사채 3 [구성요소]
entity00113058_ForeignBankDepositsOfDetailsOfCashAndCashEquivalentsOfDisclosureOfCashAndCashEquivalentsTableOfItems,해외예금
entity00113058_FourThOverseasEsgSubordinateBondsAndNonGuaranteedSubordinateBondsMemberOfBorrowingsByNameMemberOfDisclosureOfDetailInformationAboutBondsIssuedTableOfMember,제4회 해외 ESG 후순위사채와 무보증후순위사채 [구성요소]
entity00113058_GainsLossesOnChangeInFairValueAndOnDisposalOfFinancialInstrumentsOfInvestmentReturnOnAssetsRecognisedInProfitOrLossOfInvestmentReturnOnAssetsRelatedToInsuranceFinanceIncomeExpensesTableOfItems,금융상품 평가 및 처분이익(손실)
entity00113058_GainsOnDisposalOfInvestmentsInAssociatesSubsidiariesAndReversalOfImpairmentLossOfNonOperatingIncomeOfNonoperatingIncomeExpenseTableOfItems,관계/종속기업투자처분이익 및 손상차손환입
entity00113058_GeneralCustomersAndOthersRepurchaseAgreementsMemberOfBorrowingsByNameMemberOfDisclosureOfDetailedInformationAboutBorrowingsTableOfMember,일반고객 등 환매조건부채권매도 [구성요소]
entity00113058_GeneralLoanMemberOfTypesOfCommitmentsMemberOfDisclosureOfCommitmentsTableOfMember,일반자금대출 [구성요소]
entity00113058_GeneralOverdraftMemberOfTypesOfCommitmentsMemberOfDisclosureOfCommitmentsTableOfMember,일반당좌차월 [구성요소]
entity00113058_GovernmentBondsRelatedMemberOfDerivativeContractTypeMemberOfGainsLossesOnChangeInFairValueOfDerivativesTableOfMember,국채 관련 [구성요소]
entity00113058_GovernmentBondsRelatedMemberOfDerivativeContractTypeMemberOfNotionalAmountOfDerivativesTableOfMember,국채 관련 [구성요소]
entity00113058_GreenKimhaeEnviroCoLtdMemberOfAssociatesAndJointVenturesMemberOfDisclosureOfFinancialTransactionsBetweenRelatedPartiesTableOfMember,푸른김해지키미 [구성요소]
entity00113058_GuaranteeDepositRentRelatedPartyTransactionsOfDisclosureOfTheSubtotalOfOutstandingBalancesForRelatedPartyTransactionsLineItemsOfDisclosureOfTheSubtotalOfOutstandingBalancesForRelatedPartyTransactionsTableOfItems,"임대보증금, 특수관계자거래"
entity00113058_GuaranteeDepositsForOpeningCurrentAccountMemberOfRestrictedDepositsMemberOfDisclousureOfRestrictedFinancialAssetsTableOfMember,당좌개설보증금 [구성요소]
entity00113058_GuaranteeRelatedToElectricitySupplyContractsMemberOfTypesOfCommitmentsMemberOfDisclosureOfReceivedGuaranteeInsuranceTableOfMember,전기 공급계약 관련 보증 [구성요소]
entity00113058_GuaranteeRelatedToProvisionalSeizureOfElectronicallyRegisteredSharesAndOthersMemberOfTypesOfCommitmentsMemberOfDisclosureOfReceivedGuaranteeInsuranceTableOfMember,전자등록주식등가압류 관련 보증 [구성요소]
entity00113058_GuaranteeRelatedToProvisionalSeizureOfRealEstateMemberOfTypesOfCommitmentsMemberOfDisclosureOfReceivedGuaranteeInsuranceTableOfMember,부동산가압류 관련 보증 [구성요소]
entity00113058_GuaranteeRelatedToProvisionalSeizureOfReceivablesMemberOfTypesOfCommitmentsMemberOfDisclosureOfReceivedGuaranteeInsuranceTableOfMember,채권가압류 관련 보증 [구성요소]
entity00113058_GuaranteeRelatedToProvisionalSeizureOfReceivablesSecuredByJeonseRightsMemberOfTypesOfCommitmentsMemberOfDisclosureOfReceivedGuaranteeInsuranceTableOfMember,전세권부 채권가압류 관련 보증 [구성요소]
entity00113058_GuaranteedPurchasesMemberOfTypesOfCommitmentsMemberOfDisclosureOfCreditDerivativeContractsTableOfMember,보장매수 [구성요소]
entity00113058_GuaranteedSalesMemberOfTypesOfCommitmentsMemberOfDisclosureOfCreditDerivativeContractsTableOfMember,보장매도 [구성요소]
entity00113058_HanadaolHwLandchipPrivateRealEstateInvestmentTrustNo1EtcMemberOfSubsidiariesAndBeneficiaryCertificatesEtcMemberOfDisclosureOfTransactionsBetweenRelatedPartiesTableOfMember,하나다올HW랜드칩사모부동산투자신탁1호 외 [구성요소]
entity00113058_HanadaolHwLandchipPrivateRealEstateInvestmentTrustNo1EtcMemberOfSubsidiariesAndBeneficiaryCertificatesMemberOfDisclosureOfOutstandingBalancesForRelatedPartyTransactionsTableOfMember,하나다올HW랜드칩사모부동산투자신탁1호 외 [구성요소]
entity00113058_Hanwha63CityCorporationMemberOfSubsidiariesAndBeneficiaryCertificatesEtcMemberOfDisclosureOfTransactionsBetweenRelatedPartiesTableOfMember,한화63시티 [구성요소]
entity00113058_Hanwha63CityCorporationMemberOfSubsidiariesAndBeneficiaryCertificatesMemberOfDisclosureOfOutstandingBalancesForRelatedPartyTransactionsTableOfMember,한화63시티 [구성요소]
entity00113058_Hanwha63CityCorporationMemberOfSubsidiariesMemberOfAgreementsWithRelatedPartiesTableOfMember,한화63시티 [구성요소]
entity00113058_HanwhaAssetManagementCoLtdMemberOfSubsidiariesAndBeneficiaryCertificatesEtcMemberOfDisclosureOfTransactionsBetweenRelatedPartiesTableOfMember,한화자산운용 [구성요소]
entity00113058_HanwhaAssetManagementCoLtdMemberOfSubsidiariesAndBeneficiaryCertificatesMemberOfDisclosureOfOutstandingBalancesForRelatedPartyTransactionsTableOfMember,한화자산운용 [구성요소]
entity00113058_HanwhaAssetManagementCoLtdMemberOfSubsidiariesMemberOfAgreementsWithRelatedPartiesTableOfMember,한화자산운용 [구성요소]
entity00113058_HanwhaAssetManagementCoLtdMemberOfSubsidiariesMemberOfDisclosureOfFinancialTransactionsBetweenRelatedPartiesTableOfMember,한화자산운용 [구성요소]
entity00113058_HanwhaCorpMemberOfParentMemberOfAgreementsWithRelatedPartiesTableOfMember,한화 [구성요소]
entity00113058_HanwhaCorpMemberOfParentMemberOfDisclosureOfTransactionsBetweenRelatedPartiesTableOfMember,한화 [구성요소]
entity00113058_HanwhaDebtStrategyGeneralPrivateRealEstateInvestmentTrustNo6MemberOfBeneficiaryCertificateMemberOfDisclosureOfFinancialTransactionsBetweenRelatedPartiesTableOfMember,한화DEBT STRATEGY일반사모부동산투자신탁6호 [구성요소]
entity00113058_HanwhaEaglesProfessionalBaseballClubMemberOfLargeBusinessGroupAndOtherRelatedPartiesMemberOfDisclosureOfOutstandingBalancesForRelatedPartyTransactionsTableOfMember,한화이글스 [구성요소]
entity00113058_HanwhaEaglesProfessionalBaseballClubMemberOfLargeBusinessGroupAndOtherRelatedPartiesMemberOfDisclosureOfTransactionsBetweenRelatedPartiesTableOfMember,한화이글스 [구성요소]
entity00113058_HanwhaEaglesProfessionalBaseballClubMemberOfLargeBusinessGroupMemberOfAgreementsWithRelatedPartiesTableOfMember,한화이글스 [구성요소]
entity00113058_HanwhaGalleriaCorporationMemberOfLargeBusinessGroupAndOtherRelatedPartiesMemberOfDisclosureOfOutstandingBalancesForRelatedPartyTransactionsTableOfMember,한화갤러리아 [구성요소]
entity00113058_HanwhaGalleriaCorporationMemberOfLargeBusinessGroupAndOtherRelatedPartiesMemberOfDisclosureOfTransactionsBetweenRelatedPartiesTableOfMember,한화갤러리아 [구성요소]
entity00113058_HanwhaGeneralInsuranceCoLtdMemberOfReceivedPaymentGuaranteeMemberOfDisclosureOfPaymentGuaranteesTableOfMember,한화손해보험 [구성요소]
entity00113058_HanwhaGeneralInsuranceCoLtdMemberOfSubsidiariesAndBeneficiaryCertificatesEtcMemberOfDisclosureOfTransactionsBetweenRelatedPartiesTableOfMember,한화손해보험 [구성요소]
entity00113058_HanwhaGeneralInsuranceCoLtdMemberOfSubsidiariesAndBeneficiaryCertificatesMemberOfDisclosureOfOutstandingBalancesForRelatedPartyTransactionsTableOfMember,한화손해보험 [구성요소]
entity00113058_HanwhaGeneralInsuranceCoLtdMemberOfSubsidiariesMemberOfDisclosureOfFinancialTransactionsBetweenRelatedPartiesTableOfMember,한화손해보험 [구성요소]
entity00113058_HanwhaGeneralInsuranceCoLtdMemberOfSubsidiariesMemberOfDisclosureOfShareBasedPaymentArrangementsTableOfMember,한화손해보험 [구성요소]
entity00113058_HanwhaGlobalInfrastructureStrategyPrivatePlacementSpecialAssetInvestmentTrustNo2MemberOfBeneficiaryCertificateMemberOfDisclosureOfFinancialTransactionsBetweenRelatedPartiesTableOfMember,한화 GLOBAL INFRASTRUCTURE STRATEGY 일반사모특별자산투자신탁 2호 [구성요소]
entity00113058_HanwhaGlobalInfrastructureStrategyPrivatePlacementSpecialAssetInvestmentTrustNo4MemberOfBeneficiaryCertificateMemberOfDisclosureOfFinancialTransactionsBetweenRelatedPartiesTableOfMember,한화 GLOBAL INFRASTRUCTURE STRATEGY 일반사모특별자산투자신탁 4호 [구성요소]
entity00113058_HanwhaHotelsResortsCoLtdMemberOfLargeBusinessGroupAndOtherRelatedPartiesMemberOfDisclosureOfFinancialTransactionsBetweenRelatedPartiesTableOfMember,한화호텔앤드리조트 [구성요소]
entity00113058_HanwhaHotelsResortsCoLtdMemberOfLargeBusinessGroupAndOtherRelatedPartiesMemberOfDisclosureOfOutstandingBalancesForRelatedPartyTransactionsTableOfMember,한화호텔앤드리조트 [구성요소]
entity00113058_HanwhaHotelsResortsCoLtdMemberOfLargeBusinessGroupAndOtherRelatedPartiesMemberOfDisclosureOfTransactionsBetweenRelatedPartiesTableOfMember,한화호텔앤드리조트 [구성요소]
entity00113058_HanwhaIACoLtdMemberOfSubsidiariesAndBeneficiaryCertificatesEtcMemberOfDisclosureOfTransactionsBetweenRelatedPartiesTableOfMember,한화손해사정 [구성요소]
entity00113058_HanwhaIACoLtdMemberOfSubsidiariesAndBeneficiaryCertificatesMemberOfDisclosureOfOutstandingBalancesForRelatedPartyTransactionsTableOfMember,한화손해사정 [구성요소]
entity00113058_HanwhaIACoLtdMemberOfSubsidiariesMemberOfAgreementsWithRelatedPartiesTableOfMember,한화손해사정 [구성요소]
entity00113058_HanwhaInvestmentSecuritiesCoLtdMemberOfSubsidiariesAndBeneficiaryCertificatesEtcMemberOfDisclosureOfTransactionsBetweenRelatedPartiesTableOfMember,한화투자증권 [구성요소]
entity00113058_HanwhaInvestmentSecuritiesCoLtdMemberOfSubsidiariesAndBeneficiaryCertificatesMemberOfDisclosureOfOutstandingBalancesForRelatedPartyTransactionsTableOfMember,한화투자증권 [구성요소]
entity00113058_HanwhaInvestmentSecuritiesCoLtdMemberOfSubsidiariesMemberOfDetailsOfTheTradeOfReceivablesThroughRelatedPartiesTableOfMember,한화투자증권 [구성요소]
entity00113058_HanwhaInvestmentSecuritiesCoLtdMemberOfSubsidiariesMemberOfDisclosureOfShareBasedPaymentArrangementsTableOfMember,한화투자증권 [구성요소]
entity00113058_HanwhaLifeFinancialServiceCoLtdMemberOfReceivedPaymentGuaranteeMemberOfDisclosureOfPaymentGuaranteesTableOfMember,한화생명금융서비스 [구성요소]
entity00113058_HanwhaLifeFinancialServiceCoLtdMemberOfSubsidiariesAndBeneficiaryCertificatesEtcMemberOfDisclosureOfTransactionsBetweenRelatedPartiesTableOfMember,한화생명금융서비스 [구성요소]
entity00113058_HanwhaLifeFinancialServiceCoLtdMemberOfSubsidiariesMemberOfAgreementsWithRelatedPartiesTableOfMember,한화생명금융서비스 [구성요소]
entity00113058_HanwhaLifeFinancialServiceCoLtdMemberOfSubsidiariesMemberOfDisclosureOfFinancialTransactionsBetweenRelatedPartiesTableOfMember,한화생명금융서비스 [구성요소]
entity00113058_HanwhaLifeFinancialServiceCoLtdMemberOfSubsidiariesMemberOfDisclosureOfPaymentGuaranteesTableOfMember,한화생명금융서비스 [구성요소]
entity00113058_HanwhaLifeInsuranceCoLtdMemberOfParentMemberOfDisclosureOfShareBasedPaymentArrangementsTableOfMember,한화생명보험 [구성요소]
entity00113058_HanwhaLifeInsuranceCoLtdMemberOfReceivedPaymentGuaranteeMemberOfDisclosureOfPaymentGuaranteesTableOfMember,한화생명보험 [구성요소]
entity00113058_HanwhaLifeLabCoLtdMemberOfReceivedPaymentGuaranteeMemberOfDisclosureOfPaymentGuaranteesTableOfMember,한화라이프랩 [구성요소]
entity00113058_HanwhaLifeLabCoLtdMemberOfSubsidiariesAndBeneficiaryCertificatesEtcMemberOfDisclosureOfTransactionsBetweenRelatedPartiesTableOfMember,한화라이프랩 [구성요소]
entity00113058_HanwhaLifeLabCoLtdMemberOfSubsidiariesAndBeneficiaryCertificatesMemberOfDisclosureOfOutstandingBalancesForRelatedPartyTransactionsTableOfMember,한화라이프랩 [구성요소]
entity00113058_HanwhaLifeLabCoLtdMemberOfSubsidiariesMemberOfAgreementsWithRelatedPartiesTableOfMember,한화라이프랩 [구성요소]
entity00113058_HanwhaLifeUsInvestmentLlcMemberOfSubsidiariesMemberOfDisclosureOfDetailInformationAboutBondsIssuedTableOfMember,"Hanwha Life US Investment, LLC [구성요소]"
entity00113058_HanwhaLifestyleGeneralPrivateSecuritiesInvestmentTrustNo1MemberOfBeneficiaryCertificateMemberOfDisclosureOfFinancialTransactionsBetweenRelatedPartiesTableOfMember,한화 라이프 스타일 일반 사모증권 투자신탁1호 [구성요소]
entity00113058_HanwhaPeoplelifeMemberOfSubsidiariesAndBeneficiaryCertificatesEtcMemberOfDisclosureOfTransactionsBetweenRelatedPartiesTableOfMember,한화피플라이프 [구성요소]
entity00113058_HanwhaPeoplelifeMemberOfSubsidiariesAndBeneficiaryCertificatesMemberOfDisclosureOfOutstandingBalancesForRelatedPartyTransactionsTableOfMember,한화피플라이프 [구성요소]
entity00113058_HanwhaPeoplelifeMemberOfSubsidiariesMemberOfAgreementsWithRelatedPartiesTableOfMember,한화피플라이프 [구성요소]
entity00113058_HanwhaReitCoLtdMemberOfSubsidiariesAndBeneficiaryCertificatesEtcMemberOfDisclosureOfTransactionsBetweenRelatedPartiesTableOfMember,한화위탁관리부동산투자회사 [구성요소]
entity00113058_HanwhaReitCoLtdMemberOfSubsidiariesAndBeneficiaryCertificatesMemberOfDisclosureOfOutstandingBalancesForRelatedPartyTransactionsTableOfMember,한화위탁관리부동산투자회사 [구성요소]
entity00113058_HanwhaReitCoLtdMemberOfSubsidiariesMemberOfDisclosureOfDetailInformationAboutBondsIssuedTableOfMember,한화위탁관리부동산투자회사 [구성요소]
entity00113058_HanwhaReitCoLtdMemberOfSubsidiariesMemberOfDisclosureOfFinancialTransactionsBetweenRelatedPartiesTableOfMember,한화위탁관리부동산투자회사 [구성요소]
entity00113058_HanwhaSavingsBankCoLtdMemberOfReceivedPaymentGuaranteeMemberOfDisclosureOfPaymentGuaranteesTableOfMember,한화저축은행 [구성요소]
entity00113058_HanwhaSavingsBankCoLtdMemberOfSubsidiariesAndBeneficiaryCertificatesEtcMemberOfDisclosureOfTransactionsBetweenRelatedPartiesTableOfMember,한화저축은행 [구성요소]
entity00113058_HanwhaSavingsBankCoLtdMemberOfSubsidiariesAndBeneficiaryCertificatesMemberOfDisclosureOfOutstandingBalancesForRelatedPartyTransactionsTableOfMember,한화저축은행 [구성요소]
entity00113058_HanwhaSavingsBankCoLtdMemberOfSubsidiariesMemberOfAgreementsWithRelatedPartiesTableOfMember,한화저축은행 [구성요소]
entity00113058_HanwhaSolutionsCorporationMemberOfLargeBusinessGroupAndOtherRelatedPartiesMemberOfDisclosureOfOutstandingBalancesForRelatedPartyTransactionsTableOfMember,한화솔루션 [구성요소]
entity00113058_HanwhaSolutionsCorporationMemberOfLargeBusinessGroupAndOtherRelatedPartiesMemberOfDisclosureOfTransactionsBetweenRelatedPartiesTableOfMember,한화솔루션 [구성요소]
entity00113058_HanwhaSystemsCoLtdMemberOfLargeBusinessGroupAndOtherRelatedPartiesMemberOfDisclosureOfTransactionsBetweenRelatedPartiesTableOfMember,한화시스템 [구성요소]
entity00113058_HanwhaSystemsCoLtdMemberOfLargeBusinessGroupMemberOfAgreementsWithRelatedPartiesTableOfMember,한화시스템 [구성요소]
entity00113058_HeroClaimsSurveyAdjustingCoLtdMemberOfSubsidiariesAndBeneficiaryCertificatesEtcMemberOfDisclosureOfTransactionsBetweenRelatedPartiesTableOfMember,히어로손해사정 [구성요소]
entity00113058_HeroClaimsSurveyAdjustingCoLtdMemberOfSubsidiariesAndBeneficiaryCertificatesMemberOfDisclosureOfOutstandingBalancesForRelatedPartyTransactionsTableOfMember,히어로손해사정 [구성요소]
entity00113058_HybridBondsBeforeDeductionOfIssuanceCostsOfDetailOfHybridBondsLineItemsOfDetailOfHybridBondsTableOfItems,발행비용 차감 전 신종자본증권
entity00113058_HybridBondsInForeignCurrenciesMemberOfHybridBondsMemberOfDetailOfHybridBondsTableOfMember,외화신종자본증권 [구성요소]
entity00113058_HybridBondsInKrw1MemberOfHybridBondsMemberOfDetailOfHybridBondsTableOfMember,원화신종자본증권1 [구성요소]
entity00113058_HybridBondsInKrw2MemberOfHybridBondsMemberOfDetailOfHybridBondsTableOfMember,원화신종자본증권2 [구성요소]
entity00113058_HybridBondsInKrw3MemberOfHybridBondsMemberOfDetailOfHybridBondsTableOfMember,원화신종자본증권3 [구성요소]
entity00113058_HybridBondsIssueCostOfDetailOfHybridBondsLineItemsOfDetailOfHybridBondsTableOfItems,신종자본증권 발행비용
entity00113058_IbkPensionInsuranceAndOthersOtherLoansReceivedMemberOfBorrowingsByNameMemberOfDisclosureOfDetailedInformationAboutBorrowingsTableOfMember,IBK연금보험 등 기타차입금 [구성요소]
entity00113058_Ifcgroup1MemberOfReceivedPaymentGuaranteeMemberOfDisclosureOfPaymentGuaranteesTableOfMember,아이에프씨그룹1 [구성요소]
entity00113058_Ifcgroup2MemberOfReceivedPaymentGuaranteeMemberOfDisclosureOfPaymentGuaranteesTableOfMember,아이에프씨그룹2 [구성요소]
entity00113058_Ifcgroup3MemberOfReceivedPaymentGuaranteeMemberOfDisclosureOfPaymentGuaranteesTableOfMember,아이에프씨그룹3 [구성요소]
entity00113058_IfcgroupMemberOfSubsidiariesAndBeneficiaryCertificatesEtcMemberOfDisclosureOfTransactionsBetweenRelatedPartiesTableOfMember,아이에프씨그룹 [구성요소]
entity00113058_IfcgroupMemberOfSubsidiariesMemberOfAgreementsWithRelatedPartiesTableOfMember,아이에프씨그룹 [구성요소]
entity00113058_IfcgroupMemberOfSubsidiariesMemberOfDisclosureOfPaymentGuaranteesTableOfMember,아이에프씨그룹 [구성요소]
entity00113058_IllnessOrDiseaseInsuranceMemberOfLongTermInsuranceMemberOfLiabilitiesAssetsOfInsuranceContractsByPortfolioAndAccountingModelNonLifeInsuranceSegmentTableOfMember,질병보험 [구성요소]
entity00113058_ImpairmentLossRecognisedInProfitOrLossPropertyRightOfUseAssetsOfDisclosureOfQuantitativeInformationAboutRightOfUseAssetsLineItemsOfDisclosureOfQuantitativeInformationAboutRightOfUseAssetsTableOfItems,"당기손익으로 인식된 손상차손, 사용권자산"
entity00113058_ImpairmentLossesOfLoansRelatedPartyTransactionsOfDisclosureOfOutstandingBalancesForRelatedPartyTransactionsLineItemsOfDisclosureOfOutstandingBalancesForRelatedPartyTransactionsTableOfItems,"대출채권 신용손실충당금, 특수관계자거래"
entity00113058_IncomeRelatedPartyTransactionsOfDisclosureOfSubtotalOfTransactionsBetweenRelatedPartiesLineItemsOfDisclosureOfSubtotalOfTransactionsBetweenRelatedPartiesTableOfItems,"수익, 특수관계자거래"
entity00113058_IncomeRelatedPartyTransactionsOfDisclosureOfTransactionsBetweenRelatedPartiesLineItemsOfDisclosureOfTransactionsBetweenRelatedPartiesTableOfItems,"수익, 특수관계자거래"
entity00113058_IncreaseAndDecreaseOfNonControllingInterestsOfChangesInEquityAbstract,비지배지분의 증감
entity00113058_IncreaseDecreaseBeforeTaxDueToCurrentPeriodAccrualsEquityOfDisclosureOfChangesInAccumulatedOtherComprehensiveIncomeLineItemsOfDisclosureOfChangesInAccumulatedOtherComprehensiveIncomeTableOfItems,"당기 발생액으로 인한 세전 증감, 자본"
entity00113058_IncreaseDecreaseBeforeTaxDueToCurrentPeriodAccrualsEquityOfDisclosureOfChangesInAccumulatedOtherComprehensiveIncomeTotalLineItemsOfDisclosureOfChangesInAccumulatedOtherComprehensiveIncomeTotalTableOfItems,"당기 발생액으로 인한 세전 증감, 자본"
entity00113058_IncreaseDecreaseBeforeTaxDueToCurrentPeriodAccrualsEquityOfReconciliationOfChangesInAccumulatedOtherComprehensiveIncomeLineItemsOfReconciliationOfChangesInAccumulatedOtherComprehensiveIncomeTableOfItems,"당기 발생액으로 인한 세전 증감, 자본"
entity00113058_IncreaseDecreaseInOtherFinancialAssetsOfCashFlowsFromUsedInFinancingActivitiesOfCashFlowsFromUsedInFinancingActivities,기타금융부채의 변동
entity00113058_IncreaseDecreaseThroughAmortizationLiabilitiesArisingFromFinancingActivitiesOfChangesInLiabilitiesArisingFromFinancingActivitiesAbstractOfDisclosureOfReconciliationOfLiabilitiesArisingFromFinancingActivitiesTableOfItems,"상각, 재무활동에서 생기는 부채의 증가(감소)"
entity00113058_IncreaseDecreaseThroughChangesInForeignExchangeRatesInsuranceContractsLiabilityAssetOfChangesInInsuranceContractsForReconciliationByRemainingCoverageAndIncurredClaimsAbstractOfDisclosureOfReconciliationOfChangesInReinsuranceContractsByRemainingCoverageAndIncurredClaimsPremiumAllocationApproachTableOfItems,"환율변동효과로 인한 증가분(감소분), 보험계약부채(자산)"
entity00113058_IncreaseDecreaseThroughEffectsExcludingGroupsOfOnerousContractsInitiallyRecognisedInPeriodInsuranceContractsLiabilityAssetOfDisclosureOfEffectOfInsuranceContractsInitiallyRecognisedLineItemsOfDisclosureOfEffectOfInsuranceContractsInitiallyRecognisedTableOfItems,"보고기간에 처음 인식한 손실부담계약 집합을 제외한 영향에 따른 증가분(감소분), 보험계약부채(자산)"
entity00113058_IncreaseDecreaseThroughEffectsExcludingGroupsOfOnerousContractsInitiallyRecognisedInPeriodInsuranceContractsLiabilityAssetOfDisclosureOfEffectOfInsuranceContractsInitiallyRecognisedReinsuranceContractsHeldLineItemsOfTitledisclosureOfEffectOfInsuranceContractsInitiallyRecognisedReinsuranceContractsHeldTableOfItems,"보고기간에 처음 인식한 손실부담계약 집합을 제외한 영향에 따른 증가분(감소분), 보험계약부채(자산)"
entity00113058_IncreaseDecreaseThroughOriginationOrPurchaseRecoveryAndOtherMovementsFinancialAssetsOfIncreaseDecreaseInFinancialAssetsAbstractOfChangesInOtherFinancialAssetsAtAmortisedCostTableOfItems,"실행, 회수 및 기타 변동에 따른 증가(감소), 금융자산"
entity00113058_IncreaseDecreaseThroughOriginationOrPurchaseRecoveryAndOtherMovementsFinancialAssetsOfIncreaseDecreaseInFinancialAssetsAbstractOfChangesInOtherFinancialAssetsAtAmortisedCostTotalTableOfItems,"실행, 회수 및 기타 변동에 따른 증가(감소), 금융자산"
entity00113058_IncreaseDecreaseThroughOtherCashFlowsInsuranceContractsLiabilityAssetOfChangesInInsuranceContractsForReconciliationByComponentsAbstractOfDisclosureOfReconciliationOfChangesInReinsuranceContractsByComponentsTableOfItems,"기타 현금흐름에 따른 증가분(감소분), 보험계약부채(자산)"
entity00113058_IncreaseDecreaseThroughOtherCashFlowsInsuranceContractsLiabilityAssetOfChangesInInsuranceContractsForReconciliationByRemainingCoverageAndIncurredClaimsAbstractOfDisclosureOfReconciliationOfChangesInInsuranceContractsIssuedByRemainingCoverageAndIncurredClaimsPremiumAllocationApproachTableOfItems,"기타 현금흐름에 따른 증가분(감소분), 보험계약부채(자산)"
entity00113058_IncreaseDecreaseThroughOtherCashFlowsInsuranceContractsLiabilityAssetOfChangesInInsuranceContractsForReconciliationByRemainingCoverageAndIncurredClaimsAbstractOfDisclosureOfReconciliationOfChangesInInsuranceContractsIssuedByRemainingCoverageAndIncurredClaimsTableOfItems,"기타 현금흐름에 따른 증가분(감소분), 보험계약부채(자산)"
entity00113058_IncreaseDecreaseThroughOtherCashFlowsInsuranceContractsLiabilityAssetOfChangesInInsuranceContractsForReconciliationByRemainingCoverageAndIncurredClaimsAbstractOfDisclosureOfReconciliationOfChangesInReinsuranceContractsByRemainingCoverageAndIncurredClaimsPremiumAllocationApproachTableOfItems,"기타 현금흐름에 따른 증가분(감소분), 보험계약부채(자산)"
entity00113058_IncreaseDecreaseThroughOtherCashFlowsInsuranceContractsLiabilityAssetOfChangesInInsuranceContractsForReconciliationByRemainingCoverageAndIncurredClaimsAbstractOfDisclosureOfReconciliationOfChangesInReinsuranceContractsByRemainingCoverageAndIncurredClaimsTableOfItems,"기타 현금흐름에 따른 증가분(감소분), 보험계약부채(자산)"
entity00113058_IncreaseDecreaseThroughOtherChangesAndNetExchangeDifferencesIntangibleAssetsAndGoodwillOfReconciliationOfChangesInIntangibleAssetsAndGoodwillAbstractOfDisclosureOfReconciliationOfChangesInIntangibleAssetsAndGoodwillTableOfItems,"순외환차이 및 기타변동에 따른 증가(감소), 무형자산 및 영업권"
entity00113058_IncreaseDecreaseThroughOtherChangesAndNetExchangeDifferencesInvestmentPropertyOfChangesInInvestmentPropertyAbstractOfDisclosureOfInvestmentPropertyTableOfItems,"순외환차이 및 기타 변동에 따른 증가(감소), 투자부동산"
entity00113058_IncreaseDecreaseThroughOtherChangesAndNetExchangeDifferencesPropertyPlantAndEquipmentOfChangesInPropertyPlantAndEquipmentAbstractOfDisclosureOfPropertyPlantAndEquipmentTableOfItems,"순외환차이 및 기타 변동에 따른 증가(감소), 유형자산"
entity00113058_IncreaseDecreaseThroughOtherInsuranceFinanceIncomeOrExpensesInsuranceContractsLiabilityAssetOfChangesInInsuranceContractsForReconciliationByRemainingCoverageAndIncurredClaimsAbstractOfDisclosureOfReconciliationOfChangesInReinsuranceContractsByRemainingCoverageAndIncurredClaimsPremiumAllocationApproachTableOfItems,"기타 보험금융수익(비용)에 따른 증가분(감소분), 보험계약부채(자산)"
entity00113058_IncreaseDecreaseThroughOtherInsuranceFinanceIncomeOrExpensesInsuranceContractsLiabilityAssetOfChangesInInsuranceContractsForReconciliationByRemainingCoverageAndIncurredClaimsAbstractOfDisclosureOfReconciliationOfChangesInReinsuranceContractsByRemainingCoverageAndIncurredClaimsTableOfItems,"기타 보험금융수익(비용)에 따른 증가분(감소분), 보험계약부채(자산)"
entity00113058_IncreaseDecreaseThroughOtherInsuranceFinanceIncomeOrExpensesInsuranceContractsLiabilityAssetOfDisclosureOfReconciliationOfChangesInReinsuranceContractsByRemainingCoverageAndIncurredClaimsAbstractOfDisclosureOfReconciliationOfChangesInReinsuranceContractsByRemainingCoverageAndIncurredClaimsPremiumAllocationApproachTableOfItems,"기타 보험금융수익(비용)에 따른 증가분(감소분), 보험계약부채(자산)"
entity00113058_IncreaseDecreaseThroughTransfersRightOfUseAssetsOfDisclosureOfQuantitativeInformationAboutRightOfUseAssetsLineItemsOfDisclosureOfQuantitativeInformationAboutRightOfUseAssetsTableOfItems,"대체에 따른 증가(감소), 사용권자산"
entity00113058_IncreasedecreasethroughaffiliatetransfersnetdefinedbenefitliabilityassetOfChangesInNetDefinedBenefitLiabilityAssetResultingFromMiscellaneousOtherChangesAbstractOfDisclosureOfNetDefinedBenefitLiabilityAssetTableOfItems,계열사로부터의 전출입 효과
entity00113058_InstitutionalCounterpartiesMemberOfCounterpartiesMemberOfDisclosureOfFinancialAssetsPledgedAsSecurityForRepurchaseAgreementsTableOfMember,기관 거래상대방 [구성요소]
entity00113058_InstitutionalOperatingFundsLoanInHouseMemberOfTypesOfCommitmentsMemberOfDisclosureOfCommitmentsTableOfMember,기관운영자금대출(자체) [구성요소]
entity00113058_InstitutionalOperatingFundsLoanTrustAccountMemberOfTypesOfCommitmentsMemberOfDisclosureOfCommitmentsTableOfMember,기관운영자금대출(신탁) [구성요소]
entity00113058_InsuranceClaimLitigationMemberOfDefendantInLawsuitsMemberOfDisclosureOfDetailsOfLegalProceedingsContingentLiabilityTableOfMember,보험금지급청구소송 [구성요소]
entity00113058_InsuranceCommitmentsMemberOfTypesOfCommitmentsMemberOfDisclosureOfInsuranceCommitmentsAndTrustAccountsTableOfMember,보험약정 [구성요소]
entity00113058_InsuranceContractsIssuedThatArAssetsAndReinsuranceContractsHeldThatAreAssetsOfAssetsOfDisclosureOfAssetsAndLiabilitiesByOperatingSegmentsTableOfItems,보험계약자산 및 재보험계약자산
entity00113058_InsuranceContractsIssuedThatAreLiabilitiesAndReinsuranceContractsHeldThatAreLiabilitiesOfLiabilitiesOfDisclosureOfAssetsAndLiabilitiesByOperatingSegmentsTableOfItems,보험계약부채 및 재보험계약부채
entity00113058_InsuranceContractsToWhichGeneralModelHasBeenAppliedMemberOfInsuranceContractsOtherThanThoseToWhichPremiumAllocationApproachHasBeenAppliedMemberOfLiabilitiesAssetsOfInsuranceContractsByPortfolioAndAccountingModelTotalTableOfMember,일반모형을 적용한 보험계약 [구성요소]
entity00113058_InsuranceContractsToWhichIndirectParApproachHasBeenAppliedIndirectParMemberOfInsuranceContractsOtherThanThoseToWhichPremiumAllocationApproachHasBeenAppliedMemberOfDisclosureOfInformationAboutExpectedRecognitionOfContractualServiceMarginInProfitOrLossNonLifeInsuranceSegmentTableOfMember,Indirect-Par 접근법을 적용한 보험계약 [구성요소]
entity00113058_InsuranceContractsToWhichIndirectParApproachHasBeenAppliedIndirectParMemberOfInsuranceContractsOtherThanThoseToWhichPremiumAllocationApproachHasBeenAppliedMemberOfDisclosureofinformationaboutexpectedrecognitionofcontractualservicemargininprofitorlosslifeinsurancetableTableOfMember,Indirect-Par 접근법을 적용한 보험계약 [구성요소]
entity00113058_InsuranceContractsToWhichIndirectParApproachHasBeenAppliedIndirectParMemberOfInsuranceContractsOtherThanThoseToWhichPremiumAllocationApproachHasBeenAppliedMemberOfLiabilitiesAssetsOfInsuranceContractsByPortfolioAndAccountingModelLifeInsuranceSegmentInParTableOfMember,Indirect-Par 접근법을 적용한 보험계약 [구성요소]
entity00113058_InsuranceContractsToWhichIndirectParApproachHasBeenAppliedIndirectParMemberOfInsuranceContractsOtherThanThoseToWhichPremiumAllocationApproachHasBeenAppliedMemberOfLiabilitiesAssetsOfInsuranceContractsByPortfolioAndAccountingModelLifeInsuranceSegmentTextBlockTableOfMember,Indirect-Par 접근법을 적용한 보험계약 [구성요소]
entity00113058_InsuranceContractsToWhichNonParAppraochHasBeenAppliedNonParMemberOfInsuranceContractsOtherThanThoseToWhichPremiumAllocationApproachHasBeenAppliedMemberOfDisclosureofinformationaboutexpectedrecognitionofcontractualservicemargininprofitorlosslifeinsurancetableTableOfMember,Non-Par 접근법을 적용한 보험계약 [구성요소]
entity00113058_InsuranceContractsToWhichNonParAppraochHasBeenAppliedNonParMemberOfInsuranceContractsOtherThanThoseToWhichPremiumAllocationApproachHasBeenAppliedMemberOfLiabilitiesAssetsOfInsuranceContractsByPortfolioAndAccountingModelLifeInsuranceSegmentTextBlockTableOfMember,Non-Par 접근법을 적용한 보험계약 [구성요소]
entity00113058_InsuranceContractsToWhichTheNonParApproachHasBeenAppliedNonParMemberOfInsuranceContractsOtherThanThoseToWhichPremiumAllocationApproachHasBeenAppliedMemberOfDisclosureOfInformationAboutExpectedRecognitionOfContractualServiceMarginInProfitOrLossNonLifeInsuranceSegmentTableOfMember,Non-Par 접근법을 적용한 보험계약 [구성요소]
entity00113058_InsuranceContractsToWhichTheNonParApproachHasBeenAppliedNonParMemberOfInsuranceContractsOtherThanThoseToWhichPremiumAllocationApproachHasBeenAppliedMemberOfDisclosureOfInformationAboutExpectedRecognitionOfContractualServiceMarginInProfitOrLossNonVariableFeeTableOfMember,Non-Par 접근법을 적용한 보험계약 [구성요소]
entity00113058_InsuranceContractsToWhichTheNonParApproachHasBeenAppliedNonParMemberOfInsuranceContractsOtherThanThoseToWhichPremiumAllocationApproachHasBeenAppliedMemberOfLiabilitiesAssetsOfInsuranceContractsByPortfolioAndAccountingModelLifeInsuranceSegmentTextBlockTableOfMember,Non-Par 접근법을 적용한 보험계약 [구성요소]
entity00113058_InsuranceContractsToWhichTheNonParApproachHasBeenAppliedNonParMemberOfInsuranceContractsOtherThanThoseToWhichPremiumAllocationApproachHasBeenAppliedMemberOfTitleliabilitiesAssetsOfInsuranceContractsByPortfolioAndAccountingModelNonParTableOfMember,Non-Par 접근법을 적용한 보험계약 [구성요소]
entity00113058_InsuranceContractsToWhichVariableFeeApproachHasBeenAppliedMemberOfInsuranceContractsOtherThanThoseToWhichPremiumAllocationApproachHasBeenAppliedMemberOfDisclosureOfInformationAboutExpectedRecognitionOfContractualServiceMarginInProfitOrLossLifeInsuranceVariableFeeSTableOfMember,변동수수료접근법을 적용한 보험계약 [구성요소]
entity00113058_InsuranceContractsToWhichVariableFeeApproachHasBeenAppliedMemberOfInsuranceContractsOtherThanThoseToWhichPremiumAllocationApproachHasBeenAppliedMemberOfDisclosureOfInformationAboutExpectedRecognitionOfContractualServiceMarginInProfitOrLossLifeInsuranceVariableFeeTableOfMember,변동수수료접근법을 적용한 보험계약 [구성요소]
entity00113058_InsuranceContractsToWhichVariableFeeApproachHasBeenAppliedMemberOfInsuranceContractsOtherThanThoseToWhichPremiumAllocationApproachHasBeenAppliedMemberOfLiabilitiesAssetsOfInsuranceContractsByPortfolioAndAccountingModelLifeInsuranceSegmentVariableInsuranceTableOfMember,변동수수료접근법을 적용한 보험계약 [구성요소]
entity00113058_InsuranceExpenseRelatedPartyTransactionsOfDisclosureOfSubtotalOfTransactionsBetweenRelatedPartiesLineItemsOfDisclosureOfSubtotalOfTransactionsBetweenRelatedPartiesTableOfItems,"보험비용, 특수관계자거래"
entity00113058_InsuranceRevenueAmountsRelatingToChangesInLossComponentMemberOfInsuranceRevenueAbstractOfDisclosureOfAnalysisOfInsuranceRevenueFromInsuranceContractsIssuedTableOfItems,"보험수익, 손실요소 변동과 관련된 금액 [구성요소]"
entity00113058_InsuranceSegmentMemberOfOperatingSegmentsMemberOfDisclosureOfAssetsAndLiabilitiesByOperatingSegmentsTableOfMember,보험 [구성요소]
entity00113058_InsuranceSegmentMemberOfOperatingSegmentsMemberOfDisclosureOfOperatingSegmentsTableOfMember,보험 [구성요소]
entity00113058_InsuredAmountOfDisclosureOfReceivedGuaranteeInsuranceLineItemsOfDisclosureOfReceivedGuaranteeInsuranceTableOfItems,부보금액
entity00113058_InterestIncomeRelatedPartyTransactionsOfDisclosureOfSubtotalOfTransactionsBetweenRelatedPartiesLineItemsOfDisclosureOfSubtotalOfTransactionsBetweenRelatedPartiesTableOfItems,"이자수익, 특수관계자거래"
entity00113058_InterestRateHybridBondsOfDetailOfHybridBondsLineItemsOfDetailOfHybridBondsTableOfItems,"이자율, 신종자본증권"
entity00113058_IntradayFundTradingInHouseMemberOfTypesOfCommitmentsMemberOfDisclosureOfCommitmentsTableOfMember,일중자금거래(자체) [구성요소]
entity00113058_IntradayLoanMemberOfTypesOfCommitmentsMemberOfDisclosureOfCommitmentsTableOfMember,일중대출 [구성요소]
entity00113058_IntradayOverdraftMemberOfTypesOfCommitmentsMemberOfDisclosureOfCommitmentsTableOfMember,일중당좌차월 [구성요소]
entity00113058_InvestmentAssetsInAssociatesAndSubsidiariesMemberOfAssetsAndLiabilitiesMemberOfGainsLossesFinancialInstrumentsByCategoryTableOfMember,관계종속기업투자자산 [구성요소]
entity00113058_InvestmentAssetsInAssociatesAndSubsidiariesMemberOfAssetsMemberOfDisclosureOfFairValueMeasurementOfAssetsTableOfMember,관계종속기업투자자산 [구성요소]
entity00113058_InvestmentAssetsInAssociatesAndSubsidiariesMemberOfAssetsMemberOfDisclosureOfSensitivityAnalysisOfFairValueMeasurementToChangesInUnobservableInputsAssetsTableOfMember,관계종속기업투자자산 [구성요소]
entity00113058_InvestmentAssetsInAssociatesAndSubsidiariesMemberOfAssetsMemberOfReconciliationOfChangesInFairValueMeasurementAssetsTableOfMember,관계종속기업투자자산 [구성요소]
entity00113058_InvestmentAssetsInAssociatesAndSubsidiariesMemberOfAssetsMemberOfValuationTechniquesAndInputsUsedInFairValueMeasurementOfLevel2AssetsTableOfMember,관계종속기업투자자산 [구성요소]
entity00113058_InvestmentAssetsInAssociatesAndSubsidiariesMemberOfAssetsMemberOfValuationTechniquesAndInputsUsedInFairValueMeasurementOfLevel3AssetsTableOfMember,관계종속기업투자자산 [구성요소]
entity00113058_InvestmentAssetsInAssociatesAndSubsidiariesMemberOfFinancialAssetsClassMemberOfFairValueAndBookValueOfAssetsTableOfMember,관계종속기업투자자산 [구성요소]
entity00113058_InvestmentAssetsInAssociatesAndSubsidiariesOfFinancialAssetsOfDisclosureOfFinancialAssetsByCategoryTableOfItems,관계종속기업투자자산
entity00113058_InvestmentContractsLiabilitiesAbstract,투자계약부채[ 개요 ]
entity00113058_InvestmentContractsLiabilitiesLineItemsVOfInvestmentContractsLiabilitiesTableOfLineItems,투자계약부채 [항목]
entity00113058_InvestmentContractsLiabilitiesMemberOfFinancialLiabilitiesClassMemberOfFairValueAndBookValueOfLiabilitiesTableOfMember,투자계약부채 [구성요소]
entity00113058_InvestmentContractsLiabilitiesMemberOfLiabilitiesMemberOfDisclosureOfFairValueByHierarchyLiabilitiesNotMeasuredAtFairValueInStatementOfFinancialPositionButForWhichFairValueIsDisclosedTableOfMember,투자계약부채 [구성요소]
entity00113058_InvestmentContractsLiabilitiesMemberOfLiabilitiesMemberOfValuationTechniquesAndInputsUsedInFairValueMeasurementOfLevel3LiabilitiesTableOfMember,투자계약부채 [구성요소]
entity00113058_InvestmentContractsLiabilitiesTable,투자계약부채
entity00113058_InvestmentContractsLiabilitiesTextBlock,투자계약부채[ 문장영역 ]
entity00113058_InvestmentIncomeExpenseNetOfInsuranceFinanceIncomeExpensesOfDisclosureOfAnalysisOfInsuranceFinanceIncomeExpensesLineItemsOfDisclosureOfAnalysisOfInsuranceFinanceIncomeExpensesTableOfItems,보험금융손익을 고려한 순 투자손익
entity00113058_InvestmentIncomeExpenseNetOfInsuranceFinanceIncomeExpensesOfDisclosureOfAnalysisOfInsuranceFinanceIncomeExpensesTotalLineItemsOfDisclosureOfAnalysisOfInsuranceFinanceIncomeExpensesTotalTableOfItems,보험금융손익을 고려한 순 투자손익
entity00113058_InvestmentReturnOnAssetsOfInvestmentReturnOnAssetsRelatedToInsuranceFinanceIncomeExpensesOfInvestmentReturnOnAssetsRelatedToInsuranceFinanceIncomeExpensesTableOfItems,자산의 투자손익
entity00113058_InvestmentReturnOnAssetsRecognisedInOtherComprehensiveIncomeOfInvestmentReturnOnAssetsRelatedToInsuranceFinanceIncomeExpensesOfInvestmentReturnOnAssetsRelatedToInsuranceFinanceIncomeExpensesTableOfItems,기타포괄손익으로 인식한 자산의 투자손익
entity00113058_InvestmentReturnOnAssetsRecognisedInProfitOrLossOfInvestmentReturnOnAssetsRelatedToInsuranceFinanceIncomeExpensesOfInvestmentReturnOnAssetsRelatedToInsuranceFinanceIncomeExpensesTableOfItems,당기손익으로 인식한 자산의 투자손익
entity00113058_InvestmentReturnOnAssetsRelatedToInsuranceFinanceIncomeExpensesTable,보험금융수익(비용)과 관련된 자산의 투자수익
entity00113058_InvestmentReturnOnAssetsRelatedToInsuranceFinanceIncomeExpensesTextBlock,보험금융수익(비용)과 관련된 자산의 투자수익[ 문장영역 ]
entity00113058_InvestmentSecuritiesSegmentMemberOfOperatingSegmentsMemberOfDisclosureOfAssetsAndLiabilitiesByOperatingSegmentsTableOfMember,증권 [구성요소]
entity00113058_InvestmentSecuritiesSegmentMemberOfOperatingSegmentsMemberOfDisclosureOfOperatingSegmentsTableOfMember,증권 [구성요소]
entity00113058_IssueDateHybridBondsOfDetailOfHybridBondsLineItemsOfDetailOfHybridBondsTableOfItems,"발행일, 신종자본증권"
entity00113058_JeonlaRailroadCoLtdMemberOfAssociatesAndJointVenturesMemberOfDisclosureOfFinancialTransactionsBetweenRelatedPartiesTableOfMember,전라선철도 [구성요소]
entity00113058_JeonlaRailroadCoLtdMemberOfAssociatesAndJointVenturesMemberOfDisclosureOfOutstandingBalancesForRelatedPartyTransactionsTableOfMember,전라선철도 [구성요소]
entity00113058_JeonlaRailroadCoLtdMemberOfAssociatesAndJointVenturesMemberOfDisclosureOfTransactionsBetweenRelatedPartiesTableOfMember,전라선철도 [구성요소]
entity00113058_JointCompensationFundMemberOfRestrictedDepositsMemberOfRestrictedDepositsAndOtherRestrictedAssetsFinancialAssetsAtFairValueThroughProfitOrLossTableOfMember,손해배상공동기금 [구성요소]
entity00113058_JointGuaranteeObligationMemberOfContingentLiabilitiesMemberOfDisclosureOfContingentLiabilityTableOfMember,연대보증의무 [구성요소]
entity00113058_KebHanaBankAndOthersMemberOfCounterpartiesMemberOfRestrictedDepositsAndOtherRestrictedAssetsFinancialAssetsAtAmortisedCostTableOfMember,하나은행 등 [구성요소]
entity00113058_KebHanaBankMemberOfCounterpartiesMemberOfFinancialAssetsPledgedAsSecurityUnderFinancialTransactionCommitmentsTableOfMember,KEB하나은행 [구성요소]
entity00113058_KeyManagementPersonnelCompensationTextBlockTable,주요 경영진에 대한 보상
entity00113058_KeyManagementPersonnelCompensationTextBlockTextBlock,주요 경영진에 대한 보상 [문장영역]
entity00113058_KiwoomAssetManagementAndOtherElectronicShortTermBondsMemberOfBorrowingsByNameMemberOfDisclosureOfDetailedInformationAboutBorrowingsTableOfMember,㈜키움자산운용 등 전자단기사채 [구성요소]
entity00113058_KookminBankMemberOfCounterpartiesMemberOfRestrictedDepositsAndOtherRestrictedAssetsFinancialAssetsAtAmortisedCostTableOfMember,국민은행 [구성요소]
entity00113058_KoreaExchange1MemberOfNameOfSecuredCreditorMemberOfDisclosureOfFinancialAssetsPledgedAsSecurityTableOfMember,한국거래소1 [구성요소]
entity00113058_KoreaExchange2MemberOfNameOfSecuredCreditorMemberOfDisclosureOfFinancialAssetsPledgedAsSecurityTableOfMember,한국거래소2 [구성요소]
entity00113058_KoreaExchange3MemberOfNameOfSecuredCreditorMemberOfDisclosureOfFinancialAssetsPledgedAsSecurityTableOfMember,한국거래소3 [구성요소]
entity00113058_KoreaExchange4MemberOfNameOfSecuredCreditorMemberOfDisclosureOfFinancialAssetsPledgedAsSecurityTableOfMember,한국거래소4 [구성요소]
entity00113058_KoreaExchangeMemberOfCounterpartiesMemberOfRestrictedDepositsAndOtherRestrictedAssetsFinancialAssetsAtAmortisedCostTableOfMember,㈜한국거래소 [구성요소]
entity00113058_KoreaExchangeMemberOfCounterpartiesMemberOfRestrictedDepositsAndOtherRestrictedAssetsFinancialAssetsAtFairValueThroughProfitOrLossTableOfMember,㈜한국거래소 [구성요소]
entity00113058_KoreaFederationOfSavingsBanksMemberOfCounterpartiesMemberOfRestrictedDepositsAndOtherRestrictedAssetsFinancialAssetsAtAmortisedCostTableOfMember,상호저축은행중앙회 [구성요소]
entity00113058_KoreaInvestmentSecuritiesCoLtdAndOthersMemberOfCounterpartiesMemberOfRestrictedDepositsAndOtherRestrictedAssetsFinancialAssetsAtAmortisedCostTableOfMember,한국투자증권 등 [구성요소]
entity00113058_KoreaInvestmentSecuritiesCoLtdAndOthersMemberOfNameOfSecuredCreditorMemberOfDisclosureOfFinancialAssetsPledgedAsSecurityTableOfMember,한국투자증권 등 [구성요소]
entity00113058_KoreaSecuritiesDepository1MemberOfNameOfSecuredCreditorMemberOfDisclosureOfFinancialAssetsPledgedAsSecurityTableOfMember,한국예탁결제원1 [구성요소]
entity00113058_KoreaSecuritiesDepository2MemberOfNameOfSecuredCreditorMemberOfDisclosureOfFinancialAssetsPledgedAsSecurityTableOfMember,한국예탁결제원2 [구성요소]
entity00113058_KoreaSecuritiesDepositoryMemberOfNameOfSecuredCreditorMemberOfDisclosureOfSecuritiesPledgedAsSecurityTableOfMember,한국예탁결제원 [구성요소]
entity00113058_LargeBusinessGroupAndOtherRelatedPartiesMemberOfRelatedPartiesMemberOfDisclosureOfFinancialTransactionsBetweenRelatedPartiesTableOfMember,대규모기업집단 소속회사 및 기타 [구성요소]
entity00113058_LargeBusinessGroupAndOtherRelatedPartiesMemberOfRelatedPartiesMemberOfDisclosureOfOutstandingBalancesForRelatedPartyTransactionsTableOfMember,대규모기업집단 소속회사 및 기타 [구성요소]
entity00113058_LargeBusinessGroupAndOtherRelatedPartiesMemberOfRelatedPartiesMemberOfDisclosureOfSubtotalOfTransactionsBetweenRelatedPartiesTableOfMember,대규모기업집단 소속회사 및 기타 [구성요소]
entity00113058_LargeBusinessGroupAndOtherRelatedPartiesMemberOfRelatedPartiesMemberOfDisclosureOfTransactionsBetweenRelatedPartiesTableOfMember,대규모기업집단 소속회사 및 기타 [구성요소]
entity00113058_LaterThanEightYearsAndNotLaterThanNineYearsMemberOfAggregatedTimeBandsMemberOfDisclosureOfInformationAboutExpectedRecognitionOfContractualServiceMarginInProfitOrLossNonLifeInsuranceSegmentTableOfMember,8년 초과 9년 이내 [구성요소]
entity00113058_LaterThanEightYearsAndNotLaterThanNineYearsMemberOfAggregatedTimeBandsMemberOfDisclosureOfInformationAboutExpectedRecognitionOfContractualServiceMarginInProfitOrLossReinsuranceContractsHeldTableOfMember,8년 초과 9년 이내 [구성요소]
entity00113058_LaterThanEightYearsAndNotLaterThanNineYearsMemberOfAggregatedTimeBandsMemberOfDisclosureOfInformationAboutExpectedRecognitionOfContractualServiceMarginInProfitOrLossTableOfMember,8년 초과 9년 이내 [구성요소]
entity00113058_LaterThanFiveYearsAndNotLaterThanSixYearsMemberOfAggregatedTimeBandsMemberOfDisclosureOfInformationAboutExpectedRecognitionOfContractualServiceMarginInProfitOrLossLifeInsuranceTableOfMember,5년 초과 6년 이내 [구성요소]
entity00113058_LaterThanFiveYearsAndNotLaterThanSixYearsMemberOfAggregatedTimeBandsMemberOfDisclosureOfInformationAboutExpectedRecognitionOfContractualServiceMarginInProfitOrLossNonLifeInsuranceSegmentTableOfMember,5년 초과 6년 이내 [구성요소]
entity00113058_LaterThanFiveYearsAndNotLaterThanSixYearsMemberOfAggregatedTimeBandsMemberOfDisclosureOfInformationAboutExpectedRecognitionOfContractualServiceMarginInProfitOrLossTableOfMember,5년 초과 6년 이내 [구성요소]
entity00113058_LaterThanNineYearsAndNotLaterThanTenYearsMemberOfAggregatedTimeBandsMemberOfDisclosureOfInformationAboutExpectedRecognitionOfContractualServiceMarginInProfitOrLossNonLifeInsuranceSegmentTableOfMember,9년 초과 10년 이내 [구성요소]
entity00113058_LaterThanNineYearsAndNotLaterThanTenYearsMemberOfAggregatedTimeBandsMemberOfDisclosureOfInformationAboutExpectedRecognitionOfContractualServiceMarginInProfitOrLossReinsuranceContractsHeldTableOfMember,9년 초과 10년 이내 [구성요소]
entity00113058_LaterThanNineYearsAndNotLaterThanTenYearsMemberOfAggregatedTimeBandsMemberOfDisclosureOfInformationAboutExpectedRecognitionOfContractualServiceMarginInProfitOrLossTableOfMember,9년 초과 10년 이내 [구성요소]
entity00113058_LaterThanSevenYearsAndNotLaterThanEightYearsMemberOfAggregatedTimeBandsMemberOfDisclosureOfInformationAboutExpectedRecognitionOfContractualServiceMarginInProfitOrLossNonLifeInsuranceSegmentTableOfMember,7년 초과 8년 이내 [구성요소]
entity00113058_LaterThanSevenYearsAndNotLaterThanEightYearsMemberOfAggregatedTimeBandsMemberOfDisclosureOfInformationAboutExpectedRecognitionOfContractualServiceMarginInProfitOrLossReinsuranceContractsHeldTableOfMember,7년 초과 8년 이내 [구성요소]
entity00113058_LaterThanSevenYearsAndNotLaterThanEightYearsMemberOfAggregatedTimeBandsMemberOfDisclosureOfInformationAboutExpectedRecognitionOfContractualServiceMarginInProfitOrLossTableOfMember,7년 초과 8년 이내 [구성요소]
entity00113058_LaterThanSixYearsAndNotLaterThanSevenYearsMemberOfAggregatedTimeBandsMemberOfDisclosureOfInformationAboutExpectedRecognitionOfContractualServiceMarginInProfitOrLossNonLifeInsuranceSegmentTableOfMember,6년 초과 7년 이내 [구성요소]
entity00113058_LaterThanSixYearsAndNotLaterThanSevenYearsMemberOfAggregatedTimeBandsMemberOfDisclosureOfInformationAboutExpectedRecognitionOfContractualServiceMarginInProfitOrLossReinsuranceContractsHeldTableOfMember,6년 초과 7년 이내 [구성요소]
entity00113058_LaterThanSixYearsAndNotLaterThanSevenYearsMemberOfAggregatedTimeBandsMemberOfDisclosureOfInformationAboutExpectedRecognitionOfContractualServiceMarginInProfitOrLossTableOfMember,6년 초과 7년 이내 [구성요소]
entity00113058_LaterThanTenYearsAndNotLaterThanTwentyYearsMemberOfAggregatedTimeBandsMemberOfDisclosureOfInformationAboutExpectedRecognitionOfContractualServiceMarginInProfitOrLossReinsuranceContractsHeldTableOfMember,10년 초과 20년 이내 [구성요소]
entity00113058_LaterThanTenYearsAndNotLaterThanTwentyYearsMemberOfAggregatedTimeBandsMemberOfDisclosureOfInformationAboutExpectedRecognitionOfContractualServiceMarginInProfitOrLossReinsuranceContractsHeldTotalTableOfMember,10년 초과 20년 이내 [구성요소]
entity00113058_LaterThanThirtyYearsMemberOfAggregatedTimeBandsMemberOfDisclosureOfInformationAboutExpectedRecognitionOfContractualServiceMarginInProfitOrLossLifeInsuranceTableOfMember,30년 초과 [구성요소]
entity00113058_LaterThanThirtyYearsMemberOfAggregatedTimeBandsMemberOfDisclosureOfInformationAboutExpectedRecognitionOfContractualServiceMarginInProfitOrLossNonLifeInsuranceSegmentTableOfMember,30년 초과 [구성요소]
entity00113058_LaterThanThirtyYearsMemberOfAggregatedTimeBandsMemberOfDisclosureOfInformationAboutExpectedRecognitionOfContractualServiceMarginInProfitOrLossReinsuranceContractsHeldTableOfMember,30년 초과 [구성요소]
entity00113058_LaterThanThirtyYearsMemberOfAggregatedTimeBandsMemberOfDisclosureOfInformationAboutExpectedRecognitionOfContractualServiceMarginInProfitOrLossReinsuranceContractsHeldTotalTableOfMember,30년 초과 [구성요소]
entity00113058_LaterThanThirtyYearsMemberOfAggregatedTimeBandsMemberOfDisclosureOfInformationAboutExpectedRecognitionOfContractualServiceMarginInProfitOrLossTableOfMember,30년 초과 [구성요소]
entity00113058_LaterThanTwentyFiveYearsAndNotLaterThanThirtyYearsMemberOfAggregatedTimeBandsMemberOfDisclosureOfInformationAboutExpectedRecognitionOfContractualServiceMarginInProfitOrLossIndirectParLifeInsuranceTableOfMember,25년 초과 30년 이내 [구성요소]
entity00113058_LaterThanTwentyFiveYearsAndNotLaterThanThirtyYearsMemberOfAggregatedTimeBandsMemberOfDisclosureOfInformationAboutExpectedRecognitionOfContractualServiceMarginInProfitOrLossNonLifeInsuranceSegmentTableOfMember,25년 초과 30년 이내 [구성요소]
entity00113058_LaterThanTwentyFiveYearsAndNotLaterThanThirtyYearsMemberOfAggregatedTimeBandsMemberOfDisclosureOfInformationAboutExpectedRecognitionOfContractualServiceMarginInProfitOrLossTableOfMember,25년 초과 30년 이내 [구성요소]
entity00113058_LaterThanTwentyYearsAndNotLaterThanThirtyYearsMemberOfAggregatedTimeBandsMemberOfDisclosureOfInformationAboutExpectedRecognitionOfContractualServiceMarginInProfitOrLossReinsuranceContractsHeldTableOfMember,20년 초과 30년 이내 [구성요소]
entity00113058_LaterThanTwentyYearsAndNotLaterThanThirtyYearsMemberOfAggregatedTimeBandsMemberOfDisclosureOfInformationAboutExpectedRecognitionOfContractualServiceMarginInProfitOrLossReinsuranceContractsHeldTotalTableOfMember,20년 초과 30년 이내 [구성요소]
entity00113058_LaterThanTwoYearsMemberOfAggregatedTimeBandsMemberOfDisclosureOfMaturityAnalysisForBorrowingsTableOfMember,2년 초과 [구성요소]
entity00113058_LeaseLiabilitiesRelatedToLeaseholdImprovementsRightsMemberOfLiabilitiesMemberOfLeaseAndLeaseLiabilitesAsALesseeTableOfMember,임차시설개량권 관련 리스부채 [구성요소]
entity00113058_LeaseLiabilitiesRelatedToOtherAssetsMemberOfLiabilitiesMemberOfLeaseAndLeaseLiabilitesAsALesseeTableOfMember,기타자산 관련 리스부채 [구성요소]
entity00113058_LeaseLiabilitiesRelatedToToolsAndEquipmentMemberOfLiabilitiesMemberOfLeaseAndLeaseLiabilitesAsALesseeTableOfMember,공기구비품 관련 리스부채 [구성요소]
entity00113058_LeaseLiabilitiesRelatedToVehiclesAndTransportationEquipmentMemberOfLiabilitiesMemberOfLeaseAndLeaseLiabilitesAsALesseeTableOfMember,차량운반구 관련 리스부채 [구성요소]
entity00113058_LeaseRelatedAmountsInTheStatementOfComprehensiveIncomeAndAssociatedCashOutflowsTable,리스 관련 포괄손익계산서에 인식된 금액 및 현금유출
entity00113058_LeaseRelatedAmountsInTheStatementOfComprehensiveIncomeAndAssociatedCashOutflowsTextBlock,리스 관련 포괄손익계산서에 인식된 금액 및 현금유출[ 문장영역 ]
entity00113058_LiabilitiesAssetsOfInsuranceContractsByParticipatingTypeAbstract,배당유형별 보험계약부채(자산)에 대한 세부 공시[ 개요 ]
entity00113058_LiabilitiesAssetsOfInsuranceContractsByParticipatingTypeLineItemsOfLiabilitiesAssetsOfInsuranceContractsByParticipatingTypeTableOfLineItems,배당유형별 보험계약부채(자산)에 대한 세부 공시 [ 항목 ]
entity00113058_LiabilitiesAssetsOfInsuranceContractsByParticipatingTypeTable,배당유형별 보험계약부채(자산)에 대한 세부 공시
entity00113058_LiabilitiesAssetsOfInsuranceContractsByParticipatingTypeTextBlock,배당유형별 보험계약부채(자산)에 대한 세부 공시[ 문장영역 ]
entity00113058_LiabilitiesAssetsOfInsuranceContractsByPortfolioAndAccountingModelLifeInsuranceSegment,"포트폴리오별, 회계모형별 보험계약부채(자산)에 대한 기술"
entity00113058_LiabilitiesAssetsOfInsuranceContractsByPortfolioAndAccountingModelLifeInsuranceSegmentInParTable,"포트폴리오별, 회계모형별 보험계약부채(자산)에 대한 세부공시, 생명보험계약, Indirect-par"
entity00113058_LiabilitiesAssetsOfInsuranceContractsByPortfolioAndAccountingModelLifeInsuranceSegmentInParTextBlock,"포트폴리오별, 회계모형별 보험계약부채(자산)에 대한 세부공시, 생명보험계약, In-par[ 문장영역 ]"
entity00113058_LiabilitiesAssetsOfInsuranceContractsByPortfolioAndAccountingModelLifeInsuranceSegmentPremiumAllocationApproachTable,"포트폴리오별, 회계모형별 보험계약부채(자산)에 대한 세부공시, 생명보험계약, 보험료배분접근법"
entity00113058_LiabilitiesAssetsOfInsuranceContractsByPortfolioAndAccountingModelLifeInsuranceSegmentPremiumAllocationApproachTextBlock,"포트폴리오별, 회계모형별 보험계약부채(자산)에 대한 세부공시, 생명보험계약, 보험료배분접근법[ 문장영역 ]"
entity00113058_LiabilitiesAssetsOfInsuranceContractsByPortfolioAndAccountingModelLifeInsuranceSegmentTextBlockTable,"포트폴리오별, 회계모형별 보험계약부채(자산)에 대한 세부공시, 생명보험계약, Non-Par"
entity00113058_LiabilitiesAssetsOfInsuranceContractsByPortfolioAndAccountingModelLifeInsuranceSegmentTextBlockTextBlock,"포트폴리오별, 회계모형별 보험계약부채(자산)에 대한 세부공시, 생명보험계약, Non-Par"
entity00113058_LiabilitiesAssetsOfInsuranceContractsByPortfolioAndAccountingModelLifeInsuranceSegmentVariableInsuranceTable,"포트폴리오별, 회계모형별 보험계약부채(자산)에 대한 세부공시, 생명보험계약, 변액보험계약"
entity00113058_LiabilitiesAssetsOfInsuranceContractsByPortfolioAndAccountingModelLifeInsuranceSegmentVariableInsuranceTextBlock,"포트폴리오별, 회계모형별 보험계약부채(자산)에 대한 세부공시, 생명보험계약, 변액보험계약[ 문장영역 ]"
entity00113058_LiabilitiesAssetsOfInsuranceContractsByPortfolioAndAccountingModelNonLifeInsuranceSegmentPremiumAllocationApproachTable,"포트폴리오별, 회계모형별 보험계약부채(자산)에 대한 세부공시, 손해보험계약, 보험료배분접근법"
entity00113058_LiabilitiesAssetsOfInsuranceContractsByPortfolioAndAccountingModelNonLifeInsuranceSegmentPremiumAllocationApproachTextBlock,"포트폴리오별, 회계모형별 보험계약부채(자산)에 대한 세부공시, 손해보험계약, 보험료배분접근법[ 문장영역 ]"
entity00113058_LiabilitiesAssetsOfInsuranceContractsByPortfolioAndAccountingModelNonLifeInsuranceSegmentTable,"포트폴리오별, 회계모형별 보험계약부채(자산)에 대한 세부공시, 손해보험계약"
entity00113058_LiabilitiesAssetsOfInsuranceContractsByPortfolioAndAccountingModelNonLifeInsuranceSegmentTextBlock,"포트폴리오별, 회계모형별 보험계약부채(자산)에 대한 세부공시, 손해보험계약[ 문장영역 ]"
entity00113058_LiabilitiesAssetsOfInsuranceContractsByPortfolioAndAccountingModelPremiumAllocationApproachTable,"포트폴리오별, 회계모형별 보험계약부채(자산)에 대한 세부공시, 보험료배분접근법"
entity00113058_LiabilitiesAssetsOfInsuranceContractsByPortfolioAndAccountingModelPremiumAllocationApproachTextBlock,"포트폴리오별, 회계모형별 보험계약부채(자산)에 대한 세부공시, 보험료배분접근법[ 문장영역 ]"
entity00113058_LiabilitiesAssetsOfInsuranceContractsByPortfolioAndAccountingModelSummaryTable,"포트폴리오별, 회계모형별 보험계약부채(자산)에 대한 세부공시, 합계"
entity00113058_LiabilitiesAssetsOfInsuranceContractsByPortfolioAndAccountingModelSummaryTextBlock,"포트폴리오별, 회계모형별 보험계약부채(자산)에 대한 세부공시, 합계[ 문장영역 ]"
entity00113058_LiabilitiesAssetsOfInsuranceContractsByPortfolioAndAccountingModelTotalTable,"포트폴리오별, 회계모형별 보험계약부채(자산)에 대한 세부공시, 합계"
entity00113058_LiabilitiesAssetsOfInsuranceContractsByPortfolioAndAccountingModelTotalTextBlock,"포트폴리오별, 회계모형별 보험계약부채(자산)에 대한 세부공시, 합계[ 문장영역 ]"
entity00113058_LiabilitiesAssetsOfInsuranceContractsByPortfolioAndAccountingModelVariableInsuranceTable,"포트폴리오별, 회계모형별 보험계약부채(자산)에 대한 세부공시, 변액보험"
entity00113058_LiabilitiesAssetsOfInsuranceContractsByPortfolioAndAccountingModelVariableInsuranceTextBlock,"포트폴리오별, 회계모형별 보험계약부채(자산)에 대한 세부공시, 변액보험[ 문장영역 ]"
entity00113058_LiabilitiesAssetsOfInsuranceContractsByPortfolioLifeInsuranceSegmentTable,"포트폴리오별 보험계약부채(자산)에 대한 세부 공시, 생명보험부문"
entity00113058_LiabilitiesAssetsOfInsuranceContractsByPortfolioLifeInsuranceSegmentTextBlock,"포트폴리오별 보험계약부채(자산)에 대한 세부 공시, 생명보험부문"
entity00113058_LiabilitiesAssetsOfInsuranceContractsByPortfolioNonLifeInsuranceSegmentTable,"포트폴리오별 보험계약부채(자산)에 대한 세부 공시, 손해보험부문"
entity00113058_LiabilitiesAssetsOfInsuranceContractsByPortfolioNonLifeInsuranceSegmentTextBlock,"포트폴리오별 보험계약부채(자산)에 대한 세부 공시, 손해보험부문[ 문장영역 ]"
entity00113058_LiabilitiesAssetsOfInsuranceContractsByPortfolioTable,"포트폴리오별 보험계약부채(자산)에 대한 세부 공시, 합계"
entity00113058_LiabilitiesAssetsOfInsuranceContractsByPortfolioTextBlock,포트폴리오별 보험계약부채(자산)에 대한 세부 공시[ 문장영역 ]
entity00113058_LiabilitiesOtherThanInsuranceContractsIssuedThatAreLiabilitiesAndReinsuranceContractsHeldThatAreLiabilitiesOfLiabilitiesOfDisclosureOfAssetsAndLiabilitiesByOperatingSegmentsTableOfItems,보험계약부채 및 재보험계약부채를 제외한 부채
entity00113058_LimitedLoansMemberOfTypesOfCommitmentsMemberOfDisclosureOfCommitmentsTableOfMember,한도대출 [구성요소]
entity00113058_LoansFromKoreaSecuritiesFinanceCorporationMemberOfBorrowingsByNameMemberOfDisclosureOfDetailedInformationAboutBorrowingsTableOfMember,한국증권금융 증권금융차입금 [구성요소]
entity00113058_LoansRelatedPartyTransactionsOfDisclosureOfTheSubtotalOfOutstandingBalancesForRelatedPartyTransactionsLineItemsOfDisclosureOfTheSubtotalOfOutstandingBalancesForRelatedPartyTransactionsTableOfItems,"대출채권, 특수관계자거래"
entity00113058_LossesOnDisposalOfInvestmentsInAssociatesSubsidiariesAndImpairmentLossOfNonOperatingExpenseOfNonoperatingIncomeExpenseTableOfItems,관계기업/종속기업투자처분손실 및 손상차손
entity00113058_MarginDepositsForFuturesTransactionsMemberOfRestrictedDepositsMemberOfDisclousureOfRestrictedFinancialAssetsTableOfMember,선물거래예치금 [구성요소]
entity00113058_MaturityDateHybridBondsOfDetailOfHybridBondsLineItemsOfDetailOfHybridBondsTableOfItems,"만기일, 신종자본증권"
entity00113058_MiraeAssetUkGasInfrastructureGeneralPrivateSpecialAssetInvestmentTrustNo1MemberOfBeneficiaryCertificateMemberOfDisclosureOfFinancialTransactionsBetweenRelatedPartiesTableOfMember,미래에셋UK가스인프라일반사모특별자산투자신탁1호 [구성요소]
entity00113058_MiscellaneousAssociatesAndJointVenturesMemberOfAssociatesAndJointVenturesMemberOfDisclosureOfFinancialTransactionsBetweenRelatedPartiesTableOfMember,그밖의 관계기업 및 공동기업 [구성요소]
entity00113058_MiscellaneousAssociatesAndJointVenturesMemberOfAssociatesAndJointVenturesMemberOfDisclosureOfOutstandingBalancesForRelatedPartyTransactionsTableOfMember,그밖의 관계기업 및 공동기업 [구성요소]
entity00113058_MiscellaneousAssociatesAndJointVenturesMemberOfAssociatesAndJointVenturesMemberOfDisclosureOfTransactionsBetweenRelatedPartiesTableOfMember,그밖의 관계기업 및 공동기업 [구성요소]
entity00113058_MiscellaneousConsolidatedBeneficiaryCertificatesMemberOfBeneficiaryCertificateMemberOfDisclosureOfFinancialTransactionsBetweenRelatedPartiesTableOfMember,그밖의 연결대상 수익증권 [구성요소]
entity00113058_MiscellaneousLargeBusinessGroupAndOtherRelatedPartiesMemberOfLargeBusinessGroupAndOtherRelatedPartiesMemberOfDisclosureOfOutstandingBalancesForRelatedPartyTransactionsTableOfMember,그밖의 대규모기업집단 소속회사 및 기타 특수관계자 [구성요소]
entity00113058_MiscellaneousLargeBusinessGroupAndOtherRelatedPartiesMemberOfLargeBusinessGroupAndOtherRelatedPartiesMemberOfDisclosureOfTransactionsBetweenRelatedPartiesTableOfMember,그밖의 대규모기업집단 소속회사 및 기타 특수관계자 [구성요소]
entity00113058_MiscellaneousOtherFinancialLiabilitiesOfMiscellaneousLiabilitiesAbstractOfOtherFinancialLiabilitiesTableOfItems,그 밖의 기타금융부채
entity00113058_MiscellaneousOtherLiabilitiesIncludingUnearnedIncomeOfMiscellaneousLiabilitiesAbstractOfDisclosureOfOtherLiabilitiesTableOfItems,선수수익 등 기타비금융부채
entity00113058_MiscellaneousOtherOperatingExpenseInvestmentOfOtherOperatingExpenseInvestmentOfDisclosureOfOtherOperatingIncomeExpenseTableOfItems,그 밖의 기타투자비용
entity00113058_MiscellaneousOtherOperatingIncomeInvestmentOfOtherOperatingIncomeInvestmentOfDisclosureOfOtherOperatingIncomeExpenseTableOfItems,그 밖의 기타투자수익
entity00113058_MontecarloSimulationEtcMemberOfValuationTechniquesMemberOfDisclosureOfSignificantUnobservableInputsUsedInFairValueMeasurementOfAssetsTableOfMember,몬테카를로 시뮬레이션 등 [구성요소]
entity00113058_MontecarloSimulationEtcMemberOfValuationTechniquesMemberOfDisclosureOfSignificantUnobservableInputsUsedInFairValueMeasurementOfLiabilitiesTableOfMember,몬테카를로 시뮬레이션 등 [구성요소]
entity00113058_MontecarloSimulationEtcMemberOfValuationTechniquesMemberOfValuationTechniquesAndInputsUsedInFairValueMeasurementOfLevel3AssetsTableOfMember,몬테카를로 시뮬레이션 등 [구성요소]
entity00113058_MontecarloSimulationEtcMemberOfValuationTechniquesMemberOfValuationTechniquesAndInputsUsedInFairValueMeasurementOfLevel3LiabilitiesTableOfMember,몬테카를로 시뮬레이션 등 [구성요소]
entity00113058_MortgageAndLeaseholdRightsOnLeaseDepositsWithRelatedPartiesTable,특수관계자와의 임대보증금 관련 근저당 및 전세권 설정내역
entity00113058_MortgageAndLeaseholdRightsOnLeaseDepositsWithRelatedPartiesTextBlock,특수관계자와의 임대보증금 관련 근저당 및 전세권 설정내역[ 문장영역 ]
entity00113058_MortgageAndLeaseholdRightsRelatedToGuaranteeDepositTable,임대보증금 관련 근저당 및 전세권 설정내역
entity00113058_MortgageAndLeaseholdRightsRelatedToGuaranteeDepositTextBlock,임대보증금 관련 근저당 및 전세권 설정내역[ 문장영역 ]
entity00113058_MortgageAndLeaseholdRightsRelatedToGuaranteeDepositWithRalatedPartiesTable,특수관계자와의 임대보증금 관련 근저당 및 전세권 설정내역
entity00113058_MortgageAndLeaseholdRightsRelatedToGuaranteeDepositWithRalatedPartiesTextBlock,특수관계자와의 임대보증금 관련 근저당 및 전세권 설정내역[ 문장영역 ]
entity00113058_NationalPensionConversionFundAmountContributedToFairValueOfPlanAssetsOfClassesOfPlanAssetsFairValueMonetaryAmountsAbstractOfDisclosureOfFairValueOfPlanAssetsTableOfItems,"국민연금전환금, 전체 사외적립자산에서 차지하는 금액"
entity00113058_NationalPensionConversionFundPercentageContributedToFairValueOfPlanAssetsOfClassesOfPlanAssetsFairValuePercentageAmountsAbstractOfDisclosureOfFairValueOfPlanAssetsTableOfItems,"국민연금전환금, 사외적립자산 공정가치에서 차지하는 비율"
entity00113058_NationalSecuritiesClearingCorporationAndOthersMemberOfCounterpartiesMemberOfRestrictedDepositsAndOtherRestrictedAssetsFinancialAssetsAtAmortisedCostTableOfMember,National Securities Clearing Corporation 등 [구성요소]
entity00113058_NetFinanceIncomeLossOfInsuranceContractAssetsLiabilitiesNonCashTransactionOfDisclosureOfSignificantNonCashTransactionsLineItemsOfDisclosureOfSignificantNonCashTransactionsTableOfItems,"보험계약자산(부채)순금융손익, 비현금흐름"
entity00113058_NetFinanceIncomeLossOfReinsuranceContractAssetsLiabilitiesNonCashTransactionOfDisclosureOfSignificantNonCashTransactionsLineItemsOfDisclosureOfSignificantNonCashTransactionsTableOfItems,"재보험계약자산(부채)순금융손익, 비현금흐름"
entity00113058_NewAirportHiwayCoLtdMemberOfAssociatesAndJointVenturesMemberOfDisclosureOfFinancialTransactionsBetweenRelatedPartiesTableOfMember,신공항하이웨이 [구성요소]
entity00113058_NewAirportHiwayCoLtdMemberOfAssociatesAndJointVenturesMemberOfDisclosureOfOutstandingBalancesForRelatedPartyTransactionsTableOfMember,신공항하이웨이 [구성요소]
entity00113058_NewAirportHiwayCoLtdMemberOfAssociatesAndJointVenturesMemberOfDisclosureOfTransactionsBetweenRelatedPartiesTableOfMember,신공항하이웨이 [구성요소]
entity00113058_NonFinancialSevicesSegmentMemberOfOperatingSegmentsMemberOfDisclosureOfAssetsAndLiabilitiesByOperatingSegmentsTableOfMember,비금융 [구성요소]
entity00113058_NonFinancialSevicesSegmentMemberOfOperatingSegmentsMemberOfDisclosureOfOperatingSegmentsTableOfMember,비금융 [구성요소]
entity00113058_NonParticipatingHealthInsuranceMemberOfHealthInsuranceMemberOfDisclosureofinformationaboutexpectedrecognitionofcontractualservicemargininprofitorlosslifeinsurancetableTableOfMember,무배당 건강보험 [구성요소]
entity00113058_NonParticipatingHealthInsuranceMemberOfHealthInsuranceMemberOfLiabilitiesAssetsOfInsuranceContractsByPortfolioAndAccountingModelLifeInsuranceSegmentInParTableOfMember,무배당 건강보험 [구성요소]
entity00113058_NonParticipatingHealthInsuranceMemberOfHealthInsuranceMemberOfLiabilitiesAssetsOfInsuranceContractsByPortfolioAndAccountingModelLifeInsuranceSegmentTextBlockTableOfMember,무배당 건강보험 [구성요소]
entity00113058_NonParticipatingIllnessOrDiseaseInsuranceMemberOfIllnessOrDiseaseInsuranceMemberOfDisclosureOfInformationAboutExpectedRecognitionOfContractualServiceMarginInProfitOrLossNonLifeInsuranceSegmentTableOfMember,무배당 질병보험 [구성요소]
entity00113058_NonParticipatingIllnessOrDiseaseInsuranceMemberOfIllnessOrDiseaseInsuranceMemberOfLiabilitiesAssetsOfInsuranceContractsByPortfolioAndAccountingModelNonLifeInsuranceSegmentTableOfMember,무배당 질병보험 [구성요소]
entity00113058_NonParticipatingInsuranceContractsIssuedThatAreLiabilitiesOfInsuranceContractsIssuedThatAreLiabilities,무배당 보험계약부채
entity00113058_NonParticipatingInsuranceContractsMemberOfTypesOfContractsMemberOfDisclosureOfReconciliationOfChangesInInsuranceContractsIssuedByComponentsParticipatingTypeTableOfMember,무배당 보험계약 [구성요소]
entity00113058_NonParticipatingInsuranceContractsMemberOfTypesOfContractsMemberOfDisclosureOfReconciliationOfChangesInInsuranceContractsIssuedByRemainingCoverageAndIncurredClaimsParticipatingTypeTableOfMember,무배당 보험계약 [구성요소]
entity00113058_NonParticipatingInsuranceContractsMemberOfTypesOfContractsMemberOfDisclosureOfReconciliationOfChangesInInsuranceContractsIssuedByRemainingCoverageAndIncurredClaimsPremiumAllocationApproachParticipatingTypeTableOfMember,무배당 보험계약 [구성요소]
entity00113058_NonParticipatingInsuranceContractsMemberOfTypesOfContractsMemberOfLiabilitiesAssetsOfInsuranceContractsByParticipatingTypeTableOfMember,무배당 보험계약 [구성요소]
entity00113058_NonParticipatingInsuranceContractsMemberOfTypesOfContractsMemberOfLiabilitiesAssetsOfInsuranceContractsByPortfolioTableOfMember,무배당 보험계약 [구성요소]
entity00113058_NonParticipatingLifeInsuranceMemberOfLifeInsuranceMemberOfDisclosureofinformationaboutexpectedrecognitionofcontractualservicemargininprofitorlosslifeinsurancetableTableOfMember,무배당 사망보험 [구성요소]
entity00113058_NonParticipatingLifeInsuranceMemberOfLifeInsuranceMemberOfLiabilitiesAssetsOfInsuranceContractsByPortfolioAndAccountingModelLifeInsuranceSegmentPremiumAllocationApproachTableOfMember,무배당 사망보험 [구성요소]
entity00113058_NonParticipatingLifeInsuranceMemberOfLifeInsuranceMemberOfLiabilitiesAssetsOfInsuranceContractsByPortfolioAndAccountingModelLifeInsuranceSegmentTextBlockTableOfMember,무배당 사망보험 [구성요소]
entity00113058_NonParticipatingOtherInsuranceMemberOfOtherInsuranceMemberOfDisclosureOfInformationAboutExpectedRecognitionOfContractualServiceMarginInProfitOrLossNonLifeInsuranceSegmentTableOfMember,무배당 기타보험 [구성요소]
entity00113058_NonParticipatingOtherInsuranceMemberOfOtherInsuranceMemberOfLiabilitiesAssetsOfInsuranceContractsByPortfolioAndAccountingModelNonLifeInsuranceSegmentTableOfMember,무배당 기타보험 [구성요소]
entity00113058_NonParticipatingOverseasInsuranceMemberOfOverseasInsuranceMemberOfDisclosureofinformationaboutexpectedrecognitionofcontractualservicemargininprofitorlosslifeinsurancetableTableOfMember,무배당 해외보험 [구성요소]
entity00113058_NonParticipatingOverseasInsuranceMemberOfOverseasInsuranceMemberOfLiabilitiesAssetsOfInsuranceContractsByPortfolioAndAccountingModelLifeInsuranceSegmentInParTableOfMember,무배당 해외보험 [구성요소]
entity00113058_NonParticipatingOverseasInsuranceMemberOfOverseasInsuranceMemberOfLiabilitiesAssetsOfInsuranceContractsByPortfolioAndAccountingModelLifeInsuranceSegmentTextBlockTableOfMember,무배당 해외보험 [구성요소]
entity00113058_NonParticipatingPensionAndSavingsInsuranceMemberOfPensionAndSavingsInsuranceMemberOfDisclosureOfInformationAboutExpectedRecognitionOfContractualServiceMarginInProfitOrLossNonLifeInsuranceSegmentTableOfMember,무배당 연금저축보험 [구성요소]
entity00113058_NonParticipatingPensionAndSavingsInsuranceMemberOfPensionAndSavingsInsuranceMemberOfDisclosureofinformationaboutexpectedrecognitionofcontractualservicemargininprofitorlosslifeinsurancetableTableOfMember,무배당 연금저축보험 [구성요소]
entity00113058_NonParticipatingPensionAndSavingsInsuranceMemberOfPensionAndSavingsInsuranceMemberOfLiabilitiesAssetsOfInsuranceContractsByPortfolioAndAccountingModelLifeInsuranceSegmentInParTableOfMember,무배당 연금저축보험 [구성요소]
entity00113058_NonParticipatingPensionAndSavingsInsuranceMemberOfPensionAndSavingsInsuranceMemberOfLiabilitiesAssetsOfInsuranceContractsByPortfolioAndAccountingModelLifeInsuranceSegmentTextBlockTableOfMember,무배당 연금저축보험 [구성요소]
entity00113058_NonParticipatingPersonalInjuryInsuranceMemberOfPersonalInjuryInsuranceMemberOfDisclosureOfInformationAboutExpectedRecognitionOfContractualServiceMarginInProfitOrLossNonLifeInsuranceSegmentTableOfMember,무배당 상해보험 [구성요소]
entity00113058_NonParticipatingPersonalInjuryInsuranceMemberOfPersonalInjuryInsuranceMemberOfLiabilitiesAssetsOfInsuranceContractsByPortfolioAndAccountingModelNonLifeInsuranceSegmentTableOfMember,무배당 상해보험 [구성요소]
entity00113058_NonParticipatingPropertyInsuranceMemberOfPropertyInsuranceMemberOfDisclosureOfInformationAboutExpectedRecognitionOfContractualServiceMarginInProfitOrLossNonLifeInsuranceSegmentTableOfMember,무배당 재물보험 [구성요소]
entity00113058_NonParticipatingPropertyInsuranceMemberOfPropertyInsuranceMemberOfLiabilitiesAssetsOfInsuranceContractsByPortfolioAndAccountingModelNonLifeInsuranceSegmentTableOfMember,무배당 재물보험 [구성요소]
entity00113058_One2ThPublicOfferingNonGuaranteedSubordinateCorporateBondsMemberOfBorrowingsByNameMemberOfDisclosureOfDetailInformationAboutBondsIssuedTableOfMember,제 12차 공모형 무보증 후순위사채 [구성요소]
entity00113058_One5ThPublicOfferingNonGuaranteedSubordinateCorporateBondsMemberOfBorrowingsByNameMemberOfDisclosureOfDetailInformationAboutBondsIssuedTableOfMember,제 15차 공모형 무보증 후순위사채 [구성요소]
entity00113058_One6ThPublicOfferingNonGuaranteedSubordinateCorporateBondsMemberOfBorrowingsByNameMemberOfDisclosureOfDetailInformationAboutBondsIssuedTableOfMember,제 16차 공모형 무보증 후순위사채 [구성요소]
entity00113058_OtherAssetsOtherThanFinancialAssetsInvestmentsAccountedForUsingEquityMethodInsuranceContractsIssuedThatAreAssetsAndReinsuranceContractsHeldThatAreAssetsOfAssetsOfDisclosureOfAssetsAndLiabilitiesByOperatingSegmentsTableOfItems,"금융자산, 지분법적용 투자지분, 보험계약자산 및 재보험계약자산을 제외한 자산"
entity00113058_OtherComprehensiveIncomeNetOfTaxGainsLossesOnChangeInFairValueOfFinancialLiabilitiesDesignatedAtFairValueThroughProfitOrLossOfOtherComprehensiveIncomeAbstract,당기손익-공정가치측정지정금융부채평가손익
entity00113058_OtherComprehensiveIncomeNetOfTaxGainsLossesOnChangeInFairValueOfFinancialLiabilitiesDesignatedAtFairValueThroughProfitOrLossOfOtherComprehensiveIncomeThatWillNotBeReclassifiedToProfitOrLossNetOfTax,당기손익-공정가치측정지정금융부채평가손익
entity00113058_OtherDebtRelatedPartyTransactionsOfDisclosureOfTheSubtotalOfOutstandingBalancesForRelatedPartyTransactionsLineItemsOfDisclosureOfTheSubtotalOfOutstandingBalancesForRelatedPartyTransactionsTableOfItems,"기타 채무, 특수관계자거래"
entity00113058_OtherExpenseRelatedPartyTransactionsOfDisclosureOfSubtotalOfTransactionsBetweenRelatedPartiesLineItemsOfDisclosureOfSubtotalOfTransactionsBetweenRelatedPartiesTableOfItems,"기타비용, 특수관계자거래"
entity00113058_OtherFinancialServicesSegmentMemberOfOperatingSegmentsMemberOfDisclosureOfAssetsAndLiabilitiesByOperatingSegmentsTableOfMember,기타금융 [구성요소]
entity00113058_OtherFinancialServicesSegmentMemberOfOperatingSegmentsMemberOfDisclosureOfOperatingSegmentsTableOfMember,기타금융 [구성요소]
entity00113058_OtherIncomeRelatedPartyTransactionsOfDisclosureOfSubtotalOfTransactionsBetweenRelatedPartiesLineItemsOfDisclosureOfSubtotalOfTransactionsBetweenRelatedPartiesTableOfItems,"기타수익, 특수관계자거래"
entity00113058_OtherInvestmentReturnOnAssetsOfInvestmentReturnOnAssetsRecognisedInProfitOrLossOfInvestmentReturnOnAssetsRelatedToInsuranceFinanceIncomeExpensesTableOfItems,기타투자손익
entity00113058_OtherReceivablesRelatedPartyTransactionsOfDisclosureOfTheSubtotalOfOutstandingBalancesForRelatedPartyTransactionsLineItemsOfDisclosureOfTheSubtotalOfOutstandingBalancesForRelatedPartyTransactionsTableOfItems,"기타 채권, 특수관계자거래"
entity00113058_OtherSecuritiesOfCustomersInCustodyOfSecuritiesOfCustomersInCustodyLineItemsOfSecuritiesOfCustomersInCustodyTableOfItems,기타예수유가증권
entity00113058_OthersFairValueMeasurementAssetsOfChangesInFairValueMeasurementAssetsAbstractOfReconciliationOfChangesInFairValueMeasurementAssetsTableOfItems,"기타, 공정가치측정, 자산"
entity00113058_OverdraftLoanMemberOfTypesOfCommitmentsMemberOfDisclosureOfCommitmentsTableOfMember,당좌대출 [구성요소]
entity00113058_OverseasInsuranceMemberOfTypesOfContractsMemberOfDisclosureOfAnalysisOfInsuranceServiceExpensesFromReinsuranceContractsTableOfMember,해외보험 [구성요소]
entity00113058_OverseasInsuranceMemberOfTypesOfContractsMemberOfDisclosureofinformationaboutexpectedrecognitionofcontractualservicemargininprofitorlosslifeinsurancetableTableOfMember,해외보험 [구성요소]
entity00113058_OverseasInsuranceMemberOfTypesOfContractsMemberOfLiabilitiesAssetsOfInsuranceContractsByPortfolioAndAccountingModelLifeInsuranceSegmentInParTableOfMember,해외보험 [구성요소]
entity00113058_OverseasInsuranceMemberOfTypesOfContractsMemberOfLiabilitiesAssetsOfInsuranceContractsByPortfolioAndAccountingModelLifeInsuranceSegmentTextBlockTableOfMember,해외보험 [구성요소]
entity00113058_OverseasInsuranceMemberOfTypesOfContractsMemberOfLiabilitiesAssetsOfInsuranceContractsByPortfolioLifeInsuranceSegmentTableOfMember,해외보험 [구성요소]
entity00113058_OverseasInsuranceMemberOfTypesOfContractsMemberOfLiabilitiesAssetsOfInsuranceContractsByPortfolioLifeInsuranceTableOfMember,해외보험 [구성요소]
entity00113058_OverseasInsuranceMemberOfTypesOfContractsMemberOfReinsuranceContractsHeldThatAreLiabilitiesAssetsByPortfolioLifeInsuranceSegmentTableOfMember,해외보험 [구성요소]
entity00113058_ParticipatingHealthInsuranceMemberOfHealthInsuranceMemberOfDisclosureofinformationaboutexpectedrecognitionofcontractualservicemargininprofitorlosslifeinsurancetableTableOfMember,유배당 건강보험 [구성요소]
entity00113058_ParticipatingHealthInsuranceMemberOfHealthInsuranceMemberOfLiabilitiesAssetsOfInsuranceContractsByPortfolioAndAccountingModelLifeInsuranceSegmentInParTableOfMember,유배당 건강보험 [구성요소]
entity00113058_ParticipatingHealthInsuranceMemberOfHealthInsuranceMemberOfLiabilitiesAssetsOfInsuranceContractsByPortfolioAndAccountingModelLifeInsuranceSegmentTextBlockTableOfMember,유배당 건강보험 [구성요소]
entity00113058_ParticipatingInsuranceContractsIssuedThatAreLiabilitiesOfInsuranceContractsIssuedThatAreLiabilities,유배당 보험계약부채
entity00113058_ParticipatingInsuranceContractsMemberOfTypesOfContractsMemberOfDisclosureOfReconciliationOfChangesInInsuranceContractsIssuedByComponentsParticipatingTypeTableOfMember,유배당 보험계약 [구성요소]
entity00113058_ParticipatingInsuranceContractsMemberOfTypesOfContractsMemberOfDisclosureOfReconciliationOfChangesInInsuranceContractsIssuedByRemainingCoverageAndIncurredClaimsParticipatingTypeTableOfMember,유배당 보험계약 [구성요소]
entity00113058_ParticipatingInsuranceContractsMemberOfTypesOfContractsMemberOfLiabilitiesAssetsOfInsuranceContractsByParticipatingTypeTableOfMember,유배당 보험계약 [구성요소]
entity00113058_ParticipatingInsuranceContractsMemberOfTypesOfContractsMemberOfLiabilitiesAssetsOfInsuranceContractsByPortfolioTableOfMember,유배당 보험계약 [구성요소]
entity00113058_ParticipatingLifeInsuranceMemberOfLifeInsuranceMemberOfDisclosureofinformationaboutexpectedrecognitionofcontractualservicemargininprofitorlosslifeinsurancetableTableOfMember,유배당 사망보험 [구성요소]
entity00113058_ParticipatingLifeInsuranceMemberOfLifeInsuranceMemberOfLiabilitiesAssetsOfInsuranceContractsByPortfolioAndAccountingModelLifeInsuranceSegmentInParTableOfMember,유배당 사망보험 [구성요소]
entity00113058_ParticipatingLifeInsuranceMemberOfLifeInsuranceMemberOfLiabilitiesAssetsOfInsuranceContractsByPortfolioAndAccountingModelLifeInsuranceSegmentTextBlockTableOfMember,유배당 사망보험 [구성요소]
entity00113058_ParticipatingOtherInsuranceMemberOfOtherInsuranceMemberOfLiabilitiesAssetsOfInsuranceContractsByPortfolioAndAccountingModelLifeInsuranceSegmentInParTableOfMember,유배당 기타보험 [구성요소]
entity00113058_ParticipatingOtherInsuranceMemberOfOtherInsuranceMemberOfLiabilitiesAssetsOfInsuranceContractsByPortfolioAndAccountingModelLifeInsuranceSegmentTextBlockTableOfMember,유배당 기타보험 [구성요소]
entity00113058_ParticipatingOverseasInsuranceMemberOfOverseasInsuranceMemberOfDisclosureofinformationaboutexpectedrecognitionofcontractualservicemargininprofitorlosslifeinsurancetableTableOfMember,유배당 해외보험 [구성요소]
entity00113058_ParticipatingOverseasInsuranceMemberOfOverseasInsuranceMemberOfLiabilitiesAssetsOfInsuranceContractsByPortfolioAndAccountingModelLifeInsuranceSegmentInParTableOfMember,유배당 해외보험 [구성요소]
entity00113058_ParticipatingOverseasInsuranceMemberOfOverseasInsuranceMemberOfLiabilitiesAssetsOfInsuranceContractsByPortfolioAndAccountingModelLifeInsuranceSegmentTextBlockTableOfMember,유배당 해외보험 [구성요소]
entity00113058_ParticipatingPensionAndSavingsInsuranceMemberOfPensionAndSavingsInsuranceMemberOfDisclosureOfInformationAboutExpectedRecognitionOfContractualServiceMarginInProfitOrLossNonLifeInsuranceSegmentTableOfMember,유배당 연금저축보험 [구성요소]
entity00113058_ParticipatingPensionAndSavingsInsuranceMemberOfPensionAndSavingsInsuranceMemberOfDisclosureofinformationaboutexpectedrecognitionofcontractualservicemargininprofitorlosslifeinsurancetableTableOfMember,유배당 연금저축보험 [구성요소]
entity00113058_ParticipatingPensionAndSavingsInsuranceMemberOfPensionAndSavingsInsuranceMemberOfLiabilitiesAssetsOfInsuranceContractsByPortfolioAndAccountingModelLifeInsuranceSegmentInParTableOfMember,유배당 연금저축보험 [구성요소]
entity00113058_ParticipatingPensionAndSavingsInsuranceMemberOfPensionAndSavingsInsuranceMemberOfLiabilitiesAssetsOfInsuranceContractsByPortfolioAndAccountingModelLifeInsuranceSegmentTextBlockTableOfMember,유배당 연금저축보험 [구성요소]
entity00113058_PersonalInjuryInsuranceMemberOfLongTermInsuranceMemberOfLiabilitiesAssetsOfInsuranceContractsByPortfolioAndAccountingModelNonLifeInsuranceSegmentTableOfMember,상해보험 [구성요소]
entity00113058_PropertyInsuranceMemberOfLongTermInsuranceMemberOfLiabilitiesAssetsOfInsuranceContractsByPortfolioAndAccountingModelNonLifeInsuranceSegmentTableOfMember,재물보험 [구성요소]
entity00113058_PurchaseOfReceivablesThroughRelatedPartiesOfDetailsOfTheTradeOfReceivablesThroughRelatedPartiesLineItemsOfDetailsOfTheTradeOfReceivablesThroughRelatedPartiesTableOfItems,"채권매수, 특수관계자거래"
entity00113058_ReceivablesAgainstCompaniesUnderCourtReceivershipAndCompositionProceedingsOfDisclosureOfReceivablesSubjectToCourtReceivershipOrSimilarRehabilitationProceedingsLineItemsOfDisclosureOfReceivablesSubjectToCourtReceivershipOrSimilarRehabilitationProceedingsTableOfItems,법정관리 및 화의개시 대상회사에 대한 채권
entity00113058_ReconciliationOfChangesInAccumulatedOtherComprehensiveIncomeAbstract,기타포괄손익누적액의 변동내역[ 개요 ]
entity00113058_ReconciliationOfChangesInAccumulatedOtherComprehensiveIncomeLineItemsOfReconciliationOfChangesInAccumulatedOtherComprehensiveIncomeTableOfLineItems,기타포괄손익누적액의 변동내역 [항목]
entity00113058_ReconciliationOfChangesInAccumulatedOtherComprehensiveIncomeTable,기타포괄손익누적액의 변동내역
entity00113058_ReconciliationOfChangesInAccumulatedOtherComprehensiveIncomeTextBlock,기타포괄손익누적액의 변동내역[ 문장영역 ]
entity00113058_ReinsuranceContractsHeldThatAreLiabilitiesAssetsByPortfolioLifeInsuranceSegmentTable,"포트폴리오별 재보험계약부채(자산)에 대한 세부 공시, 생명보험부문"
entity00113058_ReinsuranceContractsHeldThatAreLiabilitiesAssetsByPortfolioLifeInsuranceSegmentTextBlock,"포트폴리오별 재보험계약부채(자산)에 대한 세부 공시, 생명보험부문[ 문장영역 ]"
entity00113058_ReinsuranceContractsHeldThatAreLiabilitiesAssetsByPortfolioNonLifeInsuranceSegmentTable,"포트폴리오별 재보험계약부채(자산)에 대한 세부 공시, 손해보험부문"
entity00113058_ReinsuranceContractsHeldThatAreLiabilitiesAssetsByPortfolioNonLifeInsuranceSegmentTextBlock,"포트폴리오별 재보험계약부채(자산)에 대한 세부 공시, 손해보험부문[ 문장영역 ]"
entity00113058_ReinsuranceContractsHeldThatAreLiabilitiesAssetsByPortfolioTable,포트폴리오별 재보험계약부채(자산)에 대한 세부 공시
entity00113058_ReinsuranceContractsHeldThatAreLiabilitiesAssetsByPortfolioTextBlock,포트폴리오별 재보험계약부채(자산)에 대한 세부 공시[ 문장영역 ]
entity00113058_ReinsuranceContractsHeldThatAreLiabilitiesAssetsByPortfolioTotalTable,"포트폴리오별 재보험계약부채(자산)에 대한 세부 공시, 합계"
entity00113058_ReinsuranceContractsHeldThatAreLiabilitiesAssetsByPortfolioTotalTextBlock,"포트폴리오별 재보험계약부채(자산)에 대한 세부 공시, 합계[ 문장영역 ]"
entity00113058_ReinsuranceExpensesOfDisclosureOfAnalysisOfExpensesFromReinsuranceContractsLineItemsOfDisclosureOfAnalysisOfExpensesFromReinsuranceContractsTableOfItems,"재보험비용, 당기 및 과거서비스 재보험료 경험조정"
entity00113058_RentalIncomeRelatedPartyTransactionsOfDisclosureOfSubtotalOfTransactionsBetweenRelatedPartiesLineItemsOfDisclosureOfSubtotalOfTransactionsBetweenRelatedPartiesTableOfItems,"임대료수익, 특수관계자거래"
entity00113058_RepurchaseAgreementsVariableWithTheKoreaSecuritiesFinanceCorporationAndOthers1MemberOfBorrowingsByNameMemberOfDisclosureOfDetailedInformationAboutBorrowingsTableOfMember,한국증권금융 등 환매조건부채권매도(변액)1 [구성요소]
entity00113058_RepurchaseAgreementsVariableWithTheKoreaSecuritiesFinanceCorporationAndOthers2MemberOfBorrowingsByNameMemberOfDisclosureOfDetailedInformationAboutBorrowingsTableOfMember,한국증권금융 등 환매조건부채권매도(변액)2 [구성요소]
entity00113058_RepurchaseAgreementsWithCitibankKoreaMemberOfBorrowingsByNameMemberOfDisclosureOfDetailedInformationAboutBorrowingsTableOfMember,한국씨티은행 환매조건부채권매도 [구성요소]
entity00113058_ReserveForClaimsOfCustomersDepositsCollectiveInvestmentSecuritiesMemberOfRestrictedDepositsMemberOfRestrictedDepositsAndOtherRestrictedAssetsFinancialAssetsAtAmortisedCostTableOfMember,투자자예탁금별도예치금 - 집합투자증권투자자예수분 [구성요소]
entity00113058_ReserveForClaimsOfCustomersDepositsForeignInvestmentSecuritiesMemberOfRestrictedDepositsMemberOfRestrictedDepositsAndOtherRestrictedAssetsFinancialAssetsAtAmortisedCostTableOfMember,투자자예탁금별도예치금 - 외화증권투자자예수분 [구성요소]
entity00113058_ReserveForClaimsOfCustomersDepositsTrustDerivativesMemberOfRestrictedDepositsMemberOfRestrictedDepositsAndOtherRestrictedAssetsFinancialAssetsAtFairValueThroughProfitOrLossTableOfMember,투자자예탁금별도예치금(신탁) - 장내파생상품거래분 [구성요소]
entity00113058_ReserveForClaimsOfCustomersDepositsTrustGeneralMemberOfRestrictedDepositsMemberOfRestrictedDepositsAndOtherRestrictedAssetsFinancialAssetsAtFairValueThroughProfitOrLossTableOfMember,투자자예탁금별도예치금(신탁) - 일반예수분 [구성요소]
entity00113058_ReserveOfGainsAndLossesOnDebtAndEquityFinancialInstrumentsMeasuredAtFairValueThroughOtherComprehensiveIncomeMemberOfAccumulatedOtherComprehensiveIncomeMemberOfDisclosureOfChangesInAccumulatedOtherComprehensiveIncomeTableOfMember,기타포괄손익-공정가치로 측정되는 채무증권 및 지분증권의 차손익적립금 [구성요소]
entity00113058_ReserveOfGainsAndLossesOnDebtAndEquityFinancialInstrumentsMeasuredAtFairValueThroughOtherComprehensiveIncomeMemberOfAccumulatedOtherComprehensiveIncomeMemberOfReconciliationOfChangesInAccumulatedOtherComprehensiveIncomeTableOfMember,기타포괄손익-공정가치로 측정되는 채무증권 및 지분증권의 차손익적립금 [구성요소]
entity00113058_ReserveOfGainsAndLossesOnDebtAndEquityFinancialInstrumentsMeasuredAtFairValueThroughOtherComprehensiveIncomeOfAccumulatedOtherComprehensiveIncomeOfDetailOfAccumulatedOtherComprehensiveIncomeTableOfItems,기타포괄손익-공정가치로 측정되는 채무증권 및 지분증권의 차손익적립금
entity00113058_RestrictedDepositsAndOtherRestrictedAssetsFinancialAssetsAtAmortisedCostAbstract,"사용이 제한된 예치금 등에 대한 공시, 상각후원가측정금융자산[ 개요 ]"
entity00113058_RestrictedDepositsAndOtherRestrictedAssetsFinancialAssetsAtAmortisedCostLineItemsOfRestrictedDepositsAndOtherRestrictedAssetsFinancialAssetsAtAmortisedCostTableOfLineItems,"사용이 제한된 예치금 등에 대한 공시, 상각후원가측정금융자산 [항목]"
entity00113058_RestrictedDepositsAndOtherRestrictedAssetsFinancialAssetsAtAmortisedCostTable,"사용이 제한된 예치금 등에 대한 공시, 상각후원가측정금융자산"
entity00113058_RestrictedDepositsAndOtherRestrictedAssetsFinancialAssetsAtAmortisedCostTextBlock,"사용이 제한된 예치금 등에 대한 공시, 상각후원가측정금융자산[ 문장영역 ]"
entity00113058_RestrictedDepositsAndOtherRestrictedAssetsFinancialAssetsAtFairValueThroughProfitOrLossAbstract,"사용이 제한된 예치금 등에 대한 공시, 당기손익인식금융자산[ 개요 ]"
entity00113058_RestrictedDepositsAndOtherRestrictedAssetsFinancialAssetsAtFairValueThroughProfitOrLossLineItemsOfRestrictedDepositsAndOtherRestrictedAssetsFinancialAssetsAtFairValueThroughProfitOrLossTableOfLineItems,"사용이 제한된 예치금 등에 대한 공시, 당기손익인식금융자산 [항목]"
entity00113058_RestrictedDepositsAndOtherRestrictedAssetsFinancialAssetsAtFairValueThroughProfitOrLossTable,"사용이 제한된 예치금 등에 대한 공시, 당기손익인식금융자산"
entity00113058_RestrictedDepositsAndOtherRestrictedAssetsFinancialAssetsAtFairValueThroughProfitOrLossTextBlock,"사용이 제한된 예치금 등에 대한 공시, 당기손익인식금융자산[ 문장영역 ]"
entity00113058_RestrictedDepositsAndOtherRestrictedAssetsTotalAbstract,"사용이 제한된 예치금 등에 대한 공시, 합계[ 개요 ]"
entity00113058_RestrictedDepositsAndOtherRestrictedAssetsTotalLineItemsOfRestrictedDepositsAndOtherRestrictedAssetsTotalTableOfLineItems,"사용이 제한된 예치금 등에 대한 공시, 합계 [항목]"
entity00113058_RestrictedDepositsAndOtherRestrictedAssetsTotalTable,"사용이 제한된 예치금 등에 대한 공시, 합계"
entity00113058_RestrictedDepositsAndOtherRestrictedAssetsTotalTextBlock,"사용이 제한된 예치금 등에 대한 공시, 합계[ 문장영역 ]"
entity00113058_RetirementInsuranceMemberOfFinancialLiabilitiesTypeMemberOfInvestmentContractsLiabilitiesTableOfMember,퇴직보험계약 [구성요소]
entity00113058_RetirementPensionMemberOfFinancialLiabilitiesTypeMemberOfInvestmentContractsLiabilitiesTableOfMember,퇴직연금계약 [구성요소]
entity00113058_ReversalsOfImpairmentLossesOfFinancialAssets,당분기말 보험료배분접근법을 적용한 출재보험계약에 대한 기술
entity00113058_ReversalsOfImpairmentLossesOfFinancialAssetsRelatedPartyTransactionsOfDisclosureOfTransactionsBetweenRelatedPartiesLineItemsOfDisclosureOfTransactionsBetweenRelatedPartiesTableOfItems,"신용손실충당금 환입액, 특수관계자거래"
entity00113058_SaleOfReceivablesThroughRelatedPartiesOfDetailsOfTheTradeOfReceivablesThroughRelatedPartiesLineItemsOfDetailsOfTheTradeOfReceivablesThroughRelatedPartiesTableOfItems,"채권매도, 특수관계자거래"
entity00113058_SalesAgencyAgreementForBeneficiaryCertificatesAbstract,수익증권 판매대행계약[ 개요 ]
entity00113058_SalesAgencyAgreementForBeneficiaryCertificatesLineItemsOfSalesAgencyAgreementForBeneficiaryCertificatesTableOfLineItems,수익증권 판매대행계약 [ 항목 ]
entity00113058_SalesAgencyAgreementForBeneficiaryCertificatesMemberOfTypesOfCommitmentsMemberOfSalesAgencyAgreementForBeneficiaryCertificatesTableOfMember,수익증권 판매대행계약 [구성요소]
entity00113058_SalesAgencyAgreementForBeneficiaryCertificatesTable,수익증권 판매대행계약
entity00113058_SalesAgencyAgreementForBeneficiaryCertificatesTextBlock,수익증권 판매대행계약[ 문장영역 ]
entity00113058_SamsungSecuritiesCoLtdAndOthersMemberOfNameOfSecuredCreditorMemberOfDisclosureOfFinancialAssetsPledgedAsSecurityTableOfMember,삼성증권 등 [구성요소]
entity00113058_SecuritiesBorrowedOfSecuritiesBorrowedLineItemsOfSecuritiesBorrowedTableOfItems,차입유가증권
entity00113058_SecuritiesBorrowedTable,차입유가증권
entity00113058_SecuritiesBorrowedTextBlock,차입유가증권[ 문장영역 ]
entity00113058_SecuritiesDistributionFinanceInHouseMemberOfTypesOfCommitmentsMemberOfDisclosureOfCommitmentsTableOfMember,증권유통금융(자체) [구성요소]
entity00113058_SecuritiesDistributionFinanceLendingMemberOfTypesOfCommitmentsMemberOfDisclosureOfCommitmentsTableOfMember,증권유통금융(대주) [구성요소]
entity00113058_SecuritiesMortgageLoansMemberOfFinancialAssetsClassMemberOfDisclosureOfDetailsOfLoansAtAmortisedCostTableOfMember,유가증권담보대출 [구성요소]
entity00113058_SecuritiesOfCustomersInCustodyOfSecuritiesOfCustomersInCustodyLineItemsOfSecuritiesOfCustomersInCustodyTableOfItems,예수유가증권
entity00113058_SecuritiesOfCustomersInCustodyTable,예수유가증권
entity00113058_SecuritiesOfCustomersInCustodyTextBlock,예수유가증권[ 문장영역 ]
entity00113058_SecuritiesRelatedPartyTransactionsOfAmountsReceivableRelatedPartyTransactionsOfDisclosureOfOutstandingBalancesForRelatedPartyTransactionsTableOfItems,"유가증권, 특수관계자거래"
entity00113058_SecuritiesRelatedPartyTransactionsOfAmountsReceivableRelatedPartyTransactionsOfDisclosureOfTheSubtotalOfOutstandingBalancesForRelatedPartyTransactionsTableOfItems,"유가증권, 특수관계자거래"
entity00113058_SevenThOverseasEsgSubordinateBondsAndNonGuaranteedSubordinateBondsMemberOfBorrowingsByNameMemberOfDisclosureOfDetailInformationAboutBondsIssuedTableOfMember,제7회 해외 ESG 후순위사채와 무보증후순위사채 [구성요소]
entity00113058_ShareBasedPaymentArrangementGrantedIn2020MemberOfShareBasedPaymentArrangementsMemberOfDisclosureOfShareBasedPaymentArrangementsTableOfMember,2020년 부여분 [구성요소]
entity00113058_ShareBasedPaymentArrangementGrantedIn2021MemberOfShareBasedPaymentArrangementsMemberOfDisclosureOfShareBasedPaymentArrangementsTableOfMember,2021년 부여분 [구성요소]
entity00113058_ShareBasedPaymentArrangementGrantedIn2022MemberOfShareBasedPaymentArrangementsMemberOfDisclosureOfShareBasedPaymentArrangementsTableOfMember,2022년 부여분 [구성요소]
entity00113058_ShareBasedPaymentArrangementGrantedIn2023MemberOfShareBasedPaymentArrangementsMemberOfDisclosureOfShareBasedPaymentArrangementsTableOfMember,2023년 부여분 [구성요소]
entity00113058_ShareBasedPaymentArrangementGrantedIn2024MemberOfShareBasedPaymentArrangementsMemberOfDisclosureOfShareBasedPaymentArrangementsTableOfMember,2024년 부여분 [구성요소]
entity00113058_ShareBasedPaymentArrangementGrantedIn2025MemberOfShareBasedPaymentArrangementsMemberOfDisclosureOfShareBasedPaymentArrangementsTableOfMember,2025년 부여분 [구성요소]
entity00113058_ShareBasedPaymentArrangementGrantedIn2026MemberOfShareBasedPaymentArrangementsMemberOfDisclosureOfShareBasedPaymentArrangementsTableOfMember,2026년 부여분 [구성요소]
entity00113058_ShinhanAimRealEstateGeneralPrivateInvestmentTrustNo10MemberOfBeneficiaryCertificateMemberOfDisclosureOfFinancialTransactionsBetweenRelatedPartiesTableOfMember,신한AIM부동산 일반 사모투자신탁10호 [구성요소]
entity00113058_ShinhanBankAndOthersMemberOfCounterpartiesMemberOfRestrictedDepositsAndOtherRestrictedAssetsFinancialAssetsAtAmortisedCostTableOfMember,신한은행 등 [구성요소]
entity00113058_ShinhanBankKebHanaBankCoLtdAndStandardCharteredBankKoreaLtdMemberOfCounterpartiesMemberOfDisclosureOfCommitmentsTableOfMember,"신한은행, KEB하나은행 및 한국스탠다드차타드은행 [구성요소]"
entity00113058_ShinhanBankMemberOfCounterpartiesMemberOfDisclosureOfRestrictedOtherFinancialAssetsAtAmortisedCostTableOfMember,신한은행 [구성요소]
entity00113058_ShinhanBankMemberOfCounterpartiesMemberOfRestrictedDepositsAndOtherRestrictedAssetsFinancialAssetsAtAmortisedCostTableOfMember,신한은행 [구성요소]
entity00113058_ShinhanSecuritiesCoLtdAndOthersMemberOfNameOfSecuredCreditorMemberOfDisclosureOfFinancialAssetsPledgedAsSecurityTableOfMember,신한투자증권 등 [구성요소]
entity00113058_StandardCharteredBankKoreaLtdAndOthersMemberOfNameOfSecuredCreditorMemberOfDisclosureOfFinancialAssetsPledgedAsSecurityTableOfMember,SC제일은행 등 [구성요소]
entity00113058_StandardCharteredBankKoreaLtdMemberOfCounterpartiesMemberOfDisclosureOfCommitmentsTableOfMember,SC제일은행 [구성요소]
entity00113058_StocksInForeignCurrencyMemberOfHedgedItemsMemberOfDisclosureOfDetailedInformationAboutHedgedItemsTableOfMember,외화주식 [구성요소]
entity00113058_SubordinatedBondsBorrowedFromJPMorganMerrillLynchCitiScMemberOfBorrowingsByNameMemberOfDisclosureOfDetailedInformationAboutBorrowingsTableOfMember,"J.P.Morgan, Merrill Lynch, Citi, SC 후순위사채 [구성요소]"
entity00113058_SubordinatedBondsBorrowedFromKbSecuritiesCoLtdNhInvestmentSecuritiesCoLtdHanwhaInvestmentSecuritiesCoLtdKoreaInvestmentSecuritiesCoLtdHiInvestmentSecuritiesCoLtdHanyangSecuritiesCoLtdMemberOfBorrowingsByNameMemberOfDisclosureOfDetailedInformationAboutBorrowingsTableOfMember,"KB증권, NH투자증권, 한화투자증권, 한국투자증권, 아이엠증권, 한양증권 후순위사채 [구성요소]"
entity00113058_SubordinatedBondsBorrowedFromKbSecuritiesCoLtdNhInvestmentSecuritiesCoLtdHanwhaInvestmentSecuritiesCoLtdKoreaInvestmentSecuritiesCoLtdMemberOfBorrowingsByNameMemberOfDisclosureOfDetailedInformationAboutBorrowingsTableOfMember,"KB증권, NH투자증권, 한화투자증권, 한국투자증권 후순위사채 [구성요소]"
entity00113058_SubordinatedBondsBorrowedFromKbSecuritiesCoLtdNhInvestmentSecuritiesCoLtdHanwhaInvestmentSecuritiesCoLtdMemberOfBorrowingsByNameMemberOfDisclosureOfDetailedInformationAboutBorrowingsTableOfMember,"KB증권, NH투자증권, 한화투자증권 후순위사채 [구성요소]"
entity00113058_SubsidiariesAndBeneficiaryCertificatesEtcMemberOfRelatedPartiesMemberOfDisclosureOfSubtotalOfTransactionsBetweenRelatedPartiesTableOfMember,종속기업 및 연결대상 수익증권 등 [구성요소]
entity00113058_SubsidiariesAndBeneficiaryCertificatesEtcMemberOfRelatedPartiesMemberOfDisclosureOfTransactionsBetweenRelatedPartiesTableOfMember,종속기업 및 연결대상 수익증권 등 [구성요소]
entity00113058_SubsidiariesAndBeneficiaryCertificatesMemberOfRelatedPartiesMemberOfDisclosureOfOutstandingBalancesForRelatedPartyTransactionsTableOfMember,종속기업 및 연결대상 수익증권 [구성요소]
entity00113058_SubsidiariesAndBeneficiaryCertificatesMemberOfRelatedPartiesMemberOfDisclosureOfTheSubtotalOfOutstandingBalancesForRelatedPartyTransactionsTableOfMember,종속기업 및 연결대상 수익증권 [구성요소]
entity00113058_SuhyupBankMemberOfCounterpartiesMemberOfDisclosureOfCommitmentsTableOfMember,수협은행 [구성요소]
entity00113058_TermDepositsAndOtherDepositsMemberOfRestrictedDepositsMemberOfRestrictedDepositsAndOtherRestrictedAssetsFinancialAssetsAtAmortisedCostTableOfMember,정기예금 등 [구성요소]
entity00113058_TheGroupsShareOfChangesInTheFairValueOrFulfillmentCashFlowOfTheUnderlyingItemsWithoutAdjustingTheContractualServiceMarginMemberOfClassesOfInsuranceFinanceIncomeExpensesMemberOfDisclosureOfAnalysisOfInsuranceFinanceIncomeExpensesTableOfMember,계약서비스마진을 조정하지 않는 기초항목의 공정가치 또는 이행현금흐름의 변동의 연결실체의 몫 [구성요소]
entity00113058_TheGroupsShareOfChangesInTheFairValueOrFulfillmentCashFlowOfTheUnderlyingItemsWithoutAdjustingTheContractualServiceMarginMemberOfClassesOfInsuranceFinanceIncomeExpensesMemberOfDisclosureOfAnalysisOfInsuranceFinanceIncomeExpensesTotalTableOfMember,계약서비스마진을 조정하지 않는 기초항목의 공정가치 또는 이행현금흐름의 변동의 연결실체의 몫 [구성요소]
entity00113058_TheKoreaSecuritiesFinanceCorporationMemberOfCounterpartiesMemberOfRestrictedDepositsAndOtherRestrictedAssetsFinancialAssetsAtAmortisedCostTableOfMember,한국증권금융 [구성요소]
entity00113058_TheKoreaSecuritiesFinanceCorporationMemberOfCounterpartiesMemberOfRestrictedDepositsAndOtherRestrictedAssetsFinancialAssetsAtFairValueThroughProfitOrLossTableOfMember,한국증권금융 [구성요소]
entity00113058_TheKoreaSecuritiesFinanceCorporationMemberOfNameOfSecuredCreditorMemberOfDisclosureOfFinancialAssetsPledgedAsSecurityTableOfMember,한국증권금융 [구성요소]
entity00113058_TheKoreaSecuritiesFinanceCorporationMemberOfNameOfSecuredCreditorMemberOfDisclosureOfSecuritiesPledgedAsSecurityTableOfMember,한국증권금융 [구성요소]
entity00113058_Three01SubordinatedBondEtcMemberOfBorrowingsByNameMemberOfDisclosureOfDetailInformationAboutBondsIssuedTableOfMember,30-1회 후순위사채 등 [구성요소]
entity00113058_Three02SubordinatedBondEtcMemberOfBorrowingsByNameMemberOfDisclosureOfDetailInformationAboutBondsIssuedTableOfMember,30-2회 후순위사채 등 [구성요소]
entity00113058_Three03SubordinatedBondEtcMemberOfBorrowingsByNameMemberOfDisclosureOfDetailInformationAboutBondsIssuedTableOfMember,30-3회 후순위사채 등 [구성요소]
entity00113058_Three9IncomeTax20265822454396TextBlock,39. 법인세비용
entity00113058_ThreeThOverseasEsgSubordinateBondsAndNonGuaranteedSubordinateBondsMemberOfBorrowingsByNameMemberOfDisclosureOfDetailInformationAboutBondsIssuedTableOfMember,제3회 해외 ESG 후순위사채와 무보증후순위사채 [구성요소]
entity00113058_Title2025101161435271Abstract,"포트폴리오별 재보험계약부채(자산)에 대한 세부 공시, 생명보험부문[ 개요 ]"
entity00113058_Title2025101161436234LineItems,"포트폴리오별 재보험계약부채(자산)에 대한 세부 공시, 생명보험부문 [항목]"
entity00113058_Title202510116412190Abstract,"포트폴리오별 재보험계약부채(자산)에 대한 세부 공시, 손해보험부문[ 개요 ]"
entity00113058_Title20251011641322LineItems,"포트폴리오별 재보험계약부채(자산)에 대한 세부 공시, 손해보험부문 [항목]"
entity00113058_Title2025101165243193Abstract,"포트폴리오별 재보험계약부채(자산)에 대한 세부 공시, 합계[ 개요 ]"
entity00113058_Title20251011652443LineItems,"포트폴리오별 재보험계약부채(자산)에 대한 세부 공시, 합계 [항목]"
entity00113058_Title2025101171637855Abstract,포트폴리오별 재보험계약부채(자산)에 대한 세부 공시[ 개요 ]
entity00113058_Title2025101171638664LineItems,포트폴리오별 재보험계약부채(자산)에 대한 세부 공시 [항목]
entity00113058_Title20251015103634523Abstract,"포트폴리오별, 회계모형별 보험계약부채(자산)에 대한 세부공시, 생명보험계약, 보험료배분접근법[ 개요 ]"
entity00113058_Title20251015103635440LineItems,"포트폴리오별, 회계모형별 보험계약부채(자산)에 대한 세부공시, 생명보험계약, 보험료배분접근법 [항목]"
entity00113058_Title20251015112710871Abstract,"포트폴리오별, 회계모형별 보험계약부채(자산)에 대한 세부공시, 생명보험계약, Indirect-par[ 개요 ]"
entity00113058_Title20251015112711908LineItems,"포트폴리오별, 회계모형별 보험계약부채(자산)에 대한 세부공시, 생명보험계약, Indirect-par [항목]"
entity00113058_Title20251015131335288Abstract,"포트폴리오별, 회계모형별 보험계약부채(자산)에 대한 세부공시, 생명보험계약, 변액보험계약[ 개요 ]"
entity00113058_Title20251015131336604LineItems,"포트폴리오별, 회계모형별 보험계약부채(자산)에 대한 세부공시, 생명보험계약, 변액보험계약 [항목]"
entity00113058_Title20251015135759425Abstract,"포트폴리오별, 회계모형별 보험계약부채(자산)에 대한 세부공시, 손해보험계약, 보험료배분접근법[ 개요 ]"
entity00113058_Title2025101513580382LineItems,"포트폴리오별, 회계모형별 보험계약부채(자산)에 대한 세부공시, 손해보험계약, 보험료배분접근법 [항목]"
entity00113058_Title20251015164827905Abstract,"포트폴리오별, 회계모형별 보험계약부채(자산)에 대한 세부공시, Non-par[ 개요 ]"
entity00113058_Title20251015164829974LineItems,"포트폴리오별, 회계모형별 보험계약부채(자산)에 대한 세부공시, Non-par [항목]"
entity00113058_Title20251015171719376Abstract,"포트폴리오별, 회계모형별 보험계약부채(자산)에 대한 세부공시, 보험료배분접근법[ 개요 ]"
entity00113058_Title20251015171721745LineItems,"포트폴리오별, 회계모형별 보험계약부채(자산)에 대한 세부공시, 보험료배분접근법 [ 항목 ]"
entity00113058_Title2025101517448457Abstract,"포트폴리오별, 회계모형별 보험계약부채(자산)에 대한 세부공시, 변액보험[ 개요 ]"
entity00113058_Title2025101517450979LineItems,"포트폴리오별, 회계모형별 보험계약부채(자산)에 대한 세부공시, 변액보험 [ 항목 ]"
entity00113058_Title20251015181538475Abstract,"포트폴리오별, 회계모형별 보험계약부채(자산)에 대한 세부공시, 합계[ 개요 ]"
entity00113058_Title20251015181539567LineItems,"포트폴리오별, 회계모형별 보험계약부채(자산)에 대한 세부공시, 합계 [항목]"
entity00113058_Title2025101518830622Abstract,"포트폴리오별, 회계모형별 보험계약부채(자산)에 대한 세부공시, 합계[ 개요 ]"
entity00113058_Title2025101518831684LineItems,"포트폴리오별, 회계모형별 보험계약부채(자산)에 대한 세부공시, 합계 [항목]"
entity00113058_Title2025210141527413Abstract,기타포괄손익-공정가치 측정 항목으로 지정된 지분상품 투자의 공정가치에 대한 공시[ 개요 ]
entity00113058_Title2025210141527868LineItems,기타포괄손익-공정가치 측정 항목으로 지정된 지분상품 투자의 공정가치에 대한 공시 [항목]
entity00113058_Title2025216154032395Abstract,공정가치측정에 사용된 평가과정에 대한 공시[ 개요 ]
entity00113058_Title20252161540331LineItems,공정가치측정에 사용된 평가과정에 대한 공시 [항목]
entity00113058_Title2025222161833670Abstract,"보험계약부채(자산)의 잔여보장부채 변동분과 발생사고부채 변동분의 차이조정 공시, 보험료배분접근법[ 개요 ]"
entity00113058_Title2025222161834143LineItems,"보험계약부채(자산)의 잔여보장부채 변동분과 발생사고부채 변동분의 차이조정 공시, 보험료배분접근법 [항목]"
entity00113058_Title2025224155428451Abstract,영업활동으로부터 창출된 현금흐름의 주요 조정내역[ 개요 ]
entity00113058_Title2025224155428960LineItems,영업활동으로부터 창출된 현금흐름의 주요 조정내역 [항목]
entity00113058_Title202522419310740Abstract,영업활동으로 인한 자산부채의 변동[ 개요 ]
entity00113058_Title202522419311265LineItems,영업활동으로 인한 자산부채의 변동 [항목]
entity00113058_Title2025224221529562Abstract,현금의 유입과 유출이 없는 거래의 주요 내용[ 개요 ]
entity00113058_Title2025224221530147LineItems,현금의 유입과 유출이 없는 거래의 주요 내용 [항목]
entity00113058_Title2025225135447907Abstract,리스부채의 만기분석 공시[ 개요 ]
entity00113058_Title2025225135448493LineItems,리스부채의 만기분석 공시 [항목]
entity00113058_Title202522622231941Abstract,환매조건부매도 관련 담보로 제공된 금융자산에 대한 공시[ 개요 ]
entity00113058_Title2025226222319790LineItems,환매조건부매도 관련 담보로 제공된 금융자산에 대한 공시 [항목]
entity00113058_Title2025226222846797Abstract,담보로 제공된 기타 금융자산에 대한 공시[ 개요 ]
entity00113058_Title2025226222847623LineItems,담보로 제공된 기타 금융자산에 대한 공시 [항목]
entity00113058_Title2025227102710514Abstract,"전부가 제거되지 않은 양도된 금융자산에 대한 공시, 대여유가증권[ 개요 ]"
entity00113058_Title2025227102711181LineItems,"전부가 제거되지 않은 양도된 금융자산에 대한 공시, 대여유가증권 [항목]"
entity00113058_Title2025227172234968Abstract,법적소송우발부채 세부내역에 대한 공시[ 개요 ]
entity00113058_Title2025227172235509LineItems,법적소송우발부채 세부내역에 대한 공시 [항목]
entity00113058_Title202522720562552Abstract,약정에 대한 공시[ 개요 ]
entity00113058_Title2025227205625675LineItems,약정에 대한 공시 [항목]
entity00113058_Title2025227224752610Abstract,지급보증에 대한 공시[ 개요 ]
entity00113058_Title2025227224753630LineItems,지급보증에 대한 공시 [항목]
entity00113058_Title20252280107564Abstract,재보험사와 체결하고 있는 협약에 대한 공시[ 개요 ]
entity00113058_Title2025228010895LineItems,재보험사와 체결하고 있는 협약에 대한 공시 [항목]
entity00113058_Title20252280518589Abstract,특수관계자와의 약정사항[ 개요 ]
entity00113058_Title20252280519121LineItems,특수관계자와의 약정사항 [항목]
entity00113058_Title2025228125119807Abstract,기타 약정사항에 대한 공시[ 개요 ]
entity00113058_Title2025228125120301LineItems,기타 약정사항에 대한 공시 [항목]
entity00113058_Title2025228125527323Abstract,발생하지 않은 자본적지출 약정에 대한 공시[ 개요 ]
entity00113058_Title2025228125527802LineItems,발생하지 않은 자본적지출 약정에 대한 공시 [항목]
entity00113058_Title202522813306221Abstract,차입유가증권[ 개요 ]
entity00113058_Title202522813307376LineItems,차입유가증권 [항목]
entity00113058_Title2025228134241215Abstract,예수유가증권[ 개요 ]
entity00113058_Title2025228134241711LineItems,예수유가증권 [항목]
entity00113058_Title2025228143950667Abstract,신용파생상품계약에 대한 공시[ 개요 ]
entity00113058_Title2025228143951643LineItems,신용파생상품계약에 대한 공시 [항목]
entity00113058_Title2025228163518408Abstract,특수관계자거래 소계에 대한 공시[ 개요 ]
entity00113058_Title2025228163518980LineItems,특수관계자거래 소계에 대한 공시 [항목]
entity00113058_Title2025228192226458Abstract,특수관계자 자금거래 소계에 관한 공시[ 개요 ]
entity00113058_Title20252281922276LineItems,특수관계자 자금거래 소계에 관한 공시 [항목]
entity00113058_Title202522820247741Abstract,특수관계자거래의 채권·채무 잔액 소계에 대한 공시[ 개요 ]
entity00113058_Title202522820248262LineItems,특수관계자거래의 채권·채무 잔액 소계에 대한 공시 [항목]
entity00113058_Title202522820282281Abstract,주요 경영진에 대한 보상[ 개요 ]
entity00113058_Title20252282028387LineItems,주요 경영진에 대한 보상 [항목]
entity00113058_Title202526161026278Abstract,기타불입자본에 대한 공시[ 개요 ]
entity00113058_Title202526161026764LineItems,기타불입자본에 대한 공시 [항목]
entity00113058_Title202526174640549Abstract,주식기준보상약정의 조건에 대한 공시[ 개요 ]
entity00113058_Title202526174641285LineItems,주식기준보상약정의 조건에 대한 공시 [항목]
entity00113058_Title202528165256717Abstract,현금및현금성자산에 대한 공시[ 개요 ]
entity00113058_Title202528165257356LineItems,현금및현금성자산에 대한 공시 [항목]
entity00113058_Title2025282103148Abstract,차입부채 및 사채에 대한 공시[ 개요 ]
entity00113058_Title20252821031602LineItems,차입부채 및 사채에 대한 공시 [항목]
entity00113058_Title20252822113960Abstract,사채에 대한 세부 정보 공시[ 개요 ]
entity00113058_Title20252822114651LineItems,사채에 대한 세부 정보 공시 [항목]
entity00113058_Title20252822312337Abstract,차입금의 만기분석에 대한 공시[ 개요 ]
entity00113058_Title20252822312939LineItems,차입금의 만기분석에 대한 공시 [항목]
entity00113058_Title202531222853320Abstract,"재보험계약자산(부채)의 잔여보장부채 변동분과 발생사고부채 변동분의 차이조정 공시, 보험료배분접근법[ 개요 ]"
entity00113058_Title202531222853857LineItems,"재보험계약자산(부채)의 잔여보장부채 변동분과 발생사고부채 변동분의 차이조정 공시, 보험료배분접근법 [항목]"
entity00113058_Title202532141231169Abstract,포트폴리오별 보험계약부채(자산)에 대한 세부 공시[ 개요 ]
entity00113058_Title202532141231678LineItems,"포트폴리오별 보험계약부채(자산)에 대한 세부 공시, 생명보험부문 [항목]"
entity00113058_Title20253214502424Abstract,"포트폴리오별 보험계약부채(자산)에 대한 세부 공시, 손해보험부문[ 개요 ]"
entity00113058_Title20253214502985LineItems,"포트폴리오별 보험계약부채(자산)에 대한 세부 공시, 손해보험부문 [항목]"
entity00113058_Title20253215434636Abstract,"포트폴리오별 보험계약부채(자산)에 대한 세부 공시, 합계[ 개요 ]"
entity00113058_Title20253215435179LineItems,"포트폴리오별 보험계약부채(자산)에 대한 세부 공시, 합계 [항목]"
entity00113058_Title202532155745791Abstract,"처음 인식한 보험계약의 영향 공시, 출재보험[ 개요 ]"
entity00113058_Title202532155746323LineItems,"처음 인식한 보험계약의 영향 공시, 출재보험 [항목]"
entity00113058_Title202532171028496Abstract,"당기손익 인식이 예상되는 보험계약마진에 대한 정보 공시, 출재보험[ 개요 ]"
entity00113058_Title20253217102935LineItems,"당기손익 인식이 예상되는 보험계약마진에 대한 정보 공시, 출재보험 [항목]"
entity00113058_Title202532171923402Abstract,"당기손익 인식이 예상되는 보험계약마진에 대한 정보 공시, 출재보험, 합계[ 개요 ]"
entity00113058_Title202532171923947LineItems,"당기손익 인식이 예상되는 보험계약마진에 대한 정보 공시, 출재보험, 합계 [항목]"
entity00113058_Title20253218643730Abstract,"전환방법 별 보험계약마진의 변동과 보험수익에 미치는 효과에 대한 공시, 출재보험[ 개요 ]"
entity00113058_Title20253218644690LineItems,"전환방법 별 보험계약마진의 변동과 보험수익에 미치는 효과에 대한 공시, 출재보험 [항목]"
entity00113058_Title202532214744306Abstract,보험금융수익(비용)과 관련된 자산의 투자수익[ 개요 ]
entity00113058_Title202532214744898LineItems,보험금융수익(비용)과 관련된 자산의 투자수익 [항목]
entity00113058_Title202532235441122Abstract,직접참가특성계약에 대한 기초항목의 구성[ 개요 ]
entity00113058_Title202532235441671LineItems,직접참가특성계약에 대한 기초항목의 구성 [항목]
entity00113058_Title202542152557634Abstract,"자산의 공정가치측정에 대한 공시, 합계[ 개요 ]"
entity00113058_Title202542152558460LineItems,자산의 공정가치측정에 대한 공시 [ 항목 ]
entity00113058_Title202542173846590Abstract,"부채의 공정가치측정에 대한 공시, 합계[ 개요 ]"
entity00113058_Title202542173847288LineItems,부채의 공정가치측정에 대한 공시 [ 항목 ]
entity00113058_Title202544115517515Abstract,기타포괄손익-공정가치측정금융자산의 손실충당금 변동내역[ 개요 ]
entity00113058_Title20254411551854LineItems,기타포괄손익-공정가치측정금융자산의 손실충당금 변동내역 [항목]
entity00113058_Title202544191612530Abstract,발행보험의 보험수익 및 보험서비스비용 분석 공시[ 개요 ]
entity00113058_Title202544191615327LineItems,발행보험의 보험수익 및 보험서비스비용 분석 공시 [ 항목 ]
entity00113058_Title202544193235862Abstract,"발행보험의 보험수익 및 보험서비스비용 분석 공시, 보험료배분접근법[ 개요 ]"
entity00113058_Title202544193236763LineItems,"발행보험의 보험수익 및 보험서비스비용 분석 공시, 보험료배분접근법 [항목]"
entity00113058_Title202544194546905Abstract,재보험서비스결과 분석 공시[ 개요 ]
entity00113058_Title20254419454832LineItems,재보험서비스결과 분석 공시 [항목]
entity00113058_Title20254420115663Abstract,"처음 인식한 보험계약의 영향 공시, 중간합계[ 개요 ]"
entity00113058_Title20254420116532LineItems,"처음 인식한 보험계약의 영향 공시, 중간합계 [항목]"
entity00113058_Title2025442013914Abstract,"재보험서비스결과 분석 공시, 보험료배분접근법[ 개요 ]"
entity00113058_Title20254420139977LineItems,"재보험서비스결과 분석 공시, 보험료배분접근법 [항목]"
entity00113058_Title202552614441288Abstract,당기손익-공정가치측정금융자산으로 지정한 금융자산의 공시[ 개요 ]
entity00113058_Title202552614442255LineItems,당기손익-공정가치측정금융자산으로 지정한 금융자산의 공시 [항목]
entity00113058_Title2025526162533668Abstract,당기손익-공정가치측정지정금융자산으로부터 인식된 배당금에 대한 공시[ 개요 ]
entity00113058_Title2025526162534683LineItems,당기손익-공정가치측정지정금융자산으로부터 인식된 배당금에 대한 공시 [항목]
entity00113058_Title2025526163624494Abstract,"당기손익-공정가치측정금융자산의 공시, 합계[ 개요 ]"
entity00113058_Title2025526163625477LineItems,"당기손익-공정가치측정금융자산의 공시, 합계 [항목]"
entity00113058_Title202552616585882Abstract,"기타포괄손익-공정가치금융자산의 구성내역, 합계[ 개요 ]"
entity00113058_Title2025526165858856LineItems,"기타포괄손익-공정가치금융자산의 구성내역, 합계 [항목]"
entity00113058_Title2025526183458795Abstract,제거한 기타포괄손익-공정가치측정금융자산 중 지분상품의 내역 및 자본 내에서 대체된 누적 손익에 대한 공시[ 개요 ]
entity00113058_Title2025526183459828LineItems,제거한 기타포괄손익-공정가치측정금융자산 중 지분상품의 내역 및 자본 내에서 대체된 누적 손익에 대한 공시 [항목]
entity00113058_Title202552618841235Abstract,기타포괄손익-공정가치 측정 항목으로 지정된 지분상품에 대한 투자로 부터 인식된 배당금[ 개요 ]
entity00113058_Title20255261884228LineItems,기타포괄손익-공정가치 측정 항목으로 지정된 지분상품에 대한 투자로 부터 인식된 배당금 [항목]
entity00113058_Title2025527202341951Abstract,"포트폴리오별, 회계모형별 보험계약부채(자산)에 대한 세부공시, Indirect-par[ 개요 ]"
entity00113058_Title2025527202343112LineItems,"포트폴리오별, 회계모형별 보험계약부채(자산)에 대한 세부공시, 생명보험계약, Non-Par [항목]"
entity00113058_Title202552911912651Abstract,법정관리 등 회생절차 진행 중인 채권에 대한 공시[ 개요 ]
entity00113058_Title202552911913606LineItems,법정관리 등 회생절차 진행 중인 채권에 대한 공시 [항목]
entity00113058_Title202552913205265Abstract,제공받은 보증보험에 대한 공시[ 개요 ]
entity00113058_Title20255291320616LineItems,제공받은 보증보험에 대한 공시 [항목]
entity00113058_Title20255301664472Abstract,특수관계자를 통한 채권 매매내역[ 개요 ]
entity00113058_Title202553016644861LineItems,특수관계자를 통한 채권 매매내역 [항목]
entity00113058_Title2025530174540912Abstract,영업부문별 자산 및 부채에 대한 공시[ 개요 ]
entity00113058_Title2025530174541717LineItems,영업부문별 자산 및 부채에 대한 공시 [항목]
entity00113058_Title2025613131227887Abstract,상각후원가측정유가증권의 구성내역[ 개요 ]
entity00113058_Title2025613131228695LineItems,상각후원가측정유가증권의 구성내역 [항목]
entity00113058_Title2025616193131260Abstract,"전부가 제거되지 않은 양도된 금융자산에 대한 공시, 환매조건부매도[ 개요 ]"
entity00113058_Title202561619313298LineItems,"전부가 제거되지 않은 양도된 금융자산에 대한 공시, 환매조건부매도 [항목]"
entity00113058_Title202562313481268Abstract,"당기손익 인식이 예상되는 보험계약마진에 대한 정보 공시, Non-Par생명보험[ 개요 ]"
entity00113058_Title202562313482113LineItems,"당기손익 인식이 예상되는 보험계약마진에 대한 정보 공시, Non-Par생명보험 [항목]"
entity00113058_Title2025623142351676Abstract,"당기손익 인식이 예상되는 보험계약마진에 대한 정보 공시,생명보험 변액[ 개요 ]"
entity00113058_Title2025623142352753LineItems,"당기손익 인식이 예상되는 보험계약마진에 대한 정보 공시,생명보험 변액 [ 항목 ]"
entity00113058_Title2025623152745122Abstract,"당기손익 인식이 예상되는 보험계약마진에 대한 정보 공시, 변액[ 개요 ]"
entity00113058_Title2025623152745992LineItems,"당기손익 인식이 예상되는 보험계약마진에 대한 정보 공시, 변액 [ 항목 ]"
entity00113058_Title2025623155122921Abstract,"당기손익 인식이 예상되는 보험계약마진에 대한 정보 공시, 변액외[ 개요 ]"
entity00113058_Title202562315512418LineItems,"당기손익 인식이 예상되는 보험계약마진에 대한 정보 공시, 변액외  [ 항목 ]"
entity00113058_Title202564112051623Abstract,"당기손익 인식이 예상되는 보험계약마진에 대한 정보 공시, 손해보험부문[ 개요 ]"
entity00113058_Title202564112053427LineItems,"당기손익 인식이 예상되는 보험계약마진에 대한 정보 공시, 손해보험부문 [항목]"
entity00113058_Title20256484923285Abstract,"포트폴리오별, 회계모형별 보험계약부채(자산)에 대한 세부공시, 손해보험계약[ 개요 ]"
entity00113058_Title20256484924209LineItems,"포트폴리오별, 회계모형별 보험계약부채(자산)에 대한 세부공시, 손해보험계약 [항목]"
entity00113058_Title202571173428401Abstract,"당기손익 인식이 예상되는 보험계약마진에 대한 정보 공시,Indirect-par 생명보험[ 개요 ]"
entity00113058_Title202571173429931LineItems,"당기손익 인식이 예상되는 보험계약마진에 대한 정보 공시,Indirect-par 생명보험 [항목]"
entity00113058_Title202571203059603Abstract,임대보증금 관련 근저당 및 전세권 설정내역[ 개요 ]
entity00113058_Title20257120310543LineItems,임대보증금 관련 근저당 및 전세권 설정내역 [항목]
entity00113058_Title2025730125924704Abstract,특수관계자와의 임대보증금 관련 근저당 및 전세권 설정내역[ 개요 ]
entity00113058_Title2025730125925699LineItems,특수관계자와의 임대보증금 관련 근저당 및 전세권 설정내역 [항목]
entity00113058_Title202579155419817Abstract,유형자산의 장부금액에 대한 공시[ 개요 ]
entity00113058_Title202579155420661LineItems,유형자산의 장부금액에 대한 공시 [항목]
entity00113058_Title202579161352968Abstract,투자부동산의 장부금액에 대한 공시[ 개요 ]
entity00113058_Title202579161353779LineItems,투자부동산의 장부금액에 대한 공시 [항목]
entity00113058_Title202579161720790Abstract,"투자부동산의 장부금액에 대한 공시, 합계[ 개요 ]"
entity00113058_Title202579161721631LineItems,"투자부동산의 장부금액에 대한 공시, 합계 [항목]"
entity00113058_Title20257916240614Abstract,"유형자산의 장부금액에 대한 공시, 합계[ 개요 ]"
entity00113058_Title20257916241450LineItems,"유형자산의 장부금액에 대한 공시, 합계 [항목]"
entity00113058_Title202581105058241Abstract,리스 관련 포괄손익계산서에 인식된 금액 및 현금유출[ 개요 ]
entity00113058_Title20258110505956LineItems,리스 관련 포괄손익계산서에 인식된 금액 및 현금유출 [항목]
entity00113058_Title202581274235726Abstract,"전환방법 별 보험계약마진의 변동과 보험수익에 미치는 효과에 대한 공시, 합계[ 개요 ]"
entity00113058_Title202581274236583LineItems,"전환방법 별 보험계약마진의 변동과 보험수익에 미치는 효과에 대한 공시, 합계 [항목]"
entity00113058_Title202581281919372Abstract,"전환방법 별 보험계약마진의 변동과 보험수익에 미치는 효과에 대한 공시, 합계[ 개요 ]"
entity00113058_Title202581281920180LineItems,전환방법 별 보험계약마진의 변동과 보험수익에 미치는 효과에 대한 공시 [항목]
entity00113058_Title202581291232538Abstract,재보험서비스결과 공시[ 개요 ]
entity00113058_Title202581291233334LineItems,보험서비스결과 [ 항목 ]
entity00113058_Title20258129424682Abstract,발행보험의 보험서비스결과 분석 공시[ 개요 ]
entity00113058_Title20258129425533LineItems,발행보험의 보험서비스결과 분석 공시 [항목]
entity00113058_Title20258132434712Abstract,특수관계자와의 임대보증금 관련 근저당 및 전세권 설정내역[ 개요 ]
entity00113058_Title202581324347863LineItems,특수관계자와의 임대보증금 관련 근저당 및 전세권 설정내역 [항목]
entity00113058_Title202585193853480Abstract,기타포괄손익-공정가치로 측정되는 채무증권 및 지분증권의 차손익적립금의 변동내역[ 개요 ]
entity00113058_Title202585193854279LineItems,기타포괄손익-공정가치로 측정되는 채무증권 및 지분증권의 차손익적립금의 변동내역 [항목]
entity00113058_Title20258620202185Abstract,현금흐름위험회피 적립금의 변동내역에 대한 공시[ 개요 ]
entity00113058_Title202586202021947LineItems,현금흐름위험회피 적립금의 변동내역에 대한 공시 [항목]
entity00113058_Title202587103230675Abstract,보험약정 및 신탁계정에 대한 공시[ 개요 ]
entity00113058_Title202587103231493LineItems,보험약정 및 신탁계정에 대한 공시 [항목
entity00113058_Title20258712057682Abstract,예수부채에 대한 공시[ 개요 ]
entity00113058_Title20258712058492LineItems,예수부채에 대한 공시 [항목]
entity00113058_Title202587145857737Abstract,우발부채에 대한 공시[ 개요 ]
entity00113058_Title202587145858586LineItems,우발부채에 대한 공시 [항목]
entity00113058_Title20258812124359Abstract,투자자산 환매중단에 따른 영향에 대한 설명[ 개요 ]
entity00113058_Title20258812125729LineItems,투자자산 환매중단에 따른 영향에 대한 설명 [항목]
entity00113058_Title2026118152146406Abstract,확정기여제도의 공시[ 개요 ]
entity00113058_Title2026118152147218LineItems,확정기여제도의 공시 [항목]
entity00113058_TitledisclosureOfEffectOfInsuranceContractsInitiallyRecognisedReinsuranceContractsHeldTable,"처음 인식한 보험계약의 영향 공시, 출재보험"
entity00113058_TitledisclosureOfEffectOfInsuranceContractsInitiallyRecognisedReinsuranceContractsHeldTextBlock,"처음 인식한 보험계약의 영향 공시, 출재보험[ 문장영역 ]"
entity00113058_TitleliabilitiesAssetsOfInsuranceContractsByPortfolioAndAccountingModelNonParTable,"포트폴리오별, 회계모형별 보험계약부채(자산)에 대한 세부공시, Non-par"
entity00113058_TitleliabilitiesAssetsOfInsuranceContractsByPortfolioAndAccountingModelNonParTextBlock,"포트폴리오별, 회계모형별 보험계약부채(자산)에 대한 세부공시, Non-par[ 문장영역 ]"
entity00113058_TossBankAndOtherCallMoneyMemberOfBorrowingsByNameMemberOfDisclosureOfDetailedInformationAboutBorrowingsTableOfMember,토스뱅크(주) 등 콜머니 [구성요소]
entity00113058_TotalPercentageContributedToFairValueOfPlanAssetsOfClassesOfPlanAssetsFairValuePercentageAmountsAbstractOfDisclosureOfFairValueOfPlanAssetsTableOfItems,사외적립자산 공정가치에서 차지하는 비율 합계
entity00113058_TransferOfAdvancePaymentsToIntangibleAssetsNonCashTransactionOfDisclosureOfSignificantNonCashTransactionsLineItemsOfDisclosureOfSignificantNonCashTransactionsTableOfItems,"선급금의 무형자산 대체, 비현금흐름"
entity00113058_TransferOfAssetsUnderConstructionToBuildingsNonCashTransactionOfDisclosureOfSignificantNonCashTransactionsLineItemsOfDisclosureOfSignificantNonCashTransactionsTableOfItems,"건설중인자산의 건물 대체, 비현금흐름"
entity00113058_TransferOfInvestmentsInAssociatesToFinancialAssetsMeasuredAtFairValueThroughOtherComprehensiveIncomeNonCashTransactionOfDisclosureOfSignificantNonCashTransactionsLineItemsOfDisclosureOfSignificantNonCashTransactionsTableOfItems,"관계기업투자주식의 기타포괄손익-공정가치측정 금융자산 대체, 비현금흐름"
entity00113058_TransferOfPropertyPlantAndEquipmentToInvestmentPropertyNonCashTransactionOfDisclosureOfSignificantNonCashTransactionsLineItemsOfDisclosureOfSignificantNonCashTransactionsTableOfItems,"유형자산의 투자부동산 대체, 비현금흐름"
entity00113058_TransfersOfCumulativeGainOrLossWithinEquityOfInvestmentsInEquityInstrumentsDesignatedAtFairValueThroughOtherComprehensiveIncomeOfDisclosureOfDetailsOfDerecognisedInvestmentsInEquityInstrumentsThatTheEntityHasDesignatedAtFairValueThroughOtherComprehensiveIncomeAndTransfersOfCumulativeGainOrLossWithinEquityLineItemsOfDisclosureOfDetailsOfDerecognisedInvestmentsInEquityInstrumentsThatTheEntityHasDesignatedAtFairValueThroughOtherComprehensiveIncomeAndTransfersOfCumulativeGainOrLossWithinEquityTableOfItems,기타포괄손익-공정가치 측정 항목으로 지정된 지분상품에 대한 투자에서 대체된 누적 손익
entity00113058_TrustAgreementMemberOfTypesOfCommitmentsMemberOfDisclosureOfInsuranceCommitmentsAndTrustAccountsTableOfMember,신탁계약 [구성요소]
entity00113058_Two1BearerSecuredBondsMemberOfBorrowingsByNameMemberOfDisclosureOfDetailInformationAboutBondsIssuedTableOfMember,제 2-1회 무기명담보부사채 [구성요소]
entity00113058_Two2BearerSecuredBondsMemberOfBorrowingsByNameMemberOfDisclosureOfDetailInformationAboutBondsIssuedTableOfMember,제 2-2회 무기명담보부사채 [구성요소]
entity00113058_Two5InvestmentContractsLiabilities,25. 투자계약부채
entity00113058_Two62SubordinatedBondEtcMemberOfBorrowingsByNameMemberOfDisclosureOfDetailInformationAboutBondsIssuedTableOfMember,26-2회 후순위사채 등 [구성요소]
entity00113058_Two8SubordinatedBondEtcMemberOfBorrowingsByNameMemberOfDisclosureOfDetailInformationAboutBondsIssuedTableOfMember,28회 후순위사채 등 [구성요소]
entity00113058_Two91SubordinatedBondEtcMemberOfBorrowingsByNameMemberOfDisclosureOfDetailInformationAboutBondsIssuedTableOfMember,29-1회 후순위사채 등 [구성요소]
entity00113058_Two92SubordinatedBondEtcMemberOfBorrowingsByNameMemberOfDisclosureOfDetailInformationAboutBondsIssuedTableOfMember,29-2회 후순위사채 등 [구성요소]
entity00113058_TwoThOverseasEsgSubordinateBondsAndNonGuaranteedSubordinateBondsMemberOfBorrowingsByNameMemberOfDisclosureOfDetailInformationAboutBondsIssuedTableOfMember,제2회 해외 ESG 후순위사채와 무보증후순위사채 [구성요소]
entity00113058_UlsanChongchunCoLtdMemberOfAssociatesAndJointVenturesMemberOfDisclosureOfFinancialTransactionsBetweenRelatedPartiesTableOfMember,울산청천 [구성요소]
entity00113058_UlsanChongchunCoLtdMemberOfAssociatesAndJointVenturesMemberOfDisclosureOfOutstandingBalancesForRelatedPartyTransactionsTableOfMember,울산청천 [구성요소]
entity00113058_UnincurredCapitalExpenditureCommitmentsRelatedToPropertyPlantAndEquipmentAndInvestmentPropertyMemberOfTypesOfCommitmentsMemberOfDisclosureOfUnincurredCapitalExpenditureCommitmentsTableOfMember,유형자산 및 투자부동산 관련하여 발생하지 않은 자본적지출 약정 [구성요소]
entity00113058_UnsecuredPrivateBondsMemberOfBorrowingsByNameMemberOfDisclosureOfDetailInformationAboutBondsIssuedTableOfMember,무담보 사모사채 2 [구성요소]
entity00113058_VariableInsuranceMemberOfTypesOfContractsMemberOfDisclosureOfAnalysisOfInsuranceRevenueFromInsuranceContractsIssuedTableOfMember,변액보험 [구성요소]
entity00113058_VariableInsuranceMemberOfTypesOfContractsMemberOfDisclosureOfAnalysisOfInsuranceServiceExpensesFromInsuranceContractsIssuedTableOfMember,변액보험 [구성요소]
entity00113058_VariableInsuranceMemberOfTypesOfContractsMemberOfDisclosureOfAnalysisOfInsuranceServiceResultFromInsuranceContractsIssuedTableOfMember,변액보험 [구성요소]
entity00113058_VariableInsuranceMemberOfTypesOfContractsMemberOfDisclosureOfInformationAboutExpectedRecognitionOfContractualServiceMarginInProfitOrLossLifeInsuranceVariableFeeSTableOfMember,변액보험 [구성요소]
entity00113058_VariableInsuranceMemberOfTypesOfContractsMemberOfDisclosureOfInformationAboutExpectedRecognitionOfContractualServiceMarginInProfitOrLossLifeInsuranceVariableFeeTableOfMember,변액보험 [구성요소]
entity00113058_VariableInsuranceMemberOfTypesOfContractsMemberOfInvestmentReturnOnAssetsRelatedToInsuranceFinanceIncomeExpensesTableOfMember,변액보험 [구성요소]
entity00113058_VariableInsuranceMemberOfTypesOfContractsMemberOfLiabilitiesAssetsOfInsuranceContractsByPortfolioLifeInsuranceSegmentTableOfMember,변액보험 [구성요소]
entity00113058_VariableLifeInsuranceMemberOfVariableInsuranceMemberOfDisclosureOfInformationAboutExpectedRecognitionOfContractualServiceMarginInProfitOrLossLifeInsuranceVariableFeeSTableOfMember,변액사망보험 [구성요소]
entity00113058_VariableLifeInsuranceMemberOfVariableInsuranceMemberOfDisclosureOfInformationAboutExpectedRecognitionOfContractualServiceMarginInProfitOrLossLifeInsuranceVariableFeeTableOfMember,변액사망보험 [구성요소]
entity00113058_VariableLifeInsuranceMemberOfVariableInsuranceMemberOfLiabilitiesAssetsOfInsuranceContractsByPortfolioAndAccountingModelLifeInsuranceSegmentVariableInsuranceTableOfMember,변액사망보험 [구성요소]
entity00113058_VariableOverseasInsuranceMemberOfVariableInsuranceMemberOfDisclosureOfInformationAboutExpectedRecognitionOfContractualServiceMarginInProfitOrLossLifeInsuranceVariableFeeTableOfMember,변액해외보험 [구성요소]
entity00113058_VariableOverseasInsuranceMemberOfVariableInsuranceMemberOfLiabilitiesAssetsOfInsuranceContractsByPortfolioAndAccountingModelLifeInsuranceSegmentVariableInsuranceTableOfMember,변액해외보험 [구성요소]
entity00113058_VariablePensionAndSavingsInsuranceMemberOfVariableInsuranceMemberOfDisclosureOfInformationAboutExpectedRecognitionOfContractualServiceMarginInProfitOrLossLifeInsuranceVariableFeeSTableOfMember,"변액연금,저축보험 [구성요소]"
entity00113058_VariablePensionAndSavingsInsuranceMemberOfVariableInsuranceMemberOfDisclosureOfInformationAboutExpectedRecognitionOfContractualServiceMarginInProfitOrLossLifeInsuranceVariableFeeTableOfMember,"변액연금,저축보험 [구성요소]"
entity00113058_VariablePensionAndSavingsInsuranceMemberOfVariableInsuranceMemberOfLiabilitiesAssetsOfInsuranceContractsByPortfolioAndAccountingModelLifeInsuranceSegmentVariableInsuranceTableOfMember,"변액연금,저축보험 [구성요소]"
entity00113058_VietnamProsperityBankAndOthersMemberOfCounterpartiesMemberOfRestrictedDepositsAndOtherRestrictedAssetsFinancialAssetsAtAmortisedCostTableOfMember,Vietnam Prosperity Bank 등 [구성요소]
entity00113058_WooriBankAndOthersBankBorrowingsMemberOfBorrowingsByNameMemberOfDisclosureOfDetailedInformationAboutBorrowingsTableOfMember,우리은행 등 은행차입금 [구성요소]
entity00113058_WooriBankAndOthersMemberOfCounterpartiesMemberOfRestrictedDepositsAndOtherRestrictedAssetsFinancialAssetsAtAmortisedCostTableOfMember,우리은행 등 [구성요소]
entity00113058_WooriBankAndThreeOtherBanksMemberOfCounterpartiesMemberOfDisclosureOfCommitmentsTableOfMember,우리은행 외 3개 은행 [구성요소]
entity00113058_WooriBankMemberOfCounterpartiesMemberOfDisclosureOfCommitmentsTableOfMember,우리은행 [구성요소]
entity00113058_WriteOffOfLoansAtAmortisedCostAndOtherReceivablesNonCashTransactionOfDisclosureOfSignificantNonCashTransactionsLineItemsOfDisclosureOfSignificantNonCashTransactionsTableOfItems,"상각후원가측정대출채권 및 기타수취채권의 제각, 비현금흐름"
entity00117267_AbaFinancialServicesMemberOfOtherRelatedPartiesMemberOfDisclosureOfOutstandingBalancesForRelatedPartyTransactionsTableOfMember,에이비에이금융서비스(유) [구성요소]
entity00117267_AbaFinancialServicesMemberOfOtherRelatedPartiesMemberOfDisclosureOfTransactionsBetweenRelatedPartiesTableOfMember,에이비에이금융서비스(유) [구성요소]
entity00117267_AblLifeInsuranceMemberOfOtherRelatedPartiesMemberOfDisclosureOfOutstandingBalancesForRelatedPartyTransactionsTableOfMember,에이비엘생명보험㈜ [구성요소]
entity00117267_AblLifeInsuranceMemberOfOtherRelatedPartiesMemberOfDisclosureOfTransactionsBetweenRelatedPartiesTableOfMember,에이비엘생명보험㈜ [구성요소]
entity00117267_AccruedExpensesRelatedPartyTransactionOfDisclosureOfOutstandingBalancesForRelatedPartyTransactionsLineItemsOfDisclosureOfOutstandingBalancesForRelatedPartyTransactionsTableOfItems,"미지급비용, 특수관계자거래"
entity00117267_AccruedIncomeIncludingContractAssetsRelatedPartyTransactionOfDisclosureOfOutstandingBalancesForRelatedPartyTransactionsLineItemsOfDisclosureOfOutstandingBalancesForRelatedPartyTransactionsTableOfItems,"미수수익, 특수관계자거래"
entity00117267_AdjustedEarningsPerShareReflectingDividendsOnHybridCapitalSecuritiesOfDisclosureOfAdjustedProfitLossNetOrRegulatoryReserveLineItemsOfDisclosureOfAdjustedProfitLossNetOfRegulatoryReserveTableOfItems,신종자본증권 배당을 반영한 주당 조정이익
entity00117267_AdjustmentForInsuranceIncomeOfAdjustmentsToReconcileProfitLossOfCashFlowsFromOperatingActivitiesTableOfItems,보험수익에 대한 조정
entity00117267_AdjustmentForLossesOnDerivativeTransactionsForHedgingPurposesOfAdjustmentsToReconcileProfitLossOfCashFlowsFromOperatingActivitiesTableOfItems,위험회피목적파생상품거래손실에 대한 조정
entity00117267_AdjustmentForReinsuranceIncomeOfAdjustmentsToReconcileProfitLossOfCashFlowsFromOperatingActivitiesTableOfItems,재보험수익에 대한 조정
entity00117267_AdjustmentForValuationLossesOnDerivativeInstrumentsForHedgingPurposesOfAdjustmentsToReconcileProfitLossOfCashFlowsFromOperatingActivitiesTableOfItems,위험회피목적파생상품평가손실에 대한 조정
entity00117267_AdjustmentOfOtherInvestmentExpensesReversalOfAdjustmentsToReconcileProfitLossOfCashFlowsFromOperatingActivitiesTableOfItems,기타투자비용(환입)에 대한 조정
entity00117267_AdjustmentsForDecreaseIncreaseInOtherReceivablesAtAmortisedCostOfAdjustmentsForAssetsAndLiabilitiesOfOperatingActivitiesOfCashFlowsFromOperatingActivitiesTableOfItems,상각후원가측정기타수취채권의 감소(증가)
entity00117267_AdjustmentsForExpenseReversalOfOtherProvisionsOfAdjustmentsToReconcileProfitLossOfCashFlowsFromOperatingActivitiesTableOfItems,기타충당부채전입(환입)에 대한 조정
entity00117267_AdjustmentsForGainsOnChangeInFairValueOfDerivativesHeldForTradingOfAdjustmentsToReconcileProfitLossOfCashFlowsFromOperatingActivitiesTableOfItems,매매목적파생상품평가이익에 대한 조정
entity00117267_AdjustmentsForIncreaseDecreaseInFinancialLiabilitiesAtAmortisedCostOfAdjustmentsForAssetsAndLiabilitiesOfOperatingActivitiesOfCashFlowsFromOperatingActivitiesTableOfItems,상각후취득원가측정금융부채의 증가(감소)
entity00117267_AdjustmentsForIncreaseDecreaseInInvestmentContractLiabilitiesOfAdjustmentsForAssetsAndLiabilitiesOfOperatingActivitiesOfCashFlowsFromOperatingActivitiesTableOfItems,투자계약부채의 증가(감소)
entity00117267_AdjustmentsForIncreaseDecreaseInReinsuranceContractLiabilitiesOfAdjustmentsForAssetsAndLiabilitiesOfOperatingActivitiesOfCashFlowsFromOperatingActivitiesTableOfItems,재보험계약부채의 증가(감소)
entity00117267_AdjustmentsForInsuranceExpensesOfAdjustmentsToReconcileProfitLossOfCashFlowsFromOperatingActivitiesTableOfItems,보험비용에 대한 조정
entity00117267_AdjustmentsForInsuranceFinancialIncomeExpenseOfInsuranceContractsOfAdjustmentsToReconcileProfitLossOfCashFlowsFromOperatingActivitiesTableOfItems,보험계약의 보험금융손익에 대한 조정
entity00117267_AdjustmentsForInsuranceFinancialIncomeExpenseOfReinsuranceContractsOfAdjustmentsToReconcileProfitLossOfCashFlowsFromOperatingActivitiesTableOfItems,재보험계약의 보험금융손익에 대한 조정
entity00117267_AdjustmentsForLossesOnChangeInFairValueOfDerivativesHeldForTradingOfAdjustmentsToReconcileProfitLossOfCashFlowsFromOperatingActivitiesTableOfItems,매매목적파생상품평가손실에 대한 조정
entity00117267_AdjustmentsForOtherInvestmentIncomeOfAdjustmentsToReconcileProfitLossOfCashFlowsFromOperatingActivitiesTableOfItems,기타투자수익에 대한 조정
entity00117267_AdjustmentsForReinsuranceExpensesOfAdjustmentsToReconcileProfitLossOfCashFlowsFromOperatingActivitiesTableOfItems,재보험비용에 대한 조정
entity00117267_AmountsRecognizedInProfitOrLossRelatedToTotalGainsOrLossesFromLevel3OfTheFairValueHierarchyOfProfitOrLossRelatedToAssetsOfLevel3HeldAtEndOfPeriodLineItemsOfProfitOrLossRelatedToAssetsLevel3HeldAtEndOfPeriodTableOfItems,공정가치서열체계 수준 3과 관련된 총 손익 중 당기손익으로 인식된 금액
entity00117267_AmountsRelatedToLevel3ExcludedFromSensitivityAnalysisOfDisclosureOfLevel3FinancialInstrumentsExcludedFromSensitivityAnalysisLineItemsOfDisclosureOfLevel3FinancialInstrumentsExcludedFromSensitivityAnalysisTableOfItems,민감도 분석 대상에서 제외된 수준 3과 관련된 금액
entity00117267_AssetLinkedPensionAndSavingsInsuranceIndirectParMemberOfPortfolioClassificationMemberOfDisclosureOfInformationOnInsuranceContractMarginForContractsExpectedToBeRecognizedInProfitOrLossTableOfMember,금리연동형-자산연계형 연금ㆍ저축보험 [구성요소]
entity00117267_AssetLinkedPensionAndSavingsInsuranceIndirectParMemberOfPortfolioClassificationMemberOfDisclosureOfLiabilitiesByAccountingModelAndPortfolioFloatingInterestRateTableOfMember,금리연동형-자산연계형 연금ㆍ저축보험 [구성요소]
entity00117267_AudMemberOfFunctionalOrPresentationCurrencyMemberOfDisclosureOfDetailedInformationAboutHedgedItemsInCashFlowHedgesTableOfMember,AUD [구성요소]
entity00117267_AudMemberOfFunctionalOrPresentationCurrencyMemberOfDisclosureOfDetailedInformationAboutHedgedItemsTableOfMember,AUD [구성요소]
entity00117267_AudMemberOfFunctionalOrPresentationCurrencyMemberOfDisclosureOfDetailedInformationAboutHedgingInstrumentsInCashFlowHedgesTableOfMember,AUD [구성요소]
entity00117267_AudMemberOfFunctionalOrPresentationCurrencyMemberOfDisclosureOfDetailedInformationAboutHedgingInstrumentsTableOfMember,AUD [구성요소]
entity00117267_AudMemberOfFunctionalOrPresentationCurrencyMemberOfDisclosureOfInformationAboutTermsAndConditionsOfCashFlowHedgingInstrumentsAndHowTheyAffectFutureCashFlowsForeignCurrencyTranslationRiskTableOfMember,AUD [구성요소]
entity00117267_AudMemberOfFunctionalOrPresentationCurrencyMemberOfDisclosureOfInformationAboutTermsAndConditionsOfHedgingInstrumentsAndHowTheyAffectFutureCashFlowsTableOfMember,AUD [구성요소]
entity00117267_AudMemberOfFunctionalOrPresentationCurrencyMemberOfDisclosureOfTheAverageInterestRateAndAverageExchangeRateOfHedgingInstrumentsForeignExchangeRiskTableOfMember,AUD [구성요소]
entity00117267_AverageExchangeRateAudKrwOfDisclosureOfTheAverageInterestRateAndAverageExchangeRateOfHedgingInstrumentsForeignExchangeRiskLineItemsOfDisclosureOfTheAverageInterestRateAndAverageExchangeRateOfHedgingInstrumentsForeignExchangeRiskTableOfItems,평균환율(AUD/KRW)
entity00117267_AverageExchangeRateCadKrwOfDisclosureOfTheAverageInterestRateAndAverageExchangeRateOfHedgingInstrumentsForeignExchangeRiskLineItemsOfDisclosureOfTheAverageInterestRateAndAverageExchangeRateOfHedgingInstrumentsForeignExchangeRiskTableOfItems,평균환율(CAD/KRW)
entity00117267_AverageExchangeRateEurKrwOfDisclosureOfTheAverageInterestRateAndAverageExchangeRateOfHedgingInstrumentsForeignExchangeRiskLineItemsOfDisclosureOfTheAverageInterestRateAndAverageExchangeRateOfHedgingInstrumentsForeignExchangeRiskTableOfItems,평균환율(EUR/KRW)
entity00117267_AverageExchangeRateJpyKrwOfDisclosureOfTheAverageInterestRateAndAverageExchangeRateOfHedgingInstrumentsForeignExchangeRiskLineItemsOfDisclosureOfTheAverageInterestRateAndAverageExchangeRateOfHedgingInstrumentsForeignExchangeRiskTableOfItems,평균환율(JPY/KRW)
entity00117267_AverageExchangeRateUsdKrwOfDisclosureOfTheAverageInterestRateAndAverageExchangeRateOfHedgingInstrumentsForeignExchangeRiskLineItemsOfDisclosureOfTheAverageInterestRateAndAverageExchangeRateOfHedgingInstrumentsForeignExchangeRiskTableOfItems,평균환율(USD/KRW)
entity00117267_AverageInterestRateReceivedOfDisclosureOfTheAverageInterestRateAndAverageExchangeRateOfHedgingInstrumentsForeignExchangeRiskLineItemsOfDisclosureOfTheAverageInterestRateAndAverageExchangeRateOfHedgingInstrumentsForeignExchangeRiskTableOfItems,"평균금리, 수취"
entity00117267_AverageInterestRateToBePaidOfDisclosureOfTheAverageInterestRateAndAverageExchangeRateOfHedgingInstrumentsForeignExchangeRiskLineItemsOfDisclosureOfTheAverageInterestRateAndAverageExchangeRateOfHedgingInstrumentsForeignExchangeRiskTableOfItems,"평균금리, 지급"
entity00117267_BancassurancePartnershipMemberOfTypesOfCommitmentsMemberOfDisclosureOfCommitmentsTableOfMember,방카슈랑스 업무제휴 [구성요소]
entity00117267_BeginningCumulativeBalanceOfDisclosureOfTheCalculationDetailsOfTheWeightedAverageNumberOfOrdinarySharesOutstandingLineItemsOfDisclosureOfTheCalculationDetailsOfTheWeightedAverageNumberOfOrdinarySharesOutstandingTableOfItems,기초의 적수
entity00117267_BeginningWeightedAverageOfDisclosureOfTheCalculationDetailsOfTheWeightedAverageNumberOfOrdinarySharesOutstandingLineItemsOfDisclosureOfTheCalculationDetailsOfTheWeightedAverageNumberOfOrdinarySharesOutstandingTableOfItems,기초의 가중치
entity00117267_BorrowingsIssuanceOfDisclosureOfDetailedInformationAboutBorrowingsLineItemsOfDisclosureOfDetailedInformationAboutBorrowingsTableOfItems,"차입금, 발행일"
entity00117267_BranchOperatingCostsOfGeneralAndAdministrativeExpenseOfDisclosureOfBusinessExpensesRecognizedAsInsuranceOperatingExpensesTableOfItems,점포운영비
entity00117267_CadMemberOfFunctionalOrPresentationCurrencyMemberOfDisclosureOfDetailedInformationAboutHedgedItemsInCashFlowHedgesTableOfMember,CAD [구성요소]
entity00117267_CadMemberOfFunctionalOrPresentationCurrencyMemberOfDisclosureOfDetailedInformationAboutHedgingInstrumentsInCashFlowHedgesTableOfMember,CAD [구성요소]
entity00117267_CadMemberOfFunctionalOrPresentationCurrencyMemberOfDisclosureOfInformationAboutTermsAndConditionsOfCashFlowHedgingInstrumentsAndHowTheyAffectFutureCashFlowsForeignCurrencyTranslationRiskTableOfMember,CAD [구성요소]
entity00117267_CadMemberOfFunctionalOrPresentationCurrencyMemberOfDisclosureOfTheAverageInterestRateAndAverageExchangeRateOfHedgingInstrumentsForeignExchangeRiskTableOfMember,CAD [구성요소]
entity00117267_CapitalCommitmentsMemberOfTypesOfCommitmentsMemberOfDisclosureOfCapitalCommitmentsWithRelatedPartiesTableOfMember,출자약정 [구성요소]
entity00117267_CapitalCommitmentsMemberOfTypesOfCommitmentsMemberOfDisclosureOfCommitmentsTableOfMember,출자약정 [구성요소]
entity00117267_CashAndCashEquivalentsMemberOfFinancialAssetsAtAmortisedCostCategoryMemberOfDisclosureOfFinancialAssetsByCategoryTableOfMember,현금및현금성자산 [구성요소]
entity00117267_CashAndCashEquivalentsMemberOfFinancialAssetsAtAmortisedCostCategoryMemberOfGainsLossesFinancialInstrumentsByCategoryTableOfMember,현금및현금성자산 [구성요소]
entity00117267_CashAndCashEquivalentsMemberOfFinancialAssetsCategoryMemberOfFairValueAndBookValueOfAssetsTableOfMember,현금및현금성자산 [구성요소]
entity00117267_CashAndCashEquivalentsMemberOfFinancialInstrumentsClassMemberOfDisclosureOfFairValueMeasurementMethodOfFinancialInstrumentsTableOfMember,현금및현금성자산 [구성요소]
entity00117267_CashAndCashEquivalentsRelatedPartyTransactionOfDisclosureOfOutstandingBalancesForRelatedPartyTransactionsLineItemsOfDisclosureOfOutstandingBalancesForRelatedPartyTransactionsTableOfItems,"현금및현금성자산, 특수관계자거래"
entity00117267_CashAndDepositsMemberOfAssetsMemberOfDisclosureOfTheFairValueOfUnderlyingItemsForContractsWithDirectParticipationFeaturesTableOfMember,현금및예치금 [구성요소]
entity00117267_CashFlowsFromOperatingActivitiesTable,영업활동현금흐름
entity00117267_CashFlowsFromOperatingActivitiesTextBlock,영업활동현금흐름[ 문장영역 ]
entity00117267_CessionRateOfDisclosureOfDetailsOfReinsuranceAgreementsLineItemsOfDisclosureOfDetailsOfReinsuranceAgreementsTableOfItems,출재비율
entity00117267_ChangesInComprehensiveIncomeDueToInsuranceServiceResultsAndInsuranceFinanceIncomeOrExpensesOfDisclosureOfReconciliationOfChangesInInsuranceContractsIssuedByComponentsLineItemsOfDisclosureOfReconciliationOfChangesInInsuranceContractsIssuedByComponentsTableOfItems,보험서비스결과 및 보험금융손익으로 인한 총 포괄손익의 변동
entity00117267_ChangesInComprehensiveIncomeDueToInsuranceServiceResultsAndInsuranceFinanceIncomeOrExpensesOfDisclosureOfReconciliationOfChangesInInsuranceContractsIssuedByRemainingCoverageAndIncurredClaimsLineItemsOfDisclosureOfReconciliationOfChangesInInsuranceContractsIssuedByRemainingCoverageAndIncurredClaimsTableOfItems,보험서비스결과 및 보험금융손익으로 인한 총 포괄손익의 변동
entity00117267_ChangesInComprehensiveIncomeDueToInsuranceServiceResultsAndInsuranceFinanceIncomeOrExpensesOfDisclosureOfReconciliationOfChangesInReinsuranceContractsByComponentsLineItemsOfDisclosureOfReconciliationOfChangesInReinsuranceContractsByComponentsTableOfItems,보험서비스결과 및 보험금융손익으로 인한 총 포괄손익의 변동
entity00117267_ChangesInComprehensiveIncomeDueToInsuranceServiceResultsAndInsuranceFinanceIncomeOrExpensesOfDisclosureOfReconciliationOfChangesInReinsuranceContractsByRemainingCoverageAndIncurredClaimsLineItemsOfDisclosureOfReconciliationOfChangesInReinsuranceContractsByRemainingCoverageAndIncurredClaimsTableOfItems,보험서비스결과 및 보험금융손익으로 인한 총 포괄손익의 변동
entity00117267_ClaimsInvestigationCostsAttributedToInsuranceContractsMemberOfLineItemsByFunctionMemberOfDisclosureOfBusinessExpensesRecognizedAsInsuranceOperatingExpensesTableOfMember,손해조사비-보험계약귀속 [구성요소]
entity00117267_ClassificationOfInsuranceProductsAxisOfDisclosureOfInsuranceContractAssetsAndLiabilitiesByParticipationFeatureOfAxis,보험상품의 구분 [축]
entity00117267_ClassificationOfInsuranceProductsAxisOfDisclosureOfReconciliationOfChangesInInsuranceContractsIssuedByComponentsTableOfAxis,보험상품의 구분 [축]
entity00117267_ClassificationOfInsuranceProductsAxisOfDisclosureOfReconciliationOfChangesInInsuranceContractsIssuedByRemainingCoverageAndIncurredClaimsTableOfAxis,보험상품의 구분 [축]
entity00117267_ClassificationOfInsuranceProductsMemberOfClassificationOfInsuranceProductsAxisOfDisclosureOfInsuranceContractAssetsAndLiabilitiesByParticipationFeatureTableOfMember,보험상품의 구분 [구성요소]
entity00117267_ClassificationOfInsuranceProductsMemberOfClassificationOfInsuranceProductsAxisOfDisclosureOfReconciliationOfChangesInInsuranceContractsIssuedByComponentsTableOfMember,보험상품의 구분 [구성요소]
entity00117267_ClassificationOfInsuranceProductsMemberOfClassificationOfInsuranceProductsAxisOfDisclosureOfReconciliationOfChangesInInsuranceContractsIssuedByRemainingCoverageAndIncurredClaimsTableOfMember,보험상품의 구분 [구성요소]
entity00117267_CollectionProcessingCostsOfGeneralAndAdministrativeExpenseOfDisclosureOfBusinessExpensesRecognizedAsInsuranceOperatingExpensesTableOfItems,수금사무비
entity00117267_CommissionsRelatedPartyTransactionsOfDisclosureOfTransactionsBetweenRelatedPartiesLineItemsOfDisclosureOfTransactionsBetweenRelatedPartiesTableOfItems,"지급수수료, 특수관계자거래"
entity00117267_ConsolidatedNetIncomeBeforeReserveTransferOfDisclosureOfAdjustedProfitLossNetOrRegulatoryReserveLineItemsOfDisclosureOfAdjustedProfitLossNetOfRegulatoryReserveTableOfItems,준비금 전입전 연결당기순이익
entity00117267_ContractMaintenanceCostsAttributedToInsuranceContractsMemberOfLineItemsByFunctionMemberOfDisclosureOfBusinessExpensesRecognizedAsInsuranceOperatingExpensesTableOfMember,계약유지비-보험계약귀속 [구성요소]
entity00117267_CumulativeBalanceAsOfTheDateOfDisposalOfTreasurySharesOfDisclosureOfTheCalculationDetailsOfTheWeightedAverageNumberOfOrdinarySharesOutstandingLineItemsOfDisclosureOfTheCalculationDetailsOfTheWeightedAverageNumberOfOrdinarySharesOutstandingTableOfItems,자기주식처분일의 적수
entity00117267_DateOfDisposalOfTreasurySharesOfDisclosureOfTheCalculationDetailsOfTheWeightedAverageNumberOfOrdinarySharesOutstandingLineItemsOfDisclosureOfTheCalculationDetailsOfTheWeightedAverageNumberOfOrdinarySharesOutstandingTableOfItems,자기주식 처분일
entity00117267_DecreaseInTheNumberOfSharesInEntityHeldByEntityOrByItsSubsidiariesOrAssociatesDueToDisposalOfTreasurySharesOfDisclosureOfTheCalculationDetailsOfTheWeightedAverageNumberOfOrdinarySharesOutstandingLineItemsOfDisclosureOfTheCalculationDetailsOfTheWeightedAverageNumberOfOrdinarySharesOutstandingTableOfItems,"자기주식의 처분으로 인한 발행주식 중 당해 기업, 종속기업 또는 관계기업이 소유하고 있는 주식수 감소"
entity00117267_DepositsInForeignCurrencyMemberOfDepositsAtAmortisedCostMemberOfDetailsOfFinancialAssetsAtAmortisedCostTableOfMember,외화예금 [구성요소]
entity00117267_DerivativeFinancialAssetsRelatedPartyTransactionOfDisclosureOfOutstandingBalancesForRelatedPartyTransactionsLineItemsOfDisclosureOfOutstandingBalancesForRelatedPartyTransactionsTableOfItems,"파생상품자산, 특수관계자거래"
entity00117267_DerivativeFinancialLiabilitiesRelatedPartyTransactionOfDisclosureOfOutstandingBalancesForRelatedPartyTransactionsLineItemsOfDisclosureOfOutstandingBalancesForRelatedPartyTransactionsTableOfItems,"파생상품부채, 특수관계자거래"
entity00117267_DescriptionOfAccountItemsOnTheStatementOfFinancialPositionIncludingHedgedItemsOfDisclosureOfDetailedInformationAboutHedgedItemsInCashFlowHedgesLineItemsOfDisclosureOfDetailedInformationAboutHedgedItemsInCashFlowHedgesTableOfItems,재무상태표상 위험회피대상을 포함한 계정과목에 대한 기술
entity00117267_DescriptionOfAccountItemsOnTheStatementOfFinancialPositionIncludingHedgedItemsOfDisclosureOfDetailedInformationAboutHedgedItemsLineItemsOfDisclosureOfDetailedInformationAboutHedgedItemsTableOfItems,재무상태표상 위험회피대상을 포함한 계정과목에 대한 기술
entity00117267_DescriptionOfAmountsExcludedFromOtherFinancialLiabilitiesOfDisclosureOfFairValueByHierarchyLiabilitiesNotMeasuredAtFairValueInStatementOfFinancialPositionButForWhichFairValueIsDisclosedLineItemsOfDisclosureOfFairValueByHierarchyLiabilitiesNotMeasuredAtFairValueInStatementOfFinancialPositionButForWhichFairValueIsDisclosedTableOfItems,기타금융부채에서 제외된 금액에 대한 기술
entity00117267_DescriptionOfAmountsExcludedFromOtherFinancialLiabilitiesOfDisclosureOfFinancialLiabilitiesByCategoriesLineItemsOfDisclosureOfFinancialLiabilitiesByCategoryTableOfItems,기타금융부채에서 제외된 금액에 대한 기술
entity00117267_DescriptionOfAmountsExcludedFromOtherFinancialLiabilitiesOfFairValueAndBookValueOfLiabilitiesLineItemsOfFairValueAndBookValueOfLiabilitiesTableOfItems,기타금융부채에서 제외된 금액에 대한 기술
entity00117267_DescriptionOfAmountsExcludedFromOtherFinancialLiabilitiesOfGainsLossesOnFinancialInstrumentsByCategoriesLineItemsOfGainsLossesFinancialInstrumentsByCategoryTableOfItems,기타금융부채에서 제외된 금액에 대한 기술
entity00117267_DescriptionOfAmountsIncludedInLifeInsuranceOfDisclosureOfClassificationOfReinsuranceContractAssetsAndLiabilitiesByProductLineItemsOfDisclosureOfClassificationOfReinsuranceContractAssetsAndLiabilitiesByProductTableOfItems,사망보험에 포함된 금액에 대한 기술
entity00117267_DescriptionOfAmountsIncludedInTheTotalCarryingAmountOfFinancialAssetsMeasuredAtAmortizedCostOfDisclosureOfChangesInFinancialAssetsAtAmortisedCostLineItemsOfDisclosureOfChangesInFinancialAssetsAtAmortisedCostTableOfItems,상각후원가측정금융자산의 총장부금액에 포함된 금액에 대한 기술
entity00117267_DescriptionOfAmountsRelatedToLevel3ExcludedFromSensitivityAnalysisOfDisclosureOfLevel3FinancialInstrumentsExcludedFromSensitivityAnalysisLineItemsOfDisclosureOfLevel3FinancialInstrumentsExcludedFromSensitivityAnalysisTableOfItems,민감도 분석 대상에서 제외된 수준 3과 관련된 금액에 대한 기술
entity00117267_DescriptionOfAssetsPledgedAsCollateralOfDisclosureOfAssetsPledgedAsCollateralToTheRelatedPartiesLineItemsOfDisclosureOfAssetsPledgedAsCollateralToTheRelatedPartiesTableOfItems,담보제공자산에 대한 기술
entity00117267_DescriptionOfCashFlowHedgeReserveOfDisclosureOfDetailedInformationAboutHedgedItemsInCashFlowHedgesLineItemsOfDisclosureOfDetailedInformationAboutHedgedItemsInCashFlowHedgesTableOfItems,현금흐름위험회피 적립금에 대한 기술
entity00117267_DescriptionOfCumulativeGainsAndLossesAtTheTimeOfDisposalOfInvestmentsInEquityInstrumentsDesignatedAsMeasuredAtFairValueThroughOtherComprehensiveIncomeOfDisclosureOfDetailsOfEquityInstrumentsRemovedFromFinancialAssetsMeasuredAtFairValueThroughOtherComprehensiveIncomeLineItemsOfDisclosureOfDetailsOfEquityInstrumentsRemovedFromFinancialAssetsMeasuredAtFairValueThroughOtherComprehensiveIncomeTableOfItems,기타포괄손익-공정가치 측정 항목으로 지정된 지분상품에 대한 투자의 처분시점의 누적 손익에 대한 기술
entity00117267_DescriptionOfDisposalOfInvestmentsInEquityInstrumentsDesignatedAsMeasuredAtFairValueThroughOtherComprehensiveIncome,기타포괄손익-공정가치측정 항목으로 지정된 지분상품 투자 처분에 대한 기술
entity00117267_DescriptionOfEquityInstrumentsDesignatedAsMeasuredAtFairValueThroughOtherComprehensiveIncome,기타포괄손익-공정가치 측정 항목으로 지정된 지분상품에 대한 기술
entity00117267_DescriptionOfFairValueByFairValueHierarchyLevelOfDisclosureOfFairValueHierarchyLineItemsOfDisclosureOfFairValueHierarchyTableOfItems,공정가치 서열체계 수준별 공정가치에 대한 기술
entity00117267_DescriptionOfFinancialTransactionsBetweenRelatedParties,특수관계자 자금거래에 대한 기술
entity00117267_DescriptionOfIncreasesAndDecreasesInValuationGainsAndLossesOnFinancialAssetsMeasuredAtFairValueThroughOtherComprehensiveIncomeOfDisclosureOfChangesInAccumulatedOtherComprehensiveIncomeLineItemsOfDisclosureOfChangesInAccumulatedOtherComprehensiveIncomeTableOfItems,기타포괄손익-공정가치측정금융자산평가손익의 증감에 대한 기술
entity00117267_DescriptionOfInitiallyRecognizedReinsuranceContracts,최초 재보험계약에 대한 기술
entity00117267_DescriptionOfInsuranceContractsInitiallyRecognized,최초로 인식한 보험계약에 대한 기술
entity00117267_DescriptionOfInterestPaymentAndRepaymentMethodsOfDisclosureOfDetailedInformationAboutBorrowingsLineItemsOfDisclosureOfDetailedInformationAboutBorrowingsTableOfItems,이자지급 및 상환방법에 대한 기술
entity00117267_DescriptionOfOtherChangesInFinancialAssetsMeasuredAtFairValueThroughOtherComprehensiveIncome,기타포괄손익-공정가치측정금융자산의 기타 변동에 대한 기술
entity00117267_DescriptionOfRecognitionOfGainsArisingFromRevaluationOfLandOfDisclosureOfChangesInAccumulatedOtherComprehensiveIncomeLineItemsOfDisclosureOfChangesInAccumulatedOtherComprehensiveIncomeTableOfItems,토지 재평가에 따른 평가이익 인식에 대한 기술
entity00117267_DescriptionOfTheAmountSetAsCollateralOfDisclosureOfAssetsPledgedAsCollateralToTheRelatedPartiesLineItemsOfDisclosureOfAssetsPledgedAsCollateralToTheRelatedPartiesTableOfItems,담보설정액에 대한 기술
entity00117267_DescriptionOfTheInsuranceContractMarginAndAmortizationAmountAlongWithTheSeparationOfInsuranceLiabilitiesForInsuranceContractsExpectedToBeRecognizedInProfitOrLossDuringThePeriod,당기손익 인식이 예상되는 보험계약의 보험계약마진 및 상각액과 보험부채의 구분에 대한 기술
entity00117267_DescriptionOfThePreparationAndClassificationOfInsuranceLiabilitiesByAccountingModelAndByPortfolio,"회계모형별, 포트폴리오별 보험부채 현황의 작성과 구분에 대한 기술"
entity00117267_DescriptionOfTheReinsuranceContractMarginAndAmortizationAmountForReinsuranceContractsExpectedToBeRecognizedInProfitOrLossDuringThePeriod,당기손익 인식이 예상되는 재보험계약의 보험계약마진 및 상각액에 대한 기술
entity00117267_DescriptionOfTheTimingOfRecognitionForTransfersBetweenLevelsInTheFairValueHierarchyOfDisclosureOfFairValueHierarchyLineItemsOfDisclosureOfFairValueHierarchyTableOfItems,공정가치 서열체계 수준 간 이동의 인식 시기에 대한 기술
entity00117267_DisclosureOfAggregateFairValueOfDerivativeInstrumentsTable,파생상품 공정가치의 합계에 대한 공시
entity00117267_DisclosureOfAggregateFairValueOfDerivativeInstrumentsTextBlock,파생상품 공정가치의 합계에 대한 공시[ 문장영역 ]
entity00117267_DisclosureOfAggregateGainsOrLossesOnValuationOfDerivativeInstrumentsTable,파생상품평가손익의 합계에 대한 공시
entity00117267_DisclosureOfAggregateGainsOrLossesOnValuationOfDerivativeInstrumentsTextBlock,파생상품평가손익의 합계에 대한 공시[ 문장영역 ]
entity00117267_DisclosureOfAggregateOutstandingPositionsOfDerivativeInstrumentsTable,파생상품의 미결제약정 내역 합계에 대한 공시
entity00117267_DisclosureOfAggregateOutstandingPositionsOfDerivativeInstrumentsTextBlock,파생상품의 미결제약정 내역 합계에 대한 공시[ 문장영역 ]
entity00117267_DisclosureOfAnalysisOfExpensesFromReinsuranceContractsTable,재보험비용 분석 공시
entity00117267_DisclosureOfAnalysisOfExpensesFromReinsuranceContractsTextBlock,재보험비용 분석 공시[ 문장영역 ]
entity00117267_DisclosureOfAnalysisOfReinsuranceRevenueFromReinsuranceContractsAbstract,재보험계약의 재보험수익 분석 공시[ 개요 ]
entity00117267_DisclosureOfAnalysisOfReinsuranceRevenueFromReinsuranceContractsLineItemsOfDisclosureOfAnalysisOfReinsuranceRevenueFromReinsuranceContractsTableOfLineItems,재보험계약의 재보험수익 분석 공시 [항목]
entity00117267_DisclosureOfAnalysisOfReinsuranceRevenueFromReinsuranceContractsTable,재보험계약의 재보험수익 분석 공시
entity00117267_DisclosureOfAnalysisOfReinsuranceRevenueFromReinsuranceContractsTextBlock,재보험계약의 재보험수익 분석 공시[ 문장영역 ]
entity00117267_DisclosureOfAssetsMeasuredAtCostTable,원가로 측정한 자산에 대한 공시
entity00117267_DisclosureOfAssetsMeasuredAtCostTextBlock,원가로 측정한 자산에 대한 공시[ 문장영역 ]
entity00117267_DisclosureOfAssetsPledgedAsCollateralToTheRelatedPartiesTable,특수관계자에게 제공한 담보에 대한 공시
entity00117267_DisclosureOfAssetsPledgedAsCollateralToTheRelatedPartiesTextBlock,특수관계자에게 제공한 담보에 대한 공시[ 문장영역 ]
entity00117267_DisclosureOfBondsTable,사채에 대한 공시
entity00117267_DisclosureOfBondsTextBlock,사채에 대한 공시[ 문장영역 ]
entity00117267_DisclosureOfBusinessExpensesRecognizedAsInsuranceOperatingExpensesTable,보험영업비용으로 반영된 사업비에 대한 공시
entity00117267_DisclosureOfBusinessExpensesRecognizedAsInsuranceOperatingExpensesTextBlock,보험영업비용으로 반영된 사업비에 대한 공시[ 문장영역 ]
entity00117267_DisclosureOfCapitalCommitmentsWithRelatedPartiesAbstract,특수관계자와의 미실행 출자약정액에 대한 공시[ 개요 ]
entity00117267_DisclosureOfCapitalCommitmentsWithRelatedPartiesLineItemsOfDisclosureOfCapitalCommitmentsWithRelatedPartiesTableOfLineItems,특수관계자와의 미실행 출자약정액에 대한 공시 [항목]
entity00117267_DisclosureOfCapitalCommitmentsWithRelatedPartiesTable,특수관계자와의 미실행 출자약정액에 대한 공시
entity00117267_DisclosureOfCapitalCommitmentsWithRelatedPartiesTextBlock,특수관계자와의 미실행 출자약정액에 대한 공시[ 문장영역 ]
entity00117267_DisclosureOfCarryingAmountOfOtherProvisionsTable,기타충당부채의 장부금액에 대한 공시
entity00117267_DisclosureOfCarryingAmountOfOtherProvisionsTextBlock,기타충당부채의 장부금액에 대한 공시[ 문장영역 ]
entity00117267_DisclosureOfChangesInAccumulatedOtherComprehensiveIncomeTable,기타포괄손익누계액의 변동내역에 대한 공시
entity00117267_DisclosureOfChangesInAccumulatedOtherComprehensiveIncomeTextBlock,기타포괄손익누계액의 변동내역에 대한 공시[ 문장영역 ]
entity00117267_DisclosureOfChangesInTheGrossCarryingAmountOfFinancialAssetsAtAmortizedCostTable,상각후원가측정금융자산 합계에 대한 변동내역
entity00117267_DisclosureOfChangesInTheGrossCarryingAmountOfFinancialAssetsAtAmortizedCostTextBlock,상각후원가측정금융자산 합계에 대한 변동내역[ 문장영역 ]
entity00117267_DisclosureOfChangesInTheGrossCarryingAmountOfLoansAtAmortizedCostTable,상각후원가측정 대출채권 합계에 대한 변동내역
entity00117267_DisclosureOfChangesInTheGrossCarryingAmountOfLoansAtAmortizedCostTextBlock,상각후원가측정 대출채권 합계에 대한 변동내역[ 문장영역 ]
entity00117267_DisclosureOfClassificationOfInsuranceContractAssetsAndLiabilitiesByProductTable,보험계약자산부채의 상품별 구분에 대한 공시
entity00117267_DisclosureOfClassificationOfInsuranceContractAssetsAndLiabilitiesByProductTextBlock,보험계약자산부채의 상품별 구분에 대한 공시[ 문장영역 ]
entity00117267_DisclosureOfClassificationOfReinsuranceContractAssetsAndLiabilitiesByProductAbstract,재보험계약자산부채의 상품별 구분에 대한 공시[ 개요 ]
entity00117267_DisclosureOfClassificationOfReinsuranceContractAssetsAndLiabilitiesByProductLineItemsOfDisclosureOfClassificationOfReinsuranceContractAssetsAndLiabilitiesByProductTableOfLineItems,재보험계약자산부채의 상품별 구분에 대한 공시 [항목]
entity00117267_DisclosureOfClassificationOfReinsuranceContractAssetsAndLiabilitiesByProductTable,재보험계약자산부채의 상품별 구분에 대한 공시
entity00117267_DisclosureOfClassificationOfReinsuranceContractAssetsAndLiabilitiesByProductTextBlock,재보험계약자산부채의 상품별 구분에 대한 공시[ 문장영역 ]
entity00117267_DisclosureOfCommitmentsTable,약정에 대한 공시
entity00117267_DisclosureOfCommitmentsTextBlock,약정에 대한 공시[ 문장영역 ]
entity00117267_DisclosureOfCompensationForKeyManagementPersonnelTable,주요경영진에 대한 보상
entity00117267_DisclosureOfCompensationForKeyManagementPersonnelTextBlock,주요경영진에 대한 보상[ 문장영역 ]
entity00117267_DisclosureOfComponentsOfInvestmentContractLiabilitiesTable,투자계약부채의 구성내역에 대한 공시
entity00117267_DisclosureOfComponentsOfInvestmentContractLiabilitiesTextBlock,투자계약부채의 구성내역에 대한 공시[ 문장영역 ]
entity00117267_DisclosureOfComponentsOfNetDefinedBenefitLiabilityTable,순확정급여부채의 구성내역에 대한 공시
entity00117267_DisclosureOfComponentsOfNetDefinedBenefitLiabilityTextBlock,순확정급여부채의 구성내역에 대한 공시[ 문장영역 ]
entity00117267_DisclosureOfDefinedContributionPlansTable,확정기여제도에 대한 공시
entity00117267_DisclosureOfDefinedContributionPlansTextBlock,확정기여제도에 대한 공시[ 문장영역 ]
entity00117267_DisclosureOfDerivativesNotionalAmountBetweenTheRelatedPartiesTable,특수관계자 간의 파생상품 미결제약정 내역 공시
entity00117267_DisclosureOfDerivativesNotionalAmountBetweenTheRelatedPartiesTextBlock,특수관계자 간의 파생상품 미결제약정 내역 공시[ 문장영역 ]
entity00117267_DisclosureOfDetailedInformationAboutHedgedItemsInCashFlowHedgesTable,현금위험회피대상항목에 대한 상세한 정보의 공시
entity00117267_DisclosureOfDetailedInformationAboutHedgedItemsInCashFlowHedgesTextBlock,현금위험회피대상항목에 대한 상세한 정보의 공시[ 문장영역 ]
entity00117267_DisclosureOfDetailedInformationAboutHedgesTable,위험회피에 대한 세부 정보 공시
entity00117267_DisclosureOfDetailedInformationAboutHedgesTextBlock,위험회피에 대한 세부 정보 공시[ 문장영역 ]
entity00117267_DisclosureOfDetailedInformationAboutHedgingInstrumentsInCashFlowHedgesTable,현금위험회피수단에 대한 세부 정보 공시
entity00117267_DisclosureOfDetailedInformationAboutHedgingInstrumentsInCashFlowHedgesTextBlock,현금위험회피수단에 대한 세부 정보 공시[ 문장영역 ]
entity00117267_DisclosureOfDetailedInformationOnTheCarryingAmountOfFinancialAssetsMeasuredAtAmortizedCostTable,상각후원가측정금융자산 장부금액의 상세내역에 대한 공시
entity00117267_DisclosureOfDetailedInformationOnTheCarryingAmountOfFinancialAssetsMeasuredAtAmortizedCostTextBlock,상각후원가측정금융자산 장부금액의 상세내역에 대한 공시[ 문장영역 ]
entity00117267_DisclosureOfDetailsOfCapitalAdjustmentsTable,자본조정 내역에 대한 공시
entity00117267_DisclosureOfDetailsOfCapitalAdjustmentsTextBlock,자본조정 내역에 대한 공시[ 문장영역 ]
entity00117267_DisclosureOfDetailsOfEquityInstrumentsRemovedFromFinancialAssetsMeasuredAtFairValueThroughOtherComprehensiveIncomeTable,제거한 기타포괄손익-공정가치측정금융자산 중 지분상품의 내역에 대한 공시
entity00117267_DisclosureOfDetailsOfEquityInstrumentsRemovedFromFinancialAssetsMeasuredAtFairValueThroughOtherComprehensiveIncomeTextBlock,제거한 기타포괄손익-공정가치측정금융자산 중 지분상품의 내역에 대한 공시[ 문장영역 ]
entity00117267_DisclosureOfDetailsOfEquitySecuritiesMeasuredAtFairValueThroughOtherComprehensiveIncomeTable,기타포괄손익-공정가치측정금융자산 지분증권의 내역에 대한 공시
entity00117267_DisclosureOfDetailsOfEquitySecuritiesMeasuredAtFairValueThroughOtherComprehensiveIncomeTextBlock,기타포괄손익-공정가치측정금융자산 지분증권의 내역에 대한 공시[ 문장영역 ]
entity00117267_DisclosureOfDetailsOfReinsuranceAgreementsTable,출재보험 협약의 내역에 대한 공시
entity00117267_DisclosureOfDetailsOfReinsuranceAgreementsTextBlock,출재보험 협약의 내역에 대한 공시[ 문장영역 ]
entity00117267_DisclosureOfDetailsOfRelatedPartiesAbstract,특수관계자 현황에 대한 공시[ 개요 ]
entity00117267_DisclosureOfDetailsOfRelatedPartiesLineItemsOfDisclosureOfDetailsOfRelatedPartiesTableOfLineItems,특수관계자 현황에 대한 공시 [항목]
entity00117267_DisclosureOfDetailsOfRelatedPartiesTable,특수관계자 현황에 대한 공시
entity00117267_DisclosureOfDetailsOfRelatedPartiesTextBlock,특수관계자 현황에 대한 공시[ 문장영역 ]
entity00117267_DisclosureOfDilutedEarningsPerShare,희석주당이익에 대한 공시
entity00117267_DisclosureOfEffectOfInsuranceContractsInitiallyRecognisedLossComponentAbstract,처음 인식한 보험계약의 영향 공시 (손실요소)[ 개요 ]
entity00117267_DisclosureOfEffectOfInsuranceContractsInitiallyRecognisedLossComponentLineItemsOfDisclosureOfEffectOfInsuranceContractsInitiallyRecognisedLossComponentTableOfLineItems,처음 인식한 보험계약의 영향 공시 (손실요소) [항목]
entity00117267_DisclosureOfEffectOfInsuranceContractsInitiallyRecognisedLossComponentTable,처음 인식한 보험계약의 영향 공시 (손실요소)
entity00117267_DisclosureOfEffectOfInsuranceContractsInitiallyRecognisedLossComponentTextBlock,처음 인식한 보험계약의 영향 공시 (손실요소)[ 문장영역 ]
entity00117267_DisclosureOfEffectOfReinsuranceContractsInitiallyRecognisedLossRecoveryComponentAbstract,처음 인식한 재보험계약의 영향 공시 (손실회수요소)[ 개요 ]
entity00117267_DisclosureOfEffectOfReinsuranceContractsInitiallyRecognisedLossRecoveryComponentLineItemsOfDisclosureOfEffectOfReinsuranceContractsInitiallyRecognisedLossRecoveryComponentTableOfLineItems,처음 인식한 재보험계약의 영향 공시 (손실회수요소) [항목]
entity00117267_DisclosureOfEffectOfReinsuranceContractsInitiallyRecognisedLossRecoveryComponentTable,처음 인식한 재보험계약의 영향 공시 (손실회수요소)
entity00117267_DisclosureOfEffectOfReinsuranceContractsInitiallyRecognisedLossRecoveryComponentTextBlock,처음 인식한 재보험계약의 영향 공시 (손실회수요소)[ 문장영역 ]
entity00117267_DisclosureOfEffectOfReinsuranceContractsInitiallyRecognisedTable,처음 인식한 재보험계약의 영향 공시
entity00117267_DisclosureOfEffectOfReinsuranceContractsInitiallyRecognisedTextBlock,처음 인식한 재보험계약의 영향 공시[ 문장영역 ]
entity00117267_DisclosureOfExpectedTimingOfEconomicBenefitsOutflowForEachProvisionTable,충당부채별 경제적 효익의 예상 유출시기에 대한 공시
entity00117267_DisclosureOfExpectedTimingOfEconomicBenefitsOutflowForEachProvisionTextBlock,충당부채별 경제적 효익의 예상 유출시기에 대한 공시[ 문장영역 ]
entity00117267_DisclosureOfFairValueHierarchyTable,공정가치 서열체계에 대한 공시
entity00117267_DisclosureOfFairValueHierarchyTextBlock,공정가치 서열체계에 대한 공시[ 문장영역 ]
entity00117267_DisclosureOfFairValueMeasurementMethodOfFinancialInstrumentsTable,금융상품의 공정가치 측정방법에 대한 공시
entity00117267_DisclosureOfFairValueMeasurementMethodOfFinancialInstrumentsTextBlock,금융상품의 공정가치 측정방법에 대한 공시[ 문장영역 ]
entity00117267_DisclosureOfIncomeAndExpensesRelatedToFinancialAssetsMeasuredAtFairValueThroughProfitOrLossTable,당기손익-공정가치측정금융자산 관련 손익에 대한 공시
entity00117267_DisclosureOfIncomeAndExpensesRelatedToFinancialAssetsMeasuredAtFairValueThroughProfitOrLossTextBlock,당기손익-공정가치측정금융자산 관련 손익에 대한 공시[ 문장영역 ]
entity00117267_DisclosureOfInformationAboutTermsAndConditionsOfCashFlowHedgingInstrumentsAndHowTheyAffectFutureCashFlowsForeignCurrencyTranslationRiskAbstract,현금흐름위험회피수단의 조건에 대한 정보와 어떻게 미래의 현금흐름에 영향을 주는 가에 대한 정보의 공시 (외화환산위험)[ 개요 ]
entity00117267_DisclosureOfInformationAboutTermsAndConditionsOfCashFlowHedgingInstrumentsAndHowTheyAffectFutureCashFlowsForeignCurrencyTranslationRiskLineItemsOfDisclosureOfInformationAboutTermsAndConditionsOfCashFlowHedgingInstrumentsAndHowTheyAffectFutureCashFlowsForeignCurrencyTranslationRiskTableOfLineItems,현금흐름위험회피수단의 조건에 대한 정보와 어떻게 미래의 현금흐름에 영향을 주는 가에 대한 정보의 공시 (외화환산위험) [항목]
entity00117267_DisclosureOfInformationAboutTermsAndConditionsOfCashFlowHedgingInstrumentsAndHowTheyAffectFutureCashFlowsForeignCurrencyTranslationRiskTable,현금흐름위험회피수단의 조건에 대한 정보와 어떻게 미래의 현금흐름에 영향을 주는 가에 대한 정보의 공시 (외화환산위험)
entity00117267_DisclosureOfInformationAboutTermsAndConditionsOfCashFlowHedgingInstrumentsAndHowTheyAffectFutureCashFlowsForeignCurrencyTranslationRiskTextBlock,현금흐름위험회피수단의 조건에 대한 정보와 어떻게 미래의 현금흐름에 영향을 주는 가에 대한 정보의 공시 (외화환산위험)[ 문장영역 ]
entity00117267_DisclosureOfInformationAboutTermsAndConditionsOfCashFlowHedgingInstrumentsAndHowTheyAffectFutureCashFlowsInterestRateRiskAbstract,현금흐름위험회피수단의 조건에 대한 정보와 어떻게 미래의 현금흐름에 영향을 주는 가에 대한 정보의 공시 (이자율위험)[ 개요 ]
entity00117267_DisclosureOfInformationAboutTermsAndConditionsOfCashFlowHedgingInstrumentsAndHowTheyAffectFutureCashFlowsInterestRateRiskLineItemsOfDisclosureOfInformationAboutTermsAndConditionsOfCashFlowHedgingInstrumentsAndHowTheyAffectFutureCashFlowsInterestRateRiskTableOfLineItems,현금흐름위험회피수단의 조건에 대한 정보와 어떻게 미래의 현금흐름에 영향을 주는 가에 대한 정보의 공시 (이자율위험) [항목]
entity00117267_DisclosureOfInformationAboutTermsAndConditionsOfCashFlowHedgingInstrumentsAndHowTheyAffectFutureCashFlowsInterestRateRiskTable,현금흐름위험회피수단의 조건에 대한 정보와 어떻게 미래의 현금흐름에 영향을 주는 가에 대한 정보의 공시 (이자율위험)
entity00117267_DisclosureOfInformationAboutTermsAndConditionsOfCashFlowHedgingInstrumentsAndHowTheyAffectFutureCashFlowsInterestRateRiskTextBlock,현금흐름위험회피수단의 조건에 대한 정보와 어떻게 미래의 현금흐름에 영향을 주는 가에 대한 정보의 공시 (이자율위험)[ 문장영역 ]
entity00117267_DisclosureOfInformationOnInsuranceContractMarginForContractsExpectedToBeRecognizedInProfitOrLossTable,당기손익 인식이 예상되는 보험계약의 보험계약마진에 대한 정보 공시
entity00117267_DisclosureOfInformationOnInsuranceContractMarginForContractsExpectedToBeRecognizedInProfitOrLossTextBlock,당기손익 인식이 예상되는 보험계약의 보험계약마진에 대한 정보 공시[ 문장영역 ]
entity00117267_DisclosureOfInformationOnInsuranceContractMarginForReinsuranceContractsExpectedToBeRecognizedInProfitOrLossTable,당기손익 인식이 예상되는 재보험계약의 보험계약마진에 대한 정보 공시
entity00117267_DisclosureOfInformationOnInsuranceContractMarginForReinsuranceContractsExpectedToBeRecognizedInProfitOrLossTextBlock,당기손익 인식이 예상되는 재보험계약의 보험계약마진에 대한 정보 공시[ 문장영역 ]
entity00117267_DisclosureOfInformationOnInsuranceContractMarginForReinsuranceContractsExpectedToBeRecognizedInProfitOrLossTotalTable,"당기손익 인식이 예상되는 재보험계약의 보험계약마진에 대한 정보 공시, 합계"
entity00117267_DisclosureOfInformationOnInsuranceContractMarginForReinsuranceContractsExpectedToBeRecognizedInProfitOrLossTotalTextBlock,"당기손익 인식이 예상되는 재보험계약의 보험계약마진에 대한 정보 공시, 합계[ 문장영역 ]"
entity00117267_DisclosureOfInformationOnTotalInsuranceContractMarginForContractsExpectedToBeRecognizedInProfitOrLossTable,당기손익 인식이 예상되는 보험계약의 보험계약마진 합계에 대한 정보 공시
entity00117267_DisclosureOfInformationOnTotalInsuranceContractMarginForContractsExpectedToBeRecognizedInProfitOrLossTextBlock,당기손익 인식이 예상되는 보험계약의 보험계약마진 합계에 대한 정보 공시[ 문장영역 ]
entity00117267_DisclosureOfInputsToMethodsUsedToMeasureContractsWithinScopeOfIfrs17Table,IFRS 17 적용범위에 포함되는 계약 측정에 사용한 방법의 투입변수 공시
entity00117267_DisclosureOfInputsToMethodsUsedToMeasureContractsWithinScopeOfIfrs17TextBlock,IFRS 17 적용범위에 포함되는 계약 측정에 사용한 방법의 투입변수 공시[ 문장영역 ]
entity00117267_DisclosureOfInsuranceContractAssetsAndLiabilitiesByParticipationFeatureAbstract,보험계약자산부채의 배당여부별 공시[ 개요 ]
entity00117267_DisclosureOfInsuranceContractAssetsAndLiabilitiesByParticipationFeatureLineItemsOfDisclosureOfInsuranceContractAssetsAndLiabilitiesByParticipationFeatureTableOfLineItems,보험계약자산부채의 배당여부별 공시 [항목]
entity00117267_DisclosureOfInsuranceContractAssetsAndLiabilitiesByParticipationFeatureTable,보험계약자산부채의 배당여부별 공시
entity00117267_DisclosureOfInsuranceContractAssetsAndLiabilitiesByParticipationFeatureTextBlock,보험계약자산부채의 배당여부별 공시[ 문장영역 ]
entity00117267_DisclosureOfInsuranceServiceResultTable,보험서비스결과의 공시
entity00117267_DisclosureOfInsuranceServiceResultTextBlock,보험서비스결과의 공시[ 문장영역 ]
entity00117267_DisclosureOfInvestmentIncomeAndExpensesRelatedToInsuranceContractsTable,보험계약 관련 투자손익에 대한 공시
entity00117267_DisclosureOfInvestmentIncomeAndExpensesRelatedToInsuranceContractsTextBlock,보험계약 관련 투자손익에 대한 공시[ 문장영역 ]
entity00117267_DisclosureOfLevel3FinancialInstrumentsExcludedFromSensitivityAnalysisTable,민감도 분석 대상에서 제외된 수준 3 금융상품에 대한 공시
entity00117267_DisclosureOfLevel3FinancialInstrumentsExcludedFromSensitivityAnalysisTextBlock,민감도 분석 대상에서 제외된 수준 3 금융상품에 대한 공시[ 문장영역 ]
entity00117267_DisclosureOfLiabilitiesByAccountingModelAndPortfolioDirectParticipationFeaturesTable,"회계모형 및 포트폴리오별 보험부채현황에 대한 공시, 직접참가특성형"
entity00117267_DisclosureOfLiabilitiesByAccountingModelAndPortfolioDirectParticipationFeaturesTextBlock,"회계모형 및 포트폴리오별 보험부채현황에 대한 공시, 직접참가특성형[ 문장영역 ]"
entity00117267_DisclosureOfLiabilitiesByAccountingModelAndPortfolioFixedInterestRateTable,"회계모형 및 포트폴리오별 보험부채현황에 대한 공시, 금리확정형"
entity00117267_DisclosureOfLiabilitiesByAccountingModelAndPortfolioFixedInterestRateTextBlock,"회계모형 및 포트폴리오별 보험부채현황에 대한 공시, 금리확정형[ 문장영역 ]"
entity00117267_DisclosureOfLiabilitiesByAccountingModelAndPortfolioFloatingInterestRateTable,"회계모형 및 포트폴리오별 보험부채현황에 대한 공시, 금리연동형"
entity00117267_DisclosureOfLiabilitiesByAccountingModelAndPortfolioFloatingInterestRateTextBlock,"회계모형 및 포트폴리오별 보험부채현황에 대한 공시, 금리연동형[ 문장영역 ]"
entity00117267_DisclosureOfNumberOfInsuranceContractsHeldAndInsuranceAmountTable,보유하고 있는 보험계약건수와 보험가입금액에 대한 공시
entity00117267_DisclosureOfNumberOfInsuranceContractsHeldAndInsuranceAmountTextBlock,보유하고 있는 보험계약건수와 보험가입금액에 대한 공시[ 문장영역 ]
entity00117267_DisclosureOfOtherInvestmentExpensesTable,기타투자비용에 대한 공시
entity00117267_DisclosureOfOtherInvestmentExpensesTextBlock,기타투자비용에 대한 공시[ 문장영역 ]
entity00117267_DisclosureOfOtherInvestmentIncomeTable,기타투자수익에 대한 공시
entity00117267_DisclosureOfOtherInvestmentIncomeTextBlock,기타투자수익에 대한 공시[ 문장영역 ]
entity00117267_DisclosureOfOverdraftFacilityAgreementDetailsTable,당좌차월약정의 내역에 대한 공시
entity00117267_DisclosureOfOverdraftFacilityAgreementDetailsTextBlock,당좌차월약정의 내역에 대한 공시[ 문장영역 ]
entity00117267_DisclosureOfProvisionsForUnusedCommitmentsTable,미사용약정충당부채에 대한 공시
entity00117267_DisclosureOfProvisionsForUnusedCommitmentsTextBlock,미사용약정충당부채에 대한 공시[ 문장영역 ]
entity00117267_DisclosureOfReversalRecognitionOfImpairmentLossesForCreditLossesTable,신용손실에 대한 손상차손환입(전입)에 대한 공시
entity00117267_DisclosureOfReversalRecognitionOfImpairmentLossesForCreditLossesTextBlock,신용손실에 대한 손상차손환입(전입)에 대한 공시[ 문장영역 ]
entity00117267_DisclosureOfTheAmountNotRecognizedAsAnInsuranceContractMarginForChangesInTheTimeValueOfMoneyAndFinancialRiskMitigationRelatingToInsuranceContractsWithDirectParticipationFeaturesAndTheEntitysShareOfSuchChangesInTheFulfillmentCashFlowsTable,직접참가특성이 있는 보험계약의 위험경감 관련 화폐의 시간가치와 금융위험의 회사의 몫 및 이행현금흐름 변동을 보험계약마진으로 인식하지 않은 금액에 대한 공시
entity00117267_DisclosureOfTheAmountNotRecognizedAsAnInsuranceContractMarginForChangesInTheTimeValueOfMoneyAndFinancialRiskMitigationRelatingToInsuranceContractsWithDirectParticipationFeaturesAndTheEntitysShareOfSuchChangesInTheFulfillmentCashFlowsTextBlock,직접참가특성이 있는 보험계약의 위험경감 관련 화폐의 시간가치와 금융위험의 회사의 몫 및 이행현금흐름 변동을 보험계약마진으로 인식하지 않은 금액에 대한 공시[ 문장영역 ]
entity00117267_DisclosureOfTheAverageInterestRateAndAverageExchangeRateOfHedgingInstrumentsForeignExchangeRiskAbstract,위험회피수단 평균금리 및 평균환율에 대한 공시 (외화환산위험)[ 개요 ]
entity00117267_DisclosureOfTheAverageInterestRateAndAverageExchangeRateOfHedgingInstrumentsForeignExchangeRiskLineItemsOfDisclosureOfTheAverageInterestRateAndAverageExchangeRateOfHedgingInstrumentsForeignExchangeRiskTableOfLineItems,위험회피수단 평균금리 및 평균환율에 대한 공시 (외화환산위험) [항목]
entity00117267_DisclosureOfTheAverageInterestRateAndAverageExchangeRateOfHedgingInstrumentsForeignExchangeRiskTable,위험회피수단 평균금리 및 평균환율에 대한 공시 (외화환산위험)
entity00117267_DisclosureOfTheAverageInterestRateAndAverageExchangeRateOfHedgingInstrumentsForeignExchangeRiskTextBlock,위험회피수단 평균금리 및 평균환율에 대한 공시 (외화환산위험)[ 문장영역 ]
entity00117267_DisclosureOfTheAverageInterestRateAndAverageExchangeRateOfHedgingInstrumentsInterestRateRiskAbstract,위험회피수단 평균금리 및 평균환율에 대한 공시 (이자율위험)[ 개요 ]
entity00117267_DisclosureOfTheAverageInterestRateAndAverageExchangeRateOfHedgingInstrumentsInterestRateRiskLineItemsOfDisclosureOfTheAverageInterestRateAndAverageExchangeRateOfHedgingInstrumentsInterestRateRiskTableOfLineItems,위험회피수단 평균금리 및 평균환율에 대한 공시 (이자율위험) [항목]
entity00117267_DisclosureOfTheAverageInterestRateAndAverageExchangeRateOfHedgingInstrumentsInterestRateRiskTable,위험회피수단 평균금리 및 평균환율에 대한 공시 (이자율위험)
entity00117267_DisclosureOfTheAverageInterestRateAndAverageExchangeRateOfHedgingInstrumentsInterestRateRiskTextBlock,위험회피수단 평균금리 및 평균환율에 대한 공시 (이자율위험)[ 문장영역 ]
entity00117267_DisclosureOfTheCalculationDetailsOfTheWeightedAverageNumberOfOrdinarySharesOutstandingTable,가중평균유통보통주식수 산정내역에 대한 공시
entity00117267_DisclosureOfTheCalculationDetailsOfTheWeightedAverageNumberOfOrdinarySharesOutstandingTextBlock,가중평균유통보통주식수 산정내역에 대한 공시[ 문장영역 ]
entity00117267_DisclosureOfTheComponentsOfEquityTable,자본의 구성내역에 대한 공시
entity00117267_DisclosureOfTheComponentsOfEquityTextBlock,자본의 구성내역에 대한 공시[ 문장영역 ]
entity00117267_DisclosureOfTheFairValueOfUnderlyingItemsForContractsWithDirectParticipationFeaturesTable,직접참가특성계약에 대한 기초항목의 공정가치에 대한 공시
entity00117267_DisclosureOfTheFairValueOfUnderlyingItemsForContractsWithDirectParticipationFeaturesTextBlock,직접참가특성계약에 대한 기초항목의 공정가치에 대한 공시[ 문장영역 ]
entity00117267_DisclosureOfTotalInsuranceLiabilitiesByAccountingModelAndPortfolioTable,회계모형 및 포트폴리오별 보험부채현황 합계에 대한 공시
entity00117267_DisclosureOfTotalInsuranceLiabilitiesByAccountingModelAndPortfolioTextBlock,회계모형 및 포트폴리오별 보험부채현황 합계에 대한 공시[ 문장영역 ]
entity00117267_DisclosureOfUnobservableInputsUsedInFairValueMeasurementOfAssetsFinancialAssetsAtFairValueThroughOtherComprehensiveIncomeAbstract,자산의 공정가치측정에 사용된 관측가능하지 않은 투입변수에 대한 공시 (기타포괄손익-공정가치측정 금융자산)[ 개요 ]
entity00117267_DisclosureOfUnobservableInputsUsedInFairValueMeasurementOfAssetsFinancialAssetsAtFairValueThroughOtherComprehensiveIncomeLineItemsOfDisclosureOfUnobservableInputsUsedInFairValueMeasurementOfAssetsFinancialAssetsAtFairValueThroughOtherComprehensiveIncomeTableOfLineItems,자산의 공정가치측정에 사용된 관측가능하지 않은 투입변수에 대한 공시 (기타포괄손익-공정가치측정 금융자산) [항목]
entity00117267_DisclosureOfUnobservableInputsUsedInFairValueMeasurementOfAssetsFinancialAssetsAtFairValueThroughOtherComprehensiveIncomeTable,자산의 공정가치측정에 사용된 관측가능하지 않은 투입변수에 대한 공시 (기타포괄손익-공정가치측정 금융자산)
entity00117267_DisclosureOfUnobservableInputsUsedInFairValueMeasurementOfAssetsFinancialAssetsAtFairValueThroughOtherComprehensiveIncomeTextBlock,자산의 공정가치측정에 사용된 관측가능하지 않은 투입변수에 대한 공시 (기타포괄손익-공정가치측정 금융자산)[ 문장영역 ]
entity00117267_DisclosureRegardingDetailsOfCashAndCashEquivalentsTable,현금및현금성자산의 내역에 대한 공시
entity00117267_DisclosureRegardingDetailsOfCashAndCashEquivalentsTextBlock,현금및현금성자산의 내역에 대한 공시[ 문장영역 ]
entity00117267_DiscountRateExchangeRateGrowthRateLiquidationValueEtcMeasurementInputMemberOfUnobservableInputsMemberOfDisclosureOfSignificantUnobservableInputsUsedInFairValueMeasurementOfAssetsTableOfMember,"할인율, 환율, 성장율, 청산가치 등, 측정 투입변수 [구성요소]"
entity00117267_DistributionIncomeRelatedPartyTransactionsOfDisclosureOfTransactionsBetweenRelatedPartiesLineItemsOfDisclosureOfTransactionsBetweenRelatedPartiesTableOfItems,"분배금수익, 특수관계자거래"
entity00117267_DueFromBanksAtAmortisedCostRelatedPartyTransactionOfDisclosureOfOutstandingBalancesForRelatedPartyTransactionsLineItemsOfDisclosureOfOutstandingBalancesForRelatedPartyTransactionsTableOfItems,"상각후원가측정 예치금, 특수관계자거래"
entity00117267_EarningsPerShareReflectingDividendsOnHybridCapitalSecuritiesOfEarningsPerShareLineItemsOfEarningsPerShareTableOfItems,신종자본증권 배당을 반영한 주당이익
entity00117267_EffectOfChangesInTheRiskOfDefaultByTheReinsurerFinanceIncomeExpensesFromHeldReinsuranceContractsOfIncreaseDecreaseThroughInsuranceFinanceIncomeOrExpensesInsuranceContractsLiabilityAssetOfDisclosureOfReconciliationOfChangesInReinsuranceContractsByComponentsTableOfItems,"재보험 발행자의 채무불이행위험 변동효과, 보유재보험계약 금융수익(비용)"
entity00117267_EffectOfChangesInTheRiskOfDefaultByTheReinsurerFinanceIncomeExpensesFromHeldReinsuranceContractsOfIncreaseDecreaseThroughInsuranceFinanceIncomeOrExpensesInsuranceContractsLiabilityAssetOfDisclosureOfReconciliationOfChangesInReinsuranceContractsByRemainingCoverageAndIncurredClaimsTableOfItems,"재보험 발행자의 채무불이행위험 변동효과, 보유재보험계약 금융수익(비용)"
entity00117267_EffectOfContractsInitiallyRecognisedInThePeriodExcludingGroupsOfOnerousContractsOfIncreaseDecreaseThroughEffectsOfContractsInitiallyRecognisedInPeriodInsuranceContractsLiabilityAssetOfDisclosureOfEffectOfInsuranceContractsInitiallyRecognisedLossComponentTableOfItems,"보고기간에 처음 인식한 손실부담계약집합 외 계약의 영향에 따른 증가분(감소분), 보험계약부채(자산)"
entity00117267_EffectOfContractsInitiallyRecognisedInThePeriodExcludingGroupsOfOnerousContractsOfIncreaseDecreaseThroughEffectsOfContractsInitiallyRecognisedInPeriodInsuranceContractsLiabilityAssetOfDisclosureOfEffectOfInsuranceContractsInitiallyRecognisedTableOfItems,"보고기간에 처음 인식한 손실부담계약집합 외 계약의 영향에 따른 증가분(감소분), 보험계약부채(자산)"
entity00117267_EffectOfContractsInitiallyRecognisedInThePeriodExcludingGroupsOfOnerousContractsOfIncreaseDecreaseThroughEffectsOfContractsInitiallyRecognisedInPeriodInsuranceContractsLiabilityAssetOfDisclosureOfEffectOfReinsuranceContractsInitiallyRecognisedLossRecoveryComponentTableOfItems,"보고기간에 처음 인식한 손실부담계약집합 외 계약의 영향에 따른 증가분(감소분), 보험계약부채(자산)"
entity00117267_EffectOfContractsInitiallyRecognisedInThePeriodExcludingGroupsOfOnerousContractsOfIncreaseDecreaseThroughEffectsOfContractsInitiallyRecognisedInPeriodInsuranceContractsLiabilityAssetOfDisclosureOfEffectOfReinsuranceContractsInitiallyRecognisedTableOfItems,"보고기간에 처음 인식한 손실부담계약집합 외 계약의 영향에 따른 증가분(감소분), 보험계약부채(자산)"
entity00117267_EffectOfReissuanceOfTreasurySharesOfDisclosureOfTheCalculationDetailsOfTheWeightedAverageNumberOfOrdinarySharesOutstandingLineItemsOfDisclosureOfTheCalculationDetailsOfTheWeightedAverageNumberOfOrdinarySharesOutstandingTableOfItems,자기주식처분으로 변동된 가중평균유통보통주식수
entity00117267_EffectiveInterestAmortisationFinancialAssetsOfDisclosureOfChangesInFinancialAssetsAtFairValueThroughOtherComprehensiveIncomeLineItemsOfDisclosureOfChangesInFinancialAssetsAtFairValueThroughOtherComprehensiveIncomeTableOfItems,"유효이자상각, 금융자산"
entity00117267_EndingCumulativeBalanceOfDisclosureOfTheCalculationDetailsOfTheWeightedAverageNumberOfOrdinarySharesOutstandingLineItemsOfDisclosureOfTheCalculationDetailsOfTheWeightedAverageNumberOfOrdinarySharesOutstandingTableOfItems,기말의 적수
entity00117267_ExpectedBondPurchaseTransactionMemberOfHedgedItemsMemberOfDisclosureOfDetailedInformationAboutHedgedItemsInCashFlowHedgesTableOfMember,채권예상매입거래 [구성요소]
entity00117267_ExpensesRecognizedInTotalComprehensiveIncomeDefinedBenefitPlansOfDisclosureOfDefinedBenefitPlansLineItemsOfDisclosureOfDefinedBenefitPlansTableOfItems,"총포괄손익으로 인식된 비용, 확정급여제도"
entity00117267_FeesAndCommissionExpensesRelatedPartyTransactionsOfDisclosureOfTransactionsBetweenRelatedPartiesLineItemsOfDisclosureOfTransactionsBetweenRelatedPartiesTableOfItems,"수수료비용, 특수관계자거래"
entity00117267_FeesAndCommissionIncomeRelatedPartyTransactionsOfDisclosureOfTransactionsBetweenRelatedPartiesLineItemsOfDisclosureOfTransactionsBetweenRelatedPartiesTableOfItems,"수수료수익, 특수관계자거래"
entity00117267_FinancialAssetsAtFairValueThroughOtherComprehensiveIncomeMemberOfFinancialInstrumentsClassMemberOfDisclosureOfFairValueMeasurementMethodOfFinancialInstrumentsTableOfMember,기타포괄손익-공정가치측정금융자산 [구성요소]
entity00117267_FinancialAssetsAtFairValueThroughProfitOrLossExcludingTradingDerivativesMemberOfFinancialInstrumentsClassMemberOfDisclosureOfFairValueMeasurementMethodOfFinancialInstrumentsTableOfMember,당기손익-공정가치측정금융자산 (매매목적파생상품 제외) [구성요소]
entity00117267_ForeignExchangeGainsAndLossesOfGainLossFromFinancialInstrumentsOfGainsLossesFinancialInstrumentsByCategoryTableOfItems,외환손익
entity00117267_FourCashAndCashEquivalents2026214223132140TextBlock,4. 현금및현금성자산
entity00117267_GainsFromDerivativesRelatedPartyTransactionsOfDisclosureOfTransactionsBetweenRelatedPartiesLineItemsOfDisclosureOfTransactionsBetweenRelatedPartiesTableOfItems,"파생상품관련이익, 특수관계자거래"
entity00117267_GainsLossesOnFinancialAssetsOfInsuranceFinanceIncomeOrExpensesRecognizedInProfitOrLossOfDisclosureOfInvestmentIncomeAndExpensesRelatedToInsuranceContractsTableOfItems,금융자산손익
entity00117267_GenReMemberOfCounterpartiesMemberOfDisclosureOfDetailsOfReinsuranceAgreementsTableOfMember,Gen Re [구성요소]
entity00117267_GeneralModelMemberOfInsuranceContractsMemberOfDisclosureOfTotalInsuranceLiabilitiesByAccountingModelAndPortfolioTableOfMember,일반모형 [구성요소]
entity00117267_GeneralModelMemberOfInsuranceContractsOtherThanThoseToWhichPremiumAllocationApproachHasBeenAppliedMemberOfDisclosureOfLiabilitiesByAccountingModelAndPortfolioDirectParticipationFeaturesTableOfMember,일반모형 [구성요소]
entity00117267_GeneralModelMemberOfInsuranceContractsOtherThanThoseToWhichPremiumAllocationApproachHasBeenAppliedMemberOfDisclosureOfLiabilitiesByAccountingModelAndPortfolioFixedInterestRateTableOfMember,일반모형 [구성요소]
entity00117267_GeneralModelMemberOfInsuranceContractsOtherThanThoseToWhichPremiumAllocationApproachHasBeenAppliedMemberOfDisclosureOfLiabilitiesByAccountingModelAndPortfolioFloatingInterestRateTableOfMember,일반모형 [구성요소]
entity00117267_GuaranteedPrincipalAndInterestMemberOfTypesOfContractsMemberOfDisclosureOfComponentsOfInvestmentContractLiabilitiesTableOfMember,원리금보장형 [구성요소]
entity00117267_HannoverReMemberOfCounterpartiesMemberOfDisclosureOfDetailsOfReinsuranceAgreementsTableOfMember,Hannover Re [구성요소]
entity00117267_IncreaseDecreaseInEquityBeforeTaxOfDisclosureOfChangesInAccumulatedOtherComprehensiveIncomeLineItemsOfDisclosureOfChangesInAccumulatedOtherComprehensiveIncomeTableOfItems,"자본의 증가(감소), 세전"
entity00117267_InsuranceAcquisitionCashFlowsAttributedToInsuranceContractsMemberOfLineItemsByFunctionMemberOfDisclosureOfBusinessExpensesRecognizedAsInsuranceOperatingExpensesTableOfMember,보험취득현금흐름-보험계약귀속 [구성요소]
entity00117267_InsuranceFinanceIncomeOrExpensesOfDisclosureOfInvestmentIncomeAndExpensesRelatedToInsuranceContractsLineItemsOfDisclosureOfInvestmentIncomeAndExpensesRelatedToInsuranceContractsTableOfItems,보험계약 관련 투자손익
entity00117267_InsuranceFinanceIncomeOrExpensesRecognizedInOtherComprehensiveIncomeBeforeTaxOfInsuranceFinanceIncomeOrExpensesOfDisclosureOfInvestmentIncomeAndExpensesRelatedToInsuranceContractsTableOfItems,"기타포괄손익으로 인식된 보험계약 관련 투자손익, 세전"
entity00117267_InsuranceFinanceIncomeOrExpensesRecognizedInProfitOrLossOfInsuranceFinanceIncomeOrExpensesOfDisclosureOfInvestmentIncomeAndExpensesRelatedToInsuranceContractsTableOfItems,당기손익으로 인식된 보험계약 관련 투자손익
entity00117267_InsuranceRevenueAllocationOfLossElementOfInsuranceRevenueOfDisclosureOfAnalysisOfInsuranceRevenueFromInsuranceContractsIssuedTableOfItems,"보험수익, 손실요소 배분액"
entity00117267_InterestExpenseRelatedPartyTransactionsOfDisclosureOfTransactionsBetweenRelatedPartiesLineItemsOfDisclosureOfTransactionsBetweenRelatedPartiesTableOfItems,"이자비용, 특수관계자거래"
entity00117267_InterestIncomeExpenseOfInsuranceFinanceIncomeOrExpensesRecognizedInProfitOrLossOfDisclosureOfInvestmentIncomeAndExpensesRelatedToInsuranceContractsTableOfItems,이자손익
entity00117267_InterestIncomeOnImpairedLoanReceivablesFinancialAssetsOfDisclosureOfChangesInFinancialAssetsAtAmortisedCostLineItemsOfDisclosureOfChangesInFinancialAssetsAtAmortisedCostTableOfItems,"손상된 대출채권의 이자수익, 금융자산"
entity00117267_InterestIncomeOnImpairedLoanReceivablesFinancialAssetsOfDisclosureOfChangesInTheGrossCarryingAmountOfFinancialAssetsAtAmortizedCostLineItemsOfDisclosureOfChangesInTheGrossCarryingAmountOfFinancialAssetsAtAmortizedCostTableOfItems,"손상된 대출채권의 이자수익, 금융자산"
entity00117267_InterestIncomeOnImpairedLoanReceivablesFinancialAssetsOfDisclosureOfChangesInTheGrossCarryingAmountOfLoansAtAmortizedCostLineItemsOfDisclosureOfChangesInTheGrossCarryingAmountOfLoansAtAmortizedCostTableOfItems,"손상된 대출채권의 이자수익, 금융자산"
entity00117267_InterestIncomeRelatedPartyTransactionsOfDisclosureOfTransactionsBetweenRelatedPartiesLineItemsOfDisclosureOfTransactionsBetweenRelatedPartiesTableOfItems,"이자수익, 특수관계자거래"
entity00117267_InterestRateDiscountRateGrowthRateLiquidationValueEtcMeasurementInputMemberOfUnobservableInputsMemberOfDisclosureOfSignificantUnobservableInputsUsedInFairValueMeasurementOfAssetsTableOfMember,"금리, 할인율, 성장율, 청산가치 등, 측정 투입변수 [구성요소]"
entity00117267_InvestmentContractLiabilitiesMemberOfFinancialInstrumentsClassMemberOfDisclosureOfFairValueMeasurementMethodOfFinancialInstrumentsTableOfMember,투자계약부채 [구성요소]
entity00117267_InvestmentContractLiabilitiesMemberOfFinancialLiabilitiesAtAmortisedCostCategoryMemberOfDisclosureOfFairValueByHierarchyLiabilitiesNotMeasuredAtFairValueInStatementOfFinancialPositionButForWhichFairValueIsDisclosedTableOfMember,투자계약부채 [구성요소]
entity00117267_InvestmentContractLiabilitiesMemberOfFinancialLiabilitiesAtAmortisedCostCategoryMemberOfDisclosureOfFinancialLiabilitiesByCategoryTableOfMember,투자계약부채 [구성요소]
entity00117267_InvestmentContractLiabilitiesMemberOfFinancialLiabilitiesAtAmortisedCostCategoryMemberOfFairValueAndBookValueOfLiabilitiesTableOfMember,투자계약부채 [구성요소]
entity00117267_InvestmentContractLiabilitiesRelatedPartyTransactionOfDisclosureOfOutstandingBalancesForRelatedPartyTransactionsLineItemsOfDisclosureOfOutstandingBalancesForRelatedPartyTransactionsTableOfItems,"투자계약부채, 특수관계자거래"
entity00117267_InvestmentManagementCostsAttributedToInsuranceContractsMemberOfLineItemsByFunctionMemberOfDisclosureOfBusinessExpensesRecognizedAsInsuranceOperatingExpensesTableOfMember,투자관리비-보험계약귀속 [구성요소]
entity00117267_KbankMemberOfOtherRelatedPartiesMemberOfDisclosureOfOutstandingBalancesForRelatedPartyTransactionsTableOfMember,㈜케이뱅크 [구성요소]
entity00117267_KoreaCreditBureauCoLtdMemberOfOtherRelatedPartiesMemberOfDisclosureOfTransactionsBetweenRelatedPartiesTableOfMember,코리아크레딧뷰로㈜ [구성요소]
entity00117267_KoreanReMemberOfCounterpartiesMemberOfDisclosureOfDetailsOfReinsuranceAgreementsTableOfMember,Korean Re [구성요소]
entity00117267_LaterThanEightYearsAndNotLaterThanNineYearsMemberOfAggregatedTimeBandsMemberOfDisclosureOfInformationOnInsuranceContractMarginForContractsExpectedToBeRecognizedInProfitOrLossTableOfMember,8년 초과 9년 이내 [구성요소]
entity00117267_LaterThanEightYearsAndNotLaterThanNineYearsMemberOfAggregatedTimeBandsMemberOfDisclosureOfInformationOnInsuranceContractMarginForReinsuranceContractsExpectedToBeRecognizedInProfitOrLossTableOfMember,8년 초과 9년 이내 [구성요소]
entity00117267_LaterThanEightYearsAndNotLaterThanNineYearsMemberOfAggregatedTimeBandsMemberOfDisclosureOfInformationOnInsuranceContractMarginForReinsuranceContractsExpectedToBeRecognizedInProfitOrLossTotalTableOfMember,8년 초과 9년 이내 [구성요소]
entity00117267_LaterThanEightYearsAndNotLaterThanNineYearsMemberOfAggregatedTimeBandsMemberOfDisclosureOfInformationOnTotalInsuranceContractMarginForContractsExpectedToBeRecognizedInProfitOrLossTableOfMember,8년 초과 9년 이내 [구성요소]
entity00117267_LaterThanFiveYearsAndNotLaterThanSixYearsMemberOfAggregatedTimeBandsMemberOfDisclosureOfInformationOnInsuranceContractMarginForContractsExpectedToBeRecognizedInProfitOrLossTableOfMember,5년 초과 6년 이내 [구성요소]
entity00117267_LaterThanFiveYearsAndNotLaterThanSixYearsMemberOfAggregatedTimeBandsMemberOfDisclosureOfInformationOnInsuranceContractMarginForReinsuranceContractsExpectedToBeRecognizedInProfitOrLossTableOfMember,5년 초과 6년 이내 [구성요소]
entity00117267_LaterThanFiveYearsAndNotLaterThanSixYearsMemberOfAggregatedTimeBandsMemberOfDisclosureOfInformationOnInsuranceContractMarginForReinsuranceContractsExpectedToBeRecognizedInProfitOrLossTotalTableOfMember,5년 초과 6년 이내 [구성요소]
entity00117267_LaterThanFiveYearsAndNotLaterThanSixYearsMemberOfAggregatedTimeBandsMemberOfDisclosureOfInformationOnTotalInsuranceContractMarginForContractsExpectedToBeRecognizedInProfitOrLossTableOfMember,5년 초과 6년 이내 [구성요소]
entity00117267_LaterThanNineYearsAndNotLaterThanTenYearsMemberOfAggregatedTimeBandsMemberOfDisclosureOfInformationOnInsuranceContractMarginForContractsExpectedToBeRecognizedInProfitOrLossTableOfMember,9년 초과 10년 이내 [구성요소]
entity00117267_LaterThanNineYearsAndNotLaterThanTenYearsMemberOfAggregatedTimeBandsMemberOfDisclosureOfInformationOnInsuranceContractMarginForReinsuranceContractsExpectedToBeRecognizedInProfitOrLossTableOfMember,9년 초과 10년 이내 [구성요소]
entity00117267_LaterThanNineYearsAndNotLaterThanTenYearsMemberOfAggregatedTimeBandsMemberOfDisclosureOfInformationOnInsuranceContractMarginForReinsuranceContractsExpectedToBeRecognizedInProfitOrLossTotalTableOfMember,9년 초과 10년 이내 [구성요소]
entity00117267_LaterThanNineYearsAndNotLaterThanTenYearsMemberOfAggregatedTimeBandsMemberOfDisclosureOfInformationOnTotalInsuranceContractMarginForContractsExpectedToBeRecognizedInProfitOrLossTableOfMember,9년 초과 10년 이내 [구성요소]
entity00117267_LaterThanSevenYearsAndNotLaterThanEightYearsMemberOfAggregatedTimeBandsMemberOfDisclosureOfInformationOnInsuranceContractMarginForContractsExpectedToBeRecognizedInProfitOrLossTableOfMember,7년 초과 8년 이내 [구성요소]
entity00117267_LaterThanSevenYearsAndNotLaterThanEightYearsMemberOfAggregatedTimeBandsMemberOfDisclosureOfInformationOnInsuranceContractMarginForReinsuranceContractsExpectedToBeRecognizedInProfitOrLossTableOfMember,7년 초과 8년 이내 [구성요소]
entity00117267_LaterThanSevenYearsAndNotLaterThanEightYearsMemberOfAggregatedTimeBandsMemberOfDisclosureOfInformationOnInsuranceContractMarginForReinsuranceContractsExpectedToBeRecognizedInProfitOrLossTotalTableOfMember,7년 초과 8년 이내 [구성요소]
entity00117267_LaterThanSevenYearsAndNotLaterThanEightYearsMemberOfAggregatedTimeBandsMemberOfDisclosureOfInformationOnTotalInsuranceContractMarginForContractsExpectedToBeRecognizedInProfitOrLossTableOfMember,7년 초과 8년 이내 [구성요소]
entity00117267_LaterThanSixYearsAndNotLaterThanSevenYearsMemberOfAggregatedTimeBandsMemberOfDisclosureOfInformationOnInsuranceContractMarginForContractsExpectedToBeRecognizedInProfitOrLossTableOfMember,6년 초과 7년 이내 [구성요소]
entity00117267_LaterThanSixYearsAndNotLaterThanSevenYearsMemberOfAggregatedTimeBandsMemberOfDisclosureOfInformationOnInsuranceContractMarginForReinsuranceContractsExpectedToBeRecognizedInProfitOrLossTableOfMember,6년 초과 7년 이내 [구성요소]
entity00117267_LaterThanSixYearsAndNotLaterThanSevenYearsMemberOfAggregatedTimeBandsMemberOfDisclosureOfInformationOnInsuranceContractMarginForReinsuranceContractsExpectedToBeRecognizedInProfitOrLossTotalTableOfMember,6년 초과 7년 이내 [구성요소]
entity00117267_LaterThanSixYearsAndNotLaterThanSevenYearsMemberOfAggregatedTimeBandsMemberOfDisclosureOfInformationOnTotalInsuranceContractMarginForContractsExpectedToBeRecognizedInProfitOrLossTableOfMember,6년 초과 7년 이내 [구성요소]
entity00117267_LaterThanThirtyYearsMemberOfAggregatedTimeBandsMemberOfDisclosureOfInformationOnInsuranceContractMarginForContractsExpectedToBeRecognizedInProfitOrLossTableOfMember,30년 초과 [구성요소]
entity00117267_LaterThanThirtyYearsMemberOfAggregatedTimeBandsMemberOfDisclosureOfInformationOnInsuranceContractMarginForReinsuranceContractsExpectedToBeRecognizedInProfitOrLossTableOfMember,30년 초과 [구성요소]
entity00117267_LaterThanThirtyYearsMemberOfAggregatedTimeBandsMemberOfDisclosureOfInformationOnInsuranceContractMarginForReinsuranceContractsExpectedToBeRecognizedInProfitOrLossTotalTableOfMember,30년 초과 [구성요소]
entity00117267_LaterThanThirtyYearsMemberOfAggregatedTimeBandsMemberOfDisclosureOfInformationOnTotalInsuranceContractMarginForContractsExpectedToBeRecognizedInProfitOrLossTableOfMember,30년 초과 [구성요소]
entity00117267_LaterThanTwentyFiveYearsAndNotLaterThanThirtyYearsMemberOfAggregatedTimeBandsMemberOfDisclosureOfInformationOnInsuranceContractMarginForContractsExpectedToBeRecognizedInProfitOrLossTableOfMember,25년 초과 30년 이내 [구성요소]
entity00117267_LaterThanTwentyFiveYearsAndNotLaterThanThirtyYearsMemberOfAggregatedTimeBandsMemberOfDisclosureOfInformationOnInsuranceContractMarginForReinsuranceContractsExpectedToBeRecognizedInProfitOrLossTableOfMember,25년 초과 30년 이내 [구성요소]
entity00117267_LaterThanTwentyFiveYearsAndNotLaterThanThirtyYearsMemberOfAggregatedTimeBandsMemberOfDisclosureOfInformationOnInsuranceContractMarginForReinsuranceContractsExpectedToBeRecognizedInProfitOrLossTotalTableOfMember,25년 초과 30년 이내 [구성요소]
entity00117267_LaterThanTwentyFiveYearsAndNotLaterThanThirtyYearsMemberOfAggregatedTimeBandsMemberOfDisclosureOfInformationOnTotalInsuranceContractMarginForContractsExpectedToBeRecognizedInProfitOrLossTableOfMember,25년 초과 30년 이내 [구성요소]
entity00117267_LeaseDepositOfOtherFinancialLiabilitiesOfOtherFinancialLiabilitiesTableOfItems,임대보증금
entity00117267_LeaseDepositRelatedPartyTransactionOfDisclosureOfOutstandingBalancesForRelatedPartyTransactionsLineItemsOfDisclosureOfOutstandingBalancesForRelatedPartyTransactionsTableOfItems,"임차보증금, 특수관계자거래"
entity00117267_LeaseLiabilitiesRelatedPartyTransactionOfDisclosureOfOutstandingBalancesForRelatedPartyTransactionsLineItemsOfDisclosureOfOutstandingBalancesForRelatedPartyTransactionsTableOfItems,"리스부채, 특수관계자거래"
entity00117267_LongestPeriodForWhichTheCompanyIsExpectedToBeExposedToVariabilityInCashFlowsInRespectOfTheHedgedItemToWhichCashFlowHedgeAccountingIsAppliedOfDisclosureOfInformationAboutAmountsThatAffectedStatementOfComprehensiveIncomeAsResultOfHedgeAccountingLineItemsOfDisclosureOfInformationAboutAmountsThatAffectedStatementOfComprehensiveIncomeAsResultOfHedgeAccountingTableOfItems,현금흐름위험회피가 적용되는 위험회피대상에 대하여 당사가 현금흐름변동위험에 노출될 것으로 예상되는 최장기간
entity00117267_LongestPeriodForWhichTheGroupIsExpectedToBeExposedToVariabilityInCashFlowsInRespectOfTheHedgedItemToWhichCashFlowHedgeAccountingIsAppliedOfDisclosureOfInformationAboutAmountsThatAffectedStatementOfComprehensiveIncomeAsResultOfHedgeAccountingLineItemsOfDisclosureOfInformationAboutAmountsThatAffectedStatementOfComprehensiveIncomeAsResultOfHedgeAccountingTableOfItems,현금흐름위험회피가 적용되는 위험회피대상에 대하여 연결실체가 현금흐름변동위험에 노출될 것으로 예상되는 최장기간
entity00117267_LossOnRedemptionOfHybridCapitalSecuritiesOfCapitalAdjustmentsOfDisclosureOfDetailsOfCapitalAdjustmentsTableOfItems,신종자본증권상환손실
entity00117267_LossRecognisedOnInitialRecognitionMemberOfInsuranceContractsIssuedMemberOfDisclosureOfEffectOfInsuranceContractsInitiallyRecognisedLossComponentTableOfMember,최초인식 시 인식한 손실 [구성요소]
entity00117267_LossRecoveryComponentRecognisedOnInitialRecognitionMemberOfReinsuranceContractsHeldMemberOfDisclosureOfEffectOfReinsuranceContractsInitiallyRecognisedLossRecoveryComponentTableOfMember,최초인식 시 인식한 손실회수 요소 [구성요소]
entity00117267_LossesFromDerivativesRelatedPartyTransactionsOfDisclosureOfTransactionsBetweenRelatedPartiesLineItemsOfDisclosureOfTransactionsBetweenRelatedPartiesTableOfItems,"파생상품관련손실, 특수관계자거래"
entity00117267_LotteCardCoLtdMemberOfOtherRelatedPartiesMemberOfDisclosureOfOutstandingBalancesForRelatedPartyTransactionsTableOfMember,롯데카드㈜ [구성요소]
entity00117267_LotteCardCoLtdMemberOfOtherRelatedPartiesMemberOfDisclosureOfTransactionsBetweenRelatedPartiesTableOfMember,롯데카드㈜ [구성요소]
entity00117267_MaintenanceCostRelatedPartyTransactionsOfDisclosureOfTransactionsBetweenRelatedPartiesLineItemsOfDisclosureOfTransactionsBetweenRelatedPartiesTableOfItems,"유지비, 특수관계자거래"
entity00117267_MiscellaneousIncomeRelatedPartyTransactionsOfDisclosureOfTransactionsBetweenRelatedPartiesLineItemsOfDisclosureOfTransactionsBetweenRelatedPartiesTableOfItems,"잡이익, 특수관계자거래"
entity00117267_MunichReMemberOfCounterpartiesMemberOfDisclosureOfDetailsOfReinsuranceAgreementsTableOfMember,Munich Re [구성요소]
entity00117267_NameOfRelatedPartiesOfDisclosureOfDetailsOfRelatedPartiesLineItemsOfDisclosureOfDetailsOfRelatedPartiesTableOfItems,특수관계자의 명칭
entity00117267_NetIncomeBeforeReserveTransferOfDisclosureOfAdjustedProfitLossNetOrRegulatoryReserveLineItemsOfDisclosureOfAdjustedProfitLossNetOfRegulatoryReserveTableOfItems,준비금 전입전 당기순이익
entity00117267_NetIncreaseDecreaseFinancialAssetsOfDisclosureOfChangesInFinancialAssetsAtAmortisedCostLineItemsOfDisclosureOfChangesInFinancialAssetsAtAmortisedCostTableOfItems,"순증감, 금융자산"
entity00117267_NetIncreaseDecreaseFinancialAssetsOfDisclosureOfChangesInTheGrossCarryingAmountOfFinancialAssetsAtAmortizedCostLineItemsOfDisclosureOfChangesInTheGrossCarryingAmountOfFinancialAssetsAtAmortizedCostTableOfItems,"순증감, 금융자산"
entity00117267_NetIncreaseDecreaseFinancialAssetsOfDisclosureOfChangesInTheGrossCarryingAmountOfLoansAtAmortizedCostLineItemsOfDisclosureOfChangesInTheGrossCarryingAmountOfLoansAtAmortizedCostTableOfItems,"순증감, 금융자산"
entity00117267_NhFuturesCoLtdMemberOfCounterpartiesMemberOfDisclousureOfRestrictedFinancialAssetsTableOfMember,NH선물 [구성요소]
entity00117267_NominalOrPrincipalAmountOfFinancialAssetsPledgedAsCollateralForLiabilitiesOrContingentLiabilitiesOfDisclosureOfFinancialAssetsPledgedAsSecurityLineItemsOfDisclosureOfFinancialAssetsPledgedAsSecurityTableOfItems,부채나 우발부채에 대한 담보로 제공된 금융자산의 액면금액
entity00117267_NonParticipatingHealthInsuranceIndirectParMemberOfPortfolioClassificationMemberOfDisclosureOfInformationOnInsuranceContractMarginForContractsExpectedToBeRecognizedInProfitOrLossTableOfMember,금리연동형-무배당 건강보험 [구성요소]
entity00117267_NonParticipatingHealthInsuranceIndirectParMemberOfPortfolioClassificationMemberOfDisclosureOfLiabilitiesByAccountingModelAndPortfolioFloatingInterestRateTableOfMember,금리연동형-무배당 건강보험 [구성요소]
entity00117267_NonParticipatingHealthInsuranceNonParMemberOfPortfolioClassificationMemberOfDisclosureOfInformationOnInsuranceContractMarginForContractsExpectedToBeRecognizedInProfitOrLossTableOfMember,금리확정형-무배당 건강보험 [구성요소]
entity00117267_NonParticipatingHealthInsuranceNonParMemberOfPortfolioClassificationMemberOfDisclosureOfLiabilitiesByAccountingModelAndPortfolioFixedInterestRateTableOfMember,금리확정형-무배당 건강보험 [구성요소]
entity00117267_NonParticipatingInsuranceContractLiabilitiesOfInsuranceContractsIssuedThatAreLiabilities,무배당보험계약부채
entity00117267_NonParticipatingInsuranceMemberOfClassificationOfInsuranceProductsMemberOfDisclosureOfInsuranceContractAssetsAndLiabilitiesByParticipationFeatureTableOfMember,무배당보험 [구성요소]
entity00117267_NonParticipatingInsuranceMemberOfClassificationOfInsuranceProductsMemberOfDisclosureOfReconciliationOfChangesInInsuranceContractsIssuedByComponentsTableOfMember,무배당보험 [구성요소]
entity00117267_NonParticipatingInsuranceMemberOfClassificationOfInsuranceProductsMemberOfDisclosureOfReconciliationOfChangesInInsuranceContractsIssuedByRemainingCoverageAndIncurredClaimsTableOfMember,무배당보험 [구성요소]
entity00117267_NonParticipatingLifeInsuranceIndirectParMemberOfPortfolioClassificationMemberOfDisclosureOfInformationOnInsuranceContractMarginForContractsExpectedToBeRecognizedInProfitOrLossTableOfMember,금리연동형-무배당 사망보험 [구성요소]
entity00117267_NonParticipatingLifeInsuranceIndirectParMemberOfPortfolioClassificationMemberOfDisclosureOfLiabilitiesByAccountingModelAndPortfolioFloatingInterestRateTableOfMember,금리연동형-무배당 사망보험 [구성요소]
entity00117267_NonParticipatingLifeInsuranceNonParMemberOfPortfolioClassificationMemberOfDisclosureOfInformationOnInsuranceContractMarginForContractsExpectedToBeRecognizedInProfitOrLossTableOfMember,금리확정형-무배당 사망보험 [구성요소]
entity00117267_NonParticipatingLifeInsuranceNonParMemberOfPortfolioClassificationMemberOfDisclosureOfLiabilitiesByAccountingModelAndPortfolioFixedInterestRateTableOfMember,금리확정형-무배당 사망보험 [구성요소]
entity00117267_NonParticipatingPensionAndSavingsInsuranceIndirectParMemberOfPortfolioClassificationMemberOfDisclosureOfInformationOnInsuranceContractMarginForContractsExpectedToBeRecognizedInProfitOrLossTableOfMember,금리연동형-무배당 연금ㆍ저축보험 [구성요소]
entity00117267_NonParticipatingPensionAndSavingsInsuranceIndirectParMemberOfPortfolioClassificationMemberOfDisclosureOfLiabilitiesByAccountingModelAndPortfolioFloatingInterestRateTableOfMember,금리연동형-무배당 연금ㆍ저축보험 [구성요소]
entity00117267_NonParticipatingPensionAndSavingsInsuranceNonParMemberOfPortfolioClassificationMemberOfDisclosureOfInformationOnInsuranceContractMarginForContractsExpectedToBeRecognizedInProfitOrLossTableOfMember,금리확정형-무배당 연금ㆍ저축보험 [구성요소]
entity00117267_NonParticipatingPensionAndSavingsInsuranceNonParMemberOfPortfolioClassificationMemberOfDisclosureOfLiabilitiesByAccountingModelAndPortfolioFixedInterestRateTableOfMember,금리확정형-무배당 연금ㆍ저축보험 [구성요소]
entity00117267_NumberOfInsuranceContractsOfDisclosureOfNumberOfInsuranceContractsHeldAndInsuranceAmountLineItemsOfDisclosureOfNumberOfInsuranceContractsHeldAndInsuranceAmountTableOfItems,보험계약건수
entity00117267_NumberOfTreasurySharesCancelledOfDisclosureOfNonAdjustingEventsAfterReportingPeriodLineItemsOfDisclosureOfNonadjustingEventsAfterReportingPeriodTableOfItems,소각된 자기주식수
entity00117267_OtherCommitmentMemberOfTypesOfCommitmentsMemberOfDisclosureOfCommitmentsTableOfMember,기타 약정 [구성요소]
entity00117267_OtherInvestmentExpensesOfOtherOperatingExpenseInvestmentOfDisclosureOfOtherInvestmentExpensesTableOfItems,기타의 기타투자비용
entity00117267_OtherInvestmentIncomeExpensesOfInsuranceFinanceIncomeOrExpensesRecognizedInProfitOrLossOfDisclosureOfInvestmentIncomeAndExpensesRelatedToInsuranceContractsTableOfItems,기타투자손익
entity00117267_OtherInvestmentIncomeOfOtherOperatingIncomeInvestmentOfDisclosureOfOtherInvestmentIncomeTableOfItems,기타의 기타투자수익
entity00117267_OtherMiscellaneousCostsOfGeneralAndAdministrativeExpenseOfDisclosureOfBusinessExpensesRecognizedAsInsuranceOperatingExpensesTableOfItems,기타제비
entity00117267_OtherMiscellaneousLiabilitiesOfOtherLiabilitiesOfDisclosureOfOtherLiabilitiesTableOfItems,"기타, 기타부채"
entity00117267_OtherOperatingExpensesMemberOfDisaggregationOfInsuranceContractsMemberOfDisclosureOfInsuranceServiceResultTableOfMember,기타사업비용 [구성요소]
entity00117267_OtherOperatingExpensesNotAttributableToInsuranceContractsMemberOfLineItemsByFunctionMemberOfDisclosureOfBusinessExpensesRecognizedAsInsuranceOperatingExpensesTableOfMember,기타사업비-보험계약귀속불가 [구성요소]
entity00117267_OtherOperatingIncomeInvestmentRelatedPartyTransactionsOfDisclosureOfTransactionsBetweenRelatedPartiesLineItemsOfDisclosureOfTransactionsBetweenRelatedPartiesTableOfItems,"기타투자수익, 특수관계자거래"
entity00117267_OverdraftFacilityMemberOfTypesOfCommitmentsMemberOfDisclosureOfOverdraftFacilityAgreementDetailsTableOfMember,당좌차월 [구성요소]
entity00117267_OverseasDepositsMemberOfDepositsAtAmortisedCostMemberOfDetailsOfFinancialAssetsAtAmortisedCostTableOfMember,해외제예금 [구성요소]
entity00117267_PacificLifeReMemberOfCounterpartiesMemberOfDisclosureOfDetailsOfReinsuranceAgreementsTableOfMember,Pacific Life Re [구성요소]
entity00117267_ParticipatingHealthInsuranceNonParMemberOfPortfolioClassificationMemberOfDisclosureOfInformationOnInsuranceContractMarginForContractsExpectedToBeRecognizedInProfitOrLossTableOfMember,금리확정형-유배당 건강보험 [구성요소]
entity00117267_ParticipatingHealthInsuranceNonParMemberOfPortfolioClassificationMemberOfDisclosureOfLiabilitiesByAccountingModelAndPortfolioFixedInterestRateTableOfMember,금리확정형-유배당 건강보험 [구성요소]
entity00117267_ParticipatingInsuranceContractLiabilitiesOfInsuranceContractsIssuedThatAreLiabilities,유배당보험계약부채
entity00117267_ParticipatingInsuranceMemberOfClassificationOfInsuranceProductsMemberOfDisclosureOfInsuranceContractAssetsAndLiabilitiesByParticipationFeatureTableOfMember,유배당보험 [구성요소]
entity00117267_ParticipatingInsuranceMemberOfClassificationOfInsuranceProductsMemberOfDisclosureOfReconciliationOfChangesInInsuranceContractsIssuedByComponentsTableOfMember,유배당보험 [구성요소]
entity00117267_ParticipatingInsuranceMemberOfClassificationOfInsuranceProductsMemberOfDisclosureOfReconciliationOfChangesInInsuranceContractsIssuedByRemainingCoverageAndIncurredClaimsTableOfMember,유배당보험 [구성요소]
entity00117267_ParticipatingLifeInsuranceNonParMemberOfPortfolioClassificationMemberOfDisclosureOfInformationOnInsuranceContractMarginForContractsExpectedToBeRecognizedInProfitOrLossTableOfMember,금리확정형-유배당 사망보험 [구성요소]
entity00117267_ParticipatingLifeInsuranceNonParMemberOfPortfolioClassificationMemberOfDisclosureOfLiabilitiesByAccountingModelAndPortfolioFixedInterestRateTableOfMember,금리확정형-유배당 사망보험 [구성요소]
entity00117267_ParticipatingOtherInsuranceIndirectParMemberOfPortfolioClassificationMemberOfDisclosureOfInformationOnInsuranceContractMarginForContractsExpectedToBeRecognizedInProfitOrLossTableOfMember,금리연동형-유배당 기타보험 [구성요소]
entity00117267_ParticipatingOtherInsuranceIndirectParMemberOfPortfolioClassificationMemberOfDisclosureOfLiabilitiesByAccountingModelAndPortfolioFloatingInterestRateTableOfMember,금리연동형-유배당 기타보험 [구성요소]
entity00117267_ParticipatingPensionAndOtherInsuranceNonParMemberOfPortfolioClassificationMemberOfDisclosureOfLiabilitiesByAccountingModelAndPortfolioFixedInterestRateTableOfMember,금리확정형-유배당 기타보험 [구성요소]
entity00117267_ParticipatingPensionAndSavingsInsuranceIndirectParMemberOfPortfolioClassificationMemberOfDisclosureOfInformationOnInsuranceContractMarginForContractsExpectedToBeRecognizedInProfitOrLossTableOfMember,금리연동형-유배당 연금ㆍ저축보험 [구성요소]
entity00117267_ParticipatingPensionAndSavingsInsuranceIndirectParMemberOfPortfolioClassificationMemberOfDisclosureOfLiabilitiesByAccountingModelAndPortfolioFloatingInterestRateTableOfMember,금리연동형-유배당 연금ㆍ저축보험 [구성요소]
entity00117267_ParticipatingPensionAndSavingsInsuranceNonParMemberOfPortfolioClassificationMemberOfDisclosureOfInformationOnInsuranceContractMarginForContractsExpectedToBeRecognizedInProfitOrLossTableOfMember,금리확정형-유배당 연금ㆍ저축보험 [구성요소]
entity00117267_ParticipatingPensionAndSavingsInsuranceNonParMemberOfPortfolioClassificationMemberOfDisclosureOfLiabilitiesByAccountingModelAndPortfolioFixedInterestRateTableOfMember,금리확정형-유배당 연금ㆍ저축보험 [구성요소]
entity00117267_PayablesRelatedPartyTransactionOfDisclosureOfOutstandingBalancesForRelatedPartyTransactionsLineItemsOfDisclosureOfOutstandingBalancesForRelatedPartyTransactionsTableOfItems,"미지급금, 특수관계자거래"
entity00117267_PensionSavingsAndOtherInsuranceMemberOfTypesOfContractsMemberOfDisclosureOfClassificationOfInsuranceContractAssetsAndLiabilitiesByProductTableOfMember,연금저축 및 기타 보험 [구성요소]
entity00117267_PerformanceDividendTypeMemberOfTypesOfContractsMemberOfDisclosureOfComponentsOfInvestmentContractLiabilitiesTableOfMember,실적배당형 [구성요소]
entity00117267_PortfolioClassificationAxisOfDisclosureOfInformationOnInsuranceContractMarginForContractsExpectedToBeRecognizedInProfitOrLossOfAxis,포트폴리오 구분 [축]
entity00117267_PortfolioClassificationAxisOfDisclosureOfInformationOnInsuranceContractMarginForReinsuranceContractsExpectedToBeRecognizedInProfitOrLossOfAxis,포트폴리오 구분 [축]
entity00117267_PortfolioClassificationAxisOfDisclosureOfLiabilitiesByAccountingModelAndPortfolioDirectParticipationFeaturesOfAxis,포트폴리오 구분 [축]
entity00117267_PortfolioClassificationAxisOfDisclosureOfLiabilitiesByAccountingModelAndPortfolioFixedInterestRateOfAxis,포트폴리오 구분 [축]
entity00117267_PortfolioClassificationAxisOfDisclosureOfLiabilitiesByAccountingModelAndPortfolioFloatingInterestRateOfAxis,포트폴리오 구분 [축]
entity00117267_PortfolioClassificationMemberOfPortfolioClassificationAxisOfDisclosureOfInformationOnInsuranceContractMarginForContractsExpectedToBeRecognizedInProfitOrLossTableOfMember,포트폴리오 구분 [구성요소]
entity00117267_PortfolioClassificationMemberOfPortfolioClassificationAxisOfDisclosureOfInformationOnInsuranceContractMarginForReinsuranceContractsExpectedToBeRecognizedInProfitOrLossTableOfMember,포트폴리오 구분 [구성요소]
entity00117267_PortfolioClassificationMemberOfPortfolioClassificationAxisOfDisclosureOfLiabilitiesByAccountingModelAndPortfolioDirectParticipationFeaturesTableOfMember,포트폴리오 구분 [구성요소]
entity00117267_PortfolioClassificationMemberOfPortfolioClassificationAxisOfDisclosureOfLiabilitiesByAccountingModelAndPortfolioFixedInterestRateTableOfMember,포트폴리오 구분 [구성요소]
entity00117267_PortfolioClassificationMemberOfPortfolioClassificationAxisOfDisclosureOfLiabilitiesByAccountingModelAndPortfolioFloatingInterestRateTableOfMember,포트폴리오 구분 [구성요소]
entity00117267_PrepaymentsRelatedPartyTransactionOfDisclosureOfOutstandingBalancesForRelatedPartyTransactionsLineItemsOfDisclosureOfOutstandingBalancesForRelatedPartyTransactionsTableOfItems,"선급금, 특수관계자거래"
entity00117267_ProportionalCommissionsOfGeneralAndAdministrativeExpenseOfDisclosureOfBusinessExpensesRecognizedAsInsuranceOperatingExpensesTableOfItems,비례수당
entity00117267_ProportionalReinsuranceMemberOfReinsuranceContractsHeldMemberOfDisclosureOfDetailsOfReinsuranceAgreementsTableOfMember,비례재보험 [구성요소]
entity00117267_PurchasesAndIssuesFairValueMeasurementAssetsOfReconciliationOfChangesInFairValueMeasurementAssetsLineItemsOfReconciliationOfChangesInFairValueMeasurementAssetsTableOfItems,"매입/발행, 공정가치측정, 자산"
entity00117267_ReceivablesRelatedPartyTransactionOfDisclosureOfOutstandingBalancesForRelatedPartyTransactionsLineItemsOfDisclosureOfOutstandingBalancesForRelatedPartyTransactionsTableOfItems,"미수금, 특수관계자거래"
entity00117267_ReinsuranceContractsHealthInsuranceNonParMemberOfPortfolioClassificationMemberOfDisclosureOfInformationOnInsuranceContractMarginForReinsuranceContractsExpectedToBeRecognizedInProfitOrLossTableOfMember,금리확정형-재보험 건강보험 [구성요소]
entity00117267_ReinsuranceContractsLifeInsuranceNonParMemberOfPortfolioClassificationMemberOfDisclosureOfInformationOnInsuranceContractMarginForReinsuranceContractsExpectedToBeRecognizedInProfitOrLossTableOfMember,금리확정형-재보험 사망보험 [구성요소]
entity00117267_RentalDepositRelatedPartyTransactionOfDisclosureOfOutstandingBalancesForRelatedPartyTransactionsLineItemsOfDisclosureOfOutstandingBalancesForRelatedPartyTransactionsTableOfItems,"임대보증금, 특수관계자거래"
entity00117267_RentalIncomeRelatedPartyTransactionsOfDisclosureOfTransactionsBetweenRelatedPartiesLineItemsOfDisclosureOfTransactionsBetweenRelatedPartiesTableOfItems,"임대료수익, 특수관계자거래"
entity00117267_ResearchAndInvestigationCostsOfGeneralAndAdministrativeExpenseOfDisclosureOfBusinessExpensesRecognizedAsInsuranceOperatingExpensesTableOfItems,조사연구비
entity00117267_ReserveOfGainsAndLossesOnFinancialAssetsAtFairValueThroughOtherComprehensiveIncomeMemberOfAccumulatedOtherComprehensiveIncomeMemberOfDisclosureOfChangesInAccumulatedOtherComprehensiveIncomeTableOfMember,기타포괄손익-공정가치측정금융자산평가손익 적립금 [구성요소]
entity00117267_ReserveOfGainsAndLossesOnFinancialAssetsAtFairValueThroughOtherComprehensiveIncomeOfAccumulatedOtherComprehensiveIncomeOfDisclosureOfTheComponentsOfEquityTableOfItems,기타포괄손익-공정가치측정금융자산평가손익 적립금
entity00117267_Rga1MemberOfCounterpartiesMemberOfDisclosureOfDetailsOfReinsuranceAgreementsTableOfMember,RGA 1 [구성요소]
entity00117267_RgaMemberOfCounterpartiesMemberOfDisclosureOfDetailsOfReinsuranceAgreementsTableOfMember,RGA [구성요소]
entity00117267_RiskRateMemberOfInputsToMethodsUsedToMeasureContractsWithinScopeOfIfrs17MemberOfDisclosureOfInputsToMethodsUsedToMeasureContractsWithinScopeOfIfrs17TableOfMember,위험률 [구성요소]
entity00117267_SalesAndSettlementsFairValueMeasurementAssetsOfReconciliationOfChangesInFairValueMeasurementAssetsLineItemsOfReconciliationOfChangesInFairValueMeasurementAssetsTableOfItems,"매도/결제, 공정가치측정, 자산"
entity00117267_ScorMemberOfCounterpartiesMemberOfDisclosureOfDetailsOfReinsuranceAgreementsTableOfMember,SCOR [구성요소]
entity00117267_SecuritiesDenominatedInForeignCurrencyMemberOfEquitySecuritiesMemberOfDisclosureOfFinancialAssetsAtFairValueThroughProfitOrLossTableOfMember,외화유가증권 [구성요소]
entity00117267_SharesMemberOfDebtSecuritiesMemberOfDisclosureOfFinancialAssetsAtFairValueThroughProfitOrLossTableOfMember,주식 [구성요소]
entity00117267_ShinhanBankMemberOfCounterpartiesMemberOfDisclosureOfOverdraftFacilityAgreementDetailsTableOfMember,신한은행 [구성요소]
entity00117267_StandardCharteredBankKoreaEtcMemberOfCounterpartiesMemberOfDisclousureOfRestrictedFinancialAssetsTableOfMember,SC제일은행 등 [구성요소]
entity00117267_StandardCharteredBankKoreaLtdMemberOfCounterpartiesMemberOfDisclosureOfOverdraftFacilityAgreementDetailsTableOfMember,SC제일은행 [구성요소]
entity00117267_SubordinatedBondsInForeignCurrencyMemberOfBorrowingsByNameMemberOfDisclosureOfDetailedInformationAboutBorrowingsTableOfMember,외화후순위사채 [구성요소]
entity00117267_SubordinatedBondsInKoreanWon1MemberOfBorrowingsByNameMemberOfDisclosureOfDetailedInformationAboutBorrowingsTableOfMember,원화후순위사채 [구성요소]
entity00117267_SubordinatedBondsInKoreanWonMemberOfBorrowingsByNameMemberOfDisclosureOfDetailedInformationAboutBorrowingsTableOfMember,원화후순위사채 [구성요소]
entity00117267_SwissReMemberOfCounterpartiesMemberOfDisclosureOfDetailsOfReinsuranceAgreementsTableOfMember,Swiss Re [구성요소]
entity00117267_Three2ImpairmentLossesOnFinancialAssets202621561229344TextBlock,32. 신용손실충당금전입(환입)액
entity00117267_Three4OtherInvestmentIncomeLoss20262156204451TextBlock,34. 기타투자손익
entity00117267_Title2026214222925696Abstract,현금및현금성자산의 내역에 대한 공시[ 개요 ]
entity00117267_Title2026214222926558LineItems,현금및현금성자산의 내역에 대한 공시 [항목]
entity00117267_Title2026214223546496Abstract,당기손익-공정가치측정금융자산 관련 손익에 대한 공시[ 개요 ]
entity00117267_Title2026214223547393LineItems,당기손익-공정가치측정금융자산 관련 손익에 대한 공시 [항목]
entity00117267_Title2026214224120576Abstract,기타포괄손익-공정가치측정금융자산 지분증권의 내역에 대한 공시[ 개요 ]
entity00117267_Title2026214224121551LineItems,기타포괄손익-공정가치측정금융자산 지분증권의 내역에 대한 공시 [항목]
entity00117267_Title202621422463567Abstract,제거한 기타포괄손익-공정가치측정금융자산 중 지분상품의 내역에 대한 공시[ 개요 ]
entity00117267_Title202621422464600LineItems,제거한 기타포괄손익-공정가치측정금융자산 중 지분상품의 내역에 대한 공시 [항목]
entity00117267_Title2026214225848736Abstract,상각후원가측정금융자산 장부금액의 상세내역에 대한 공시[ 개요 ]
entity00117267_Title2026214225849620LineItems,상각후원가측정금융자산 장부금액의 상세내역에 대한 공시 [항목]
entity00117267_Title202621423104353Abstract,상각후원가측정금융자산 합계에 대한 변동내역[ 개요 ]
entity00117267_Title202621423105230LineItems,상각후원가측정금융자산 합계에 대한 변동내역 [항목]
entity00117267_Title2026214231818241Abstract,위험회피에 대한 세부 정보 공시[ 개요 ]
entity00117267_Title2026214231819116LineItems,위험회피에 대한 세부 정보 공시 [항목]
entity00117267_Title2026214232355722Abstract,파생상품 공정가치의 합계에 대한 공시[ 개요 ]
entity00117267_Title2026214232356539LineItems,파생상품 공정가치의 합계에 대한 공시 [항목]
entity00117267_Title2026214233014925Abstract,파생상품평가손익의 합계에 대한 공시[ 개요 ]
entity00117267_Title2026214233015805LineItems,파생상품평가손익의 합계에 대한 공시 [항목]
entity00117267_Title20262142349255Abstract,파생상품의 미결제약정 내역 합계에 대한 공시[ 개요 ]
entity00117267_Title2026214234925859LineItems,파생상품의 미결제약정 내역 합계에 대한 공시 [항목]
entity00117267_Title20262142361977Abstract,상각후원가측정 대출채권 합계에 대한 변동내역[ 개요 ]
entity00117267_Title20262142362843LineItems,상각후원가측정 대출채권 합계에 대한 변동내역 [항목]
entity00117267_Title202621501651104Abstract,원가로 측정한 자산에 대한 공시[ 개요 ]
entity00117267_Title202621501651967LineItems,원가로 측정한 자산에 대한 공시 [항목]
entity00117267_Title20262150416380Abstract,금융상품의 공정가치 측정방법에 대한 공시[ 개요 ]
entity00117267_Title20262150417314LineItems,금융상품의 공정가치 측정방법에 대한 공시 [항목]
entity00117267_Title20262150481393Abstract,민감도 분석 대상에서 제외된 수준 3 금융상품에 대한 공시[ 개요 ]
entity00117267_Title202621504813984LineItems,민감도 분석 대상에서 제외된 수준 3 금융상품에 대한 공시 [항목]
entity00117267_Title20262150735692Abstract,공정가치 서열체계에 대한 공시[ 개요 ]
entity00117267_Title20262150736539LineItems,공정가치 서열체계에 대한 공시 [항목]
entity00117267_Title20262151154274Abstract,처음 인식한 재보험계약의 영향 공시[ 개요 ]
entity00117267_Title20262151155155LineItems,처음 인식한 재보험계약의 영향 공시 [항목]
entity00117267_Title2026215131943947Abstract,현금위험회피대상항목에 대한 상세한 정보의 공시[ 개요 ]
entity00117267_Title202621513194519LineItems,현금위험회피대상항목에 대한 상세한 정보의 공시 [항목]
entity00117267_Title2026215133027729Abstract,현금위험회피수단에 대한 세부 정보 공시[ 개요 ]
entity00117267_Title2026215133028822LineItems,현금위험회피수단에 대한 세부 정보 공시 [항목]
entity00117267_Title2026215202021763Abstract,사채에 대한 공시[ 개요 ]
entity00117267_Title2026215202022796LineItems,사채에 대한 공시 [항목]
entity00117267_Title202621524831846Abstract,회계모형 및 포트폴리오별 보험부채현황 합계에 대한 공시[ 개요 ]
entity00117267_Title202621524832708LineItems,회계모형 및 포트폴리오별 보험부채현황 합계에 대한 공시 [항목]
entity00117267_Title2026215266536Abstract,IFRS 17 적용범위에 포함되는 계약 측정에 사용한 방법의 투입변수 공시[ 개요 ]
entity00117267_Title2026215267418LineItems,IFRS 17 적용범위에 포함되는 계약 측정에 사용한 방법의 투입변수 공시 [항목]
entity00117267_Title202621541220220Abstract,투자계약부채의 구성내역에 대한 공시[ 개요 ]
entity00117267_Title202621541221135LineItems,투자계약부채의 구성내역에 대한 공시 [항목]
entity00117267_Title202621542625744Abstract,충당부채의 장부금액에 대한 공시 [표][ 개요 ]
entity00117267_Title202621542626629LineItems,기타충당부채의 장부금액에 대한 공시 [항목]
entity00117267_Title20262154291888Abstract,미사용약정충당부채에 대한 공시[ 개요 ]
entity00117267_Title20262154292778LineItems,미사용약정충당부채에 대한 공시 [항목]
entity00117267_Title202621543518124Abstract,충당부채별 경제적 효익의 예상 유출시기에 대한 공시[ 개요 ]
entity00117267_Title2026215435199LineItems,충당부채별 경제적 효익의 예상 유출시기에 대한 공시 [항목]
entity00117267_Title202621543947795Abstract,순확정급여부채의 구성내역에 대한 공시[ 개요 ]
entity00117267_Title202621543948699LineItems,순확정급여부채의 구성내역에 대한 공시 [항목]
entity00117267_Title202621544817700Abstract,확정기여제도에 대한 공시[ 개요 ]
entity00117267_Title202621544818592LineItems,확정기여제도에 대한 공시 [항목]
entity00117267_Title20262155140113Abstract,당좌차월약정의 내역에 대한 공시[ 개요 ]
entity00117267_Title20262155140983LineItems,당좌차월약정의 내역에 대한 공시 [항목]
entity00117267_Title20262155165055Abstract,약정에 대한 공시[ 개요 ]
entity00117267_Title202621551650969LineItems,약정에 대한 공시 [항목]
entity00117267_Title202621552350339Abstract,자본의 구성내역에 대한 공시[ 개요 ]
entity00117267_Title202621552351241LineItems,자본의 구성내역에 대한 공시 [항목]
entity00117267_Title202621553858240Abstract,자본조정 내역에 대한 공시[ 개요 ]
entity00117267_Title202621553859119LineItems,자본조정 내역에 대한 공시 [항목]
entity00117267_Title20262155420422Abstract,기타포괄손익누계액의 변동내역에 대한 공시[ 개요 ]
entity00117267_Title20262155421326LineItems,기타포괄손익누계액의 변동내역에 대한 공시 [항목]
entity00117267_Title20262155449653Abstract,보유하고 있는 보험계약건수와 보험가입금액에 대한 공시[ 개요 ]
entity00117267_Title20262155450548LineItems,보유하고 있는 보험계약건수와 보험가입금액에 대한 공시 [항목]
entity00117267_Title2026215555597Abstract,재보험비용 분석 공시[ 개요 ]
entity00117267_Title202621555559929LineItems,재보험비용 분석 공시 [항목]
entity00117267_Title202621555920870Abstract,보험서비스결과의 공시[ 개요 ]
entity00117267_Title202621555921763LineItems,보험서비스결과의 공시 [항목]
entity00117267_Title20262155728188Abstract,출재보험 협약의 내역에 대한 공시[ 개요 ]
entity00117267_Title2026215572982LineItems,출재보험 협약의 내역에 대한 공시 [항목]
entity00117267_Title20262156110148Abstract,신용손실에 대한 손상차손환입(전입)에 대한 공시[ 개요 ]
entity00117267_Title2026215611112LineItems,신용손실에 대한 손상차손환입(전입)에 대한 공시 [항목]
entity00117267_Title20262156183930Abstract,기타투자수익에 대한 공시[ 개요 ]
entity00117267_Title202621561839892LineItems,기타투자수익에 대한 공시 [항목]
entity00117267_Title202621562215675Abstract,기타투자비용에 대한 공시[ 개요 ]
entity00117267_Title202621562216549LineItems,기타투자비용에 대한 공시 [항목]
entity00117267_Title202621562658825Abstract,보험영업비용으로 반영된 사업비에 대한 공시[ 개요 ]
entity00117267_Title202621562659710LineItems,보험영업비용으로 반영된 사업비에 대한 공시 [항목]
entity00117267_Title20262156358607Abstract,보험계약 관련 투자손익에 대한 공시[ 개요 ]
entity00117267_Title20262156359594LineItems,보험계약 관련 투자손익에 대한 공시 [항목]
entity00117267_Title20262156593152Abstract,가중평균유통보통주식수 산정내역에 대한 공시[ 개요 ]
entity00117267_Title2026215659472LineItems,가중평균유통보통주식수 산정내역에 대한 공시 [항목]
entity00117267_Title202621572335257Abstract,특수관계자 간의 파생상품 미결제약정 내역 공시[ 개요 ]
entity00117267_Title202621572336178LineItems,특수관계자 간의 파생상품 미결제약정 내역 공시 [항목]
entity00117267_Title20262157304464Abstract,특수관계자에게 제공한 담보에 대한 공시[ 개요 ]
entity00117267_Title20262157305354LineItems,특수관계자에게 제공한 담보에 대한 공시 [항목]
entity00117267_Title20262157331794Abstract,주요경영진에 대한 보상[ 개요 ]
entity00117267_Title20262157331812LineItems,주요경영진에 대한 보상 [항목]
entity00117267_Title202621573917202Abstract,영업활동현금흐름[ 개요 ]
entity00117267_Title202621573918111LineItems,영업활동현금흐름 [항목]
entity00117267_Title202621717135265Abstract,당기손익 인식이 예상되는 보험계약의 보험계약마진에 대한 정보 공시[ 개요 ]
entity00117267_Title2026217171352953LineItems,당기손익 인식이 예상되는 보험계약의 보험계약마진에 대한 정보 공시 [항목]
entity00117267_Title2026217174618294Abstract,당기손익 인식이 예상되는 보험계약의 보험계약마진 합계에 대한 정보 공시[ 개요 ]
entity00117267_Title2026217174619484LineItems,당기손익 인식이 예상되는 보험계약의 보험계약마진 합계에 대한 정보 공시 [항목]
entity00117267_Title2026217175245208Abstract,직접참가특성계약에 대한 기초항목의 공정가치에 대한 공시[ 개요 ]
entity00117267_Title2026217175246441LineItems,직접참가특성계약에 대한 기초항목의 공정가치에 대한 공시 [항목]
entity00117267_Title2026217175411632Abstract,직접참가특성이 있는 보험계약의 위험경감 관련 화폐의 시간가치와 금융위험의 회사의 몫 및 이행현금흐름 변동을 보험계약마진으로 인식하지 않은 금액에 대한 공시[ 개요 ]
entity00117267_Title2026217175412464LineItems,직접참가특성이 있는 보험계약의 위험경감 관련 화폐의 시간가치와 금융위험의 회사의 몫 및 이행현금흐름 변동을 보험계약마진으로 인식하지 않은 금액에 대한 공시 [항목]
entity00117267_Title202621717552567Abstract,당기손익 인식이 예상되는 재보험계약의 보험계약마진에 대한 정보 공시[ 개요 ]
entity00117267_Title2026217175526212LineItems,당기손익 인식이 예상되는 재보험계약의 보험계약마진에 대한 정보 공시 [항목]
entity00117267_Title20262171807367Abstract,"당기손익 인식이 예상되는 재보험계약의 보험계약마진에 대한 정보 공시, 합계[ 개요 ]"
entity00117267_Title20262171808605LineItems,"당기손익 인식이 예상되는 재보험계약의 보험계약마진에 대한 정보 공시, 합계 [항목]"
entity00117267_Title202621742050744Abstract,보험계약자산부채의 상품별 구분에 대한 공시[ 개요 ]
entity00117267_Title202621742051560LineItems,보험계약자산부채의 상품별 구분에 대한 공시 [항목]
entity00117267_Title202621751816769Abstract,"회계모형 및 포트폴리오별 보험부채현황에 대한 공시, 금리확정형[ 개요 ]"
entity00117267_Title202621751817560LineItems,"회계모형 및 포트폴리오별 보험부채현황에 대한 공시, 금리확정형 [항목]"
entity00117267_Title202621752351529Abstract,"회계모형 및 포트폴리오별 보험부채현황에 대한 공시, 금리연동형[ 개요 ]"
entity00117267_Title202621752352523LineItems,"회계모형 및 포트폴리오별 보험부채현황에 대한 공시, 금리연동형 [항목]"
entity00117267_Title202621752826961Abstract,"회계모형 및 포트폴리오별 보험부채현황에 대한 공시, 직접참가특성형[ 개요 ]"
entity00117267_Title202621752827806LineItems,"회계모형 및 포트폴리오별 보험부채현황에 대한 공시, 직접참가특성형 [항목]"
entity00117267_TongyangLifeFinancialServiceCoLtdMemberOfSubsidiariesMemberOfDisclosureOfOutstandingBalancesForRelatedPartyTransactionsTableOfMember,동양생명금융서비스㈜ [구성요소]
entity00117267_TongyangLifeFinancialServiceCoLtdMemberOfSubsidiariesMemberOfDisclosureOfTransactionsBetweenRelatedPartiesTableOfMember,동양생명금융서비스㈜ [구성요소]
entity00117267_Two1InvestmentContractLiabilities202621541321561TextBlock,21. 투자계약부채
entity00117267_ValuationAndTradingGainsAndLossesFinancialInstrumentsOfGainLossFromFinancialInstrumentsOfGainsLossesFinancialInstrumentsByCategoryTableOfItems,"평가 및 거래 손익, 금융상품"
entity00117267_VariableFeeApproachMemberOfInsuranceContractsMemberOfDisclosureOfTotalInsuranceLiabilitiesByAccountingModelAndPortfolioTableOfMember,변동수수료접근법 [구성요소]
entity00117267_VariableFeeApproachMemberOfInsuranceContractsOtherThanThoseToWhichPremiumAllocationApproachHasBeenAppliedMemberOfDisclosureOfLiabilitiesByAccountingModelAndPortfolioDirectParticipationFeaturesTableOfMember,변동수수료접근법 [구성요소]
entity00117267_VariableFeeApproachMemberOfInsuranceContractsOtherThanThoseToWhichPremiumAllocationApproachHasBeenAppliedMemberOfDisclosureOfLiabilitiesByAccountingModelAndPortfolioFixedInterestRateTableOfMember,변동수수료접근법 [구성요소]
entity00117267_VariableFeeApproachMemberOfInsuranceContractsOtherThanThoseToWhichPremiumAllocationApproachHasBeenAppliedMemberOfDisclosureOfLiabilitiesByAccountingModelAndPortfolioFloatingInterestRateTableOfMember,변동수수료접근법 [구성요소]
entity00117267_VariableInsuranceContractLiabilitiesOfInsuranceContractsIssuedThatAreLiabilities,변액보험계약부채
entity00117267_VariableInsuranceMemberOfClassificationOfInsuranceProductsMemberOfDisclosureOfInsuranceContractAssetsAndLiabilitiesByParticipationFeatureTableOfMember,변액보험 [구성요소]
entity00117267_VariableInsuranceMemberOfClassificationOfInsuranceProductsMemberOfDisclosureOfReconciliationOfChangesInInsuranceContractsIssuedByComponentsTableOfMember,변액보험 [구성요소]
entity00117267_VariableInsuranceMemberOfClassificationOfInsuranceProductsMemberOfDisclosureOfReconciliationOfChangesInInsuranceContractsIssuedByRemainingCoverageAndIncurredClaimsTableOfMember,변액보험 [구성요소]
entity00117267_VariableInsuranceMemberOfTypesOfContractsMemberOfDisclosureOfClassificationOfInsuranceContractAssetsAndLiabilitiesByProductTableOfMember,변액 보험 [구성요소]
entity00117267_VariableLifeInsuranceDirectParMemberOfPortfolioClassificationMemberOfDisclosureOfInformationOnInsuranceContractMarginForContractsExpectedToBeRecognizedInProfitOrLossTableOfMember,직접참가특성형-변액 사망보험 [구성요소]
entity00117267_VariableLifeInsuranceDirectParMemberOfPortfolioClassificationMemberOfDisclosureOfLiabilitiesByAccountingModelAndPortfolioDirectParticipationFeaturesTableOfMember,직접참가특성형-변액 사망보험 [구성요소]
entity00117267_VariablePensionAndSavingsInsuranceDirectParMemberOfPortfolioClassificationMemberOfDisclosureOfInformationOnInsuranceContractMarginForContractsExpectedToBeRecognizedInProfitOrLossTableOfMember,직접참가특성형-변액 연금ㆍ저축보험 [구성요소]
entity00117267_VariablePensionAndSavingsInsuranceDirectParMemberOfPortfolioClassificationMemberOfDisclosureOfLiabilitiesByAccountingModelAndPortfolioDirectParticipationFeaturesTableOfMember,직접참가특성형-변액 연금ㆍ저축보험 [구성요소]
entity00117267_WeightedAverageAsOfTheDateOfDisposalOfTreasurySharesOfDisclosureOfTheCalculationDetailsOfTheWeightedAverageNumberOfOrdinarySharesOutstandingLineItemsOfDisclosureOfTheCalculationDetailsOfTheWeightedAverageNumberOfOrdinarySharesOutstandingTableOfItems,자기주식처분일의 가중치
entity00117267_WeightedAverageCostOfCapitalEtcMeasurementInputMemberOfUnobservableInputsMemberOfDisclosureOfUnobservableInputsUsedInFairValueMeasurementOfAssetsFinancialAssetsAtFairValueThroughOtherComprehensiveIncomeTableOfMember,"가중평균자본비용 등, 측정 투입변수 [구성요소]"
entity00117267_WeightedAverageNumberOfOrdinarySharesUsedInCalculatingBasicEarningsPerShareAtBeginningOfPeriodOfDisclosureOfTheCalculationDetailsOfTheWeightedAverageNumberOfOrdinarySharesOutstandingLineItemsOfDisclosureOfTheCalculationDetailsOfTheWeightedAverageNumberOfOrdinarySharesOutstandingTableOfItems,기초의 가중평균유통보통주식수
entity00117267_WooriBankMemberOfOtherRelatedPartiesMemberOfDisclosureOfAssetsPledgedAsCollateralToTheRelatedPartiesTableOfMember,㈜우리은행 [구성요소]
entity00117267_WooriBankMemberOfOtherRelatedPartiesMemberOfDisclosureOfDerivativesNotionalAmountBetweenTheRelatedPartiesTableOfMember,㈜우리은행 [구성요소]
entity00117267_WooriBankMemberOfOtherRelatedPartiesMemberOfDisclosureOfOutstandingBalancesForRelatedPartyTransactionsTableOfMember,㈜우리은행 [구성요소]
entity00117267_WooriBankMemberOfOtherRelatedPartiesMemberOfDisclosureOfTransactionsBetweenRelatedPartiesTableOfMember,㈜우리은행 [구성요소]
entity00117267_WooriBigSatisfactionCorporateMmfNo1GovernmentAndPublicBondsMemberOfOtherRelatedPartiesMemberOfDisclosureOfFinancialTransactionsBetweenRelatedPartiesTableOfMember,우리큰만족법인MMF1호(국공채) [구성요소]
entity00117267_WooriCardCoLtdMemberOfOtherRelatedPartiesMemberOfDisclosureOfCapitalCommitmentsWithRelatedPartiesTableOfMember,㈜우리카드 [구성요소]
entity00117267_WooriCardCoLtdMemberOfOtherRelatedPartiesMemberOfDisclosureOfOutstandingBalancesForRelatedPartyTransactionsTableOfMember,㈜우리카드 [구성요소]
entity00117267_WooriCardCoLtdMemberOfOtherRelatedPartiesMemberOfDisclosureOfTransactionsBetweenRelatedPartiesTableOfMember,㈜우리카드 [구성요소]
entity00117267_WooriFinancialCapitalCoLtdMemberOfOtherRelatedPartiesMemberOfDisclosureOfOutstandingBalancesForRelatedPartyTransactionsTableOfMember,우리금융캐피탈㈜ [구성요소]
entity00117267_WooriFinancialCapitalCoLtdMemberOfOtherRelatedPartiesMemberOfDisclosureOfTransactionsBetweenRelatedPartiesTableOfMember,우리금융캐피탈㈜ [구성요소]
entity00117267_WooriFinancialDinolabInvestmentFundNo3MemberOfOtherRelatedPartiesMemberOfDisclosureOfCapitalCommitmentsWithRelatedPartiesTableOfMember,우리금융디노랩투자조합3호 [구성요소]
entity00117267_WooriFisMemberOfOtherRelatedPartiesMemberOfDisclosureOfTransactionsBetweenRelatedPartiesTableOfMember,우리에프아이에스㈜ [구성요소]
entity00117267_WooriFutureCoGrowthAdvancedStrategyPrivateInvestmentTrustMemberOfOtherRelatedPartiesMemberOfDisclosureOfCapitalCommitmentsWithRelatedPartiesTableOfMember,우리미래동반성장첨단전략일반사모투자신탁 [구성요소]
entity00117267_WooriFutureCoGrowthAdvancedStrategyPrivateInvestmentTrustMemberOfOtherRelatedPartiesMemberOfDisclosureOfFinancialTransactionsBetweenRelatedPartiesTableOfMember,우리미래동반성장첨단전략일반사모투자신탁 [구성요소]
entity00117267_WooriGlobalSecondaryGeneralPrivateInvestmentTrust2MemberOfOtherRelatedPartiesMemberOfDisclosureOfCapitalCommitmentsWithRelatedPartiesTableOfMember,우리글로벌세컨더리일반사모투자신탁2 [구성요소]
entity00117267_WooriGlobalSecondaryPrivatePlacementInvestmentTrustNo2MemberOfOtherRelatedPartiesMemberOfDisclosureOfFinancialTransactionsBetweenRelatedPartiesTableOfMember,우리글로벌세컨더리일반사모투자신탁2 [구성요소]
entity00117267_WooriGlobalSecondaryPrivatePlacementInvestmentTrustNo2MemberOfOtherRelatedPartiesMemberOfDisclosureOfTransactionsBetweenRelatedPartiesTableOfMember,우리글로벌세컨더리일반사모투자신탁2 [구성요소]
entity00117267_WooriKoreaUltraShortTermBondSecuritiesInvestmentTrustBondClassCFMemberOfOtherRelatedPartiesMemberOfDisclosureOfFinancialTransactionsBetweenRelatedPartiesTableOfMember,우리나라초단기채권증권투자신탁(채권)ClassC-F [구성요소]
entity00117267_WooriProductiveFinanceEducationInfrastructureGeneralPrivateInvestmentTrustNo1MemberOfOtherRelatedPartiesMemberOfDisclosureOfCapitalCommitmentsWithRelatedPartiesTableOfMember,우리생산적금융교육인프라일반사모투자신탁제1호 [구성요소]
entity00117267_WooriProductiveFinanceEducationInfrastructureGeneralPrivateInvestmentTrustNo1MemberOfOtherRelatedPartiesMemberOfDisclosureOfFinancialTransactionsBetweenRelatedPartiesTableOfMember,우리생산적금융교육인프라일반사모투자신탁제1호 [구성요소]
entity00117267_WooriProductiveFinanceEducationInfrastructurePrivateSpecialAssetInvestmentTrustNo1MemberOfOtherRelatedPartiesMemberOfDisclosureOfCapitalCommitmentsWithRelatedPartiesTableOfMember,우리생산적금융교육인프라일반사모특별자산투자신탁1호 [구성요소]
entity00117267_WooriProductiveFinanceEducationInfrastructurePrivateSpecialAssetInvestmentTrustNo1MemberOfOtherRelatedPartiesMemberOfDisclosureOfFinancialTransactionsBetweenRelatedPartiesTableOfMember,우리생산적금융교육인프라일반사모특별자산투자신탁1호 [구성요소]
entity00117267_WooriSeniorLoanGeneralTypePrivateInvestmentTrustNo1MemberOfOtherRelatedPartiesMemberOfDisclosureOfFinancialTransactionsBetweenRelatedPartiesTableOfMember,우리시니어론일반사모투자신탁1호 [구성요소]
entity00117267_WooriSeniorLoanGeneralTypePrivateInvestmentTrustNo1MemberOfOtherRelatedPartiesMemberOfDisclosureOfTransactionsBetweenRelatedPartiesTableOfMember,우리시니어론일반사모투자신탁1호 [구성요소]
entity00117267_WooriSeniorLoanGeneralTypePrivateInvestmentTrustNo2MemberOfOtherRelatedPartiesMemberOfDisclosureOfFinancialTransactionsBetweenRelatedPartiesTableOfMember,우리시니어론일반사모투자신탁2호 [구성요소]
entity00117267_WooriSeniorLoanGeneralTypePrivateInvestmentTrustNo2MemberOfOtherRelatedPartiesMemberOfDisclosureOfTransactionsBetweenRelatedPartiesTableOfMember,우리시니어론일반사모투자신탁2호 [구성요소]
entity00117267_WooriSeniorLoanGeneralTypePrivateInvestmentTrustNo3MemberOfOtherRelatedPartiesMemberOfDisclosureOfCapitalCommitmentsWithRelatedPartiesTableOfMember,우리시니어론일반사모투자신탁3호 [구성요소]
entity00117267_WooriSeniorLoanGeneralTypePrivateInvestmentTrustNo3MemberOfOtherRelatedPartiesMemberOfDisclosureOfFinancialTransactionsBetweenRelatedPartiesTableOfMember,우리시니어론일반사모투자신탁3호 [구성요소]
entity00117267_WooriSeniorLoanGeneralTypePrivateInvestmentTrustNo3MemberOfOtherRelatedPartiesMemberOfDisclosureOfTransactionsBetweenRelatedPartiesTableOfMember,우리시니어론일반사모투자신탁3호 [구성요소]
entity00117267_WooriShortTermBondSecuritiesInvestmentTrustBondClasscFMemberOfOtherRelatedPartiesMemberOfDisclosureOfFinancialTransactionsBetweenRelatedPartiesTableOfMember,우리단기채권증권투자신탁(채권)CLASSC-F [구성요소]
entity00117267_WooriUltraShortTermBondInvestmentTrustMemberOfOtherRelatedPartiesMemberOfDisclosureOfFinancialTransactionsBetweenRelatedPartiesTableOfMember,우리나라초단기채권증권투자신탁 [구성요소]
entity00117267_YtmOfDisclosureOfTheAverageInterestRateAndAverageExchangeRateOfHedgingInstrumentsInterestRateRiskLineItemsOfDisclosureOfTheAverageInterestRateAndAverageExchangeRateOfHedgingInstrumentsInterestRateRiskTableOfItems,YTM
entity00117744_EquityAtBeginningOfPeriodAfterAdjustmentsOfStatementOfChangesInEquityLineItems,회계정책변경후 기초자본
entity00117744_InsuranceContractAssetsWithParticipatingFeaturesOfInsuranceContractsIssuedThatAreAssets,배당요소가 있는 보험계약자산
entity00117744_InsuranceContractAssetsWithoutParticipatingFeaturesOfInsuranceContractsIssuedThatAreAssets,배당요소가 없는 보험계약자산
entity00117744_InsuranceContractLiabilitiesWithParticipatingFeaturesOfInsuranceContractsIssuedThatAreLiabilities,배당요소가 있는 보험계약부채
entity00117744_InsuranceContractLiabilitiesWithoutParticipatingFeaturesOfInsuranceContractsIssuedThatAreLiabilities,배당요소가 없는 보험계약부채
entity00117744_ProceedsfromsalesofderivativefinancialliabilitiesheldforhedgingOfCashFlowsFromUsedInInvestingActivities,위험회피목적파생상품의 정산
entity00117744_udf_CE_202658174217151OfStatementOfChangesInEquityLineItems,회계정책변경후 기초자본
entity00117744_udf_CF_20239213435910OfCashFlowsFromUsedInInvestingActivities,위험회피목적파생상품의 정산
entity00120216_DOfInsuranceContractsIssuedThatAreLiabilities,배당요소가 없는 보험계약부채
entity00120216_EffectOfChangesInScopeOfConsolidationOfCashFlowsFromUsedInInvestingActivities,연결범위의 변동
entity00120216_GainsonchangeinfairvalueandondisposalofsecuritiesOfInvestmentIncome,유가증권 평가 및 처분이익
entity00120216_GainsonchangeinfairvalueandondisposalofsecuritiesOfOperatingExpenseInvestment,유가증권 평가 및 처분손실
entity00120216_GainsonchangeinfairvalueofloansandmiscellaneousreceivablesOfInvestmentIncome,대출채권 및 기타수취채권 평가 및 처분이익
entity00120216_GainsondisposalofsubsidiariesOfInvestmentIncome,종속기업투자주식관련이익
entity00120216_InsuranceContractLiabilitiesWithParticipatingFeaturesOfInsuranceContractsIssuedThatAreLiabilities,배당요소가 있는 보험계약부채
entity00120216_InsuranceContractLiabilitiesWithoutParticipatingFeaturesOfInsuranceContractsIssuedThatAreLiabilities,배당요소가 없는 보험계약부채
entity00120216_LossesonchangeinfairvalueandondisposalofsecuritiesOfOperatingExpenseInvestment,유가증권 평가 및 처분손실
entity00120216_LossesonchangeinfairvalueofloansandmiscellaneousreceivablesOfOperatingExpenseInvestment,대출채권 및 기타수취채권 평가 및 처분손실
entity00120216_LossesondisposalofsubsidiariesOfOperatingExpenseInvestment,종속기업투자주식관련손실
entity00120216_udf_IS_2023101114552982OfInvestmentIncome,종속기업투자주식관련이익
entity00120216_udf_IS_2023101114559173OfInvestmentIncome,대출채권 및 기타수취채권 평가 및 처분이익
entity00120216_udf_IS_20231011145656635OfOperatingExpenseInvestment,대출채권 및 기타수취채권 평가 및 처분손실
entity00120216_udf_IS_20231011145754830OfOperatingExpenseInvestment,종속기업투자주식관련손실
entity00120216_udf_IS_202485203610486OfInvestmentIncome,유가증권 평가 및 처분이익
entity00126256_ADCreditInformationOfAssociatesMemberOfDisclosureOfTransactionsBetweenRelatedPartiesTableOfMember,에이앤디신용정보
entity00126256_AdCreditinformationCoLtdOfAssociatesMemberOfDisclosureOfOutstandingBalancesForRelatedPartyTransactionsTableOfMember,에이앤디신용정보
entity00126256_AdjustmentsForEquityMethodGainsFromInvestmentsInAssociatesOfAdjustmentsForIncomeAndExpensesOfCashFlowsFromOperatingActivitiesOfAdjustmentsForIncomeAndExpensesOfCashFlowsFromOperatingActivitiesTableOfItems,관계기업투자주식평가이익
entity00126256_AdjustmentsForGainsOnInvestmentsInSubsidiariesAssociatesAndJointVenturesOfAdjustmentsForIncomeAndExpensesOfCashFlowsFromOperatingActivitiesOfAdjustmentsForIncomeAndExpensesOfCashFlowsFromOperatingActivitiesTableOfItems,관계ㆍ종속기업투자배당금수익
entity00126256_AdjustmentsForIncomeAndExpensesOfCashFlowsFromOperatingActivitiesTable,수익 및 비용의 조정내역
entity00126256_AdjustmentsForIncomeAndExpensesOfCashFlowsFromOperatingActivitiesTextBlock,수익 및 비용의 조정내역[ 문장영역 ]
entity00126256_AdjustmentsForLossesOnAmortizedCostLoansAndOtherReceivablesOfAdjustmentsForIncomeAndExpensesOfCashFlowsFromOperatingActivitiesOfAdjustmentsForIncomeAndExpensesOfCashFlowsFromOperatingActivitiesTableOfItems,상각후원가측정금융상품관련손실
entity00126256_AdjustmentsForLossesOnValuationOfInvestmentsInAssociatesOfAdjustmentsForIncomeAndExpensesOfCashFlowsFromOperatingActivitiesOfAdjustmentsForIncomeAndExpensesOfCashFlowsFromOperatingActivitiesTableOfItems,관계기업투자주식평가손실
entity00126256_AgentCommissionOfInsuranceAcquisitionCashFlowsOfDetailsOfOperatingExpensesTableOfItems,비례수당
entity00126256_AmongTheGroupsTotalAccumulatedOfValuationGainOrLossOnFinancialAssetsMeasuredAtFairValueThroughOtherComprehensiveIncomeTable,기타포괄손익공정가치측정금융자산의 평가손익누계액
entity00126256_AmongTheGroupsTotalAccumulatedOfValuationGainOrLossOnFinancialAssetsMeasuredAtFairValueThroughOtherComprehensiveIncomeTextBlock,기타포괄손익공정가치측정금융자산의 평가손익누계액[ 문장영역 ]
entity00126256_AmountOfMortgageAndJeonseRightsTable,"토지, 건물의 임대보증금과 관련 근저당 및 전세권 설정"
entity00126256_AmountOfMortgageAndJeonseRightsTextBlock,"토지, 건물의 임대보증금과 관련 근저당 및 전세권 설정[ 문장영역 ]"
entity00126256_AmountOfMortgagesAndLeaseholdRightsRelatedPartyTransactionOfDisclosureOfLossAllowanceAndLeaseDepositsRelatedToSignificantReceivableAndPayableBalancesWithRelatedPartiesOfDisclosureOfLossAllowanceAndLeaseDepositsRelatedToSignificantReceivableAndPayableBalancesWithRelatedPartiesTableOfItems,"근저당 및 전세권설정금액, 특수관계자거래"
entity00126256_AmountOfMortgagesAndLeaseholdRightsRelatedPartyTransactionOfDisclosureOfSignificantReceivableAndPayableBalancesWithRelatedPartiesIncludingAllowancesForCreditLossesAndLeaseDepositsOfDisclosureOfSignificantReceivableAndPayableBalancesWithRelatedPartiesIncludingAllowancesForCreditLossesAndLeaseDepositsTableOfItems,"임대보증금관련 근저당 및 전세권설정금액, 특수관계자거래"
entity00126256_AmountRelatedToGroupsOfInsuranceContractsUnderTheModifiedRetrospectiveAndFairValueApproachesOfAmongTheGroupsTotalAccumulatedOfValuationGainOrLossOnFinancialAssetsMeasuredAtFairValueThroughOtherComprehensiveIncomeOfAmongTheGroupsTotalAccumulatedOfValuationGainOrLossOnFinancialAssetsMeasuredAtFairValueThroughOtherComprehensiveIncomeTableOfItems,수정소급법 및 공정가치법 보험계약집합과 관련 있는 금액
entity00126256_AmplifyHoldingCompanyLlcOfAssociatesMemberOfDisclosureOfTransactionsBetweenRelatedPartiesTableOfMember,Amplify Holding Company LLC
entity00126256_AssumptionsForCurrentEstimatesOfFutureCashFlowsAndBasisForCalculation,미래현금흐름에 대한 현행추정치의 가정과 그 산출근거
entity00126256_BankOverdraftAgreementOfLoanCommitmentsMemberOfDisclosureOfCommitmentsTableOfMember,당좌차월약정 [구성요소]
entity00126256_BondExpectedPurchaseTransactionOfHedgedItemsMemberOfDetailOfIneffectivePortionOfTheGainsAndLossesOfHedgingInstrumentsTableOfMember,채권예상매입거래
entity00126256_BondExpectedPurchaseTransactionOfHedgedItemsMemberOfDisclosureOfDetailedInformationAboutHedgedItemsTableOfMember,채권예상매입거래
entity00126256_BondRelatedMemberOfDerivativeContractTypeMemberOfFairValuesOfDerivativeInstrumentsTableOfMember,채권 관련 [구성요소]
entity00126256_BondRelatedMemberOfDerivativeContractTypeMemberOfGainsLossesOnChangeInFairValueOfDerivativesTableOfMember,채권 관련 [구성요소]
entity00126256_BondRelatedMemberOfDerivativeContractTypeMemberOfNotionalAmountOfDerivativesTableOfMember,채권 관련 [구성요소]
entity00126256_BondRelatedOfDerivativeContractTypeMemberOfDisclosuresOfTotalDerivativeFinancialInstrumentsTableOfMember,채권 관련
entity00126256_BonusMaintenanceExpensesOfMaintenanceExpensesOfDetailsOfOperatingExpensesTableOfItems,"상여금, 유지비"
entity00126256_BorrowingsInKoreanWonFromBnkInvestmentSecuritiesAndSixOtherLendersOfBorrowingsByNameMemberOfDisclosureOfDetailedInformationAboutBorrowingsTableOfMember,원화차입금_BNK투자증권 외 17개사
entity00126256_BorrowingsInKoreanWonFromBnkInvestmentSecuritiesAndSixOtherLendersOfBorrowingsByNameMemberOfRemainingContractualMaturitiesOfBorrowingsTableOfMember,원화차입금_BNK투자증권 외 6개사
entity00126256_BuildingsAndStructuresMemberOfAssetsMemberOfDisclosureOfChangesInCarryingAmountOfInvestmentPropertyTableOfMember,건물및구축물 [구성요소]
entity00126256_BuildingsAndStructuresMemberOfAssetsMemberOfDisclosureOfInvestmentPropertyTableOfMember,건물및구축물 [구성요소]
entity00126256_BuildingsAndStructuresOfPropertyPlantAndEquipmentMemberOfDetailsOfPropertyAndEquipmentTableOfMember,건물및구축물
entity00126256_CashAndCashEquivalentsOfFinancialAssetsCategoryMemberOfDescriptionOfTheValuationMethodsForFairValueMeasurementByTypeOfFinancialAssetTableOfMember,현금 및 현금성자산 [구성요소]
entity00126256_CashAndCashEquivalentsOfFinancialAssetsCategoryMemberOfFairValueAndBookValueOfAssetsTableOfMember,현금및현금성자산
entity00126256_CashAndCashEquivalentsOfFinancialAssetsClassMemberOfDisclosureOfFinancialAssetsByCategoryTableOfMember,현금및현금성자산
entity00126256_ChallengerThe31ThLiquidationSpecializationCoLtdOfCounterpartiesMemberOfDisclosureOfContinuingInvolvementInDerecognisedFinancialAssetsTableOfMember,첼린저제삼십일차유동화전문유한회사
entity00126256_ChallengerThe32ThLiquidationSpecializationCoLtdOfCounterpartiesMemberOfDisclosureOfContinuingInvolvementInDerecognisedFinancialAssetsTableOfMember,첼린저제사십차유동화전문유한회사
entity00126256_ChallengerThe33ThLiquidationSpecializationCoLtdOfCounterpartiesMemberOfDisclosureOfContinuingInvolvementInDerecognisedFinancialAssetsTableOfMember,첼린저제삼십삼차유동화전문유한회사
entity00126256_ChallengerThe34ThLiquidationSpecializationCoLtdOfCounterpartiesMemberOfDisclosureOfContinuingInvolvementInDerecognisedFinancialAssetsTableOfMember,첼린저제삼십사차유동화전문유한회사
entity00126256_ChallengerThe35ThLiquidationSpecializationCoLtdOfCounterpartiesMemberOfDisclosureOfContinuingInvolvementInDerecognisedFinancialAssetsTableOfMember,첼린저제삼십오차유동화전문유한회사
entity00126256_ChallengerThe36ThLiquidationSpecializationCoLtdOfCounterpartiesMemberOfDisclosureOfContinuingInvolvementInDerecognisedFinancialAssetsTableOfMember,첼린저제삼십육차유동화전문유한회사
entity00126256_ChallengerThe37ThLiquidationSpecializationCoLtdOfCounterpartiesMemberOfDisclosureOfContinuingInvolvementInDerecognisedFinancialAssetsTableOfMember,첼린저제삼십칠차유동화전문유한회사
entity00126256_ChallengerThe38ThLiquidationSpecializationCoLtdOfCounterpartiesMemberOfDisclosureOfContinuingInvolvementInDerecognisedFinancialAssetsTableOfMember,첼린저제삼십팔차유동화전문유한회사
entity00126256_ChallengerThe39ThLiquidationSpecializationCoLtdOfCounterpartiesMemberOfDisclosureOfContinuingInvolvementInDerecognisedFinancialAssetsTableOfMember,첼린저제삼십구차유동화전문유한회사
entity00126256_ChangesInCapitalAdjustmentsOfDerivativesValuationOfFinancialInstrumentsForHedgeAccountingOtherComprehensiveIncomeOfSignificantTransactionsNotAffectingCashFlowsOfSignificantTransactionsNotAffectingCashFlowsTableOfItems,위험회피목적파생상품평가손익의 자본조정 변동
entity00126256_ChangesInDeferredRevenueOfThePointsProgramTable,포인트이연수익 변동내역
entity00126256_ChangesInDeferredRevenueOfThePointsProgramTextBlock,포인트이연수익 변동내역[ 문장영역 ]
entity00126256_ChangesInDeferredTaxChargedOfSignificantTransactionsNotAffectingCashFlowsOfSignificantTransactionsNotAffectingCashFlowsTableOfItems,자본에 부과된 이연법인세의 변동
entity00126256_ChangesInOperatingAssetsAndLiabilitiesTable,영업활동으로 인한 자산부채 변동내역
entity00126256_ChangesInOperatingAssetsAndLiabilitiesTextBlock,영업활동으로 인한 자산부채 변동내역[ 문장영역 ]
entity00126256_ChangesInOtherComprehensiveIncomeFairValueMeasurementGainAndLossOnValuationOfFinancialAssetsEtcOfSignificantTransactionsNotAffectingCashFlowsOfSignificantTransactionsNotAffectingCashFlowsTableOfItems,기타포괄손익공정가치측정금융자산평가손익 등의 변동
entity00126256_ChangesInRemeasurementsOfNetDefinedBenefitLiabilityOfSignificantTransactionsNotAffectingCashFlowsOfSignificantTransactionsNotAffectingCashFlowsTableOfItems,순확정급여부채 재측정요소의 변동
entity00126256_ChangesInRightOfUseAssets,사용권자산의 변동내역
entity00126256_ChangesInTheBookValueOfFinancialAssetsAtAmortizedCostOtherReceivablesAndFinanceLeaseReceivablesOfFinancialAssetsAtAmortisedCostCategoryMemberOfDisclosureOfTotalOfChangesInFinancialAssetsAtAmortisedCostTableOfMember,"상각후원가측정대출채권, 기타수취채권 및 금융리스채권"
entity00126256_ChangesInTheDebtSecuritiesAtFairValueThroughOtherComprehensiveIncome,기타포괄손익공정가치측정채무증권의 장부금액 변동내역
entity00126256_ChangesInTheFairValueOfUnderlyingItemsOfInsuranceContractsWithDirectParticipationFeaturesOfClassesOfInsuranceFinanceIncomeExpensesMemberOfDisclosureOfAnalysisOfInsuranceFinanceIncomeExpensesTableOfMember,직접참가특성이 있는 보험계약의 기초자산 공정가치 변동
entity00126256_ChangesInTheOtherComprehensiveInsuranceFinancialProfitAndLossOfSignificantTransactionsNotAffectingCashFlowsOfSignificantTransactionsNotAffectingCashFlowsTableOfItems,기타포괄보험금융손익의 변동
entity00126256_ChangesInTheOtherComprehensiveReinsuranceFinancialProfitAndLossOfSignificantTransactionsNotAffectingCashFlowsOfSignificantTransactionsNotAffectingCashFlowsTableOfItems,기타포괄재보험금융손익의 변동
entity00126256_ChangesInTheSecuritiesAtAmortizedCost,상각후원가측정금융자산의 변동내역
entity00126256_ClaimForDamagesTable,삼성자산운용을 피고로 하는 손해배상청구소송
entity00126256_ClaimForDamagesTextBlock,삼성자산운용을 피고로 하는 손해배상청구소송[ 문장영역 ]
entity00126256_CommunicationExpenseMaintenanceExpensesOfMaintenanceExpensesOfDetailsOfOperatingExpensesTableOfItems,"통신비, 유지비"
entity00126256_ContractsForReceiptsOfCollectionAndCashAdvanceServicesOfTypesOfCommitmentsMemberOfDisclosureOfCommitmentsTableOfMember,업무대행계약 [구성요소]
entity00126256_ContractsForThePurchaseOfSecuritiesOfPurchaseCommitmentMemberOfDisclosureOfCommitmentsTableOfMember,유가증권매입계약 [구성요소]
entity00126256_CreditCardInstallmentFinancingAndLeasingOfSegmentsMemberOfDisclosureOfOperatingSegmentsTableOfMember,카드 및 할부리스
entity00126256_CreditCardSalesExpenseOfOtherOperatingExpenseOfDisclosureOfOtherOperatingIncomeExpenseTableOfItems,신용카드판매비
entity00126256_CreditCardUsageCommitmentsOfTypesOfCommitmentsMemberOfDisclosureOfCommitmentsTableOfMember,신용카드사용약정 [구성요소]
entity00126256_CreditCardUsageCommitmentsOfTypesOfCommitmentsMemberOfDisclosureOfReceivedCommitmentsTableOfMember,신용카드사용약정
entity00126256_CumulativeGainsOrLossesReclassifiedDueToReclassificationAdjustmentsFromDerecognizedFvociFinancialAssetsOfDetailsOfEquityInstrumentsAmongFinancialAssetsMeasuredAtFairValueThroughOtherComprehensiveIncomeOfDisclosureOfDetailsOfEquityInstrumentsAmongFinancialAssetsMeasuredAtFairValueThroughOtherComprehensiveIncomeTableOfItems,계정재분류로 인해 대체된 누적손익
entity00126256_DecreaseIncreaseInReinsuranceContractLiabilitiesOfChangesInOperatingAssetsAndLiabilitiesOfChangesInOperatingAssetsAndLiabilitiesTableOfItems,재보험계약부채의 감소(증가)
entity00126256_DepreciationExpenseMaintenanceExpensesOfMaintenanceExpensesOfDetailsOfOperatingExpensesTableOfItems,"감가상각비, 유지비"
entity00126256_DerivativeFinancialInstrumentsAndHedgeAccounting,파생상품 보유 목적
entity00126256_DescriptionOfInsuranceContractsAssetsAndInsuranceContractsLiabilitiesForInsuranceContractsIssuedByParticipationFeature,배당여부별 발행한 보험계약에 대한 보험계약자산 및 보험계약부채내역에 대한 기술
entity00126256_DescriptionOfInsuranceContractsWithParticipationFeatures,유배당보험계약에 대한 기술
entity00126256_DescriptionOfMortgagesAndJeonseRightsEstablishedInRelationToLeaseDepositsForLandAndBuildings,"토지, 건물의 임대보증금과 관련 근저당 및 전세권 설정에 대한 기술"
entity00126256_DescriptionOfNewlyIssuedInsuranceContracts,신규로 체결한 보험계약에 대한 기술
entity00126256_DescriptionOfTheClassificationByLevelsOfTheFairValueHierarchyTable,공정가치 서열체계의 수준별 구분에 대한 기술
entity00126256_DescriptionOfTheClassificationByLevelsOfTheFairValueHierarchyTextBlock,공정가치 서열체계의 수준별 구분에 대한 기술[ 문장영역 ]
entity00126256_DescriptionOfTheSegmentationOfBusinessOperations,사업부문 구분에 대한 기술
entity00126256_DescriptionOfTheValuationMethodsForFairValueMeasurementByTypeOfFinancialAssetTable,금융자산별 공정가치의 측정 방법에 대한 기술
entity00126256_DescriptionOfTheValuationMethodsForFairValueMeasurementByTypeOfFinancialAssetTextBlock,금융자산별 공정가치의 측정 방법에 대한 기술[ 문장영역 ]
entity00126256_DescriptionOfTheValuationMethodsForFairValueMeasurementByTypeOfFinancialLiabilityTable,금융부채별 공정가치의 측정 방법에 대한 기술
entity00126256_DescriptionOfTheValuationMethodsForFairValueMeasurementByTypeOfFinancialLiabilityTextBlock,금융부채별 공정가치의 측정 방법에 대한 기술[ 문장영역 ]
entity00126256_DetailOfIneffectivePortionOfTheGainsAndLossesOfHedgingInstrumentsTable,현금흐름위험회피수단의 손익 중 당기손익으로 인식한 비효과적인 부분에 대한 공시
entity00126256_DetailOfIneffectivePortionOfTheGainsAndLossesOfHedgingInstrumentsTextBlock,현금흐름위험회피수단의 손익 중 당기손익으로 인식한 비효과적인 부분에 대한 공시[ 문장영역 ]
entity00126256_DetailOfTheAssetsProvidedAsCollateralInConnectionWithTheBorrowingsTable,차입금과 관련하여 제공한 자산
entity00126256_DetailOfTheAssetsProvidedAsCollateralInConnectionWithTheBorrowingsTextBlock,차입금과 관련하여 제공한 자산[ 문장영역 ]
entity00126256_DetailsOfAllocationOfGainsAndLossesOnDerivativesUsedForHedgingPurposesTable,위험회피목적파생상품평가손익 배부내역 상세
entity00126256_DetailsOfAllocationOfGainsAndLossesOnDerivativesUsedForHedgingPurposesTextBlock,위험회피목적파생상품평가손익 배부내역 상세[ 문장영역 ]
entity00126256_DetailsOfAllocationOfGainsAndLossesOnFinancialAssetsMeasuredAtFairValueThroughOtherComprehensiveIncomeTable,기타포괄손익공정가치측정금융자산평가손익의 배부내역 상세
entity00126256_DetailsOfAllocationOfGainsAndLossesOnFinancialAssetsMeasuredAtFairValueThroughOtherComprehensiveIncomeTextBlock,기타포괄손익공정가치측정금융자산평가손익의 배부내역 상세[ 문장영역 ]
entity00126256_DetailsOfAsInvestmentContractLiabilitiesBorrowingLiabilitiesAndLeaseLiabilitiesTable,"투자계약부채, 차입부채 및 리스부채"
entity00126256_DetailsOfAsInvestmentContractLiabilitiesBorrowingLiabilitiesAndLeaseLiabilitiesTextBlock,"투자계약부채, 차입부채 및 리스부채[ 문장영역 ]"
entity00126256_DetailsOfCashAndCashEquivalentsTable,현금및현금성자산의 내용
entity00126256_DetailsOfCashAndCashEquivalentsTextBlock,현금및현금성자산의 내용[ 문장영역 ]
entity00126256_DetailsOfChangesInAssetRetirementObligationLiability,기타충당부채 변동내역
entity00126256_DetailsOfDebenturesTable,차입부채 중 사채의 내역
entity00126256_DetailsOfDebenturesTextBlock,차입부채 중 사채의 내역[ 문장영역 ]
entity00126256_DetailsOfFinancialAssetsAtAmortizedCostFinanceLeaseReceivablesAndHeldToMaturityFinancialAssets,상각후원가측정금융자산의 내역
entity00126256_DetailsOfFinancialLiabilitiesAtAmortizedCostAndOtherFinancialLiabilities,상각후원가측정금융부채 및 기타금융부채의 구성내역
entity00126256_DetailsOfNetLiabilitiesForInsuranceContractsIssuedByPortfolioByAccountingModelHealthInsuranceTable,회계모형별 포트폴리오별 발행한 보험계약에 대한 순부채 내역(건강보험)
entity00126256_DetailsOfNetLiabilitiesForInsuranceContractsIssuedByPortfolioByAccountingModelHealthInsuranceTextBlock,회계모형별 포트폴리오별 발행한 보험계약에 대한 순부채 내역(건강보험)[ 문장영역 ]
entity00126256_DetailsOfNetLiabilitiesForInsuranceContractsIssuedByPortfolioByAccountingModelLifeInsuranceTable,회계모형별 포트폴리오별 발행한 보험계약에 대한 순부채 내역(사망보험)
entity00126256_DetailsOfNetLiabilitiesForInsuranceContractsIssuedByPortfolioByAccountingModelLifeInsuranceTextBlock,회계모형별 포트폴리오별 발행한 보험계약에 대한 순부채 내역(사망보험)[ 문장영역 ]
entity00126256_DetailsOfNetLiabilitiesForInsuranceContractsIssuedByPortfolioByAccountingModelOtherInsuranceeTable,회계모형별 포트폴리오별 발행한 보험계약에 대한 순부채 내역(기타보험)
entity00126256_DetailsOfNetLiabilitiesForInsuranceContractsIssuedByPortfolioByAccountingModelOtherInsuranceeTextBlock,회계모형별 포트폴리오별 발행한 보험계약에 대한 순부채 내역(기타보험)[ 문장영역 ]
entity00126256_DetailsOfNetLiabilitiesForInsuranceContractsIssuedByPortfolioByAccountingModelPensionAndSavingsInsuranceTable,회계모형별 포트폴리오별 발행한 보험계약에 대한 순부채 내역(연금저축보험)
entity00126256_DetailsOfNetLiabilitiesForInsuranceContractsIssuedByPortfolioByAccountingModelPensionAndSavingsInsuranceTextBlock,회계모형별 포트폴리오별 발행한 보험계약에 대한 순부채 내역(연금저축보험)[ 문장영역 ]
entity00126256_DetailsOfNetLiabilitiesForInsuranceContractsIssuedByPortfolioByAccountingModelTotalInsuranceeTable,회계모형별 포트폴리오별 발행한 보험계약에 대한 순부채 내역(합계)
entity00126256_DetailsOfNetLiabilitiesForInsuranceContractsIssuedByPortfolioByAccountingModelTotalInsuranceeTextBlock,회계모형별 포트폴리오별 발행한 보험계약에 대한 순부채 내역(합계)[ 문장영역 ]
entity00126256_DetailsOfOperatingExpensesTable,보험서비스비용으로 반영된 사업비의 발생내용
entity00126256_DetailsOfOperatingExpensesTextBlock,보험서비스비용으로 반영된 사업비의 발생내용[ 문장영역 ]
entity00126256_DetailsOfOtherAssets,기타자산의 구성내역
entity00126256_DetailsOfOtherLiabilities,기타부채의 구성내역
entity00126256_DetailsOfPaymentGuaranteesAndSecuritiesTable,기타약정사항에 대한 공시
entity00126256_DetailsOfPaymentGuaranteesAndSecuritiesTextBlock,기타약정사항에 대한 공시[ 문장영역 ]
entity00126256_DetailsOfRightOfUseAssetsTable,사용권자산의 구성내용
entity00126256_DetailsOfRightOfUseAssetsTextBlock,사용권자산의 구성내용[ 문장영역 ]
entity00126256_DirectParOfTypesOfCommitmentsMemberOfDetailsOfNetLiabilitiesForInsuranceContractsIssuedByPortfolioByAccountingModelLifeInsuranceTableOfMember,Direct-Par
entity00126256_DisclosureOfChangesInDeferredRevenueRelatedToCustomerLoyaltyPoints,포인트이연수익 변동내역에 대한 기술
entity00126256_DisclosureOfChangesInSecuritiesAtAmortisedCostTable,상각후원가측정유가증권에 대한 변동내역
entity00126256_DisclosureOfChangesInSecuritiesAtAmortisedCostTextBlock,상각후원가측정유가증권에 대한 변동내역[ 문장영역 ]
entity00126256_DisclosureOfCommitmentsTable,약정사항에 대한 공시
entity00126256_DisclosureOfCommitmentsTextBlock,약정사항에 대한 공시[ 문장영역 ]
entity00126256_DisclosureOfDetailedInformationAboutInvestmentPropertyTable,투자부동산에 대한 세부 정보 공시
entity00126256_DisclosureOfDetailedInformationAboutInvestmentPropertyTextBlock,투자부동산에 대한 세부 정보 공시[ 문장영역 ]
entity00126256_DisclosureOfDetailedInformationAboutPropertyPlantAndEquipmentTextBlockTable,유형자산에 대한 세부 정보 공시
entity00126256_DisclosureOfDetailedInformationAboutPropertyPlantAndEquipmentTextBlockTextBlock,유형자산에 대한 세부 정보 공시 [문장영역][ 문장영역 ]
entity00126256_DisclosureOfDetailsOfEquityInstrumentsAmongFinancialAssetsMeasuredAtFairValueThroughOtherComprehensiveIncomeTable,제거한 기타포괄손익-공정가치측정금융자산 중 지분상품의 내역에 대한 공시
entity00126256_DisclosureOfDetailsOfEquityInstrumentsAmongFinancialAssetsMeasuredAtFairValueThroughOtherComprehensiveIncomeTextBlock,제거한 기타포괄손익-공정가치측정금융자산 중 지분상품의 내역에 대한 공시[ 문장영역 ]
entity00126256_DisclosureOfDividendsPaidTable,배당금에 대한 공시
entity00126256_DisclosureOfDividendsPaidTextBlock,배당금에 대한 공시[ 문장영역 ]
entity00126256_DisclosureOfExpectedCreditLossAllowanceAndLeaseDepositsIncludedInSignificantBalancesOfReceivablesAndPayablesWithRelatedPartiesTable,특수관계자와의 중요 채권채무잔액 중 신용손실충당금과 임대보증금에 대한 공시
entity00126256_DisclosureOfExpectedCreditLossAllowanceAndLeaseDepositsIncludedInSignificantBalancesOfReceivablesAndPayablesWithRelatedPartiesTextBlock,특수관계자와의 중요 채권채무잔액 중 신용손실충당금과 임대보증금에 대한 공시[ 문장영역 ]
entity00126256_DisclosureOfFairValueMeasurementOfInvestmentPropertyTable,투자부동산의 공정가치 측정에 대한 공시
entity00126256_DisclosureOfFairValueMeasurementOfInvestmentPropertyTextBlock,투자부동산의 공정가치 측정에 대한 공시[ 문장영역 ]
entity00126256_DisclosureOfFinancialAssetsAtFairValueThroughOtherComprehensiveLncomeAndAvailableForSaleFinancialAssets,기타포괄손익공정가치측정금융자산의 구성내역
entity00126256_DisclosureOfFinancialAssetsDesignatedAtFairValueThroughProfitOrLoss,당기손익공정가치측정금융자산으로 지정한 금융자산에 대한 공시
entity00126256_DisclosureOfInvestmentServiceResultsAndInsuranceFinanceIncomeOrExpensesRecognizedInOtherComprehensiveIncome,기타포괄손익으로 인식된 투자서비스손익과 보험금융손익에 대한 기술
entity00126256_DisclosureOfNatureAndExtentOfRisksArisingFromFinancialInstruments,금융상품 위험 관리
entity00126256_DisclosureOfOperatingSegmentsExplanatory,영업부분에 대한 공시
entity00126256_DisclosureOfOtherOperatingExpenseInsuranceTableTable,기타사업비용에 대한 공시
entity00126256_DisclosureOfOtherOperatingExpenseInsuranceTableTextBlock,기타사업비용에 대한 공시[ 문장영역 ]
entity00126256_DisclosureOfOtherStatutoryReservesWithinRetainedEarnings,이익잉여금 중 기타법정적립금에 대한 기술
entity00126256_DisclosureOfQuantitativeInformationAboutLeasesForLesseeTable,리스부채에 대한 양적 정보 공시
entity00126256_DisclosureOfQuantitativeInformationAboutLeasesForLesseeTextBlock,리스부채에 대한 양적 정보 공시[ 문장영역 ]
entity00126256_DisclosureOfReconciliationOfChangesInInsuranceContractsByRemainingCoverageAndIncurredClaimsByParticipationFeaturesAbstract,잔여보장부채 변동분과 발생사고부채 변동분의 차이조정 공시(배당여부별)[ 개요 ]
entity00126256_DisclosureOfReconciliationOfChangesInInsuranceContractsByRemainingCoverageAndIncurredClaimsByParticipationFeaturesOfDisclosureOfReconciliationOfChangesInInsuranceContractsByRemainingCoverageAndIncurredClaimsByParticipationFeaturesTableOfLineItems,잔여보장부채 변동분과 발생사고부채 변동분의 차이조정 공시(배당여부별)
entity00126256_DisclosureOfReconciliationOfChangesInInsuranceContractsByRemainingCoverageAndIncurredClaimsByParticipationFeaturesTable,잔여보장부채 변동분과 발생사고부채 변동분의 차이조정 공시(배당여부별)
entity00126256_DisclosureOfReconciliationOfChangesInInsuranceContractsByRemainingCoverageAndIncurredClaimsByParticipationFeaturesTextBlock,잔여보장부채 변동분과 발생사고부채 변동분의 차이조정 공시(배당여부별)[ 문장영역 ]
entity00126256_DisclosureOfRegionalTotalsByOperatingSegmentTable,영업부문의 지역별 합계에 대한 공시
entity00126256_DisclosureOfRegionalTotalsByOperatingSegmentTextBlock,영업부문의 지역별 합계에 대한 공시[ 문장영역 ]
entity00126256_DisclosureOfRiskManagement,위험 관리
entity00126256_DisclosureOfServiceOutsourcingContractWithTheGroupTable,용역위탁계약
entity00126256_DisclosureOfServiceOutsourcingContractWithTheGroupTextBlock,용역위탁계약[ 문장영역 ]
entity00126256_DisclosureOfSignificantReceivableAndPayableBalancesWithRelatedPartiesIncludingAllowancesForCreditLossesAndLeaseDepositsTable,특수관계자와의 중요 채권채무잔액 중 신용손실충당금과 임대차보증금에 대한 공시
entity00126256_DisclosureOfSignificantReceivableAndPayableBalancesWithRelatedPartiesIncludingAllowancesForCreditLossesAndLeaseDepositsTextBlock,특수관계자와의 중요 채권채무잔액 중 신용손실충당금과 임대차보증금에 대한 공시[ 문장영역 ]
entity00126256_DisclosureOfSignificantTransactionsWithRelatedPartiesRelatedToTheRecognitionOrReversalOfAllowanceForCreditLossTable,특수관계자와의 중요한 거래내용 중 신용손실충당금전(환)입액에 대한 기술
entity00126256_DisclosureOfSignificantTransactionsWithRelatedPartiesRelatedToTheRecognitionOrReversalOfAllowanceForCreditLossTextBlock,특수관계자와의 중요한 거래내용 중 신용손실충당금전입액에 대한 기술[ 문장영역 ]
entity00126256_DisclosureOfSignificantTransactionsWithRelatedPartiesRelatedToTheRecognitionOrReversalOfAllowanceForCreditLossesTable,특수관계자와의 중요한 거래내용 중 신용손실충당금전(환)입액에 대한 기술
entity00126256_DisclosureOfSignificantTransactionsWithRelatedPartiesRelatedToTheRecognitionOrReversalOfAllowanceForCreditLossesTextBlock,특수관계자와의 중요한 거래내용 중 신용손실충당금전(환)입액[ 문장영역 ]
entity00126256_DisclosureOfTheAmountOfUnrealizedGainsOnDerivativesRecognizedInAccumulatedOtherComprehensiveIncomeThatIsExpectedToBeRealizedAsGainsWithin12MonthsTable,기타포괄손익누계액에 계상된 파생상품에 대한 미실현이익 중 12개월 이내에 실현될 것으로 예상되는 금액에 대한 공시
entity00126256_DisclosureOfTheAmountOfUnrealizedGainsOnDerivativesRecognizedInAccumulatedOtherComprehensiveIncomeThatIsExpectedToBeRealizedAsGainsWithin12MonthsTextBlock,기타포괄손익누계액에 계상된 파생상품에 대한 미실현이익 중 12개월 이내에 실현될 것으로 예상되는 금액에 대한 공시[ 문장영역 ]
entity00126256_DisclosureOfTheExpectedLongestPeriodOfExposureToCashFlowVariabilityFromDerivativeContractsDesignatedAsCashFlowHedgesTable,현금흐름위험회피가 적용되는 파생상품계약에 대하여 현금흐름 변동위험에 노출되는 예상 최장기간에 대한 공시
entity00126256_DisclosureOfTheExpectedLongestPeriodOfExposureToCashFlowVariabilityFromDerivativeContractsDesignatedAsCashFlowHedgesTextBlock,현금흐름위험회피가 적용되는 파생상품계약에 대하여 현금흐름 변동위험에 노출되는 예상 최장기간에 대한 공시[ 문장영역 ]
entity00126256_DisclosureOfTotalFinancialAssetsAtFairValueThroughOtherComprehensiveLncomeAndAvailableForSaleFinancialAssetsTable,기타포괄손익-공정가치금융자산의 합계에 대한 공시
entity00126256_DisclosureOfTotalFinancialAssetsAtFairValueThroughOtherComprehensiveLncomeAndAvailableForSaleFinancialAssetsTextBlock,기타포괄손익-공정가치금융자산의 합계에 대한 공시[ 문장영역 ]
entity00126256_DisclosureOfTotalFinancialAssetsAtFairValueThroughProfitOrLossTable,당기손익-공정가치금융자산의 합계에 대한 공시
entity00126256_DisclosureOfTotalFinancialAssetsAtFairValueThroughProfitOrLossTextBlock,당기손익-공정가치금융자산의 합계에 대한 공시[ 문장영역 ]
entity00126256_DisclosureOfTotalFinancialAssetsPledgedAsSecurityTable,담보로 제공된 금융자산 합계에 대한 공시
entity00126256_DisclosureOfTotalFinancialAssetsPledgedAsSecurityTextBlock,담보로 제공된 금융자산 합계에 대한 공시[ 문장영역 ]
entity00126256_DisclosureOfTotalOfChangesInFinancialAssetsAtAmortisedCostTable,상각후원가측정금융자산에 대한 변동내역 합계
entity00126256_DisclosureOfTotalOfChangesInFinancialAssetsAtAmortisedCostTextBlock,상각후원가측정금융자산에 대한 변동내역 합계[ 문장영역 ]
entity00126256_DisclosureOfTotalOfChangesInFinancialAssetsAtFairValueThroughOtherComprehensiveIncomeTable,기타포괄손익-공정가치측정금융자산의 변동내역 합계
entity00126256_DisclosureOfTotalOfChangesInFinancialAssetsAtFairValueThroughOtherComprehensiveIncomeTextBlock,기타포괄손익-공정가치측정금융자산의 변동내역 합계[ 문장영역 ]
entity00126256_DisclosureOfUnsecuredLoanToOfficersAndEmployeesOfTheParentCompanyTable,지배기업의 임직원에 대한 신용대출에 대한 공시
entity00126256_DisclosureOfUnsecuredLoanToOfficersAndEmployeesOfTheParentCompanyTextBlock,지배기업의 임직원에 대한 신용대출에 대한 공시[ 문장영역 ]
entity00126256_DisclosureOfUnsecuredLoansToOfficersAndEmployeesOfTheParentCompanyTable,지배기업의 임직원에 대한 신용대출에 대한 공시
entity00126256_DisclosureOfUnsecuredLoansToOfficersAndEmployeesOfTheParentCompanyTextBlock,지배기업의 임직원에 대한 신용대출에 대한 공시[ 문장영역 ]
entity00126256_DisclosureOnTheAmountOfIncurredOperatingExpensesRecognizedAsInsuranceServiceExpenseTable,발생한 사업비 중 보험서비스비용으로 인식된 금액에 대한 기술
entity00126256_DisclosureOnTheAmountOfIncurredOperatingExpensesRecognizedAsInsuranceServiceExpenseTextBlock,발생한 사업비 중 보험서비스비용으로 인식된 금액에 대한 기술[ 문장영역 ]
entity00126256_DisclosureOnTheAmountOfIncurredOperatingExpensesRecognizedAsInsuranceServiceExpensesTable,발생한 사업비 중 보험서비스비용으로 인식된 금액에 대한 기술
entity00126256_DisclosureOnTheAmountOfIncurredOperatingExpensesRecognizedAsInsuranceServiceExpensesTextBlock,발생한 사업비 중 보험서비스비용으로 인식된 금액에 대한 기술[ 문장영역 ]
entity00126256_DisclosuresOfCapitalAdjustmentsTable,자본조정에 대한 공시
entity00126256_DisclosuresOfCapitalAdjustmentsTextBlock,자본조정에 대한 공시[ 문장영역 ]
entity00126256_DisclosuresOfCapitalSurplusTable,자본잉여금에 대한 공시
entity00126256_DisclosuresOfCapitalSurplusTextBlock,자본잉여금에 대한 공시[ 문장영역 ]
entity00126256_DisclosuresOfDeferredRevenueTable,선수수익에 대한 공시
entity00126256_DisclosuresOfDeferredRevenueTextBlock,선수수익에 대한 공시[ 문장영역 ]
entity00126256_DisclosuresOfDepreciationAmongInvestmentAdministrativeExpenses,재산관리비 중 감가상각비에 대한 기술
entity00126256_DisclosuresOfDilutedEarningsPerShare,희석주당이익에 대한 기술
entity00126256_DisclosuresOfDisposalAndOthersInInvestmentProperties,투자부동산 처분 등에 대한 기술
entity00126256_DisclosuresOfDisposalAndOthersInPropertyAndEquipment,유형자산 처분 등에 대한 기술
entity00126256_DisclosuresOfDividendsPaidToMainShareholdersAndKeyManagementTable,최대주주와 주요경영진에게 지급한 배당금에 대한 공시
entity00126256_DisclosuresOfDividendsPaidToMainShareholdersAndKeyManagementTextBlock,최대주주와 주요경영진에게 지급한 배당금에 대한 공시[ 문장영역 ]
entity00126256_DisclosuresOfExpensesAmongSignificantTransactionsWithRelatedParties,특수관계자와의 중요한 거래내용 중 비용에 대한 기술
entity00126256_DisclosuresOfFairValueChangeInTheExpectedBondPurchaseTransactionAmongCashFlowHedgeItems,현금흐름위험회피대상 중 채권예상매입거래의 공정가치변동액에 대한 기술
entity00126256_DisclosuresOfGainsLossesOnValuationAmountsRelatedToDerivativeBs,파생금융상품 평가손익잔액(기타포괄손익누계액)에 대한 기술
entity00126256_DisclosuresOfInsuranceContractsAssetsAndInsuranceContractsLiabilitiesForInsuranceContractsIssuedByParticipationFeatureAbstract,배당여부별 발행한 보험계약에 대한 보험계약자산 및 보험계약부채내역[ 개요 ]
entity00126256_DisclosuresOfInsuranceContractsAssetsAndInsuranceContractsLiabilitiesForInsuranceContractsIssuedByParticipationFeatureOfDisclosuresOfInsuranceContractsAssetsAndInsuranceContractsLiabilitiesForInsuranceContractsIssuedByParticipationFeatureTableOfLineItems,배당여부별 발행한 보험계약에 대한 보험계약자산 및 보험계약부채내역
entity00126256_DisclosuresOfInsuranceContractsAssetsAndInsuranceContractsLiabilitiesForInsuranceContractsIssuedByParticipationFeatureTable,배당여부별 발행한 보험계약에 대한 보험계약자산 및 보험계약부채내역
entity00126256_DisclosuresOfInsuranceContractsAssetsAndInsuranceContractsLiabilitiesForInsuranceContractsIssuedByParticipationFeatureTextBlock,배당여부별 발행한 보험계약에 대한 보험계약자산 및 보험계약부채내역[ 문장영역 ]
entity00126256_DisclosuresOfInsuranceContractsAssetsAndInsuranceContractsLiabilitiesForInsuranceContractsIssuedByProductsLineTable,상품라인별 발행한 보험계약에 대한 보험계약자산 및 보험계약부채내역
entity00126256_DisclosuresOfInsuranceContractsAssetsAndInsuranceContractsLiabilitiesForInsuranceContractsIssuedByProductsLineTextBlock,상품라인별 발행한 보험계약에 대한 보험계약자산 및 보험계약부채내역[ 문장영역 ]
entity00126256_DisclosuresOfLeaseholdDepositsReceivedAmongRelatedAccountBalancesOutstanding,특수관계자와의 중요 채권채무잔액 중 임대보증금에 대한 기술
entity00126256_DisclosuresOfLifeReinsuranceContractsAssetsAndReinsuranceContractsLiabilities,사망보험 재보험계약자산(부채)에 대한 기술
entity00126256_DisclosuresOfLoanTransactionsWithRelatedParties,특수관계자와의 자금대여 거래에 대한 기술
entity00126256_DisclosuresOfLoansReceivablesAtAmortizedCostAmongRelatedAccountBalancesOutstanding,특수관계자와의 중요 채권채무잔액 중 상각후원가측정대출채권에 대한 기술
entity00126256_DisclosuresOfMeasuredAtCostInLimitedCircumstancesBasedOnTheBestEstimateOfFairValueInLimitedCircumstancesTextBlock,제한된 상황에서 원가를 공정가치의 최선의 추정치로 판단한 공정가치로 측정되는 금융상품에 대한 공시[ 문장영역 ]
entity00126256_DisclosuresOfOthersReceivablesPayablesAmongRelatedAccountBalancesOutstanding,특수관계자와의 중요 채권채무잔액 중 기타채권(채무)에 대한 기술
entity00126256_DisclosuresOfPostEmploymentBenefitsAmongEmployeeBenefitExpense,종업원급여 중 퇴직급여에 대한 기술
entity00126256_DisclosuresOfRangeOfInputOfFinancialInstrumentsMeasuredAtAmortizedCost,공정가치를 공시하는 상각후원가측정 금융상품의 투입변수의 범위에 대한 기술
entity00126256_DisclosuresOfReinsuranceContractsAssetsAndReinsuranceContractsLiabilitiesForReinsuranceContractsIssuedByProductsLineTable,상품라인별 출재보험계약에 대한 재보험계약자산 및 재보험계약부채내역
entity00126256_DisclosuresOfReinsuranceContractsAssetsAndReinsuranceContractsLiabilitiesForReinsuranceContractsIssuedByProductsLineTextBlock,상품라인별 출재보험계약에 대한 재보험계약자산 및 재보험계약부채내역[ 문장영역 ]
entity00126256_DisclosuresOfSecuritiesLendingAmongDebtSecurities,채무증권 중 대여유가증권에 대한 기술
entity00126256_DisclosuresOfSegmentsForEachRegion,지역 구분에 대한 기술
entity00126256_DisclosuresOfShareCapital,자본금에 대한 기술
entity00126256_DisclosuresOfTheFairValueHierarchyRelatedToFinancialInstrumentsIndicateThatTheBookAmountIsAReasonableApproximationOfFairValue,공정가치를 공시하는 금융상품 관련 공정가치 서열체계에 대한 기술
entity00126256_DisclosuresOfTheRelatedTotalAccountBalancesOutstandingTable,특수관계자거래의 채권·채무 잔액 합계에 대한 공시
entity00126256_DisclosuresOfTheRelatedTotalAccountBalancesOutstandingTextBlock,특수관계자거래의 채권·채무 잔액 합계에 대한 공시[ 문장영역 ]
entity00126256_DisclosuresOfTotalDebenturesTable,사채에 대한 세부 정보 공시
entity00126256_DisclosuresOfTotalDebenturesTextBlock,사채 합계에 대한 공시[ 문장영역 ]
entity00126256_DisclosuresOfTotalDerivativeFinancialInstrumentsTable,파생상품 공정가치 합계에 대한 공시
entity00126256_DisclosuresOfTotalDerivativeFinancialInstrumentsTextBlock,파생상품 공정가치 합계에 대한 공시[ 문장영역 ]
entity00126256_DisclosuresOfTotalFinancialAssetsAtAmortizedCostFinanceLeaseReceivablesTable,상각후원가측정금융자산 합계에 대한 공시
entity00126256_DisclosuresOfTotalFinancialAssetsAtAmortizedCostFinanceLeaseReceivablesTextBlock,상각후원가측정금융자산 합계에 대한 공시[ 문장영역 ]
entity00126256_DisclosuresOfTotalIntangibleAssetsTable,무형자산 합계에 대한 공시
entity00126256_DisclosuresOfTotalIntangibleAssetsTextBlock,무형자산 합계에 대한 공시[ 문장영역 ]
entity00126256_DisclosuresOfTotalInvestmentPropertiesTable,투자부동산 합계에 대한 공시
entity00126256_DisclosuresOfTotalInvestmentPropertiesTextBlock,투자부동산 합계에 대한 공시[ 문장영역 ]
entity00126256_DisclosuresOfTotalPropertyAndEquipmentTable,유형자산 합계에 대한 공시
entity00126256_DisclosuresOfTotalPropertyAndEquipmentTextBlock,유형자산 합계에 대한 공시[ 문장영역 ]
entity00126256_DisclosuresOfTotalRemainingContractualMaturitiesOfBorrowingsTable,차입금의 계약상 잔존만기 합계에 대한 공시
entity00126256_DisclosuresOfTotalRemainingContractualMaturitiesOfBorrowingsTextBlock,차입금의 계약상 잔존만기 합계에 대한 공시[ 문장영역 ]
entity00126256_DisclosuresOfTotalRightOfUseAssetsTable,사용권자산 합계에 대한 공시
entity00126256_DisclosuresOfTotalRightOfUseAssetsTextBlock,사용권자산 합계에 대한 공시[ 문장영역 ]
entity00126256_DisclosuresOfTotalSignificantTransactionsWithRelatedPartiesTable,특수관계자거래 합계에 대한 공시
entity00126256_DisclosuresOfTotalSignificantTransactionsWithRelatedPartiesTextBlock,특수관계자거래 합계에 대한 공시[ 문장영역 ]
entity00126256_DisclosuresOfWeightedAverageNumberOfOrdinaryShares,유통보통주식수에 대한 기술
entity00126256_DisclosursOfTheCarryingAmountAndFairValueOfAssetsRecognizedAsInvestmentsInAssociatesAndSubsidiaries,관계종속기업투자로 표시한 자산의 장부금액 및 공정가치에 대한 기술
entity00126256_DividendIncomeExcludingPerformanceBasedOfDisclosureOfAnalysisOfInsuranceFinanceIncomeExpensesLineItemsOfDisclosureOfAnalysisOfInsuranceFinanceIncomeExpensesTableOfItems,배당금수익(실적형 제외)
entity00126256_DividendIncomeRecognizedFromEquityInstrumentsDesignatedAsFairValueThroughOtherComprehensiveIncomeTable,기타포괄손익공정가치 측정 항목으로 지정한 지분상품으로부터 인식한 배당금수익
entity00126256_DividendIncomeRecognizedFromEquityInstrumentsDesignatedAsFairValueThroughOtherComprehensiveIncomeTextBlock,기타포괄손익공정가치 측정 항목으로 지정한 지분상품으로부터 인식한 배당금수익[ 문장영역 ]
entity00126256_DividendIncomeRelatedPartyTransactionsOfRelatedPartyTransactionsAbstractOfDisclosureOfTransactionsBetweenRelatedPartiesTableOfItems,"배당금수익, 특수관계자거래"
entity00126256_DividendIncomerRelatedPartyTransactionsOfDisclosuresOfTotalSignificantTransactionsWithRelatedPartiesOfDisclosuresOfTotalSignificantTransactionsWithRelatedPartiesTableOfItems,"배당금수익, 특수관계자거래"
entity00126256_ElectronicFacilitiesExpensesMaintenanceExpensesOfMaintenanceExpensesOfDetailsOfOperatingExpensesTableOfItems,"전산비, 유지비"
entity00126256_EmployeeBenefitExpenseOfEmployeeBenefitExpenseOfEmployeeBenefitExpenseTableOfItems,종업원급여
entity00126256_EmployeeBenefitExpenseTable,종업원급여 발생내용
entity00126256_EmployeeBenefitExpenseTextBlock,종업원급여 발생내용[ 문장영역 ]
entity00126256_EmployeeBenefitsMaintenanceExpensesOfMaintenanceExpensesOfDetailsOfOperatingExpensesTableOfItems,"복리후생비, 유지비"
entity00126256_EquityPurchaseAndSaleAgreemenOfTypesOfCommitmentsMemberOfDisclosureOfCommitmentsTableOfMember,지분양수도약정 [구성요소]
entity00126256_EquityPurchaseAndSaleAgreementOfPurchaseCommitmentMemberOfDisclosureOfCommitmentsTableOfMember,지분양수도약정 [구성요소]
entity00126256_ExecutivesAndEmployeesOfTheParentCompanyMemberOfRelatedPartiesMemberOfDisclosureOfUnsecuredLoansToOfficersAndEmployeesOfTheParentCompanyTableOfMember,지배기업의 임직원 [구성요소]
entity00126256_ExpectedAmortizationOfContractualServiceMarginByPeriodTotalInsuranceeTable,기대상각기간별 보험계약마진 금액(합계)
entity00126256_ExpectedAmortizationOfContractualServiceMarginByPeriodTotalInsuranceeTextBlock,기대상각기간별 보험계약마진 금액(합계)[ 문장영역 ]
entity00126256_ExpectedPeriodOfRecognitionAsProfitOrLossForExpectedAmortizationPeriodOfContractServiceMarginForReinsuranceContractTable,출재보험계약에 대한 보험계약마진의 기대상각기간별 당기손익인식 예상액
entity00126256_ExpectedPeriodOfRecognitionAsProfitOrLossForExpectedAmortizationPeriodOfContractServiceMarginForReinsuranceContractTextBlock,출재보험계약에 대한 보험계약마진의 기대상각기간별 당기손익인식 예상액[ 문장영역 ]
entity00126256_ExpectedPeriodOfRecognitionAsTotalProfitOrLossForExpectedAmortizationPeriodOfContractServiceMarginForReinsuranceContractTable,당기손익 인식이 예상되는 출재보험계약 보험계약마진 합계에 대한 정보 공시
entity00126256_ExpectedPeriodOfRecognitionAsTotalProfitOrLossForExpectedAmortizationPeriodOfContractServiceMarginForReinsuranceContractTextBlock,당기손익 인식이 예상되는 출재보험계약 보험계약마진 합계에 대한 정보 공시[ 문장영역 ]
entity00126256_FairValueHierarchyOfFinancialInstrumentsThatAreMeasuredAtFairValue,공정가치 서열체계의 수준별 구분
entity00126256_FinancialAssetsAtAmortizedCostOtherReceivablesOfFinancialAssetsAtAmortisedCostCategoryMemberOfDisclosureOfChangesInFinancialAssetsAtAmortisedCostTableOfMember,"상각후원가측정대출채권, 기타수취채권"
entity00126256_FinancialAssetsAtAmortizedCostOtherReceivablesOfFinancialAssetsAtAmortisedCostCategoryMemberOfDisclosureOfTotalOfChangesInFinancialAssetsAtAmortisedCostTableOfMember,"상각후원가측정대출채권, 기타수취채권"
entity00126256_FinderThe2StLiquidationOfCounterpartiesMemberOfDisclosureOfContinuingInvolvementInDerecognisedFinancialAssetsTableOfMember,파인더제이차유동화전문유한회사
entity00126256_ForeignCurrencyBeneficiarySecuritiesOfHedgedItemsMemberOfDisclosureOfDetailedInformationAboutHedgedItemsTableOfMember,외화수익증권
entity00126256_ForeignCurrencyBorrowingsFromNewYorkLifeInsuranceCompanyAndFiveOtherLendersOfBorrowingsByNameMemberOfDisclosureOfDetailedInformationAboutBorrowingsTableOfMember,외화차입금_New York Life Insurance Company외 7개사
entity00126256_ForeignCurrencyBorrowingsFromNewYorkLifeInsuranceCompanyAndFiveOtherLendersOfBorrowingsByNameMemberOfRemainingContractualMaturitiesOfBorrowingsTableOfMember,외화차입금_New York Life Insurance Company외 5개사
entity00126256_ForeignCurrencyDenominatedBondsOfBorrowingsByNameMemberOfDetailsOfDebenturesTableOfMember,외화사채 [구성요소]
entity00126256_GainsLossesFinancialInstrumentsByCategoriesTable,금융상품의 범주별 손익의 공시
entity00126256_GainsLossesFinancialInstrumentsByCategoriesTextBlock,금융상품의 범주별 손익의 공시[ 문장영역 ]
entity00126256_GainsLossesOnDerivativeByCategoriesTable,파생상품의 범주별 손익 공시
entity00126256_GainsLossesOnDerivativeByCategoriesTextBlock,파생상품의 범주별 손익 공시[ 문장영역 ]
entity00126256_GainsLossesOnValuationOfDerivativeFinancialInstrumentsRecognizedInAccumulatedOtherComprehensiveIncomeTable,위험회피목적파생상품평가손익의 증감
entity00126256_GainsLossesOnValuationOfDerivativeFinancialInstrumentsRecognizedInAccumulatedOtherComprehensiveIncomeTextBlock,위험회피목적파생상품평가손익의 증감[ 문장영역 ]
entity00126256_GainsLossesOnValuationOfFinancialAssetsAtFairValueThroughOtherComprehensiveIncomeAndAvailableForSaleFinancialAssetsTable,기타포괄손익공정가치측정금융자산평가손익의 증감내역
entity00126256_GainsLossesOnValuationOfFinancialAssetsAtFairValueThroughOtherComprehensiveIncomeAndAvailableForSaleFinancialAssetsTextBlock,기타포괄손익공정가치측정금융자산평가손익의 증감내역[ 문장영역 ]
entity00126256_GainsOnDividendsOfInvestmentsInSubsidiariesAssociatesAndJointVenturesOfNonOperatingIncomeOfNonoperatingIncomeExpenseTableOfItems,"관계ㆍ종속기업투자배당금수익, 영업외수익"
entity00126256_GeneralMeasurementModelOfInsuranceContractsMemberOfDetailsOfNetLiabilitiesForInsuranceContractsIssuedByPortfolioByAccountingModelLifeInsuranceTableOfMember,일반모형 [구성요소]
entity00126256_HanamEdgeCenterPfvCoLtdOfAssociatesMemberOfDisclosureOfFinancialTransactionsBetweenRelatedPartiesTableOfMember,하남엣지센터PFV
entity00126256_HanamEdgeCenterPfvCoLtdOfAssociatesMemberOfDisclosureOfOutstandingBalancesForRelatedPartyTransactionsTableOfMember,하남엣지센터PFV
entity00126256_HanamEdgeCenterPfvCoLtdOfAssociatesMemberOfDisclosureOfTransactionsBetweenRelatedPartiesTableOfMember,하남엣지센터PFV
entity00126256_IncreaseDecreaseInInvestmentContractLiabilitiesOfChangesInOperatingAssetsAndLiabilitiesOfChangesInOperatingAssetsAndLiabilitiesTableOfItems,투자계약부채의 증가(감소)
entity00126256_IndirectParOfTypesOfCommitmentsMemberOfDetailsOfNetLiabilitiesForInsuranceContractsIssuedByPortfolioByAccountingModelLifeInsuranceTableOfMember,Indirect-Par
entity00126256_InputToMethodUsedToMeasureContractsWithinScopeOfIfrs17DownsideOfDisclosureOfInputsToMethodsUsedToMeasureContractsWithinScopeOfIfrs17LineItemsOfDisclosureOfInputsToMethodsUsedToMeasureContractsWithinScopeOfIFRS17TableOfItems,IFRS 17 적용범위에 포함되는 계약 측정에 사용한 방법의 투입변수 (하위범위)
entity00126256_InputToMethodUsedToMeasureContractsWithinScopeOfIfrs17UpsideOfDisclosureOfInputsToMethodsUsedToMeasureContractsWithinScopeOfIfrs17LineItemsOfDisclosureOfInputsToMethodsUsedToMeasureContractsWithinScopeOfIFRS17TableOfItems,IFRS 17 적용범위에 포함되는 계약 측정에 사용한 방법의 투입변수 (상위범위)
entity00126256_InsuranceAcquisitionCashFlowsOfOperatingExpensesOfDetailsOfOperatingExpensesTableOfItems,보험취득현금흐름
entity00126256_InsuranceContractOfTypesOfCommitmentsMemberOfDisclosureOfCommitmentsTableOfMember,보험약정
entity00126256_InsuranceContractsAssetLinkedOfTypesOfInsuranceContractsMemberOfDetailsOfNetLiabilitiesForInsuranceContractsIssuedByPortfolioByAccountingModelLifeInsuranceTableOfMember,자산연계형 보험계약
entity00126256_InsuranceContractsWithParticipationFeatures,유배당보험계약에 대한 기술
entity00126256_InsuranceOfSegmentsMemberOfDisclosureOfOperatingSegmentsTableOfMember,보험
entity00126256_InsuranceServiceCost,보험서비스비용의 내역
entity00126256_InterestIncome,이자수익
entity00126256_InterestIncomeFromCreditCardProductsOfDisclosureOfInterestIncomeExpenseLineItemsOfDisclosureOfInterestIncomeExpenseTableOfItems,카드금융상품이자
entity00126256_InterestIncomeFromCreditSalesOfDisclosureOfInterestIncomeExpenseLineItemsOfDisclosureOfInterestIncomeExpenseTableOfItems,신용판매수입이자
entity00126256_InterestOnInstallmentFinanceProductsOfDisclosureOfInterestIncomeExpenseLineItemsOfDisclosureOfInterestIncomeExpenseTableOfItems,할부금융상품이자
entity00126256_InvestmentAgreementOfTypesOfCommitmentsMemberOfDisclosureOfCommitmentsTableOfMember,출자약정
entity00126256_InvestmentContractsLiabilitiesOfFinancialLiabilitiesCategoryMemberOfDescriptionOfTheValuationMethodsForFairValueMeasurementByTypeOfFinancialLiabilityTableOfMember,투자계약부채 [구성요소]
entity00126256_InvestmentContractsLiabilitiesOfFinancialLiabilitiesCategoryMemberOfDisclosureOfFairValueByHierarchyLiabilitiesNotMeasuredAtFairValueInStatementOfFinancialPositionButForWhichFairValueIsDisclosedTableOfMember,투자계약부채
entity00126256_InvestmentContractsLiabilitiesOfFinancialLiabilitiesCategoryMemberOfFairValueAndBookValueOfLiabilitiesTableOfMember,투자계약부채
entity00126256_InvestmentContractsLiabilitiesOfLiabilitiesMemberOfValuationTechniquesAndInputsUsedInFairValueMeasurementOfLevel3LiabilitiesTableOfMember,투자계약부채
entity00126256_InvestmentGainsAndLossesRecognizedAsOtherComprehensiveIncomeOfDisclosureOfAnalysisOfInsuranceFinanceIncomeExpensesLineItemsOfDisclosureOfAnalysisOfInsuranceFinanceIncomeExpensesTableOfItems,"세전기타포괄손익, 당기손익에서 제외되는 투자서비스손익(보험및재보험금융손익 제외)"
entity00126256_InvestmentManagementFeeOfMaintenanceExpensesOfDetailsOfOperatingExpensesTableOfItems,투자관리비
entity00126256_InvestmentcontractsliabilitiesOfFinancialLiabilitiesClassMemberOfDisclosureOfFinancialLiabilitiesByCategoryTableOfMember,투자계약부채
entity00126256_InvestmentsInSubsidiariesAssociatesAndJointVenturesOfAssetsMemberOfDescriptionOfTheValuationMethodsForFairValueMeasurementByTypeOfFinancialAssetTableOfMember,관계ㆍ종속기업투자
entity00126256_InvestmentsInSubsidiariesAssociatesAndJointVenturesOfAssetsMemberOfDisclosureOfFairValueMeasurementOfAssetsTableOfMember,관계ㆍ종속기업투자
entity00126256_InvestmentsInSubsidiariesAssociatesAndJointVenturesOfAssetsMemberOfDisclosureOfSignificantUnobservableInputsUsedInFairValueMeasurementOfAssetsTableOfMember,관계ㆍ종속기업투자
entity00126256_InvestmentsInSubsidiariesAssociatesAndJointVenturesOfAssetsMemberOfValuationTechniquesAndInputsUsedInFairValueMeasurementOfLevel2AssetsTableOfMember,관계ㆍ종속기업투자
entity00126256_InvestmentsInSubsidiariesAssociatesAndJointVenturesOfAssetsMemberOfValuationTechniquesAndInputsUsedInFairValueMeasurementOfLevel3AssetsTableOfMember,관계ㆍ종속기업투자
entity00126256_InvestmentsInSubsidiariesAssociatesAndJointVenturesOfFinancialAssetsClassMemberOfDisclosureOfFinancialAssetsByCategoryTableOfMember,관계ㆍ종속기업투자
entity00126256_KeyManagementPersonnelCompensationShortTermLongTermEmployeeBenefitsOfTheCompensationPaidOrPayableToKeyManagementForEmployeeServicesOfTheCompensationPaidOrPayableToKeyManagementForEmployeeServicesTableOfItems,"주요 경영진에 대한 보상, 장단기급여"
entity00126256_KoreaCreditBureauCoLtdOfAssociatesMemberOfDisclosureOfOutstandingBalancesForRelatedPartyTransactionsTableOfMember,코리아크레딧뷰로
entity00126256_KoreaCreditBureauCoLtdOfAssociatesMemberOfDisclosureOfTransactionsBetweenRelatedPartiesTableOfMember,코리아크레딧뷰로
entity00126256_KoreaCreditBureauIncOfAssociatesMemberOfDisclosureOfTransactionsBetweenRelatedPartiesTableOfMember,코리아크레딧뷰로
entity00126256_KoreaCreditCardElectronicSettlementServiceCoLtdOfAssociatesMemberOfDisclosureOfOutstandingBalancesForRelatedPartyTransactionsTableOfMember,한국신용카드결제
entity00126256_KoreaCreditCardElectronicSettlementServiceCoLtdOfAssociatesMemberOfDisclosureOfTransactionsBetweenRelatedPartiesTableOfMember,한국신용카드결제
entity00126256_KoreaDataExchangeOfAssociatesMemberOfDisclosureOfTransactionsBetweenRelatedPartiesTableOfMember,케이디엑스한국데이터거래소
entity00126256_KrwDenominatedBondsOfBorrowingsByNameMemberOfDetailsOfDebenturesTableOfMember,원화사채 [구성요소]
entity00126256_LeaseholdDepositsReceivedRelatedPartyTransactionsOfDisclosuresOfTheRelatedTotalAccountBalancesOutstandingOfDisclosuresOfTheRelatedTotalAccountBalancesOutstandingTableOfItems,"임대보증금, 특수관계자거래"
entity00126256_LeaseholdDepositsReceivedRelatedPartyTransactionsOfOutstandingBalancesForRelatedPartyTransactionsAbstractOfDisclosureOfOutstandingBalancesForRelatedPartyTransactionsTableOfItems,"임대보증금, 특수관계자거래"
entity00126256_LeaseholdDepositsRelatedPartyTransactionsOfDisclosuresOfTheRelatedTotalAccountBalancesOutstandingOfDisclosuresOfTheRelatedTotalAccountBalancesOutstandingTableOfItems,"임차보증금, 특수관계자거래"
entity00126256_LeaseholdDepositsRelatedPartyTransactionsOfOutstandingBalancesForRelatedPartyTransactionsAbstractOfDisclosureOfOutstandingBalancesForRelatedPartyTransactionsTableOfItems,"임차보증금, 특수관계자거래"
entity00126256_LoanAgreementWithTheParentCompanyOfLoanCommitmentsMemberOfDisclosureOfCommitmentsTableOfMember,지배기업대출약정 [구성요소]
entity00126256_LongTermEmployeeBenefitsOfDisclosureOfOtherLiabilitiesLineItemsOfDisclosureOfOtherLiabilitiesTableOfItems,장기종업원급여
entity00126256_MainShareholdersAndKeyManagementOfRelatedPartiesMemberOfDisclosuresOfDividendsPaidToMainShareholdersAndKeyManagementTableOfMember,최대주주와 주요경영진 [구성요소]
entity00126256_MaintenanceExpensesOfOperatingExpensesOfDetailsOfOperatingExpensesTableOfItems,유지비
entity00126256_MaintenanceServiceOfCommitmentsOfTypesOfCommitmentsMemberOfContractsForTheMaintenanceOfTheGroupsLandBuildingFurnitureEquipmentAndLeaseBuildingTableOfMember,위탁관리계약 [구성요소]
entity00126256_MortgagesAndCollateralRelatedToLoansMeasuredAtAmortisedCostAndLeaseDepositsAndRelatedPartyTransactionsOfDisclosureOfSignificantReceivableAndPayableBalancesWithRelatedPartiesIncludingAllowancesForCreditLossesAndLeaseDepositsOfDisclosureOfSignificantReceivableAndPayableBalancesWithRelatedPartiesIncludingAllowancesForCreditLossesAndLeaseDepositsTableOfItems,"상각후원가측정대출채권 및 임차보증금 관련 근저당, 특수관계자거래"
entity00126256_MortgagesAndCollateralRelatedToLoansMeasuredAtAmortisedCostAndLeaseDepositsAndRelatedPartyTransactionsOfDisclosuresOfTheRelatedTotalAccountBalancesOutstandingOfDisclosuresOfTheRelatedTotalAccountBalancesOutstandingTableOfItems,"상각후원가측정대출채권 및 임차보증금 관련 근저당, 특수관계자거래"
entity00126256_NetInterestIncomeExcludingPerformanceBasedOfDisclosureOfAnalysisOfInsuranceFinanceIncomeExpensesLineItemsOfDisclosureOfAnalysisOfInsuranceFinanceIncomeExpensesTableOfItems,순이자손익(실적형 제외)
entity00126256_NewAirportHighwayOfAssociatesMemberOfDisclosureOfTransactionsBetweenRelatedPartiesTableOfMember,신공항하이웨이
entity00126256_NewAirportHiwayCoLtdOfAssociatesMemberOfDisclosureOfFinancialTransactionsBetweenRelatedPartiesTableOfMember,신공항하이웨이
entity00126256_NewAirportHiwayCoLtdOfAssociatesMemberOfDisclosureOfOutstandingBalancesForRelatedPartyTransactionsTableOfMember,신공항하이웨이
entity00126256_NonControllingInterestLiabilitiesOfLiabilitiesArisingFromFinancingActivitiesMemberOfDisclosureOfReconciliationOfLiabilitiesArisingFromFinancingActivitiesTableOfMember,비지배지분부채
entity00126256_NonControllingInterestLiabilitiesOfOtherFinancialLiabilitiesLineItemsOfOtherFinancialLiabilitiesTableOfItems,비지배지분부채
entity00126256_NonOperatingRevenuesAndExpenses,영업외손익
entity00126256_NonParOfTypesOfCommitmentsMemberOfDetailsOfNetLiabilitiesForInsuranceContractsIssuedByPortfolioByAccountingModelLifeInsuranceTableOfMember,Non-Par
entity00126256_NonParticipatingInsuranceContractLiabilitiesOfInsuranceContractsIssuedThatAreLiabilities,무배당보험계약부채
entity00126256_NonParticipatingInsuranceContractOfTypesOfInsuranceContractsMemberOfDetailsOfNetLiabilitiesForInsuranceContractsIssuedByPortfolioByAccountingModelLifeInsuranceTableOfMember,무배당 [구성요소]
entity00126256_NonParticipatingInsuranceMemberOfTypesOfContractsMemberOfDisclosuresOfInsuranceContractsAssetsAndInsuranceContractsLiabilitiesForInsuranceContractsIssuedByParticipationFeatureTableOfMember,무배당보험 [구성요소]
entity00126256_NumberOfFundsWithSuspendedRedemptionsOfSuspensionOfRedemptionsInFundsManagedBySamsungAssetManagementOfSuspensionOfRedemptionsInFundsManagedBySamsungAssetManagementTableOfItems,펀드 환매 중단
entity00126256_NvestmentIncomeOrLossFromUnitLinkedFundsOfDisclosureOfAnalysisOfInsuranceFinanceIncomeExpensesLineItemsOfDisclosureOfAnalysisOfInsuranceFinanceIncomeExpensesTableOfItems,변액보험 펀드 투자손익
entity00126256_OperatingExpensesOfDisclosureOfAttributionOfExpensesByNatureToTheirFunctionLineItemsOfDetailsOfOperatingExpensesTableOfItems,사업비
entity00126256_OperatingLeaseAssetsTable,운용리스자산의 내역
entity00126256_OperatingLeaseAssetsTextBlock,운용리스자산의 내역[ 문장영역 ]
entity00126256_OptionContractMemberOfTypesOfCommitmentsMemberOfDisclosureOfCommitmentsTableOfMember,옵션계약 [구성요소]
entity00126256_OtherCompanies49OfLargeBusinessGroupMemberOfDisclosureOfOutstandingBalancesForRelatedPartyTransactionsTableOfMember,기타 (52개)
entity00126256_OtherDeferredRevenueOfDisclosuresOfDeferredRevenueOfDisclosuresOfDeferredRevenueTableOfItems,기타 선수수익
entity00126256_OtherDepositsOfDetailsOfCashAndCashEquivalentsOfDetailsOfCashAndCashEquivalentsTableOfItems,기타예금
entity00126256_OtherExpensesRelatedPartyTransactionsOfRelatedPartyTransactionsAbstractOfDisclosureOfTransactionsBetweenRelatedPartiesTableOfItems,"기타비용, 특수관계자거래"
entity00126256_OtherExpensesrRelatedPartyTransactionsOfDisclosuresOfTotalSignificantTransactionsWithRelatedPartiesOfDisclosuresOfTotalSignificantTransactionsWithRelatedPartiesTableOfItems,"기타비용, 특수관계자거래"
entity00126256_OtherIncomeRelatedPartyTransactionsOfRelatedPartyTransactionsAbstractOfDisclosureOfTransactionsBetweenRelatedPartiesTableOfItems,"기타수익, 특수관계자거래"
entity00126256_OtherIncomerRelatedPartyTransactionsOfDisclosuresOfTotalSignificantTransactionsWithRelatedPartiesOfDisclosuresOfTotalSignificantTransactionsWithRelatedPartiesTableOfItems,"기타수익, 특수관계자거래"
entity00126256_OtherInvestmentIncomeAndExpensesExcludingPerformanceBasedOfDisclosureOfAnalysisOfInsuranceFinanceIncomeExpensesLineItemsOfDisclosureOfAnalysisOfInsuranceFinanceIncomeExpensesTableOfItems,기타 투자손익(실적형 제외)
entity00126256_OtherOperatingExpensesOfOperatingExpensesOfDetailsOfOperatingExpensesTableOfItems,기타사업비
entity00126256_OtherOperatingIncomeAndExpenses,기타영업손익
entity00126256_OtherPayablesRelatedPartyTransactionsOfDisclosuresOfTheRelatedTotalAccountBalancesOutstandingOfDisclosuresOfTheRelatedTotalAccountBalancesOutstandingTableOfItems,"기타채무, 특수관계자거래"
entity00126256_OtherPayablesRelatedPartyTransactionsOfOutstandingBalancesForRelatedPartyTransactionsAbstractOfDisclosureOfOutstandingBalancesForRelatedPartyTransactionsTableOfItems,"기타채무, 특수관계자거래"
entity00126256_OtherSecuritiesOfFinancialAssetsCategoryMemberOfTheFairValueOfUnderlyingItemsHeldForInsuranceContractsMeasuredUsingVariableFeeApproachTableOfMember,기타유가증권 [구성요소]
entity00126256_OtherSpreadMeasurementInputOfUnobservableInputsMemberOfDisclosureOfSignificantUnobservableInputsUsedInFairValueMeasurementOfAssetsTableOfMember,기타스프레드
entity00126256_Othercompanies49oflargebusinessgroupmemberOfLargeBusinessGroupMemberOfDisclosureOfTransactionsBetweenRelatedPartiesTableOfMember,기타(52개)
entity00126256_OthersInsuranceAcquisitionCashFlowOfInsuranceAcquisitionCashFlowsOfDetailsOfOperatingExpensesTableOfItems,기타사업비
entity00126256_OthersMaintenanceExpensesOfMaintenanceExpensesOfDetailsOfOperatingExpensesTableOfItems,기타유지비
entity00126256_OthersOtherOperatingExpensesOfOtherOperatingExpensesOfDetailsOfOperatingExpensesTableOfItems,기타비용
entity00126256_OthersReceivablesRelatedPartyTransactionsOfDisclosuresOfTheRelatedTotalAccountBalancesOutstandingOfDisclosuresOfTheRelatedTotalAccountBalancesOutstandingTableOfItems,"기타채권, 특수관계자거래"
entity00126256_OthersReceivablesRelatedPartyTransactionsOfOutstandingBalancesForRelatedPartyTransactionsAbstractOfDisclosureOfOutstandingBalancesForRelatedPartyTransactionsTableOfItems,"기타채권, 특수관계자거래"
entity00126256_OverseasDepositsOfDetailsOfCashAndCashEquivalentsOfDetailsOfCashAndCashEquivalentsTableOfItems,해외예금
entity00126256_OverseasLoanOfHedgedItemsMemberOfDisclosureOfDetailedInformationAboutHedgedItemsTableOfMember,해외대출
entity00126256_OverseasRealEstateMemberOfAssetsMemberOfDisclosureOfDetailedInformationAboutInvestmentPropertyTableOfMember,해외부동산 [구성요소]
entity00126256_OverseasRealEstateMemberOfAssetsMemberOfDisclosureOfInvestmentPropertyTableOfMember,해외부동산 [구성요소]
entity00126256_OverseasRealEstateOfPropertyPlantAndEquipmentMemberOfDetailsOfPropertyAndEquipmentTableOfMember,해외부동산
entity00126256_ParticipatingInsuranceContractLiabilitiesOfInsuranceContractsIssuedThatAreLiabilities,유배당보험계약부채
entity00126256_ParticipatingInsuranceContractOfTypesOfInsuranceContractsMemberOfDetailsOfNetLiabilitiesForInsuranceContractsIssuedByPortfolioByAccountingModelLifeInsuranceTableOfMember,유배당 [구성요소]
entity00126256_ParticipatingInsuranceMemberOfTypesOfContractsMemberOfDisclosuresOfInsuranceContractsAssetsAndInsuranceContractsLiabilitiesForInsuranceContractsIssuedByParticipationFeatureTableOfMember,유배당보험 [구성요소]
entity00126256_PledgeOnLoansAndReceivablesMeasuredAtAmortizedCostRelatedPartyTransactionsOfDisclosureOfLossAllowanceAndLeaseDepositsRelatedToSignificantReceivableAndPayableBalancesWithRelatedPartiesOfDisclosureOfExpectedCreditLossAllowanceAndLeaseDepositsIncludedInSignificantBalancesOfReceivablesAndPayablesWithRelatedPartiesTableOfItems,"상각후원가측정대출채권 관련 질권설정, 특수관계자거래"
entity00126256_PostEmploymentBenefitsOfEmployeeBenefitExpenseOfEmployeeBenefitExpenseTableOfItems,퇴직급여
entity00126256_ProvisionForDelayedRedemptionTrustProductsOfOtherProvisionsMemberOfDisclosureOfOtherProvisionsTableOfMember,환매지연신탁상품
entity00126256_ProvisionForPensionPaymentsOfOtherProvisionsMemberOfDisclosureOfOtherProvisionsTableOfMember,즉시연금(상속만기형)생존연금 지급
entity00126256_ProvisionForRewardPointsOfOtherProvisionsMemberOfDisclosureOfOtherProvisionsTableOfMember,포인트충당부채
entity00126256_ProvisionForSeveranceIndemnitiesOfMaintenanceExpensesOfDetailsOfOperatingExpensesTableOfItems,"퇴직급여, 유지비"
entity00126256_ProvisionForUnclaimedInsuranceBenefitsOfOtherProvisionsMemberOfDisclosureOfOtherProvisionsTableOfMember,휴면보험금
entity00126256_PublicBenefitContributionFundOfDisclosureOfOtherLiabilitiesLineItemsOfDisclosureOfOtherLiabilitiesTableOfItems,공익사업출연기금
entity00126256_PurchaseAmountOfReceivablesThroughMajorRelatedPartiesOfTheTransactionsOfReceivablesThroughMajorRelatedPartiesOfTheTransactionsOfReceivablesThroughMajorRelatedPartiesTableOfItems,특수관계자를 통하여 채권 매수한 금액
entity00126256_RecognitionOfCreditLossAllowanceRelatedPartyTransactionOfDisclosureOfSignificantTransactionsWithRelatedPartiesRelatedToTheRecognitionOrReversalOfAllowanceForCreditLossesOfDisclosureOfSignificantTransactionsWithRelatedPartiesRelatedToTheRecognitionOrReversalOfAllowanceForCreditLossesTableOfItems,"신용손실충당금전입액, 특수관계자"
entity00126256_ReconciliationOfChangesInInsuranceContractsByParticipationFeaturesAbstract,보험계약 구성요소별 변동분에 대한 차이조정 공시(배당여부별)[ 개요 ]
entity00126256_ReconciliationOfChangesInInsuranceContractsByParticipationFeaturesOfReconciliationOfChangesInInsuranceContractsByParticipationFeaturesTableOfLineItems,보험계약 배당여부별 변동분에 대한 차이조정 공시
entity00126256_ReconciliationOfChangesInInsuranceContractsByParticipationFeaturesTable,보험계약 구성요소별 변동분에 대한 차이조정 공시(배당여부별)
entity00126256_ReconciliationOfChangesInInsuranceContractsByParticipationFeaturesTextBlock,보험계약 구성요소별 변동분에 대한 차이조정 공시(배당여부별)[ 문장영역 ]
entity00126256_RegulatoryReservesForLoanLosses,대손준비금 등 적립금에 대한 기술
entity00126256_ReinsuranceContractAgreementOfTypesOfCommitmentsMemberOfDisclosureOfCommitmentsTableOfMember,재보험협약
entity00126256_ReinsuranceServiceCost,재보험서비스비용
entity00126256_ReinsuranceServiceExpensesAmountsThroughChangesThatRelateToPastServiceOfExpensesFromAllocationOfPremiumsPaidToReinsurerOfDisclosureOfAnalysisOfExpensesFromReinsuranceContractsTableOfItems,당기 및 과거서비스 관련 보험료 경험조정
entity00126256_ReinsuranceServiceRevenue,재보험서비스수익
entity00126256_RemainingContractualMaturitiesOfBorrowingsTable,차입금의 계약상 잔존만기의 내용
entity00126256_RemainingContractualMaturitiesOfBorrowingsTextBlock,차입금의 계약상 잔존만기의 내용[ 문장영역 ]
entity00126256_RentIncomeRelatedPartyTransactionsOfDisclosuresOfTotalSignificantTransactionsWithRelatedPartiesOfDisclosuresOfTotalSignificantTransactionsWithRelatedPartiesTableOfItems,"임대수익, 특수관계자거래"
entity00126256_RentIncomeRelatedPartyTransactionsOfRelatedPartyTransactionsAbstractOfDisclosureOfTransactionsBetweenRelatedPartiesTableOfItems,"임대수익, 특수관계자거래"
entity00126256_RentalExpenseMaintenanceExpensesOfMaintenanceExpensesOfDetailsOfOperatingExpensesTableOfItems,"지급임차료, 유지비"
entity00126256_RentalIncomeAndOperatingExpensesOfInvestmentPropertiesTable,투자부동산 관련 임대수익 및 운영비용
entity00126256_RentalIncomeAndOperatingExpensesOfInvestmentPropertiesTextBlock,투자부동산 관련 임대수익 및 운영비용[ 문장영역 ]
entity00126256_RepurchaseAgreementSalesToCitiBankOfKoreaOfBorrowingsByNameMemberOfDisclosureOfDetailedInformationAboutBorrowingsTableOfMember,환매조건부채권매도_한국씨티은행 [구성요소]
entity00126256_RepurchaseAgreementSalesToHanaBankOfKoreaOfBorrowingsByNameMemberOfDisclosureOfDetailedInformationAboutBorrowingsTableOfMember,환매조건부채권매도_하나은행 [구성요소]
entity00126256_RepurchaseAgreementSalesToIndustrialBankOfKoreaOfBorrowingsByNameMemberOfDisclosureOfDetailedInformationAboutBorrowingsTableOfMember,환매조건부채권매도_중소기업은행 [구성요소]
entity00126256_RepurchaseAgreementSalesToKbSecuritiesOfKoreaOfBorrowingsByNameMemberOfDisclosureOfDetailedInformationAboutBorrowingsTableOfMember,환매조건부채권매도_케이비증권 [구성요소]
entity00126256_RepurchaseAgreementSalesToKoreaSecuritiesFinanceCorporationOfBorrowingsByNameMemberOfDisclosureOfDetailedInformationAboutBorrowingsTableOfMember,환매조건부채권매도_한국증권금융 [구성요소]
entity00126256_RepurchaseAgreementSalesToNhBankOfKoreaOfBorrowingsByNameMemberOfDisclosureOfDetailedInformationAboutBorrowingsTableOfMember,환매조건부채권매도_농협은행 [구성요소]
entity00126256_RepurchaseAgreementSalesToWooriAssetManagementOfBorrowingsByNameMemberOfDisclosureOfDetailedInformationAboutBorrowingsTableOfMember,환매조건부채권매도_우리자산운용 [구성요소]
entity00126256_ReserveOfCashFlowHedgesBeforeTaxOfDetailsOfAllocationOfGainsAndLossesOnDerivativesUsedForHedgingPurposesOfDetailsOfAllocationOfGainsAndLossesOnDerivativesUsedForHedgingPurposesTableOfItems,현금흐름위험회피 적립금
entity00126256_RevenueDeferredOfChangesInDeferredRevenueOfThePointsProgramOfChangesInDeferredRevenueOfThePointsProgramTableOfItems,당기 수익 이연
entity00126256_RevenueRealizedOfChangesInDeferredRevenueOfThePointsProgramOfChangesInDeferredRevenueOfThePointsProgramTableOfItems,당기 수익 실현
entity00126256_ReversalOfCreditLossAllowanceRelatedPartyTransactionOfReversalAmountOfExpectedCreditLossAllowanceOnSignificantTransactionsWithRelatedPartiesOfReversalAmountOfExpectedCreditLossAllowanceOnSignificantTransactionsWithRelatedPartiesTableOfItems,"신용손실충당금환입액, 특수관계자"
entity00126256_SaleOfSecuritiesUnderRepurchaseAgreementsToKoreaSecuritiesFinanceCorporationAndElevenOtherCounterpartiesOfBorrowingsByNameMemberOfDisclosureOfDetailedInformationAboutBorrowingsTableOfMember,환매조건부채권매도_한국증권금융 외 17개사
entity00126256_SamsungActiveAssetManagementCoLtdOfSubsidiariesMemberOfDisclosureOfOutstandingBalancesForRelatedPartyTransactionsTableOfMember,삼성액티브자산운용
entity00126256_SamsungActiveAssetManagementCoLtdOfSubsidiariesMemberOfDisclosureOfTransactionsBetweenRelatedPartiesTableOfMember,삼성액티브자산운용
entity00126256_SamsungAssetManagementCoLtdOfCounterpartiesMemberOfDetailsOfPaymentGuaranteesAndSecuritiesTableOfMember,삼성자산운용
entity00126256_SamsungAssetManagementCoLtdOfEntitysTotalForSubsidiariesMemberOfClaimForDamagesTableOfMember,삼성자산운용 [구성요소]
entity00126256_SamsungAssetManagementCoLtdOfSubsidiariesMemberOfDisclosureOfOutstandingBalancesForRelatedPartyTransactionsTableOfMember,삼성자산운용
entity00126256_SamsungAssetManagementCoLtdOfSubsidiariesMemberOfDisclosureOfTransactionsBetweenRelatedPartiesTableOfMember,삼성자산운용
entity00126256_SamsungCTCorporationOfLargeBusinessGroupMemberOfDisclosureOfOutstandingBalancesForRelatedPartyTransactionsTableOfMember,삼성물산
entity00126256_SamsungCTCorporationOfLargeBusinessGroupMemberOfDisclosureOfTransactionsBetweenRelatedPartiesTableOfMember,삼성물산
entity00126256_SamsungCardCoLtdOfSubsidiariesMemberOfDisclosureOfOutstandingBalancesForRelatedPartyTransactionsTableOfMember,삼성카드
entity00126256_SamsungCardCoLtdOfSubsidiariesMemberOfDisclosureOfTransactionsBetweenRelatedPartiesTableOfMember,삼성카드
entity00126256_SamsungCardCustomerServiceCoLtdOfSubsidiariesMemberOfDisclosureOfOutstandingBalancesForRelatedPartyTransactionsTableOfMember,삼성카드고객서비스
entity00126256_SamsungCardCustomerServiceCoLtdOfSubsidiariesMemberOfDisclosureOfTransactionsBetweenRelatedPartiesTableOfMember,삼성카드고객서비스
entity00126256_SamsungCardOfCounterpartiesMemberOfDetailsOfPaymentGuaranteesAndSecuritiesTableOfMember,삼성카드
entity00126256_SamsungElectronicsCoLtdOfLargeBusinessGroupMemberOfDisclosureOfOutstandingBalancesForRelatedPartyTransactionsTableOfMember,삼성전자
entity00126256_SamsungElectronicsCoLtdOfLargeBusinessGroupMemberOfDisclosureOfTransactionsBetweenRelatedPartiesTableOfMember,삼성전자
entity00126256_SamsungFinancialServiceInsuranceAgencyCoLtdOfSubsidiariesMemberOfDisclosureOfOutstandingBalancesForRelatedPartyTransactionsTableOfMember,삼성생명금융서비스
entity00126256_SamsungFinancialServiceInsuranceAgencyCoLtdOfSubsidiariesMemberOfDisclosureOfTransactionsBetweenRelatedPartiesTableOfMember,삼성생명금융서비스
entity00126256_SamsungFuturesIncOfAssociatesMemberOfDisclosureOfOutstandingBalancesForRelatedPartyTransactionsTableOfMember,삼성선물
entity00126256_SamsungFuturesIncOfAssociatesMemberOfDisclosureOfTransactionsBetweenRelatedPartiesTableOfMember,삼성선물
entity00126256_SamsungHedgeAssetManagementCoLtdOfSubsidiariesMemberOfDisclosureOfOutstandingBalancesForRelatedPartyTransactionsTableOfMember,삼성헤지자산운용
entity00126256_SamsungHedgeAssetManagementCoLtdOfSubsidiariesMemberOfDisclosureOfTransactionsBetweenRelatedPartiesTableOfMember,삼성헤지자산운용
entity00126256_SamsungLifeInsuranceCoLtdOfCounterpartiesMemberOfDetailsOfPaymentGuaranteesAndSecuritiesTableOfMember,삼성생명보험
entity00126256_SamsungLifeInsuranceThailandPublicCoLtdOfSubsidiariesMemberOfDisclosureOfOutstandingBalancesForRelatedPartyTransactionsTableOfMember,"Samsung Life Insurance (Thailand) Public Co., Ltd"
entity00126256_SamsungLifeInsuranceThailandPublicCoLtdOfSubsidiariesMemberOfDisclosureOfTransactionsBetweenRelatedPartiesTableOfMember,"Samsung Life Insurance (Thailand) Public Co., Ltd"
entity00126256_SamsungLifeServiceClaimAdjustmentCoLtdOfEntitysTotalForSubsidiariesMemberOfImpairmentTestsForGoodwillTableOfMember,"삼성생명서비스손해사정, 삼성생명금융서비스"
entity00126256_SamsungLifeServiceClaimAdjustmentCoLtdOfSubsidiariesMemberOfDisclosureOfOutstandingBalancesForRelatedPartyTransactionsTableOfMember,삼성생명서비스손해사정
entity00126256_SamsungLifeServiceClaimAdjustmentCoLtdOfSubsidiariesMemberOfDisclosureOfTransactionsBetweenRelatedPartiesTableOfMember,삼성생명서비스손해사정
entity00126256_SamsungNobleLifeCoLtdOfSubsidiariesMemberOfDisclosureOfOutstandingBalancesForRelatedPartyTransactionsTableOfMember,삼성노블라이프
entity00126256_SamsungNobleLifeCoLtdOfSubsidiariesMemberOfDisclosureOfTransactionsBetweenRelatedPartiesTableOfMember,삼성노블라이프
entity00126256_SamsungSdsCoLtdOfLargeBusinessGroupMemberOfDisclosureOfOutstandingBalancesForRelatedPartyTransactionsTableOfMember,삼성에스디에스
entity00126256_SamsungSdsCoLtdOfLargeBusinessGroupMemberOfDisclosureOfTransactionsBetweenRelatedPartiesTableOfMember,삼성에스디에스
entity00126256_SamsungSecuritiesCoLtdOfAssociatesMemberOfDisclosureOfOutstandingBalancesForRelatedPartyTransactionsTableOfMember,삼성증권
entity00126256_SamsungSecuritiesCoLtdOfAssociatesMemberOfTheTransactionsOfReceivablesThroughMajorRelatedPartiesTableOfMember,삼성증권
entity00126256_SamsungSecuritiesCoLtdOfEntitysTotalForAssociatesMemberOfTheGroupSInvestmentsInAssociatesTableOfMember,삼성증권
entity00126256_SamsungSraAssetManagementCoLtdOfEntitysTotalForSubsidiariesMemberOfImpairmentTestsForGoodwillTableOfMember,삼성SRA자산운용
entity00126256_SamsungSraAssetManagementCoLtdOfSubsidiariesMemberOfDisclosureOfOutstandingBalancesForRelatedPartyTransactionsTableOfMember,삼성SRA자산운용
entity00126256_SamsungSraAssetManagementCoLtdOfSubsidiariesMemberOfDisclosureOfTransactionsBetweenRelatedPartiesTableOfMember,삼성SRA자산운용
entity00126256_SamsungSraGlobalCoreOfficePrivateRealEstateInvestmentTrustNo1And67OtherFundsOfSubsidiariesMemberOfDisclosureOfTransactionsBetweenRelatedPartiesTableOfMember,삼성SRA글로벌코어오피스사모부동산투자신탁제1호 외 52개
entity00126256_SamsungSraGlobalCoreOfficePrivateRealEstateInvestmentTrustNo1And68OtherFundsOfSubsidiariesMemberOfDisclosureOfFinancialTransactionsBetweenRelatedPartiesTableOfMember,삼성SRA글로벌코어오피스사모부동산투자신탁제1호 외 59개
entity00126256_SamsungSraGlobalCoreOfficePrivateRealEstateInvestmentTrustNo1OfSubsidiariesMemberOfDisclosureOfOutstandingBalancesForRelatedPartyTransactionsTableOfMember,삼성SRA글로벌코어오피스사모부동산투자신탁제1호
entity00126256_SamsungSraPrivateRealEstateInvestmentTrustNo101OfSubsidiariesMemberOfDisclosureOfOutstandingBalancesForRelatedPartyTransactionsTableOfMember,삼성SRA일반사모부동산투자신탁제101호
entity00126256_SamsungVentureFundNo30OfAssociatesMemberOfDisclosureOfFinancialTransactionsBetweenRelatedPartiesTableOfMember,삼성벤처30호
entity00126256_SamsungVentureFundNo38OfAssociatesMemberOfDisclosureOfFinancialTransactionsBetweenRelatedPartiesTableOfMember,삼성벤처38호
entity00126256_SamsungVentureFundNo59OfAssociatesMemberOfDisclosureOfFinancialTransactionsBetweenRelatedPartiesTableOfMember,삼성벤처59호
entity00126256_SamsungVentureNo30OfAssociatesMemberOfDisclosureOfFinancialTransactionsBetweenRelatedPartiesTableOfMember,삼성벤처30호
entity00126256_SamsungVentureNo46OfSubsidiariesMemberOfDisclosureOfFinancialTransactionsBetweenRelatedPartiesTableOfMember,삼성벤처46호
entity00126256_SamsungVentureNo60OfSubsidiariesMemberOfDisclosureOfFinancialTransactionsBetweenRelatedPartiesTableOfMember,삼성벤처60호
entity00126256_SavingsAccountOfDetailsOfCashAndCashEquivalentsOfDetailsOfCashAndCashEquivalentsTableOfItems,보통예금
entity00126256_SecuredAmountOfDetailsOfTheAssetsProvidedAsCollateralInConnectionWithTheBorrowingsOfDetailsOfTheAssetsProvidedAsCollateralInConnectionWithTheBorrowingsTableOfItems,담보설정금액
entity00126256_SecuritiesBorrowerOfFairValueOfTransferredFinancialAssetsAssociatedFinancialLiabilitiesThatAreNotDerecognisedInTheirEntiretyAbstractOfDisclosureOfFinancialAssetsTransferredDuringPeriodWhichDoNotQualifyForDerecognitionTableOfItems,대여처
entity00126256_SellAmountOfReceivablesThroughMajorRelatedPartiesOfTheTransactionsOfReceivablesThroughMajorRelatedPartiesOfTheTransactionsOfReceivablesThroughMajorRelatedPartiesTableOfItems,특수관계자를 통하여 채권 매도한 금액
entity00126256_ServiceFeesRelatedPartyTransactionsOfRelatedPartyTransactionsAbstractOfDisclosureOfTransactionsBetweenRelatedPartiesTableOfItems,"지급수수료, 특수관계자거래"
entity00126256_ServiceFeesrRelatedPartyTransactionsOfDisclosuresOfTotalSignificantTransactionsWithRelatedPartiesOfDisclosuresOfTotalSignificantTransactionsWithRelatedPartiesTableOfItems,"지급수수료, 특수관계자거래"
entity00126256_SgiCreditInformationCoLtdOfAssociatesMemberOfDisclosureOfOutstandingBalancesForRelatedPartyTransactionsTableOfMember,SGI신용정보
entity00126256_SgiCreditInformationCompanyOfAssociatesMemberOfDisclosureOfTransactionsBetweenRelatedPartiesTableOfMember,SGI신용정보
entity00126256_ShareOfOtherComprehensiveIncomeOfAssociatesOfPortionNotCertainToBeRealizedOfDisclosureOfTemporaryDifferenceUnusedTaxLossesAndUnusedTaxCreditsTableOfMember,관계ㆍ종속기업투자
entity00126256_ShareOfOtherComprehensiveIncomeOfAssociatesOtherComprehensiveIncomeOfSignificantTransactionsNotAffectingCashFlowsOfSignificantTransactionsNotAffectingCashFlowsTableOfItems,관계기업투자 자본변동
entity00126256_SignificantTransactionsNotAffectingCashFlowsTable,현금의 유입과 유출이 없는 거래의 주요 내용
entity00126256_SignificantTransactionsNotAffectingCashFlowsTextBlock,현금의 유입과 유출이 없는 거래의 주요 내용[ 문장영역 ]
entity00126256_SubsidiariesAssociatesAndJointVenturesOfEntitysTotalForRelatedPartiesMemberOfDisclosureOfSignificantTransactionsWithRelatedPartiesRelatedToTheRecognitionOrReversalOfAllowanceForCreditLossesTableOfMember,"종속기업, 관계기업 및 공동기업 [구성요소]"
entity00126256_SubsidiariesAssociatesAndJointVenturesOfEntitysTotalForRelatedPartiesMemberOfReversalOfLossAllowanceRelatedToSignificantTransactionsWithRelatedPartiesTableOfMember,"종속기업, 관계기업 및 공동기업 [구성요소]"
entity00126256_SuspensionOfRedemptionsInFundsManagedBySamsungAssetManagementTable,삼성자산운용이 운용하는 펀드 환매 중단
entity00126256_SuspensionOfRedemptionsInFundsManagedBySamsungAssetManagementTextBlock,삼성자산운용이 운용하는 펀드 환매 중단[ 문장영역 ]
entity00126256_SwaptionContractMemberOfDerivativesTypeMemberOfFairValuesOfDerivativeInstrumentsTableOfMember,스왑션계약
entity00126256_SwaptionContractOfDerivativesTypeMemberOfDisclosuresOfTotalDerivativeFinancialInstrumentsTableOfMember,스왑션계약
entity00126256_TaxesDuesMaintenanceExpensesOfMaintenanceExpensesOfDetailsOfOperatingExpensesTableOfItems,"세금과공과, 유지비"
entity00126256_TheAmountOfLeaseLiabilities,리스부채와 관련해 연결재무제표에 인식된 금액
entity00126256_TheCompensationPaidOrPayableToKeyManagementForEmployeeServicesTable,주요 경영진에 대한 보상
entity00126256_TheCompensationPaidOrPayableToKeyManagementForEmployeeServicesTextBlock,주요 경영진에 대한 보상[ 문장영역 ]
entity00126256_TheEffectOnTheStatementOfFinancialPositionAtTheTimeOfInitialRecognitionOfNewReinsuranceContractsTable,신규로 체결한 출재보험계약이 연결재무상태표에 미친 영향
entity00126256_TheEffectOnTheStatementOfFinancialPositionAtTheTimeOfInitialRecognitionOfNewReinsuranceContractsTextBlock,신규로 체결한 출재보험계약이 연결재무상태표에 미친 영향[ 문장영역 ]
entity00126256_TheEntitysShareOfTheChangeInTheFairValueOfUnderlyingItemsOrFulfilmentCashFlowsThatDoesNotAdjustTheContractualServiceMarginOfClassesOfInsuranceFinanceIncomeExpensesMemberOfDisclosureOfAnalysisOfInsuranceFinanceIncomeExpensesTableOfMember,직접참가특성이 있는 보험계약의 위험경감 관련 화폐의 시간가치와 금융위험의 회사의 몫 및 이행현금흐름 변동
entity00126256_TheFairValueOfUnderlyingItemsHeldForInsuranceContractsMeasuredUsingVariableFeeApproachTable,자산의 공정가치 및 장부금액
entity00126256_TheFairValueOfUnderlyingItemsHeldForInsuranceContractsMeasuredUsingVariableFeeApproachTextBlock,자산의 공정가치 및 장부금액[ 문장영역 ]
entity00126256_TheFutureMinimumLeasePaymentsExpectedToBeReceivedInRelationToTheAboveOperatingLeasesAgreementTable,운용리스로 인한 최소리스료의 향후 수입금액
entity00126256_TheFutureMinimumLeasePaymentsExpectedToBeReceivedInRelationToTheAboveOperatingLeasesAgreementTextBlock,운용리스로 인한 최소리스료의 향후 수입금액[ 문장영역 ]
entity00126256_TheRegisteredAmountsOfMortgagesAndLeaseholdRightsAndInvestmentPropertiesOfMortgageAndJeonseRightsAmountOfAmountOfMortgageAndJeonseRightsTableOfItems,"근저당 및 전세권 설정금액, 투자부동산"
entity00126256_TheRegisteredAmountsOfMortgagesAndLeaseholdRightsInvestmentPropertiesOfMortgageAndJeonseRightsAmountOfAmountOfMortgageAndJeonseRightsTableOfItems,"근저당 및 전세권 설정금액, 투자부동산"
entity00126256_TheRelationshipBetweenInvestmentServiceProfitsAndLossesAndInsuranceFinanceProfitsAndLosses,투자서비스손익과 보험금융손익 관계
entity00126256_TheRemainingContractualMaturitiesOfDebenturesTable,사채의 계약상 잔존만기의 내용
entity00126256_TheRemainingContractualMaturitiesOfDebenturesTextBlock,사채의 계약상 잔존만기의 내용[ 문장영역 ]
entity00126256_TheTimingOfRecognizingTransfersBetweenLevelsOfTheFairValueHierarchy,공정가치 서열체계의 수준 간 이동을 인식하는 시점
entity00126256_TheTransactionsOfReceivablesThroughMajorRelatedPartiesTable,지배기업이 주요 특수관계자를 통하여 채권을 매매한 내역
entity00126256_TheTransactionsOfReceivablesThroughMajorRelatedPartiesTextBlock,지배기업이 주요 특수관계자를 통하여 채권을 매매한 내역[ 문장영역 ]
entity00126256_Three4OperatingSegmentsInsuranceBasedSeparated202587141251864TextBlock,영업부분에 대한 공시
entity00126256_TimeDepositsOfDetailsOfCashAndCashEquivalentsOfDetailsOfCashAndCashEquivalentsTableOfItems,정기예금
entity00126256_Title20241011153213885Abstract,약정사항에 대한 공시[ 개요 ]
entity00126256_Title20241011153214744LineItems,약정사항 [ 항목 ]
entity00126256_Title20241130164014636Abstract,"투자계약부채, 차입부채 및 리스부채[ 개요 ]"
entity00126256_Title20241130164015230LineItems,"투자계약부채, 차입부채 및 리스부채 [ 항목 ]"
entity00126256_Title2024121010302Abstract,주요 경영진에 대한 보상[ 개요 ]
entity00126256_Title202412101030723LineItems,주요 경영진에 대한 보상 [ 항목 ]
entity00126256_Title20241213155355402Abstract,기타포괄손익공정가치측정금융자산평가손익의 증감내역[ 개요 ]
entity00126256_Title20241213155355834LineItems,기타포괄손익공정가치측정금융자산 평가손익
entity00126256_Title20241213163539481Abstract,위험회피목적파생상품평가손익의 증감[ 개요 ]
entity00126256_Title20241213163539903LineItems,위험회피목적파생상품평가손익의 증감
entity00126256_Title2024121316852535Abstract,기타포괄손익공정가치 측정 항목으로 지정한 지분상품으로부터 인식한 배당금수익[ 개요 ]
entity00126256_Title2024121316852972LineItems,기타포괄손익공정가치 측정 항목으로 지정한 지분상품으로부터 인식한 배당금
entity00126256_Title2024121320211661Abstract,투자부동산 관련 임대수익 및 운영비용[ 개요 ]
entity00126256_Title202412132021293LineItems,투자부동산 관련 임대수익 및 운영비용
entity00126256_Title2024121320245953Abstract,"토지, 건물의 임대보증금과 관련 근저당 및 전세권 설정[ 개요 ]"
entity00126256_Title2024121320246535LineItems,보증금과 관련 근저당 및 전세권 내역
entity00126256_Title20241213215854558Abstract,사용권자산의 구성내용[ 개요 ]
entity00126256_Title20241213215854991LineItems,사용권자산의 구성내용
entity00126256_Title20241214121910204LineItems,운용리스자산의 내역
entity00126256_Title2024121412199558Abstract,운용리스자산의 내역[ 개요 ]
entity00126256_Title20241214122446468Abstract,운용리스로 인한 최소리스료의 향후 수입금액[ 개요 ]
entity00126256_Title2024121412244751LineItems,최소리스료
entity00126256_Title2024121412332484Abstract,자산의 공정가치 및 장부금액[ 개요 ]
entity00126256_Title2024121412333760LineItems,자산의 공정가치 및 장부금액
entity00126256_Title20241214124150465Abstract,기타포괄손익공정가치측정금융자산의 평가손익누계액[ 개요 ]
entity00126256_Title2024121412415175LineItems,기타포괄손익공정가치측정금융자산의 평가손익누계액
entity00126256_Title2024121412588278Abstract,신규로 체결한 출재보험계약이 연결재무상태표에 미친 영향[ 개요 ]
entity00126256_Title2024121412588837LineItems,신규로 체결한 출재보험계약이 연결재무상태표에 미친 영향
entity00126256_Title2024121413322689Abstract,출재보험계약에 대한 보험계약마진의 기대상각기간별 당기손익인식 예상액[ 개요 ]
entity00126256_Title2024121413323321LineItems,출재보험계약에 대한 보험계약마진의 기대상각기간별 당기손익인식 예상액
entity00126256_Title20241214154749954Abstract,차입금의 계약상 잔존만기의 내용[ 개요 ]
entity00126256_Title20241214154750519LineItems,차입금의 계약상 잔존만기의 내용
entity00126256_Title20241214155249801Abstract,차입부채 중 사채의 내역[ 개요 ]
entity00126256_Title20241214155250450LineItems,차입부채 중 연결실체 내 사채의 내역 [ 항목 ]
entity00126256_Title20241214155723220Abstract,사채의 계약상 잔존만기의 내용[ 개요 ]
entity00126256_Title20241214155723814LineItems,사채의 계약상 잔존만기
entity00126256_Title20241214224929360Abstract,포인트이연수익 변동내역[ 개요 ]
entity00126256_Title20241214224929780LineItems,포인트이연수익 변동내역
entity00126256_Title20241214235810226LineItems,종업원급여 발생내용
entity00126256_Title2024121423589801Abstract,종업원급여 발생내용[ 개요 ]
entity00126256_Title2024121501159365Abstract,기타약정사항에 대한 공시[ 개요 ]
entity00126256_Title2024121501159815LineItems,기타약정사항에 대한 공시
entity00126256_Title2024121503440613Abstract,금융리스총투자 중 미실현이자수익의 내역[ 개요 ]
entity00126256_Title202412150344140LineItems,금융리스총투자 중 미실현이자수익의 내역
entity00126256_Title2024121505156275Abstract,용역위탁계약[ 개요 ]
entity00126256_Title2024121505156719LineItems,용역위탁계약
entity00126256_Title202412150564488Abstract,지배기업이 주요 특수관계자를 통하여 채권을 매매한 내역[ 개요 ]
entity00126256_Title202412150564912LineItems,지배기업이 주요 특수관계자를 통하여 채권을 매매한 내역
entity00126256_Title20241215122719651Abstract,영업활동으로 인한 자산부채 변동내역[ 개요 ]
entity00126256_Title20241215122720447LineItems,영업활동으로 인한 자산부채 변동내역
entity00126256_Title2024121512334733Abstract,수익 및 비용의 조정내역[ 개요 ]
entity00126256_Title2024121512335307LineItems,수익 및 비용의 조정내역
entity00126256_Title2024121512393380Abstract,현금및현금성자산의 내용[ 개요 ]
entity00126256_Title202412151239433LineItems,현금및현금성자산의 내용
entity00126256_Title20241215124425953Abstract,현금의 유입과 유출이 없는 거래의 주요 내용[ 개요 ]
entity00126256_Title20241215124426530LineItems,현금의 유입과 유출이 없는 거래의 주요 내용
entity00126256_Title20241223134938287Abstract,담보로 제공된 금융자산 합계에 대한 공시[ 개요 ]
entity00126256_Title20241223134938789LineItems,담보로 제공된 금융자산 합계에 대한 공시
entity00126256_Title2024122313542169Abstract,당기손익-공정가치금융자산의 합계에 대한 공시[ 개요 ]
entity00126256_Title2024122313542832LineItems,당기손익-공정가치금융자산의 합계에 대한 공시
entity00126256_Title20241223142252487Abstract,기타포괄손익-공정가치금융자산의 합계에 대한 공시[ 개요 ]
entity00126256_Title20241223142252923LineItems,기타포괄손익-공정가치금융자산의 합계에 대한 공시
entity00126256_Title20241223145243822Abstract,상각후원가측정금융자산 합계에 대한 공시[ 개요 ]
entity00126256_Title20241223145244238LineItems,상각후원가측정금융자산 합계에 대한 공시
entity00126256_Title20241223152345355Abstract,파생상품 공정가치 합계에 대한 공시[ 개요 ]
entity00126256_Title20241223152345777LineItems,파생상품 공정가치 합계에 대한 공시
entity00126256_Title20241223185827240Abstract,투자부동산 합계에 대한 공시[ 개요 ]
entity00126256_Title20241223185827661LineItems,투자부동산 합계에 대한 공시
entity00126256_Title2024122319145741Abstract,유형자산 합계에 대한 공시[ 개요 ]
entity00126256_Title2024122319146177LineItems,유형자산 합계에 대한 공시
entity00126256_Title20241223192148570Abstract,무형자산 합계에 대한 공시[ 개요 ]
entity00126256_Title20241223192148986LineItems,무형자산 합계에 대한 공시
entity00126256_Title2024122319271041Abstract,사용권자산 합계에 대한 공시[ 개요 ]
entity00126256_Title20241223192710482LineItems,사용권자산 합계에 대한 공시
entity00126256_Title2024122321710980Abstract,당기손익 인식이 예상되는 출재보험계약 보험계약마진 합계에 대한 정보 공시[ 개요 ]
entity00126256_Title2024122321711400LineItems,당기손익 인식이 예상되는 출재보험계약 보험계약마진 합계에 대한 정보 공시
entity00126256_Title20241223221052173Abstract,사채에 대한 세부 정보 공시[ 개요 ]
entity00126256_Title20241223221052599LineItems,사채 합계에 대한 공시
entity00126256_Title2024122322652458LineItems,차입금의 계약상 잔존만기 합계에 대한 공시
entity00126256_Title202412232265247Abstract,차입금의 계약상 잔존만기 합계에 대한 공시[ 개요 ]
entity00126256_Title20241224103028266Abstract,특수관계자거래 합계에 대한 공시[ 개요 ]
entity00126256_Title20241224103028683LineItems,특수관계자거래 합계에 대한 공시
entity00126256_Title20241224105157262Abstract,특수관계자거래의 채권·채무 잔액 합계에 대한 공시[ 개요 ]
entity00126256_Title20241224105157689LineItems,특수관계자거래의 채권·채무 잔액 합계에 대한 공시
entity00126256_Title2024122412754720Abstract,선수수익에 대한 공시[ 개요 ]
entity00126256_Title2024122412755190LineItems,선수수익에 대한 공시
entity00126256_Title20241227211123640Abstract,자본조정에 대한 공시[ 개요 ]
entity00126256_Title2024122721112446LineItems,자본조정에 대한 공시
entity00126256_Title202412272183445LineItems,자본잉여금에 대한 공시
entity00126256_Title2024122721836Abstract,자본잉여금에 대한 공시[ 개요 ]
entity00126256_Title202512622176974Abstract,리스부채에 대한 양적 정보 공시[ 개요 ]
entity00126256_Title202512622177623LineItems,리스부채에 대한 양적 정보 공시
entity00126256_Title2025126222325835Abstract,상품라인별 발행한 보험계약에 대한 보험계약자산 및 보험계약부채내역[ 개요 ]
entity00126256_Title2025126222326317LineItems,상품라인별 발행한 보험계약에 대한 보험계약자산 및 보험계약부채내역
entity00126256_Title2025126222958844Abstract,상품라인별 출재보험계약에 대한 재보험계약자산 및 재보험계약부채내역[ 개요 ]
entity00126256_Title2025126222959328LineItems,상품라인별 출재보험계약에 대한 재보험계약자산 및 재보험계약부채내역
entity00126256_Title202518153714323Abstract,최대주주와 주요경영진에게 지급한 배당금에 대한 공시[ 개요 ]
entity00126256_Title202518153714817LineItems,최대주주와 주요경영진에게 지급한 배당금에 대한 공시
entity00126256_Title202521718512694Abstract,회계모형별 포트폴리오별 발행한 보험계약에 대한 순부채 내역(사망보험)[ 개요 ]
entity00126256_Title202521718513442LineItems,회계모형별 포트폴리오별 발행한 보험계약에 대한 순부채 내역(사망보험)
entity00126256_Title2025217205743256Abstract,회계모형별 포트폴리오별 발행한 보험계약에 대한 순부채 내역(건강보험)[ 개요 ]
entity00126256_Title2025217205743761LineItems,회계모형별 포트폴리오별 발행한 보험계약에 대한 순부채 내역(건강보험)
entity00126256_Title2025217211320578LineItems,회계모형별 포트폴리오별 발행한 보험계약에 대한 순부채 내역(합계)
entity00126256_Title202521721132075Abstract,회계모형별 포트폴리오별 발행한 보험계약에 대한 순부채 내역(합계)[ 개요 ]
entity00126256_Title202521721524532Abstract,회계모형별 포트폴리오별 발행한 보험계약에 대한 순부채 내역(연금저축보험)[ 개요 ]
entity00126256_Title20252172152519LineItems,회계모형별 포트폴리오별 발행한 보험계약에 대한 순부채 내역(연금저축보험)
entity00126256_Title202521721942965Abstract,회계모형별 포트폴리오별 발행한 보험계약에 대한 순부채 내역(기타보험)[ 개요 ]
entity00126256_Title202521721943469LineItems,회계모형별 포트폴리오별 발행한 보험계약에 대한 순부채 내역(기타보험)
entity00126256_Title2025218166976Abstract,기대상각기간별 보험계약마진 금액(합계)[ 개요 ]
entity00126256_Title2025218167510LineItems,기대상각기간별 보험계약마진 금액(합계)
entity00126256_Title2025618151837467Abstract,기타포괄손익-공정가치측정금융자산의 변동내역 합계[ 개요 ]
entity00126256_Title2025618151838846LineItems,기타포괄손익-공정가치측정금융자산의 변동내역 합계에 대한 공시 [항목]
entity00126256_Title2025618153914828Abstract,기타포괄손익공정가치측정금융자산평가손익의 배부내역 상세[ 개요 ]
entity00126256_Title2025618153916100LineItems,기타포괄손익공정가치측정금융자산평가손익의 배부내역 상세 [ 항목 ]
entity00126256_Title2025618162413891Abstract,상각후원가측정금융자산에 대한 변동내역 합계[ 개요 ]
entity00126256_Title2025618162414912LineItems,상각후원가측정금융자산에 대한 변동내역 합계 [ 항목 ]
entity00126256_Title2025618165458171Abstract,위험회피목적파생상품평가손익 배부내역 상세[ 개요 ]
entity00126256_Title2025618165459474LineItems,위험회피목적파생상품평가손익 배부내역 상세 [ 항목 ]
entity00126256_Title2025618172920776Abstract,금융자산별 공정가치의 측정 방법에 대한 기술[ 개요 ]
entity00126256_Title2025618172921783LineItems,금융자산별 공정가치의 측정 방법에 대한 기술 [ 항목 ]
entity00126256_Title202561817421585Abstract,금융부채별 공정가치의 측정 방법에 대한 기술[ 개요 ]
entity00126256_Title202561817422670LineItems,금융부채별 공정가치의 측정 방법에 대한 기술 [ 항목 ]
entity00126256_Title2025618174719842Abstract,공정가치 서열체계의 수준별 구분에 대한 기술[ 개요 ]
entity00126256_Title2025618174720847LineItems,공정가치 서열체계의 수준별 구분에 대한 기술 [ 항목 ]
entity00126256_Title2025711152811331Abstract,투자부동산의 공정가치 측정에 대한 공시[ 개요 ]
entity00126256_Title2025711152812615LineItems,투자부동산의 공정가치 측정에 대한 공시 [ 항목 ]
entity00126256_Title2025716142313750Abstract,기타포괄손익누계액에 계상된 파생상품에 대한 미실현이익 중 12개월 이내에 실현될 것으로 예상되는 금액에 대한 공시[ 개요 ]
entity00126256_Title2025716142314868LineItems,기타포괄손익누계액에 계상된 파생상품에 대한 미실현이익 중 12개월 이내에 실현될 것으로 예상되는 금액에 대한 공시 [ 항목 ]
entity00126256_Title2025716143221411Abstract,현금흐름위험회피가 적용되는 파생상품계약에 대하여 현금흐름 변동위험에 노출되는 예상 최장기간에 대한 공시[ 개요 ]
entity00126256_Title2025716143222708LineItems,현금흐름위험회피가 적용되는 파생상품계약에 대하여 현금흐름 변동위험에 노출되는 예상 최장기간에 대한 공시 [ 항목 ]
entity00126256_Title2025718131650114Abstract,투자부동산에 대한 세부 정보 공시[ 개요 ]
entity00126256_Title20257181316522LineItems,투자부동산에 대한 세부 정보 공시 [항목]
entity00126256_Title202571813270139Abstract,유형자산에 대한 세부 정보 공시[ 개요 ]
entity00126256_Title202571813271697LineItems,유형자산에 대한 세부 정보 공시 [항목]
entity00126256_Title202572152449649Abstract,보험서비스비용으로 반영된 사업비의 발생내용[ 개요 ]
entity00126256_Title202572152451190LineItems,성격별 비용의 기능별 배분 공시 [항목]
entity00126256_Title2025730121859457Abstract,배당금에 대한 공시[ 개요 ]
entity00126256_Title202573012190543LineItems,배당금에 대한 공시 [항목]
entity00126256_Title202573013740811Abstract,금융상품의 범주별 손익의 공시[ 개요 ]
entity00126256_Title202573013741866LineItems,금융상품의 범주별 손익의 공시 [항목]
entity00126256_Title2025731151026455Abstract,상각후원가측정유가증권에 대한 변동내역[ 개요 ]
entity00126256_Title2025731151027538LineItems,상각후원가측정유가증권에 대한 변동내역 [ 항목 ]
entity00126256_Title20257410505941Abstract,현금흐름위험회피수단의 손익 중 당기손익으로 인식한 비효과적인 부분에 대한 공시[ 개요 ]
entity00126256_Title20257410510168LineItems,현금흐름위험회피수단의 손익 중 당기손익으로 인식한 비효과적인 부분에 대한 공시 [ 항목 ]
entity00126256_Title202575205250369Abstract,지배기업의 임직원에 대한 신용대출에 대한 공시[ 개요 ]
entity00126256_Title202575205251503LineItems,지배기업의 임직원에 대한 신용대출 [ 항목 ]
entity00126256_Title202575221128367Abstract,삼성자산운용을 피고로 하는 손해배상청구소송[ 개요 ]
entity00126256_Title202575221129391LineItems,손해배상청구소송 [ 항목 ]
entity00126256_Title202575222916927Abstract,삼성자산운용이 운용하는 펀드 환매 중단[ 개요 ]
entity00126256_Title202575222918650LineItems,삼성자산운용이 운용하는 펀드 환매 중단 [ 항목 ]
entity00126256_Title202577154641907Abstract,지배기업의 임직원에 대한 신용대출에 대한 공시[ 개요 ]
entity00126256_Title2025771546436LineItems,지배기업의 임직원에 대한 신용대출 [ 항목 ]
entity00126256_Title202578132646464Abstract,파생상품의 범주별 손익 공시[ 개요 ]
entity00126256_Title202578132647580LineItems,파생상품의 범주별 손익 공시
entity00126256_Title202578141451952Abstract,차입금과 관련하여 제공한 자산[ 개요 ]
entity00126256_Title202578141453311LineItems,차입금과 관련하여 제공한 자산
entity00126256_Title2025810221241422Abstract,특수관계자와의 중요한 거래내용 중 신용손실충당금전(환)입액에 대한 기술[ 개요 ]
entity00126256_Title202581022124299LineItems,특수관계자와의 중요한 거래내용 중 신용손실충당금전(환)입액에 대한 기술
entity00126256_Title2025810221852821Abstract,특수관계자와의 중요한 거래내용 중 신용손실충당금전(환)입액에 대한 기술[ 개요 ]
entity00126256_Title2025810221853563LineItems,특수관계자와의 중요한 거래내용 중 신용손실충당금전(환)입액에 대한 기술
entity00126256_Title2025810222318836Abstract,특수관계자와의 중요 채권채무잔액 중 신용손실충당금과 임대차보증금에 대한 공시[ 개요 ]
entity00126256_Title2025810222319582LineItems,특수관계자와의 중요 채권채무잔액 중 신용손실충당금과 임대차보증금에 대한 공시
entity00126256_Title202581022433224Abstract,발생한 사업비 중 보험서비스비용으로 인식된 금액에 대한 기술[ 개요 ]
entity00126256_Title202581022433995LineItems,발생한 사업비 중 보험서비스비용으로 인식된 금액에 대한 기술
entity00126256_Title202581174246534Abstract,제거한 기타포괄손익-공정가치측정금융자산 중 지분상품의 내역에 대한 공시[ 개요 ]
entity00126256_Title202581174247832LineItems,제거한 기타포괄손익-공정가치측정금융자산 중 지분상품의 내역 [ 항목 ]
entity00126256_Title202581394255709Abstract,기타사업비용에 대한 공시[ 개요 ]
entity00126256_Title202581394256797LineItems,기타사업비용 [ 항목 ]
entity00126256_Title20258314563660Abstract,특수관계자와의 중요 채권채무잔액 중 신용손실충당금과 임대보증금에 대한 공시[ 개요 ]
entity00126256_Title20258314564762LineItems,특수관계자와의 중요 채권채무잔액 중 신용손실충당금과 임대보증금에 대한 공시 [ 항목 ]
entity00126256_Title202584184720955Abstract,영업부문의 지역별 합계에 대한 공시[ 개요 ]
entity00126256_Title202584184722134LineItems,영업부문의 지역별 합계에 대한 공시 [ 항목 ]
entity00126256_Title202586101918360Abstract,발생한 사업비 중 보험서비스비용으로 인식된 금액에 대한 기술[ 개요 ]
entity00126256_Title202586101919459LineItems,발생한 사업비 중 보험서비스비용으로 인식된 금액에 대한 기술 [ 항목 ]
entity00126256_TransferWithinEquityOnDisposalOfEquityInstrumentsDesignatedAsAtFairValueThroughOtherComprehensiveIncomeOfSignificantTransactionsNotAffectingCashFlowsOfSignificantTransactionsNotAffectingCashFlowsTableOfItems,기타포괄손익공정가치측정항목으로 지정한 지분증권  처분으로 인한 자본 내 대체
entity00126256_TrustFundUnderTheContractOfTypesOfCommitmentsMemberOfDisclosureOfCommitmentsTableOfMember,신탁계정
entity00126256_Two23OtherOperatingExpenseInsurance,21-3. 기타사업비용
entity00126256_Two5GainsAndLossesOnFinancialInstrumentsConsolidatedFinancialStatements,24. 금융상품투자손익
entity00126256_UnearnedFinancialIncomeOnGrossInvestmentInTheFinanceLeaseTable,금융리스총투자 중 미실현이자수익의 내역
entity00126256_UnearnedFinancialIncomeOnGrossInvestmentInTheFinanceLeaseTextBlock,금융리스총투자 중 미실현이자수익의 내역[ 문장영역 ]
entity00126256_ValuationTechniqueAndTheInputs,가치평가기법 및 투입변수 주기
entity00126256_VariableFeeApproachOfInsuranceContractsMemberOfDetailsOfNetLiabilitiesForInsuranceContractsIssuedByPortfolioByAccountingModelLifeInsuranceTableOfMember,변동수수료접근법 [구성요소]
entity00126256_VariableInsuranceContractsIssuedThatAreLiabilitiesOfInsuranceContractsIssuedThatAreLiabilities,변액보험계약부채
entity00126256_VariableInsuranceContractsIssuedThatAreLiabilitiesOfInterestBearingLiabilitiesOfInterestRateRiskExposureTableOfItems,변액보험계약부채
entity00126256_VariableInsuranceContractsOfTypesOfInsuranceContractsMemberOfDetailsOfNetLiabilitiesForInsuranceContractsIssuedByPortfolioByAccountingModelLifeInsuranceTableOfMember,변액보험계약
entity00126256_VariableInsuranceMemberOfTypesOfContractsMemberOfDisclosuresOfInsuranceContractsAssetsAndInsuranceContractsLiabilitiesForInsuranceContractsIssuedByParticipationFeatureTableOfMember,변액보험 [구성요소]
entity00126256_WageMaintenanceExpensesOfMaintenanceExpensesOfDetailsOfOperatingExpensesTableOfItems,"급료 및 임금, 유지비"
entity00126256_WriteOffOfAmortizedCostLoansAndOtherReceivablesOfSignificantTransactionsNotAffectingCashFlowsOfSignificantTransactionsNotAffectingCashFlowsTableOfItems,상각후원가측정대출채권및기타수취채권의 제각
entity00137517_DecreaseInOtherFinancialLiabilitiesOfCashFlowsFromUsedInFinancingActivities,기타금융부채의 감소
entity00137517_DecreaseInReceivablesAtAmortizedCostOfCashFlowsFromUsedInInvestingActivities,상각후원가측정수취채권의 감소
entity00137517_FeesAndCommissionIncomeOfInvestmentIncome,수수료수익
entity00137517_GainLossFromFinancialInstrumentsAtFairValueThroughOtherComprehensiveIncomeOfOtherComprehensiveIncomeAbstract,기타포괄손익공정가치측정유가증권평가손익
entity00137517_IncreaseInOtherFinancialLiabilitiesOfCashFlowsFromUsedInFinancingActivities,기타금융부채의 증가
entity00137517_IncreaseInReceivablesAtAmortizedCostOfCashFlowsFromUsedInInvestingActivities,상각후원가측정수취채권의 증가
entity00137517_NonParticipatingInsuranceContractsOfInsuranceContractsIssuedThatAreLiabilities,무배당보험계약부채
entity00137517_ParticipatingInsuranceContractsOfInsuranceContractsIssuedThatAreLiabilities,유배당보험계약부채
entity00137517_VariableInsuranceContractsOfInsuranceContractsIssuedThatAreLiabilities,변액보험계약부채
entity00137517_udf_CE_2026310155325756OfOtherComprehensiveIncomeAbstract,기타포괄손익공정가치측정유가증권평가손익
entity00139214_AccruedInsurancePremiumsOfOtherNonFinancialLiabilitiesOfDisclosureOfOtherLiabilitiesTableOfItems,가수보험료
entity00139214_AcquisitionCostOfTreasurySharesCanceledPursuantToTheBoardOfDirectorsResolutionOnApril182007OfDisclosureOfClassesOfShareCapitalLineItemsOfDisclosureOfClassesOfShareCapitalTableOfItems,2007년 4월 18일 이사회 결의에 의거 소각한 자기주식수의 취득가액
entity00139214_ActuarialAssumptionOfExpectedReturnOnPlanAssetsMemberOfActuarialAssumptionsMemberOfDisclosureOfSensitivityAnalysisForActuarialAssumptionsTableOfMember,사외적립자산 기대수익률에 대한 보험수리적 가정 [구성요소]
entity00139214_ActuarialAssumptionOfExpectedReturnOnPlanAssetsOfDisclosureOfSensitivityAnalysisForActuarialAssumptionsLineItemsOfDisclosureOfSensitivityAnalysisForActuarialAssumptionsTableOfItems,사외적립자산 기대수익률에 대한 보험수리적 가정
entity00139214_AdjustmentForGainOnTerminationOfLeaseContractOfAdjustmentsToReconcileProfitLossOfCashFlowsFromUsedInOperatingActivitiesTableOfItems,리스계약해지이익 조정
entity00139214_AdjustmentForIncreaseDecreaseInDerivativeFinancialLiabilitiesHeldForTradingOfAdjustmentsForAssetsAndLiabilitiesOfOperatingActivitiesOfCashFlowsFromUsedInOperatingActivitiesTableOfItems,매매목적파생상품의 증가(감소)
entity00139214_AdjustmentsForExpensesFromReinsuranceContractsOfAdjustmentsToReconcileProfitLossOfCashFlowsFromUsedInOperatingActivitiesTableOfItems,재보험비용에 대한 조정
entity00139214_AdjustmentsForFinanceExpensesFromReinsuranceContractsHeldRecognisedInProfitOrLossOfAdjustmentsToReconcileProfitLossOfCashFlowsFromUsedInOperatingActivitiesTableOfItems,재보험금융비용에 대한 조정
entity00139214_AdjustmentsForFinanceIncomeFromReinsuranceContractsHeldRecognisedInProfitOrLossOfAdjustmentsToReconcileProfitLossOfCashFlowsFromUsedInOperatingActivitiesTableOfItems,재보험금융수익에 대한 조정
entity00139214_AdjustmentsForGainsOnChangeInFairValueOfFinancialInstrumentsOfAdjustmentsToReconcileProfitLossOfCashFlowsFromUsedInOperatingActivitiesTableOfItems,금융상품평가이익에 대한 조정
entity00139214_AdjustmentsForGainsOnDisposalOfFinancialInstrumentsOfAdjustmentsToReconcileProfitLossOfCashFlowsFromUsedInOperatingActivitiesTableOfItems,금융상품처분이익에 대한 조정
entity00139214_AdjustmentsForIncomeFromAmountsRecoveredFromReinsurerOfAdjustmentsToReconcileProfitLossOfCashFlowsFromUsedInOperatingActivitiesTableOfItems,재보험수익에 대한 조정
entity00139214_AdjustmentsForInsuranceFinanceExpensesFromInsuranceContractsIssuedRecognisedInProfitOrLossOfAdjustmentsToReconcileProfitLossOfCashFlowsFromUsedInOperatingActivitiesTableOfItems,보험금융비용에 대한 조정
entity00139214_AdjustmentsForInsuranceFinanceIncomeFromInsuranceContractsIssuedRecognisedInProfitOrLossOfAdjustmentsToReconcileProfitLossOfCashFlowsFromUsedInOperatingActivitiesTableOfItems,보험금융수익에 대한 조정
entity00139214_AdjustmentsForInsuranceRevenueOfAdjustmentsToReconcileProfitLossOfCashFlowsFromUsedInOperatingActivitiesTableOfItems,보험수익에 대한 조정
entity00139214_AdjustmentsForInsuranceServiceExpensesOfAdjustmentsToReconcileProfitLossOfCashFlowsFromUsedInOperatingActivitiesTableOfItems,보험서비스비용에 대한 조정
entity00139214_AdjustmentsForLeaseContractTerminationLossOfAdjustmentsToReconcileProfitLossOfCashFlowsFromUsedInOperatingActivitiesTableOfItems,리스계약해지손실에 대한 조정
entity00139214_AdjustmentsForLossesOnChangeInFairValueOfFinancialInstrumentsOfAdjustmentsToReconcileProfitLossOfCashFlowsFromUsedInOperatingActivitiesTableOfItems,금융상품평가손실에 대한 조정
entity00139214_AdjustmentsForLossesOnDisposalOfFinancialInstrumentsOfAdjustmentsToReconcileProfitLossOfCashFlowsFromUsedInOperatingActivitiesTableOfItems,금융상품처분손실에 대한 조정
entity00139214_AgriculturalFinancialBondBank202507IAHybridMemberOfEquitySecuritiesMemberOfDetailsOfEquityInstrumentsWithinFinancialAssetsMeasuredAtFairValueThroughOtherComprehensiveIncomeTableOfMember,농업금융채권(은행)2025-07이-A(신종) [구성요소]
entity00139214_AiPartnersEdrEuropeCoreInfrastructureGeneralPrivateSpecialAssetInvestmentTrustNo2MemberOfBeneficiaryCertificateMemberOfDisclosureOfInterestsInInvestmentSecuritiesAccountedForAsFinancialAssetsMeasuredAtFairValueThroughProfitOrLossWithinTheScopeOfConsolidationTableOfMember,에이아이파트너스EdR유럽코어인프라일반사모특별자산투자신탁2호 [구성요소]
entity00139214_AiPartnersEdrEuropeCoreInfrastructureGeneralPrivateSpecialAssetInvestmentTrustNo2MemberOfSubsidiariesMemberOfDisclosureOfFinancialTransactionsBetweenRelatedPartiesTableOfMember,에이아이파트너스EdR유럽코어인프라일반사모특별자산투자신탁2호 [구성요소]
entity00139214_AiPartnersEdrEuropeCoreInfrastructureGeneralPrivateSpecialAssetInvestmentTrustNo3MemberOfBeneficiaryCertificateMemberOfDisclosureOfInterestsInInvestmentSecuritiesAccountedForAsFinancialAssetsMeasuredAtFairValueThroughProfitOrLossWithinTheScopeOfConsolidationTableOfMember,에이아이파트너스EdR유럽코어인프라일반사모특별자산투자신탁3호 [구성요소]
entity00139214_AiPartnersEdrEuropeCoreInfrastructureGeneralPrivateSpecialAssetInvestmentTrustNo3MemberOfSubsidiariesMemberOfDisclosureOfFinancialTransactionsBetweenRelatedPartiesTableOfMember,에이아이파트너스EdR유럽코어인프라일반사모특별자산투자신탁3호 [구성요소]
entity00139214_AllowanceForCreditLossesRatioLoansMeasuredAtAmortizedCostOfDetailsOfLoansMeasuredAtAmortizedCostLineItemsOfDetailsOfLoansMeasuredAtAmortizedCostTableOfItems,"신용손실충당금 설정비율, 상각후원가측정대출채권"
entity00139214_AmortizedCostMeasuredDepositsMemberOfFinancialAssetsAtAmortisedCostCategoryMemberOfChangesInDepositsMeasuredAtAmortizedCostTableOfMember,상각후원가측정예치금 [구성요소]
entity00139214_AsuransiSamsungTuguMemberOfSubsidiariesMemberOfDisclosureOfOutstandingBalancesForRelatedPartyTransactionsTableOfMember,삼성화재인도네시아법인 [구성요소]
entity00139214_AsuransiSamsungTuguMemberOfSubsidiariesMemberOfDisclosureOfTransactionsBetweenRelatedPartiesTableOfMember,삼성화재인도네시아법인 [구성요소]
entity00139214_AxaSaMemberOfEquitySecuritiesMemberOfDetailsOfEquityInstrumentsWithinFinancialAssetsMeasuredAtFairValueThroughOtherComprehensiveIncomeTableOfMember,AXA SA [구성요소]
entity00139214_BeneficiarySecuritiesSubjectToConsolidationMemberOfSubsidiariesMemberOfDisclosureOfOutstandingBalancesForRelatedPartyTransactionsTableOfMember,연결대상 수익증권 [구성요소]
entity00139214_BeneficiarySecuritiesSubjectToConsolidationMemberOfSubsidiariesMemberOfDisclosureOfTransactionsBetweenRelatedPartiesTableOfMember,연결대상 수익증권 [구성요소]
entity00139214_BgtiiInfrastructureEquityPrivateSpecialAssetInvestmentTrustNo2HFundOfFundsMemberOfBeneficiaryCertificateMemberOfDisclosureOfInterestsInInvestmentSecuritiesAccountedForAsFinancialAssetsMeasuredAtFairValueThroughProfitOrLossWithinTheScopeOfConsolidationTableOfMember,BGTII인프라지분투자일반사모특별자산투자신탁제2호(H)(재간접) [구성요소]
entity00139214_BidvAndOthersMemberOfCounterpartiesMemberOfDisclousureOfRestrictedFinancialAssetsTableOfMember,BIDV 외 [구성요소]
entity00139214_BnpParibasSaMemberOfEquitySecuritiesMemberOfDetailsOfEquityInstrumentsWithinFinancialAssetsMeasuredAtFairValueThroughOtherComprehensiveIncomeTableOfMember,BNP PARIBAS SA [구성요소]
entity00139214_BogoDebtStrategyGeneralPrivateRealEstateInvestmentTrustNo26MemberOfBeneficiaryCertificateMemberOfDisclosureOfInterestsInInvestmentSecuritiesAccountedForAsFinancialAssetsMeasuredAtFairValueThroughProfitOrLossWithinTheScopeOfConsolidationTableOfMember,보고DebtStrategy일반사모부동산투자신탁26호 [구성요소]
entity00139214_BogoDebtStrategyGeneralPrivateRealEstateInvestmentTrustNo26MemberOfRelatedPartiesMemberOfDisclosureOnUnusedCommitmentsProvidedTableOfMember,보고DebtStrategy일반사모부동산투자신탁26호 [구성요소]
entity00139214_BogoDebtStrategyGeneralPrivateRealEstateInvestmentTrustNo26MemberOfSubsidiariesMemberOfDisclosureOfFinancialTransactionsBetweenRelatedPartiesTableOfMember,보고DebtStrategy일반사모부동산투자신탁26호 [구성요소]
entity00139214_BondRelatedMemberOfDerivativeContractTypeMemberOfDisclosureOfDetailedInformationAboutHedgingInstrumentsTableOfMember,채권 관련 [구성요소]
entity00139214_BondRelatedMemberOfDerivativeContractTypeMemberOfDisclosureOfInformationAboutAmountsThatAffectedStatementOfComprehensiveIncomeAsResultOfHedgeAccountingTableOfMember,채권 관련 [구성요소]
entity00139214_BrookfieldGlobalTransitionIiInfrastructureEquityInvestmentGeneralPrivateSpecialAssetInvestmentTrustNo2HFeeder2MemberOfRelatedPartiesMemberOfDisclosureOnUnusedCommitmentsProvidedTableOfMember,BGTII인프라지분투자일반사모특별자산투자신탁제2호(H)(재간접) [구성요소]
entity00139214_BrookfieldGlobalTransitionIiInfrastructureEquityInvestmentGeneralPrivateSpecialAssetInvestmentTrustNo2HFeeder2MemberOfSubsidiariesMemberOfDisclosureOfFinancialTransactionsBetweenRelatedPartiesTableOfMember,BGTII인프라지분투자일반사모특별자산투자신탁제2호(H)(재간접) [구성요소]
entity00139214_CallLoanUndiscountedCashFlowsOfLoansAtAmortisedCostUndiscountedCashFlowsOfDisclosureOfLoansAndReceivablesMeasuredAtAmortizedCostByRemainingMaturityTableOfItems,"콜론, 미할인현금흐름"
entity00139214_CapitalBeforeTaxOfChangesInFairValueOfFinancialAssetsMeasuredAtFairValueThroughOtherComprehensiveIncomeLineItemsOfChangesInFairValueOfFinancialAssetsMeasuredAtFairValueThroughOtherComprehensiveIncomeTableOfItems,자본(세전)
entity00139214_CapitalandKoreaGeneralPrivateRealEstateInvestmentTrustNo3MemberOfBeneficiaryCertificateMemberOfDisclosureOfInterestsInInvestmentSecuritiesAccountedForAsFinancialAssetsMeasuredAtFairValueThroughProfitOrLossWithinTheScopeOfConsolidationTableOfMember,캐피탈랜드코리아일반사모부동산투자신탁제3호 [구성요소]
entity00139214_CashAndDueFromBanksMemberOfAssetsMemberOfDisclosureOfFinancialAssetsPledgedAsSecurityTableOfMember,현금및예치금 [구성요소]
entity00139214_CashAndDueFromBanksMemberOfFinancialAssetsAtAmortisedCostCategoryMemberOfGainsLossesFinancialInstrumentsByCategoryTableOfMember,현금및예치금 [구성요소]
entity00139214_CashAndDueFromBanksMemberOfFinancialAssetsAtAmortisedCostClassMemberOfDisclosureOfFairValueByHierarchyAssetsNotMeasuredAtFairValueInStatementOfFinancialPositionButForWhichFairValueIsDisclosedTableOfMember,현금및예치금 [구성요소]
entity00139214_CashAndDueFromBanksMemberOfFinancialAssetsCategoryMemberOfDetailsOfFinancialAssetsDenominatedInForeignCurrencyTableOfMember,현금및예치금 [구성요소]
entity00139214_CashAndDueFromBanksMemberOfFinancialAssetsClassMemberOfFairValueAndBookValueOfAssetsTableOfMember,현금및예치금 [구성요소]
entity00139214_CashAndDueFromBanksMemberOfFinancialInstrumentsClassMemberOfDisclosureOfFairValueMeasurementMethodOfFinancialInstrumentsTableOfMember,현금및예치금 [구성요소]
entity00139214_CashFlowsFromUsedInOperatingActivitiesAbstract,영업활동현금흐름[ 개요 ]
entity00139214_CashFlowsFromUsedInOperatingActivitiesLineItemsOfCashFlowsFromUsedInOperatingActivitiesTableOfLineItems,영업활동현금흐름 [항목]
entity00139214_CashFlowsFromUsedInOperatingActivitiesTable,영업활동현금흐름
entity00139214_CashFlowsFromUsedInOperatingActivitiesTextBlock,영업활동현금흐름[ 문장영역 ]
entity00139214_ChangesInDepositsMeasuredAtAmortizedCostAbstract,상각후원가측정예치금에 대한 변동내역[ 개요 ]
entity00139214_ChangesInDepositsMeasuredAtAmortizedCostLineItemsOfChangesInDepositsMeasuredAtAmortizedCostTableOfLineItems,상각후원가측정예치금에 대한 변동내역 [항목]
entity00139214_ChangesInDepositsMeasuredAtAmortizedCostTable,상각후원가측정예치금에 대한 변동내역
entity00139214_ChangesInDepositsMeasuredAtAmortizedCostTextBlock,상각후원가측정예치금에 대한 변동내역[ 문장영역 ]
entity00139214_ChangesInFairValueOfFinancialAssetsMeasuredAtFairValueThroughOtherComprehensiveIncomeAbstract,기타포괄손익-공정가치측정금융자산평가손익의 변동내역[ 개요 ]
entity00139214_ChangesInFairValueOfFinancialAssetsMeasuredAtFairValueThroughOtherComprehensiveIncomeLineItemsOfChangesInFairValueOfFinancialAssetsMeasuredAtFairValueThroughOtherComprehensiveIncomeTableOfLineItems,기타포괄손익-공정가치측정금융자산평가손익의 변동내역 [항목]
entity00139214_ChangesInFairValueOfFinancialAssetsMeasuredAtFairValueThroughOtherComprehensiveIncomeTable,기타포괄손익-공정가치측정금융자산평가손익의 변동내역
entity00139214_ChangesInFairValueOfFinancialAssetsMeasuredAtFairValueThroughOtherComprehensiveIncomeTextBlock,기타포괄손익-공정가치측정금융자산평가손익의 변동내역[ 문장영역 ]
entity00139214_ChangesInGainsLossesOnCashFlowHedgeDerivativesNonCashTransactionOfDisclosureOfSignificantNonCashTransactionsLineItemsOfDisclosureOfSignificantNonCashTransactionsTableOfItems,"현금흐름위험회피파생상품 평가손익의 변동, 비현금거래"
entity00139214_ChangesInGainsLossesOnFairValueHedgeDerivativesNonCashTransactionOfDisclosureOfSignificantNonCashTransactionsLineItemsOfDisclosureOfSignificantNonCashTransactionsTableOfItems,"공정가치위험회피파생상품 평가손익의 변동, 비현금거래"
entity00139214_ChangesInGainsLossesOnFinancialAssetsMeasuredAtFairValueThroughOtherComprehensiveIncomeNonCashTransactionOfDisclosureOfSignificantNonCashTransactionsLineItemsOfDisclosureOfSignificantNonCashTransactionsTableOfItems,"기타포괄손익-공정가치측정금융상품 평가손익의 변동, 비현금거래"
entity00139214_ChangesInInsuranceContractFinancialIncomeExpensesNonCashTransactionOfDisclosureOfSignificantNonCashTransactionsLineItemsOfDisclosureOfSignificantNonCashTransactionsTableOfItems,"보험계약금융손익의 변동, 비현금거래"
entity00139214_ChangesInReinsuranceContractFinancialIncomeExpensesNonCashTransactionOfDisclosureOfSignificantNonCashTransactionsLineItemsOfDisclosureOfSignificantNonCashTransactionsTableOfItems,"재보험계약금융손익의 변동, 비현금거래"
entity00139214_ClassificationOfInsuranceContractsByPresenceOrAbsenceOfParticipationFeaturesAxisOfDisclosureOfReconciliationOfChangesInInsuranceContractsIssuedByComponentsTableOfAxis,배당유무에 따른 보험계약 구분 [축]
entity00139214_ClassificationOfInsuranceContractsByPresenceOrAbsenceOfParticipationFeaturesAxisOfDisclosureOfReconciliationOfChangesInInsuranceContractsIssuedByRemainingCoverageAndIncurredClaimsTableOfAxis,배당유무에 따른 보험계약 구분 [축]
entity00139214_ClassificationOfInsuranceContractsByPresenceOrAbsenceOfParticipationFeaturesAxisOfDisclosureOfTheComponentsOfInsuranceContractLiabilitiesAndAssetsOfAxis,배당유무에 따른 보험계약 구분 [축]
entity00139214_ClassificationOfInsuranceContractsByPresenceOrAbsenceOfParticipationFeaturesMemberOfClassificationOfInsuranceContractsByPresenceOrAbsenceOfParticipationFeaturesAxisOfDisclosureOfReconciliationOfChangesInInsuranceContractsIssuedByComponentsTableOfMember,배당유무에 따른 보험계약 구분 [구성요소]
entity00139214_ClassificationOfInsuranceContractsByPresenceOrAbsenceOfParticipationFeaturesMemberOfDisclosureOfReconciliationOfChangesInInsuranceContractsIssuedByRemainingCoverageAndIncurredClaimsTableOfMember,배당유무에 따른 보험계약 구분 [구성요소]
entity00139214_ClassificationOfInsuranceContractsByPresenceOrAbsenceOfParticipationFeaturesMemberOfDisclosureOfTheComponentsOfInsuranceContractLiabilitiesAndAssetsTableOfMember,배당유무에 따른 보험계약 구분 [구성요소]
entity00139214_CommittedAmountUnderSpecialAccountsOfDisclosureOfCommitmentsLineItemsOfDisclosureOfCommitmentsTableOfItems,특별계정에 해당하는 약정금액
entity00139214_ComprehensiveIncomeGainsLossesEquityMethodSecuritiesMemberOfAccumulatedOtherComprehensiveIncomeMemberOfDisclosureOfChangesInAccumulatedComprehensiveIncomeTableOfMember,지분법기타포괄손익변동 [구성요소]
entity00139214_CondominiumMembership1MemberOfOtherIntangibleAssetsMemberOfDetailsOfTheRecognitionOfRecoverableAmountAtFairValueLessCostsToSellUponImpairmentTableOfMember,콘도회원권 1 [구성요소]
entity00139214_CondominiumMembership2MemberOfOtherIntangibleAssetsMemberOfDetailsOfTheRecognitionOfRecoverableAmountAtFairValueLessCostsToSellUponImpairmentTableOfMember,콘도회원권 2 [구성요소]
entity00139214_CondominiumMembershipMemberOfOtherIntangibleAssetsMemberOfDetailsOfTheRecognitionOfRecoverableAmountAtFairValueLessCostsToSellUponImpairmentTableOfMember,콘도회원권 [구성요소]
entity00139214_CreditAgricoleSaMemberOfEquitySecuritiesMemberOfDetailsOfEquityInstrumentsWithinFinancialAssetsMeasuredAtFairValueThroughOtherComprehensiveIncomeTableOfMember,CREDIT AGRICOLE SA [구성요소]
entity00139214_CreditLoanUndiscountedCashFlowsOfLoansAtAmortisedCostUndiscountedCashFlowsOfDisclosureOfLoansAndReceivablesMeasuredAtAmortizedCostByRemainingMaturityTableOfItems,"신용대출금, 미할인현금흐름"
entity00139214_CurrencyAndInterestRateRiskMemberOfMarketRiskMemberOfDisclosureOfDetailedInformationAboutHedgingInstrumentsTableOfMember,환위험 및 이자율위험 [구성요소]
entity00139214_CurrencyAndInterestRateRiskMemberOfMarketRiskMemberOfDisclosureOfInformationAboutAmountsThatAffectedStatementOfComprehensiveIncomeAsResultOfHedgeAccountingTableOfMember,환위험 및 이자율위험 [구성요소]
entity00139214_DabeeHanaCheongsanWindGeneralPrivateInvestmentTrustMemberOfBeneficiaryCertificateMemberOfDisclosureOfInterestsInInvestmentSecuritiesAccountedForAsFinancialAssetsMeasuredAtFairValueThroughProfitOrLossWithinTheScopeOfConsolidationTableOfMember,다비하나청산풍력일반투자형사모투자신탁 [구성요소]
entity00139214_DabeeHanaDomesticSolarGeneralPrivateInvestmentTrustMemberOfBeneficiaryCertificateMemberOfDisclosureOfInterestsInInvestmentSecuritiesAccountedForAsFinancialAssetsMeasuredAtFairValueThroughProfitOrLossWithinTheScopeOfConsolidationTableOfMember,다비하나국내태양광일반투자형사모투자신탁 [구성요소]
entity00139214_DaolKtbSwissLifeCoreInfraGeneralPrivateInvestmentTrustNo1MemberOfBeneficiaryCertificateMemberOfDisclosureOfInterestsInInvestmentSecuritiesAccountedForAsFinancialAssetsMeasuredAtFairValueThroughProfitOrLossWithinTheScopeOfConsolidationTableOfMember,다올KTBSwissLifeCoreInfra일반사모투자신탁1호 [구성요소]
entity00139214_DaolKtbSwissLifeCoreInfraGeneralPrivateInvestmentTrustNo1MemberOfRelatedPartiesMemberOfDisclosureOnUnusedCommitmentsProvidedTableOfMember,다올KTBSwissLifeCoreInfra일반사모투자신탁1호 [구성요소]
entity00139214_DaolKtbSwissLifeCoreInfraGeneralPrivateInvestmentTrustNo1MemberOfSubsidiariesMemberOfDisclosureOfFinancialTransactionsBetweenRelatedPartiesTableOfMember,다올KTBSwissLifeCoreInfra일반사모투자신탁1호 [구성요소]
entity00139214_DavyHanaCheongsanWindPowerGeneralPrivateInvestmentTrustMemberOfSubsidiariesMemberOfDisclosureOfFinancialTransactionsBetweenRelatedPartiesTableOfMember,다비하나청산풍력일반투자형사모투자신탁 [구성요소]
entity00139214_DavyHanaDomesticSolarGeneralPrivateInvestmentTrustMemberOfSubsidiariesMemberOfDisclosureOfFinancialTransactionsBetweenRelatedPartiesTableOfMember,다비하나국내태양광일반투자형사모투자신탁 [구성요소]
entity00139214_DebtSecuritiesOtherComprehensiveIncomeGainOrLossOnFairValueMeasurementOfFinancialAssetsMemberOfAccumulatedOtherComprehensiveIncomeMemberOfChangesInFairValueOfFinancialAssetsMeasuredAtFairValueThroughOtherComprehensiveIncomeTableOfMember,"채무증권, 기타포괄손익-공정가치측정금융자산평가손익 [구성요소]"
entity00139214_DecreaseInLeaseLiabilitiesNonCashTransactionOfDisclosureOfSignificantNonCashTransactionsLineItemsOfDisclosureOfSignificantNonCashTransactionsTableOfItems,"리스부채의 감소, 비현금거래"
entity00139214_DecreaseInRightOfUseAssetsNonCashTransactionOfDisclosureOfSignificantNonCashTransactionsLineItemsOfDisclosureOfSignificantNonCashTransactionsTableOfItems,"사용권자산의 감소, 비현금거래"
entity00139214_DeferredCorporateTaxRevaluationReserveOfDisclosureOfRevaluationReserveBalanceDetailsLineItemsOfDisclosureOfRevaluationReserveBalanceDetailsTableOfItems,"이연법인세, 재평가적립금"
entity00139214_DepositInCourtMemberOfOtherFinancialAssetsAtAmortisedCostMemberOfDetailsOfOtherReceivablesAtAmortisedCostTableOfMember,공탁금 [구성요소]
entity00139214_DepositsMeasuredAtAmortisedCostOfDisclosureOfTheCompositionOfCashAndCashEquivalentsAndDepositsMeasuredAtAmortizedCostLineItemsOfDisclosureOfTheCompositionOfCashAndCashEquivalentsAndDepositsMeasuredAtAmortizedCostTableOfItems,상각후원가측정예치금
entity00139214_DerecognitionOfFinancialAssetsMeasuredAtAmortisedCostOfDisclosureOfSalesOfLoansAtAmortisedCostLineItemsOfDisclosureOfSalesOfLoansAtAmortisedCostTableOfItems,상각후원가로 측정하는 금융자산의 제거
entity00139214_DescriptionOfAdditionalInsurancePolicyDetail,추가적인 보험가입내역에 대한 설명
entity00139214_DescriptionOfAdjustedEarningsPerShareEpsAfterReserveAdjustments,준비금 반영 후 주당조정이익에 대한 설명
entity00139214_DescriptionOfCalculationOfIncomeTaxExpenseAndAverageEffectiveTaxRate,법인세비용 산출 및 평균유효세율에 대한 기술
entity00139214_DescriptionOfCategorizationOfCashAndCashEquivalentsOfDisclosureOfFinancialAssetsByCategoriesLineItemsOfDisclosureOfFinancialAssetsByCategoryTableOfItems,현금및현금성자산의 범주 구분에 대한 기술
entity00139214_DescriptionOfCircumstancesForNotIncludingAllFinancialRiskManagementDisclosuresInInterimFinancialStatementsOfDisclosureOfNatureAndExtentOfRisksThatAriseFromContractsWithinScopeOfIfrs17LineItemsOfDisclosureOfNatureAndExtentOfRisksThatAriseFromContractsWithinScopeOfIfrs17TableOfItems,분기재무제표에서 모든 재무위험관리 공시사항을 포함하지 않은 사실에 대한 설명
entity00139214_DescriptionOfCondoMembershipMeasurement,콘도회원권의 측정에 대한 설명
entity00139214_DescriptionOfCondoMembershipMeasurement1,콘도회원권1의 측정에 대한 설명
entity00139214_DescriptionOfCostEstimationExcludingAllowanceForCreditLosses,신용손실충당금 제외 비용 산정에 대한 기술
entity00139214_DescriptionOfCurrenciesOtherThanUsd,USD 이외의 통화에 대한 설명
entity00139214_DescriptionOfCurrentProfitAndLossDesignatedFinancialAssets,당기손익지정금융자산에 대한 설명
entity00139214_DescriptionOfDerivativeFuturesHeldForTradingPurposeOfFairValuesOfDerivativeInstrumentsLineItemsOfFairValuesOfDerivativeInstrumentsTableOfItems,매매목적 파생상품 선물거래에 대한 기술
entity00139214_DescriptionOfDerivativeFuturesHeldForTradingPurposeOfNotionalAmountOfDerivativesLineItemsOfNotionalAmountOfDerivativesTableOfItems,매매목적 파생상품 선물거래에 대한 기술
entity00139214_DescriptionOfDerivativeInstrumentsForOtherPurposesOfFairValuesOfOtherDerivativeInstrumentsLineItemsOfFairValuesOfOtherDerivativeInstrumentsTableOfItems,기타 목적 파생상품에 대한 기술
entity00139214_DescriptionOfDilutedEarningsPerShare,희석주당이익에 대한 설명
entity00139214_DescriptionOfDiscountRatesAndExpectedMortalityRates,할인율 및 기대사망률에 대한 설명
entity00139214_DescriptionOfDividendIncomeAndGainsLossesOnDisposal,배당금수익 및 처분손익에 대한 설명
entity00139214_DescriptionOfEquityInsrumentsCategoriesDetails,지분상품 분류에 대한 기술
entity00139214_DescriptionOfFairValueCalculationMethodAndAlternativeMeasuresTakenOfDisclosureOfFairValueByHierarchyAssetsNotMeasuredAtFairValueInStatementOfFinancialPositionButForWhichFairValueIsDisclosedLineItemsOfDisclosureOfFairValueByHierarchyAssetsNotMeasuredAtFairValueInStatementOfFinancialPositionButForWhichFairValueIsDisclosedTableOfItems,공정가치 산출 방법 및 대용치에 대한 기술
entity00139214_DescriptionOfFairValueCalculationMethodAndAlternativeMeasuresTakenOfDisclosureOfFairValueByHierarchyLiabilitiesNotMeasuredAtFairValueInStatementOfFinancialPositionButForWhichFairValueIsDisclosedLineItemsOfDisclosureOfFairValueByHierarchyLiabilitiesNotMeasuredAtFairValueInStatementOfFinancialPositionButForWhichFairValueIsDisclosedTableOfItems,공정가치 산출 방법 및 대용치에 대한 기술
entity00139214_DescriptionOfFinancialAssetsDesignatedAtFairValueThroughProfitOrLoss,당기손익지정금융자산에 대한 설명
entity00139214_DescriptionOfFinancialInstrumentsExcludedFromDisclosureOfFairValueMeasurementOfDisclosureOfFairValueHierarchyLineItemsOfDisclosureOfFairValueHierarchyTableOfItems,공정가치 공시에서 제외된 금융상품에 대한 기술
entity00139214_DescriptionOfFinancialLiabilitiesMeasuredAtAmortizedCostOfFairValueAndBookValueOfLiabilitiesLineItemsOfFairValueAndBookValueOfLiabilitiesTableOfItems,상각후원가측정금융부채에 대한 기술
entity00139214_DescriptionOfForeignExchangeRateChangesAndOtherItemsRelatedToAmortizedCostMeasuredDebtSecurities,상각후원가측정유가증권의 환율변동 등 기타에 대한 기술
entity00139214_DescriptionOfGainsAndLossesRelatedToDerivativeInstruments,파생상품 관련 손익에 대한 설명
entity00139214_DescriptionOfGolfMembershipMeasurement,골프회원권 측정에 대한 설명
entity00139214_DescriptionOfGolfMembershipMeasurementAndCondoMembershipMeasurement2,골프회원권 및 콘도회원권2 측정에 대한 설명
entity00139214_DescriptionOfIncreaseDecreaseThroughAdditionalItemsNecessaryToUnderstandChangeInsuranceContractsLiabilityAssetOfGeneralInsurance1,"일반보험의 보험계약의 순장부금액 변동을 이해하는 데 필요한 추가 항목에 따른 증가분(감소분), 보험계약부채(자산)에 대한 설명"
entity00139214_DescriptionOfIncreaseDecreaseThroughAdditionalItemsNecessaryToUnderstandChangeInsuranceContractsLiabilityAssetReinsuranceContractOfGeneralInsurance1,일반보험의 보험계약의 순장부금액 변동을 이해하는 데 필요한 추가 항목에 따른 증가분(감소분)에 대한 기술
entity00139214_DescriptionOfInsuranceContractLoansOfDisclosureOfLoanAtAmortisedCostByTypeOfLoanLineItemsOfDisclosureOfLoanAtAmortisedCostByTypeOfLoanTableOfItems,보험계약대출금에 대한 기술
entity00139214_DescriptionOfInsuranceLiabilitiesByAccountingModelAndPortfolio,회계모형 및 포트폴리오별 보험부채 현황에 대한 기술
entity00139214_DescriptionOfInsuranceReceivablesAndInsurancePayablesBalances,보험미수금 및 보험미지급금 잔액에 관한 설명
entity00139214_DescriptionOfInsuranceRevenuesAndInsuranceExpenses,보험수익 및 보험비용에 관한 설명
entity00139214_DescriptionOfInsuredAssetsOfDisclosureOfInsurancePolicyDetailsLineItemsOfDisclosureOfInsurancePolicyDetailsTableOfItems,부보자산에 대한 기술
entity00139214_DescriptionOfInvestmentsInEquityInstrumentsDesignatedAsAtFairValueThroughOtherComprehensiveIncome,지분상품에 대한 투자 중 기타포괄손익-공정가치측정 항목으로 지정한 내역에 대한 기술
entity00139214_DescriptionOfOmissionOfSensitivityAnalysis,민감도분석 생략에 대한 기술
entity00139214_DescriptionOfOtherAmountOfInsuranceContractLiabilitiesAssets,보험계약부채(자산)의 기타 금액에 대한 기술
entity00139214_DescriptionOfOtherAmountsOfInsuranceContractLiabilitiesAssets,보험계약부채(자산)의 기타 금액에 대한 기술
entity00139214_DescriptionOfOtherComprehensiveIncomeIncludingForeignExchangeRateChangesAndOtherItemsRelatedToFairValueThroughOtherComprehensiveIncomeFvociFinancialAssets,기타포괄손익-공정가치측정금융자산의 환율변동 등 기타에 대한 기술
entity00139214_DescriptionOfOtherDebtSecurities,기타채무증권에 대한 설명
entity00139214_DescriptionOfOtherFactorsAffectingLoansMeasuredAtAmortizedCostIncludingForeignExchangeFluctuations,상각후원가측정대출채권의 환율변동 등 기타에 대한 기술
entity00139214_DescriptionOfOtherFinancialIncome,기타금융수익에 대한 설명
entity00139214_DescriptionOfReceivablesAndPayablesDetails,채권ㆍ채무내역에 대한 기술
entity00139214_DescriptionOfRemeasurementFactors,재측정요소에 대한 설명
entity00139214_DescriptionOfReplacementOfIntangibleAssets,무형자산의 대체에 대한 기술
entity00139214_DescriptionOfReplacementPortionOfInvestmentProperty,투자부동산 대체분에 대한 기술
entity00139214_DescriptionOfReplacementsOfIntangibleAssets,무형자산의 대체에 대한 기술
entity00139214_DescriptionOfRevaluationReserves,재평가적립금에 대한 설명
entity00139214_DescriptionOfRevenue,영업수익에 관한 설명
entity00139214_DescriptionOfSaleAndLease,판매후리스에 대한 공시
entity00139214_DescriptionOfShareCapitalOfDisclosureOfClassesOfShareCapitalLineItemsOfDisclosureOfClassesOfShareCapitalTableOfItems,자본금에 대한 기술
entity00139214_DescriptionOfStockIssuancePremium,주식발행초과금에 대한 설명
entity00139214_DescriptionOfTheClassificationOfEquitySecurities,지분증권의 분류에 대한 기술
entity00139214_DescriptionOfTheDisposalOfLoansMeasuredAtAmortizedCost,상각후원가측정대출채권의 처분에 대한 기술
entity00139214_DescriptionOfTheMeasurementOfOtherIntangibleAssets,기타무형자산 측정에 대한 설명
entity00139214_DescriptionOfTheNetChangesInTheTotalCarryingAmountOfDepositsMeasuredAtAmortizedCost,상각후원가측정예치금에 대한 총장부금액 변동내역 중 순증감에 대한 설명
entity00139214_DescriptionOfTreasuryStockHoldingsDetails,자기주식수 보유내역에 대한 설명
entity00139214_DescriptionRegardingExpenseTreatmentAndReversalOfCreditLossAllowances,비용 처리 및 신용손실충당금 환입액에 대한 기술
entity00139214_DescritionOfCompensationToKeyManagementPersonnelOfDisclosureOfCompensationToKeyManagementPersonnelLineItemsOfDisclosureOfCompensationToKeyManagementPersonnelTableOfItems,주요 경영진에 대한 보상에 대한 기술
entity00139214_DetailsOfChangesInLoansMeasuredAtAmortizedCostAbstract,상각후원가측정대출채권의 변동내역에 대한 공시[ 개요 ]
entity00139214_DetailsOfChangesInLoansMeasuredAtAmortizedCostLineItemsOfDetailsOfChangesInLoansMeasuredAtAmortizedCostTableOfLineItems,상각후원가측정대출채권의 변동내역에 대한 공시 [항목]
entity00139214_DetailsOfChangesInLoansMeasuredAtAmortizedCostTable,상각후원가측정대출채권의 변동내역에 대한 공시
entity00139214_DetailsOfChangesInLoansMeasuredAtAmortizedCostTextBlock,상각후원가측정대출채권의 변동내역에 대한 공시[ 문장영역 ]
entity00139214_DetailsOfDerecognisedInvestmentsInEquityInstrumentsThatTheEntityHasDesignatedAtFairValueThroughOtherComprehensiveIncomeAbstract,제거한 기타포괄손익-공정가치로 측정하는 지분상품의 내역[ 개요 ]
entity00139214_DetailsOfDerecognisedInvestmentsInEquityInstrumentsThatTheEntityHasDesignatedAtFairValueThroughOtherComprehensiveIncomeLineItemsOfDetailsOfDerecognisedInvestmentsInEquityInstrumentsThatTheEntityHasDesignatedAtFairValueThroughOtherComprehensiveIncomeTableOfLineItems,제거한 기타포괄손익-공정가치로 측정하는 지분상품의 내역 [항목]
entity00139214_DetailsOfDerecognisedInvestmentsInEquityInstrumentsThatTheEntityHasDesignatedAtFairValueThroughOtherComprehensiveIncomeTable,제거한 기타포괄손익-공정가치로 측정하는 지분상품의 내역
entity00139214_DetailsOfDerecognisedInvestmentsInEquityInstrumentsThatTheEntityHasDesignatedAtFairValueThroughOtherComprehensiveIncomeTextBlock,제거한 기타포괄손익-공정가치로 측정하는 지분상품의 내역[ 문장영역 ]
entity00139214_DetailsOfDividendIncomeRecognizedFromEquityInstrumentsDesignatedAtFairValueThroughOtherComprehensiveIncomeAbstract,기타포괄손익-공정가치측정 항목으로 지정한 지분상품으로부터 인식한 배당금수익 내역[ 개요 ]
entity00139214_DetailsOfDividendIncomeRecognizedFromEquityInstrumentsDesignatedAtFairValueThroughOtherComprehensiveIncomeLineItemsOfDetailsOfDividendIncomeRecognizedFromEquityInstrumentsDesignatedAtFairValueThroughOtherComprehensiveIncomeTableOfLineItems,기타포괄손익-공정가치측정 항목으로 지정한 지분상품으로부터 인식한 배당금수익 내역 [항목]
entity00139214_DetailsOfDividendIncomeRecognizedFromEquityInstrumentsDesignatedAtFairValueThroughOtherComprehensiveIncomeTable,기타포괄손익-공정가치측정 항목으로 지정한 지분상품으로부터 인식한 배당금수익 내역
entity00139214_DetailsOfDividendIncomeRecognizedFromEquityInstrumentsDesignatedAtFairValueThroughOtherComprehensiveIncomeTextBlock,기타포괄손익-공정가치측정 항목으로 지정한 지분상품으로부터 인식한 배당금수익 내역[ 문장영역 ]
entity00139214_DetailsOfEquityInstrumentsWithinFinancialAssetsMeasuredAtFairValueThroughOtherComprehensiveIncomeAbstract,기타포괄손익-공정가치측정금융자산 중 지분상품의 내역[ 개요 ]
entity00139214_DetailsOfEquityInstrumentsWithinFinancialAssetsMeasuredAtFairValueThroughOtherComprehensiveIncomeLineItemsOfDetailsOfEquityInstrumentsWithinFinancialAssetsMeasuredAtFairValueThroughOtherComprehensiveIncomeTableOfLineItems,기타포괄손익-공정가치측정금융자산 중 지분상품의 내역 [항목]
entity00139214_DetailsOfEquityInstrumentsWithinFinancialAssetsMeasuredAtFairValueThroughOtherComprehensiveIncomeTable,기타포괄손익-공정가치측정금융자산 중 지분상품의 내역
entity00139214_DetailsOfEquityInstrumentsWithinFinancialAssetsMeasuredAtFairValueThroughOtherComprehensiveIncomeTextBlock,기타포괄손익-공정가치측정금융자산 중 지분상품의 내역[ 문장영역 ]
entity00139214_DetailsOfFinancialAssetsDenominatedInForeignCurrencyAbstract,외화금융자산의 통화별 내역[ 개요 ]
entity00139214_DetailsOfFinancialAssetsDenominatedInForeignCurrencyLineItemsOfDetailsOfFinancialAssetsDenominatedInForeignCurrencyTableOfLineItems,외화금융자산의 통화별 내역 [항목]
entity00139214_DetailsOfFinancialAssetsDenominatedInForeignCurrencyTable,외화금융자산의 통화별 내역
entity00139214_DetailsOfFinancialAssetsDenominatedInForeignCurrencyTextBlock,외화금융자산의 통화별 내역[ 문장영역 ]
entity00139214_DetailsOfFinancialAssetsDenominatedInForeignCurrencyTotalAbstract,"외화금융자산의 통화별 내역, 합계[ 개요 ]"
entity00139214_DetailsOfFinancialAssetsDenominatedInForeignCurrencyTotalLineItemsOfDetailsOfFinancialAssetsDenominatedInForeignCurrencyTotalTableOfLineItems,"외화금융자산의 통화별 내역, 합계 [ 항목 ]"
entity00139214_DetailsOfFinancialAssetsDenominatedInForeignCurrencyTotalTable,"외화금융자산의 통화별 내역, 합계"
entity00139214_DetailsOfFinancialAssetsDenominatedInForeignCurrencyTotalTextBlock,"외화금융자산의 통화별 내역, 합계[ 문장영역 ]"
entity00139214_DetailsOfFinancialAssetsMeasuredAtAmortizedCostTotalAbstract,"상각후원가측정금융자산의 내역, 합계[ 개요 ]"
entity00139214_DetailsOfFinancialAssetsMeasuredAtAmortizedCostTotalLineItemsOfDetailsOfFinancialAssetsMeasuredAtAmortizedCostTotalTableOfLineItems,"상각후원가측정금융자산의 내역, 합계 [항목]"
entity00139214_DetailsOfFinancialAssetsMeasuredAtAmortizedCostTotalTable,"상각후원가측정금융자산의 내역, 합계"
entity00139214_DetailsOfFinancialAssetsMeasuredAtAmortizedCostTotalTextBlock,"상각후원가측정금융자산의 내역, 합계[ 문장영역 ]"
entity00139214_DetailsOfFinancialLiabilitiesDenominatedInForeignCurrencyAbstract,외화금융부채의 통화별 내역[ 개요 ]
entity00139214_DetailsOfFinancialLiabilitiesDenominatedInForeignCurrencyLineItemsOfDetailsOfFinancialLiabilitiesDenominatedInForeignCurrencyTableOfLineItems,외화금융부채의 통화별 내역 [항목]
entity00139214_DetailsOfFinancialLiabilitiesDenominatedInForeignCurrencyTable,외화금융부채의 통화별 내역
entity00139214_DetailsOfFinancialLiabilitiesDenominatedInForeignCurrencyTextBlock,외화금융부채의 통화별 내역[ 문장영역 ]
entity00139214_DetailsOfLoansMeasuredAtAmortizedCostAbstract,상각후원가측정대출채권의 내역[ 개요 ]
entity00139214_DetailsOfLoansMeasuredAtAmortizedCostLineItemsOfDetailsOfLoansMeasuredAtAmortizedCostTableOfLineItems,상각후원가측정대출채권의 내역 [항목]
entity00139214_DetailsOfLoansMeasuredAtAmortizedCostTable,상각후원가측정대출채권의 내역
entity00139214_DetailsOfLoansMeasuredAtAmortizedCostTextBlock,상각후원가측정대출채권의 내역[ 문장영역 ]
entity00139214_DetailsOfOtherReceivablesAtAmortisedCostAbstract,상각후원가측정기타수취채권의 내역[ 개요 ]
entity00139214_DetailsOfOtherReceivablesAtAmortisedCostLineItemsOfDetailsOfOtherReceivablesAtAmortisedCostTableOfLineItems,상각후원가측정기타수취채권의 내역 [항목]
entity00139214_DetailsOfOtherReceivablesAtAmortisedCostTable,상각후원가측정기타수취채권의 내역
entity00139214_DetailsOfOtherReceivablesAtAmortisedCostTextBlock,상각후원가측정기타수취채권의 내역[ 문장영역 ]
entity00139214_DetailsOfOtherReceivablesAtAmortisedCostTotalAbstract,"상각후원가측정기타수취채권의 내역, 합계[ 개요 ]"
entity00139214_DetailsOfOtherReceivablesAtAmortisedCostTotalLineItemsOfDetailsOfOtherReceivablesAtAmortisedCostTotalTableOfLineItems,"상각후원가측정기타수취채권의 내역, 합계 [항목]"
entity00139214_DetailsOfOtherReceivablesAtAmortisedCostTotalTable,"상각후원가측정기타수취채권의 내역, 합계"
entity00139214_DetailsOfOtherReceivablesAtAmortisedCostTotalTextBlock,"상각후원가측정기타수취채권의 내역, 합계[ 문장영역 ]"
entity00139214_DetailsOfTheRecognitionOfRecoverableAmountAtFairValueLessCostsToSellUponImpairmentAbstract,손상인식시 회수가능가액을 순공정가치로 인식한 내역[ 개요 ]
entity00139214_DetailsOfTheRecognitionOfRecoverableAmountAtFairValueLessCostsToSellUponImpairmentLineItemsOfDetailsOfTheRecognitionOfRecoverableAmountAtFairValueLessCostsToSellUponImpairmentTableOfLineItems,손상인식시 회수가능가액을 순공정가치로 인식한 내역 [항목]
entity00139214_DetailsOfTheRecognitionOfRecoverableAmountAtFairValueLessCostsToSellUponImpairmentTable,손상인식시 회수가능가액을 순공정가치로 인식한 내역
entity00139214_DetailsOfTheRecognitionOfRecoverableAmountAtFairValueLessCostsToSellUponImpairmentTextBlock,손상인식시 회수가능가액을 순공정가치로 인식한 내역[ 문장영역 ]
entity00139214_DetailsOfVoluntaryReservesCorporateRationalizationReservesOfDisclosureOfRegulatoryReserveLineItemsOfDisclosureOfRegulatoryReserveTableOfItems,임의적립금 구성내역(기업합리화적립금)
entity00139214_DetailsOfVoluntaryReservesVoluntaryReservesAtGeneralShareholdersMeetingOfDisclosureOfRegulatoryReserveLineItemsOfDisclosureOfRegulatoryReserveTableOfItems,임의적립금 구성내역(주총결의임의적립금)
entity00139214_DeutscheBankAndOthersMemberOfCounterpartiesMemberOfDisclousureOfRestrictedFinancialAssetsTableOfMember,Deutsche Bank 외 [구성요소]
entity00139214_DisclosureOfAccumulatedOtherComprehensiveIncomeAndLossDetailsAbstract,기타포괄손익누계액 내역에 대한 공시[ 개요 ]
entity00139214_DisclosureOfAccumulatedOtherComprehensiveIncomeAndLossDetailsLineItemsOfDisclosureOfAccumulatedOtherComprehensiveIncomeAndLossDetailsTableOfLineItems,기타포괄손익누계액 내역에 대한 공시 [항목]
entity00139214_DisclosureOfAccumulatedOtherComprehensiveIncomeAndLossDetailsTable,기타포괄손익누계액 내역에 대한 공시
entity00139214_DisclosureOfAccumulatedOtherComprehensiveIncomeAndLossDetailsTextBlock,기타포괄손익누계액 내역에 대한 공시[ 문장영역 ]
entity00139214_DisclosureOfAnalysisOfInsuranceServiceExpensesFromReinsuranceContractsAbstract,재보험비용의 보험서비스비용 분석 공시[ 개요 ]
entity00139214_DisclosureOfAnalysisOfInsuranceServiceExpensesFromReinsuranceContractsLineItemsOfDisclosureOfAnalysisOfInsuranceServiceExpensesFromReinsuranceContractsTableOfLineItems,재보험비용의 보험서비스비용 분석 공시 [항목]
entity00139214_DisclosureOfAnalysisOfInsuranceServiceExpensesFromReinsuranceContractsTable,재보험비용의 보험서비스비용 분석 공시
entity00139214_DisclosureOfAnalysisOfInsuranceServiceExpensesFromReinsuranceContractsTextBlock,재보험비용의 보험서비스비용 분석 공시[ 문장영역 ]
entity00139214_DisclosureOfCalculationDetailsOfWeightedAverageNumberOfSharesInCirculationAbstract,가중평균유통주식수 산정 내역에 대한 공시[ 개요 ]
entity00139214_DisclosureOfCalculationDetailsOfWeightedAverageNumberOfSharesInCirculationLineItemsOfDisclosureOfCalculationDetailsOfWeightedAverageNumberOfSharesInCirculationTableOfLineItems,가중평균유통주식수 산정 내역에 대한 공시 [항목]
entity00139214_DisclosureOfCalculationDetailsOfWeightedAverageNumberOfSharesInCirculationTable,가중평균유통주식수 산정 내역에 대한 공시
entity00139214_DisclosureOfCalculationDetailsOfWeightedAverageNumberOfSharesInCirculationTextBlock,가중평균유통주식수 산정 내역에 대한 공시[ 문장영역 ]
entity00139214_DisclosureOfCashFlowsByMaturityForSecuritiesMeasuredAtAmortizedCostAbstract,상각후원가측정유가증권 만기별 현금흐름 내역[ 개요 ]
entity00139214_DisclosureOfCashFlowsByMaturityForSecuritiesMeasuredAtAmortizedCostLineItemsOfDisclosureOfCashFlowsByMaturityForSecuritiesMeasuredAtAmortizedCostTableOfLineItems,상각후원가측정유가증권 만기별 현금흐름 내역 [항목]
entity00139214_DisclosureOfCashFlowsByMaturityForSecuritiesMeasuredAtAmortizedCostTable,상각후원가측정유가증권 만기별 현금흐름 내역
entity00139214_DisclosureOfCashFlowsByMaturityForSecuritiesMeasuredAtAmortizedCostTextBlock,상각후원가측정유가증권 만기별 현금흐름 내역[ 문장영역 ]
entity00139214_DisclosureOfChangeInRightOfUseAssetsAbstract,사용권자산 변동내역에 대한 공시[ 개요 ]
entity00139214_DisclosureOfChangeInRightOfUseAssetsLineItemsOfDisclosureOfChangeInRightOfUseAssetsTableOfLineItems,사용권자산 변동내역에 대한 공시 [항목]
entity00139214_DisclosureOfChangeInRightOfUseAssetsTable,사용권자산 변동내역에 대한 공시
entity00139214_DisclosureOfChangeInRightOfUseAssetsTextBlock,사용권자산 변동내역에 대한 공시[ 문장영역 ]
entity00139214_DisclosureOfChangesInAccumulatedComprehensiveIncomeAbstract,기타포괄손익누계액 변동 내역에 대한 공시[ 개요 ]
entity00139214_DisclosureOfChangesInAccumulatedComprehensiveIncomeLineItemsOfDisclosureOfChangesInAccumulatedComprehensiveIncomeTableOfLineItems,기타포괄손익누계액 변동 내역에 대한 공시 [항목]
entity00139214_DisclosureOfChangesInAccumulatedComprehensiveIncomeTable,기타포괄손익누계액 변동 내역에 대한 공시
entity00139214_DisclosureOfChangesInAccumulatedComprehensiveIncomeTextBlock,기타포괄손익누계액 변동 내역에 대한 공시[ 문장영역 ]
entity00139214_DisclosureOfChangesInLeaseLiabilitiesAbstract,리스부채 변동내역에 대한 공시[ 개요 ]
entity00139214_DisclosureOfChangesInLeaseLiabilitiesLineItemsOfDisclosureOfChangesInLeaseLiabilitiesTableOfLineItems,리스부채 변동내역에 대한 공시 [항목]
entity00139214_DisclosureOfChangesInLeaseLiabilitiesTable,리스부채 변동내역에 대한 공시
entity00139214_DisclosureOfChangesInLeaseLiabilitiesTextBlock,리스부채 변동내역에 대한 공시[ 문장영역 ]
entity00139214_DisclosureOfChangesInOtherReceivablesMeasuredAtAmortizedCostAbstract,상각후원가측정기타수취채권의 변동내역[ 개요 ]
entity00139214_DisclosureOfChangesInOtherReceivablesMeasuredAtAmortizedCostLineItemsOfDisclosureOfChangesInOtherReceivablesMeasuredAtAmortizedCostTableOfLineItems,상각후원가측정기타수취채권의 변동내역 [항목]
entity00139214_DisclosureOfChangesInOtherReceivablesMeasuredAtAmortizedCostTable,상각후원가측정기타수취채권의 변동내역
entity00139214_DisclosureOfChangesInOtherReceivablesMeasuredAtAmortizedCostTextBlock,상각후원가측정기타수취채권의 변동내역[ 문장영역 ]
entity00139214_DisclosureOfChangesInProvisionForUnusedCommitmentsAbstract,미사용약정충당부채의 변동내역에 대한 공시[ 개요 ]
entity00139214_DisclosureOfChangesInProvisionForUnusedCommitmentsLineItemsOfDisclosureOfChangesInProvisionForUnusedCommitmentsTableOfLineItems,미사용약정충당부채의 변동내역에 대한 공시 [항목]
entity00139214_DisclosureOfChangesInProvisionForUnusedCommitmentsTable,미사용약정충당부채의 변동내역에 대한 공시
entity00139214_DisclosureOfChangesInProvisionForUnusedCommitmentsTextBlock,미사용약정충당부채의 변동내역에 대한 공시[ 문장영역 ]
entity00139214_DisclosureOfCommitmentsAbstract,약정에 대한 공시[ 개요 ]
entity00139214_DisclosureOfCommitmentsLineItemsOfDisclosureOfCommitmentsTableOfLineItems,약정에 대한 공시 [항목]
entity00139214_DisclosureOfCommitmentsTable,약정에 대한 공시
entity00139214_DisclosureOfCommitmentsTextBlock,약정에 대한 공시[ 문장영역 ]
entity00139214_DisclosureOfCompensationToKeyManagementPersonnelAbstract,주요 경영진에 대한 보상에 대한 공시[ 개요 ]
entity00139214_DisclosureOfCompensationToKeyManagementPersonnelLineItemsOfDisclosureOfCompensationToKeyManagementPersonnelTableOfLineItems,주요 경영진에 대한 보상에 대한 공시 [항목]
entity00139214_DisclosureOfCompensationToKeyManagementPersonnelTable,주요 경영진에 대한 보상에 대한 공시
entity00139214_DisclosureOfCompensationToKeyManagementPersonnelTextBlock,주요 경영진에 대한 보상에 대한 공시[ 문장영역 ]
entity00139214_DisclosureOfComponentsOfReinsuranceContractAssetsAndLiabilitiesAbstract,재보험계약자산(부채)의 구성내역에 대한 공시[ 개요 ]
entity00139214_DisclosureOfComponentsOfReinsuranceContractAssetsAndLiabilitiesLineItemsOfDisclosureOfComponentsOfReinsuranceContractAssetsAndLiabilitiesTableOfLineItems,재보험계약자산(부채)의 구성내역에 대한 공시 [항목]
entity00139214_DisclosureOfComponentsOfReinsuranceContractAssetsAndLiabilitiesTable,재보험계약자산(부채)의 구성내역에 대한 공시
entity00139214_DisclosureOfComponentsOfReinsuranceContractAssetsAndLiabilitiesTextBlock,재보험계약자산(부채)의 구성내역에 대한 공시[ 문장영역 ]
entity00139214_DisclosureOfCostsUnderDefinedContributionPlansAbstract,확정기여형제도에 따른 비용에 대한 공시[ 개요 ]
entity00139214_DisclosureOfCostsUnderDefinedContributionPlansLineItemsOfDisclosureOfCostsUnderDefinedContributionPlansTableOfLineItems,확정기여형제도에 따른 비용에 대한 공시 [항목]
entity00139214_DisclosureOfCostsUnderDefinedContributionPlansTable,확정기여형제도에 따른 비용에 대한 공시
entity00139214_DisclosureOfCostsUnderDefinedContributionPlansTextBlock,확정기여형제도에 따른 비용에 대한 공시[ 문장영역 ]
entity00139214_DisclosureOfDetailedInformationAboutHedgesAbstract,위험회피에 대한 세부 정보 공시[ 개요 ]
entity00139214_DisclosureOfDetailedInformationAboutHedgesLineItemsOfDisclosureOfDetailedInformationAboutHedgesTableOfLineItems,위험회피에 대한 세부 정보 공시 [항목]
entity00139214_DisclosureOfDetailedInformationAboutHedgesTable,위험회피에 대한 세부 정보 공시
entity00139214_DisclosureOfDetailedInformationAboutHedgesTextBlock,위험회피에 대한 세부 정보 공시[ 문장영역 ]
entity00139214_DisclosureOfDetailsOfCapitalAdjustmentAbstract,자본조정의 구성내역에 대한 공시[ 개요 ]
entity00139214_DisclosureOfDetailsOfCapitalAdjustmentLineItemsOfDisclosureOfDetailsOfCapitalAdjustmentTableOfLineItems,자본조정의 구성내역에 대한 공시 [항목]
entity00139214_DisclosureOfDetailsOfCapitalAdjustmentTable,자본조정의 구성내역에 대한 공시
entity00139214_DisclosureOfDetailsOfCapitalAdjustmentTextBlock,자본조정의 구성내역에 대한 공시[ 문장영역 ]
entity00139214_DisclosureOfDetailsOfCapitalSurplusCompositionAbstract,자본잉여금 구성내역에 관한 공시[ 개요 ]
entity00139214_DisclosureOfDetailsOfCapitalSurplusCompositionLineItemsOfDisclosureOfDetailsOfCapitalSurplusCompositionTableOfLineItems,자본잉여금 구성내역에 관한 공시 [항목]
entity00139214_DisclosureOfDetailsOfCapitalSurplusCompositionTable,자본잉여금 구성내역에 관한 공시
entity00139214_DisclosureOfDetailsOfCapitalSurplusCompositionTextBlock,자본잉여금 구성내역에 관한 공시[ 문장영역 ]
entity00139214_DisclosureOfFairValueByHierarchyLiabilitiesNotMeasuredAtFairValueInStatementOfFinancialPositionButForWhichFairValueIsDisclosedTotalAbstract,"공정가치로 측정되지 않으나 공정가치가 공시되는 자산,부채의 서열체계별 공정가치, 부채 합계[ 개요 ]"
entity00139214_DisclosureOfFairValueByHierarchyLiabilitiesNotMeasuredAtFairValueInStatementOfFinancialPositionButForWhichFairValueIsDisclosedTotalLineItemsOfDisclosureOfFairValueByHierarchyLiabilitiesNotMeasuredAtFairValueInStatementOfFinancialPositionButForWhichFairValueIsDisclosedTotalTableOfLineItems,"공정가치로 측정되지 않으나 공정가치가 공시되는 자산,부채의 서열체계별 공정가치, 부채 합계 [항목]"
entity00139214_DisclosureOfFairValueByHierarchyLiabilitiesNotMeasuredAtFairValueInStatementOfFinancialPositionButForWhichFairValueIsDisclosedTotalTable,"공정가치로 측정되지 않으나 공정가치가 공시되는 자산,부채의 서열체계별 공정가치, 부채 합계"
entity00139214_DisclosureOfFairValueByHierarchyLiabilitiesNotMeasuredAtFairValueInStatementOfFinancialPositionButForWhichFairValueIsDisclosedTotalTextBlock,"공정가치로 측정되지 않으나 공정가치가 공시되는 자산,부채의 서열체계별 공정가치, 부채 합계[ 문장영역 ]"
entity00139214_DisclosureOfFairValueByHierarchyTotalAssetsNotMeasuredAtFairValueInStatementOfFinancialPositionButForWhichFairValueIsDisclosedAbstract,"공정가치로 측정되지 않으나 공정가치가 공시되는 자산,부채의 서열체계별 공정가치, 자산 합계[ 개요 ]"
entity00139214_DisclosureOfFairValueByHierarchyTotalAssetsNotMeasuredAtFairValueInStatementOfFinancialPositionButForWhichFairValueIsDisclosedLineItemsOfDisclosureOfFairValueByHierarchyTotalAssetsNotMeasuredAtFairValueInStatementOfFinancialPositionButForWhichFairValueIsDisclosedTableOfLineItems,"공정가치로 측정되지 않으나 공정가치가 공시되는 자산,부채의 서열체계별 공정가치, 자산 합계 [항목]"
entity00139214_DisclosureOfFairValueByHierarchyTotalAssetsNotMeasuredAtFairValueInStatementOfFinancialPositionButForWhichFairValueIsDisclosedTable,"공정가치로 측정되지 않으나 공정가치가 공시되는 자산,부채의 서열체계별 공정가치, 자산 합계"
entity00139214_DisclosureOfFairValueByHierarchyTotalAssetsNotMeasuredAtFairValueInStatementOfFinancialPositionButForWhichFairValueIsDisclosedTextBlock,"공정가치로 측정되지 않으나 공정가치가 공시되는 자산,부채의 서열체계별 공정가치, 자산 합계[ 문장영역 ]"
entity00139214_DisclosureOfFairValueHierarchyAbstract,공정가치 서열체계에 대한 공시[ 개요 ]
entity00139214_DisclosureOfFairValueHierarchyLineItemsOfDisclosureOfFairValueHierarchyTableOfLineItems,공정가치 서열체계에 대한 공시 [항목]
entity00139214_DisclosureOfFairValueHierarchyTable,공정가치 서열체계에 대한 공시
entity00139214_DisclosureOfFairValueHierarchyTextBlock,공정가치 서열체계에 대한 공시[ 문장영역 ]
entity00139214_DisclosureOfFairValueMeasurementMethodOfFinancialInstrumentsAbstract,금융상품의 공정가치 측정방법에 대한 공시[ 개요 ]
entity00139214_DisclosureOfFairValueMeasurementMethodOfFinancialInstrumentsLineItemsOfDisclosureOfFairValueMeasurementMethodOfFinancialInstrumentsTableOfLineItems,금융상품의 공정가치 측정방법에 대한 공시 [항목]
entity00139214_DisclosureOfFairValueMeasurementMethodOfFinancialInstrumentsTable,금융상품의 공정가치 측정방법에 대한 공시
entity00139214_DisclosureOfFairValueMeasurementMethodOfFinancialInstrumentsTextBlock,금융상품의 공정가치 측정방법에 대한 공시[ 문장영역 ]
entity00139214_DisclosureOfFairValueMeasurementPoliciesAndProceduresAbstract,공정가치 평가 정책 및 절차에 대한 공시[ 개요 ]
entity00139214_DisclosureOfFairValueMeasurementPoliciesAndProceduresLineItemsOfDisclosureOfFairValueMeasurementPoliciesAndProceduresTableOfLineItems,공정가치 평가 정책 및 절차에 대한 공시 [항목]
entity00139214_DisclosureOfFairValueMeasurementPoliciesAndProceduresTable,공정가치 평가 정책 및 절차에 대한 공시
entity00139214_DisclosureOfFairValueMeasurementPoliciesAndProceduresTextBlock,공정가치 평가 정책 및 절차에 대한 공시[ 문장영역 ]
entity00139214_DisclosureOfGainsAndLossesByCategoryOfFinancialInstrumentsTotalAbstract,"금융상품 범주별 손익의 공시, 합계[ 개요 ]"
entity00139214_DisclosureOfGainsAndLossesByCategoryOfFinancialInstrumentsTotalLineItemsOfDisclosureOfGainsAndLossesByCategoryOfFinancialInstrumentsTotalTableOfLineItems,"금융상품 범주별 손익의 공시, 합계 [항목]"
entity00139214_DisclosureOfGainsAndLossesByCategoryOfFinancialInstrumentsTotalTable,"금융상품 범주별 손익의 공시, 합계"
entity00139214_DisclosureOfGainsAndLossesByCategoryOfFinancialInstrumentsTotalTextBlock,"금융상품 범주별 손익의 공시, 합계[ 문장영역 ]"
entity00139214_DisclosureOfGeneralAndAutomobileInsuranceLiabilitiesByAccountingModelAndPortfolioAbstract,회계모형 및 포트폴리오별 일반 및 자동차 보험부채 현황에 대한 공시[ 개요 ]
entity00139214_DisclosureOfGeneralAndAutomobileInsuranceLiabilitiesByAccountingModelAndPortfolioLineItemsOfDisclosureOfGeneralAndAutomobileInsuranceLiabilitiesByAccountingModelAndPortfolioTableOfLineItems,회계모형 및 포트폴리오별 일반 및 자동차 보험부채 현황에 대한 공시 [항목]
entity00139214_DisclosureOfGeneralAndAutomobileInsuranceLiabilitiesByAccountingModelAndPortfolioTable,회계모형 및 포트폴리오별 일반 및 자동차 보험부채 현황에 대한 공시
entity00139214_DisclosureOfGeneralAndAutomobileInsuranceLiabilitiesByAccountingModelAndPortfolioTextBlock,회계모형 및 포트폴리오별 일반 및 자동차 보험부채 현황에 대한 공시[ 문장영역 ]
entity00139214_DisclosureOfInformationAboutExpectedRecognitionOfContractualServiceMarginInProfitOrLossAbstract,당기손익 인식이 예상되는 보험계약마진에 대한 정보 공시[ 개요 ]
entity00139214_DisclosureOfInformationAboutExpectedRecognitionOfContractualServiceMarginInProfitOrLossLineItemsOfDisclosureOfInformationAboutExpectedRecognitionOfContractualServiceMarginInProfitOrLossTableOfLineItems,당기손익 인식이 예상되는 보험계약마진에 대한 정보 공시 [항목]
entity00139214_DisclosureOfInformationAboutExpectedRecognitionOfContractualServiceMarginInProfitOrLossTable,당기손익 인식이 예상되는 보험계약마진에 대한 정보 공시
entity00139214_DisclosureOfInformationAboutExpectedRecognitionOfContractualServiceMarginInProfitOrLossTextBlock,당기손익 인식이 예상되는 보험계약마진에 대한 정보 공시[ 문장영역 ]
entity00139214_DisclosureOfInformationAboutWeightedAverageDurationOfDefinedBenefitObligationAbstract,확정급여채무의 가중평균만기에 대한 정보의 공시[ 개요 ]
entity00139214_DisclosureOfInformationAboutWeightedAverageDurationOfDefinedBenefitObligationLineItemsOfDisclosureOfInformationAboutWeightedAverageDurationOfDefinedBenefitObligationTableOfLineItems,확정급여채무의 가중평균만기에 대한 정보의 공시 [항목]
entity00139214_DisclosureOfInformationAboutWeightedAverageDurationOfDefinedBenefitObligationTable,확정급여채무의 가중평균만기에 대한 정보의 공시
entity00139214_DisclosureOfInformationAboutWeightedAverageDurationOfDefinedBenefitObligationTextBlock,확정급여채무의 가중평균만기에 대한 정보의 공시[ 문장영역 ]
entity00139214_DisclosureOfInformationsAboutMaturityProfileOfDefinedBenefitObligationAbstract,확정급여채무의 만기구성에 대한 정보의 공시[ 개요 ]
entity00139214_DisclosureOfInformationsAboutMaturityProfileOfDefinedBenefitObligationLineItemsOfDisclosureOfInformationsAboutMaturityProfileOfDefinedBenefitObligationTableOfLineItems,확정급여채무의 만기구성에 대한 정보의 공시 [항목]
entity00139214_DisclosureOfInformationsAboutMaturityProfileOfDefinedBenefitObligationTable,확정급여채무의 만기구성에 대한 정보의 공시
entity00139214_DisclosureOfInformationsAboutMaturityProfileOfDefinedBenefitObligationTextBlock,확정급여채무의 만기구성에 대한 정보의 공시[ 문장영역 ]
entity00139214_DisclosureOfInsuranceLiabilitiesByAccountingModelAndPortfolioAbstract,회계모형 및 포트폴리오별 보험부채에 대한 공시[ 개요 ]
entity00139214_DisclosureOfInsuranceLiabilitiesByAccountingModelAndPortfolioLineItemsOfDisclosureOfInsuranceLiabilitiesByAccountingModelAndPortfolioTableOfLineItems,회계모형 및 포트폴리오별 보험부채에 대한 공시 [ 항목 ]
entity00139214_DisclosureOfInsuranceLiabilitiesByAccountingModelAndPortfolioTable,회계모형 및 포트폴리오별 보험부채에 대한 공시
entity00139214_DisclosureOfInsuranceLiabilitiesByAccountingModelAndPortfolioTextBlock,회계모형 및 포트폴리오별 보험부채에 대한 공시[ 문장영역 ]
entity00139214_DisclosureOfInsurancePolicyDetailsAbstract,보험가입내역에 대한 공시[ 개요 ]
entity00139214_DisclosureOfInsurancePolicyDetailsLineItemsOfDisclosureOfInsurancePolicyDetailsTableOfLineItems,보험가입내역에 대한 공시 [항목]
entity00139214_DisclosureOfInsurancePolicyDetailsTable,보험가입내역에 대한 공시
entity00139214_DisclosureOfInsurancePolicyDetailsTextBlock,보험가입내역에 대한 공시[ 문장영역 ]
entity00139214_DisclosureOfInterestsInInvestmentSecuritiesAccountedForAsFinancialAssetsMeasuredAtFairValueThroughProfitOrLossWithinTheScopeOfConsolidationAbstract,당기손익-공정가치측정금융자산 중 연결 대상 수익증권에 대한 공시[ 개요 ]
entity00139214_DisclosureOfInterestsInInvestmentSecuritiesAccountedForAsFinancialAssetsMeasuredAtFairValueThroughProfitOrLossWithinTheScopeOfConsolidationLineItemsOfDisclosureOfInterestsInInvestmentSecuritiesAccountedForAsFinancialAssetsMeasuredAtFairValueThroughProfitOrLossWithinTheScopeOfConsolidationTableOfLineItems,당기손익-공정가치측정금융자산 중 연결 대상 수익증권에 대한 공시 [항목]
entity00139214_DisclosureOfInterestsInInvestmentSecuritiesAccountedForAsFinancialAssetsMeasuredAtFairValueThroughProfitOrLossWithinTheScopeOfConsolidationTable,당기손익-공정가치측정금융자산 중 연결 대상 수익증권에 대한 공시
entity00139214_DisclosureOfInterestsInInvestmentSecuritiesAccountedForAsFinancialAssetsMeasuredAtFairValueThroughProfitOrLossWithinTheScopeOfConsolidationTextBlock,당기손익-공정가치측정금융자산 중 연결 대상 수익증권에 대한 공시[ 문장영역 ]
entity00139214_DisclosureOfLeaseLiabilityMaturityAnalysisAbstract,리스부채의 만기분석 공시[ 개요 ]
entity00139214_DisclosureOfLeaseLiabilityMaturityAnalysisLineItemsOfDisclosureOfLeaseLiabilityMaturityAnalysisTableOfLineItems,리스부채의 만기분석 공시 [항목]
entity00139214_DisclosureOfLeaseLiabilityMaturityAnalysisTable,리스부채의 만기분석 공시
entity00139214_DisclosureOfLeaseLiabilityMaturityAnalysisTextBlock,리스부채의 만기분석 공시[ 문장영역 ]
entity00139214_DisclosureOfLeaseLiabilityMaturityAnalysisTotalAbstract,"리스부채의 만기분석 공시, 합계[ 개요 ]"
entity00139214_DisclosureOfLeaseLiabilityMaturityAnalysisTotalLineItemsOfDisclosureOfLeaseLiabilityMaturityAnalysisTotalTableOfLineItems,"리스부채의 만기분석 공시, 합계 [항목]"
entity00139214_DisclosureOfLeaseLiabilityMaturityAnalysisTotalTable,"리스부채의 만기분석 공시, 합계"
entity00139214_DisclosureOfLeaseLiabilityMaturityAnalysisTotalTextBlock,"리스부채의 만기분석 공시, 합계[ 문장영역 ]"
entity00139214_DisclosureOfLeaseRecognitionExemptionsAbstract,리스 인식 면제 내역에 대한 공시[ 개요 ]
entity00139214_DisclosureOfLeaseRecognitionExemptionsLineItemsOfDisclosureOfLeaseRecognitionExemptionsTableOfLineItems,리스 인식 면제 내역에 대한 공시 [항목]
entity00139214_DisclosureOfLeaseRecognitionExemptionsTable,리스 인식 면제 내역에 대한 공시
entity00139214_DisclosureOfLeaseRecognitionExemptionsTextBlock,리스 인식 면제 내역에 대한 공시[ 문장영역 ]
entity00139214_DisclosureOfLegalProceedingsContingentLiabilityTotalAbstract,"법적소송우발부채에 대한 공시, 합계[ 개요 ]"
entity00139214_DisclosureOfLegalProceedingsContingentLiabilityTotalLineItemsOfDisclosureOfLegalProceedingsContingentLiabilityTotalTableOfLineItems,"법적소송우발부채에 대한 공시, 합계 [항목]"
entity00139214_DisclosureOfLegalProceedingsContingentLiabilityTotalTable,"법적소송우발부채에 대한 공시, 합계"
entity00139214_DisclosureOfLegalProceedingsContingentLiabilityTotalTextBlock,"법적소송우발부채에 대한 공시, 합계[ 문장영역 ]"
entity00139214_DisclosureOfLoanAtAmortisedCostByCustomerTypeAbstract,상각후원가측정대출채권의 고객유형별 공시[ 개요 ]
entity00139214_DisclosureOfLoanAtAmortisedCostByCustomerTypeLineItemsOfDisclosureOfLoanAtAmortisedCostByCustomerTypeTableOfLineItems,상각후원가측정대출채권의 고객유형별 공시 [항목]
entity00139214_DisclosureOfLoanAtAmortisedCostByCustomerTypeTable,상각후원가측정대출채권의 고객유형별 공시
entity00139214_DisclosureOfLoanAtAmortisedCostByCustomerTypeTextBlock,상각후원가측정대출채권의 고객유형별 공시[ 문장영역 ]
entity00139214_DisclosureOfLoanAtAmortisedCostByTypeOfLoanAbstract,상각후원가측정대출채권의 대출유형별 공시[ 개요 ]
entity00139214_DisclosureOfLoanAtAmortisedCostByTypeOfLoanLineItemsOfDisclosureOfLoanAtAmortisedCostByTypeOfLoanTableOfLineItems,상각후원가측정대출채권의 대출유형별 공시 [항목]
entity00139214_DisclosureOfLoanAtAmortisedCostByTypeOfLoanTable,상각후원가측정대출채권의 대출유형별 공시
entity00139214_DisclosureOfLoanAtAmortisedCostByTypeOfLoanTextBlock,상각후원가측정대출채권의 대출유형별 공시[ 문장영역 ]
entity00139214_DisclosureOfLoansAndReceivablesMeasuredAtAmortizedCostByRemainingMaturityAbstract,상각후원가측정대출채권의 잔존기간별 공시[ 개요 ]
entity00139214_DisclosureOfLoansAndReceivablesMeasuredAtAmortizedCostByRemainingMaturityLineItemsOfDisclosureOfLoansAndReceivablesMeasuredAtAmortizedCostByRemainingMaturityTableOfLineItems,상각후원가측정대출채권의 잔존기간별 공시 [항목]
entity00139214_DisclosureOfLoansAndReceivablesMeasuredAtAmortizedCostByRemainingMaturityTable,상각후원가측정대출채권의 잔존기간별 공시
entity00139214_DisclosureOfLoansAndReceivablesMeasuredAtAmortizedCostByRemainingMaturityTextBlock,상각후원가측정대출채권의 잔존기간별 공시[ 문장영역 ]
entity00139214_DisclosureOfNatureAndExtentOfRisksThatAriseFromContractsWithinScopeOfIfrs17Abstract,IFRS 17 적용범위에 포함되는 계약에서 생기는 위험의 성격과 정도 공시[ 개요 ]
entity00139214_DisclosureOfNatureAndExtentOfRisksThatAriseFromContractsWithinScopeOfIfrs17LineItemsOfDisclosureOfNatureAndExtentOfRisksThatAriseFromContractsWithinScopeOfIfrs17TableOfLineItems,IFRS 17 적용범위에 포함되는 계약에서 생기는 위험의 성격과 정도 공시 [항목]
entity00139214_DisclosureOfNatureAndExtentOfRisksThatAriseFromContractsWithinScopeOfIfrs17Table,IFRS 17 적용범위에 포함되는 계약에서 생기는 위험의 성격과 정도 공시
entity00139214_DisclosureOfNatureAndExtentOfRisksThatAriseFromContractsWithinScopeOfIfrs17TextBlock,IFRS 17 적용범위에 포함되는 계약에서 생기는 위험의 성격과 정도 공시[ 문장영역 ]
entity00139214_DisclosureOfOperatingSegmentsIncomeStatementAbstract,영업부문에 대한 공시_손익계산서[ 개요 ]
entity00139214_DisclosureOfOperatingSegmentsIncomeStatementLineItemsOfDisclosureOfOperatingSegmentsIncomeStatementTableOfLineItems,영업부문에 대한 공시_손익계산서 [항목]
entity00139214_DisclosureOfOperatingSegmentsIncomeStatementTable,영업부문에 대한 공시_손익계산서
entity00139214_DisclosureOfOperatingSegmentsIncomeStatementTextBlock,영업부문에 대한 공시_손익계산서[ 문장영역 ]
entity00139214_DisclosureOfOtherCapitalSurplusCompositionDetailsAbstract,기타자본잉여금 구성내역에 관한 공시[ 개요 ]
entity00139214_DisclosureOfOtherCapitalSurplusCompositionDetailsLineItemsOfDisclosureOfOtherCapitalSurplusCompositionDetailsTableOfLineItems,기타자본잉여금 구성내역에 관한 공시 [항목]
entity00139214_DisclosureOfOtherCapitalSurplusCompositionDetailsTable,기타자본잉여금 구성내역에 관한 공시
entity00139214_DisclosureOfOtherCapitalSurplusCompositionDetailsTextBlock,기타자본잉여금 구성내역에 관한 공시[ 문장영역 ]
entity00139214_DisclosureOfProfitsAndLossesRelatedToDefinedBenefitPlansAbstract,확정급여제도 관련 손익에 대한 공시[ 개요 ]
entity00139214_DisclosureOfProfitsAndLossesRelatedToDefinedBenefitPlansLineItemsOfDisclosureOfProfitsAndLossesRelatedToDefinedBenefitPlansTableOfLineItems,확정급여제도 관련 손익에 대한 공시 [항목]
entity00139214_DisclosureOfProfitsAndLossesRelatedToDefinedBenefitPlansTable,확정급여제도 관련 손익에 대한 공시
entity00139214_DisclosureOfProfitsAndLossesRelatedToDefinedBenefitPlansTextBlock,확정급여제도 관련 손익에 대한 공시[ 문장영역 ]
entity00139214_DisclosureOfQuantitativeInformationsAboutLeaseLiabilitiesAbstract,리스부채에 대한 양적 정보 공시[ 개요 ]
entity00139214_DisclosureOfQuantitativeInformationsAboutLeaseLiabilitiesLineItemsOfDisclosureOfQuantitativeInformationsAboutLeaseLiabilitiesTableOfLineItems,리스부채에 대한 양적 정보 공시 [항목]
entity00139214_DisclosureOfQuantitativeInformationsAboutLeaseLiabilitiesTable,리스부채에 대한 양적 정보 공시
entity00139214_DisclosureOfQuantitativeInformationsAboutLeaseLiabilitiesTextBlock,리스부채에 대한 양적 정보 공시[ 문장영역 ]
entity00139214_DisclosureOfRevaluationReserveBalanceDetailsAbstract,재평가적립금 잔액 내역에 관한 공시[ 개요 ]
entity00139214_DisclosureOfRevaluationReserveBalanceDetailsLineItemsOfDisclosureOfRevaluationReserveBalanceDetailsTableOfLineItems,재평가적립금 잔액 내역에 관한 공시 [항목]
entity00139214_DisclosureOfRevaluationReserveBalanceDetailsTable,재평가적립금 잔액 내역에 관한 공시
entity00139214_DisclosureOfRevaluationReserveBalanceDetailsTextBlock,재평가적립금 잔액 내역에 관한 공시[ 문장영역 ]
entity00139214_DisclosureOfRiskManagementStrategyRelatedToHedgeAccountingAbstract,위험회피회계에 관련된 위험관리전략에 대한 공시[ 개요 ]
entity00139214_DisclosureOfRiskManagementStrategyRelatedToHedgeAccountingLineItemsOfDisclosureOfRiskManagementStrategyRelatedToHedgeAccountingTableOfLineItems,위험회피회계에 관련된 위험관리전략에 대한 공시 [항목]
entity00139214_DisclosureOfRiskManagementStrategyRelatedToHedgeAccountingTable,위험회피회계에 관련된 위험관리전략에 대한 공시
entity00139214_DisclosureOfRiskManagementStrategyRelatedToHedgeAccountingTextBlock,위험회피회계에 관련된 위험관리전략에 대한 공시[ 문장영역 ]
entity00139214_DisclosureOfSalesOfLoansAtAmortisedCostAbstract,상각후원가측정대출채권의 처분에 대한 공시[ 개요 ]
entity00139214_DisclosureOfSalesOfLoansAtAmortisedCostLineItemsOfDisclosureOfSalesOfLoansAtAmortisedCostTableOfLineItems,상각후원가측정대출채권의 처분에 대한 공시 [항목]
entity00139214_DisclosureOfSalesOfLoansAtAmortisedCostTable,상각후원가측정대출채권의 처분에 대한 공시
entity00139214_DisclosureOfSalesOfLoansAtAmortisedCostTextBlock,상각후원가측정대출채권의 처분에 대한 공시[ 문장영역 ]
entity00139214_DisclosureOfSecuritiesLentAbstract,대여 유가증권에 대한 공시[ 개요 ]
entity00139214_DisclosureOfSecuritiesLentLineItemsOfDisclosureOfSecuritiesLentTableOfLineItems,대여 유가증권에 대한 공시 [항목]
entity00139214_DisclosureOfSecuritiesLentTable,대여 유가증권에 대한 공시
entity00139214_DisclosureOfSecuritiesLentTextBlock,대여 유가증권에 대한 공시[ 문장영역 ]
entity00139214_DisclosureOfShareholdersAgreement,주주간 약정사항에 대한 공시
entity00139214_DisclosureOfSignificantNonCashTransactionsAbstract,중요한 비현금거래에 대한 공시[ 개요 ]
entity00139214_DisclosureOfSignificantNonCashTransactionsLineItemsOfDisclosureOfSignificantNonCashTransactionsTableOfLineItems,중요한 비현금거래에 대한 공시 [항목]
entity00139214_DisclosureOfSignificantNonCashTransactionsTable,중요한 비현금거래에 대한 공시
entity00139214_DisclosureOfSignificantNonCashTransactionsTextBlock,중요한 비현금거래에 대한 공시[ 문장영역 ]
entity00139214_DisclosureOfTheAmountRecognizedAsImpairmentLossAllowanceReversalAbstract,신용손실충당금전입(환입)액으로 인식한 금액에 대한 공시[ 개요 ]
entity00139214_DisclosureOfTheAmountRecognizedAsImpairmentLossAllowanceReversalLineItemsOfDisclosureOfTheAmountRecognizedAsImpairmentLossAllowanceReversalTableOfLineItems,신용손실충당금전입(환입)액으로 인식한 금액에 대한 공시 [항목]
entity00139214_DisclosureOfTheAmountRecognizedAsImpairmentLossAllowanceReversalTable,신용손실충당금전입(환입)액으로 인식한 금액에 대한 공시
entity00139214_DisclosureOfTheAmountRecognizedAsImpairmentLossAllowanceReversalTextBlock,신용손실충당금전입(환입)액으로 인식한 금액에 대한 공시[ 문장영역 ]
entity00139214_DisclosureOfTheCarryingAmountsOfCashAndCashEquivalentsAndDepositsMeasuredAtAmortizedCostAbstract,현금및현금성자산 및 상각후원가측정예치금 장부금액에 대한 공시[ 개요 ]
entity00139214_DisclosureOfTheCarryingAmountsOfCashAndCashEquivalentsAndDepositsMeasuredAtAmortizedCostLineItemsOfDisclosureOfTheCarryingAmountsOfCashAndCashEquivalentsAndDepositsMeasuredAtAmortizedCostTableOfLineItems,현금및현금성자산 및 상각후원가측정예치금 장부금액에 대한 공시 [항목]
entity00139214_DisclosureOfTheCarryingAmountsOfCashAndCashEquivalentsAndDepositsMeasuredAtAmortizedCostTable,현금및현금성자산 및 상각후원가측정예치금 장부금액에 대한 공시
entity00139214_DisclosureOfTheCarryingAmountsOfCashAndCashEquivalentsAndDepositsMeasuredAtAmortizedCostTextBlock,현금및현금성자산 및 상각후원가측정예치금 장부금액에 대한 공시[ 문장영역 ]
entity00139214_DisclosureOfTheComponentsOfInsuranceContractLiabilitiesAndAssetsAbstract,보험계약부채(자산) 구성내역에 대한 공시[ 개요 ]
entity00139214_DisclosureOfTheComponentsOfInsuranceContractLiabilitiesAndAssetsLineItemsOfDisclosureOfTheComponentsOfInsuranceContractLiabilitiesAndAssetsTableOfLineItems,보험계약부채(자산) 구성내역에 대한 공시 [ 항목 ]
entity00139214_DisclosureOfTheComponentsOfInsuranceContractLiabilitiesAndAssetsTable,보험계약부채(자산) 구성내역에 대한 공시
entity00139214_DisclosureOfTheComponentsOfInsuranceContractLiabilitiesAndAssetsTextBlock,보험계약부채(자산) 구성내역에 대한 공시[ 문장영역 ]
entity00139214_DisclosureOfTheCompositionOfCashAndCashEquivalentsAndDepositsMeasuredAtAmortizedCostAbstract,현금및현금성자산 및 상각후원가측정예치금 구성내역에 대한 공시[ 개요 ]
entity00139214_DisclosureOfTheCompositionOfCashAndCashEquivalentsAndDepositsMeasuredAtAmortizedCostLineItemsOfDisclosureOfTheCompositionOfCashAndCashEquivalentsAndDepositsMeasuredAtAmortizedCostTableOfLineItems,현금및현금성자산 및 상각후원가측정예치금 구성내역에 대한 공시 [항목]
entity00139214_DisclosureOfTheCompositionOfCashAndCashEquivalentsAndDepositsMeasuredAtAmortizedCostTable,현금및현금성자산 및 상각후원가측정예치금 구성내역에 대한 공시
entity00139214_DisclosureOfTheCompositionOfCashAndCashEquivalentsAndDepositsMeasuredAtAmortizedCostTextBlock,현금및현금성자산 및 상각후원가측정예치금 구성내역에 대한 공시[ 문장영역 ]
entity00139214_DisclosureOfTheCompositionOfIntangibleAssetsAbstract,무형자산의 구성내역에 대한 공시[ 개요 ]
entity00139214_DisclosureOfTheCompositionOfIntangibleAssetsLineItemsOfDisclosureOfTheCompositionOfIntangibleAssetsTableOfLineItems,무형자산의 구성내역에 대한 공시 [항목]
entity00139214_DisclosureOfTheCompositionOfIntangibleAssetsTable,무형자산의 구성내역에 대한 공시
entity00139214_DisclosureOfTheCompositionOfIntangibleAssetsTextBlock,무형자산의 구성내역에 대한 공시[ 문장영역 ]
entity00139214_DisclosureOfTheCompositionOfIntangibleAssetsTotalAbstract,"무형자산의 구성내역에 대한 공시, 합계[ 개요 ]"
entity00139214_DisclosureOfTheCompositionOfIntangibleAssetsTotalLineItemsOfDisclosureOfTheCompositionOfIntangibleAssetsTotalTableOfLineItems,"무형자산의 구성내역에 대한 공시, 합계 [항목]"
entity00139214_DisclosureOfTheCompositionOfIntangibleAssetsTotalTable,"무형자산의 구성내역에 대한 공시, 합계"
entity00139214_DisclosureOfTheCompositionOfIntangibleAssetsTotalTextBlock,"무형자산의 구성내역에 대한 공시, 합계[ 문장영역 ]"
entity00139214_DisclosureOfTheCompositionOfInvestmentPropertyAbstract,투자부동산의 구성내역에 대한 공시[ 개요 ]
entity00139214_DisclosureOfTheCompositionOfInvestmentPropertyLineItemsOfDisclosureOfTheCompositionOfInvestmentPropertyTableOfLineItems,투자부동산의 구성내역에 대한 공시 [항목]
entity00139214_DisclosureOfTheCompositionOfInvestmentPropertyTable,투자부동산의 구성내역에 대한 공시
entity00139214_DisclosureOfTheCompositionOfInvestmentPropertyTextBlock,투자부동산의 구성내역에 대한 공시[ 문장영역 ]
entity00139214_DisclosureOfTheCompositionOfInvestmentPropertyTotalAbstract,"투자부동산의 구성내역에 대한 공시, 합계[ 개요 ]"
entity00139214_DisclosureOfTheCompositionOfInvestmentPropertyTotalLineItemsOfDisclosureOfTheCompositionOfInvestmentPropertyTotalTableOfLineItems,"투자부동산의 구성내역에 대한 공시, 합계 [항목]"
entity00139214_DisclosureOfTheCompositionOfInvestmentPropertyTotalTable,"투자부동산의 구성내역에 대한 공시, 합계"
entity00139214_DisclosureOfTheCompositionOfInvestmentPropertyTotalTextBlock,"투자부동산의 구성내역에 대한 공시, 합계[ 문장영역 ]"
entity00139214_DisclosureOfTheCompositionOfPropertyPlantAndEquipmentAbstract,유형자산의 구성내역에 대한 공시[ 개요 ]
entity00139214_DisclosureOfTheCompositionOfPropertyPlantAndEquipmentLineItemsOfDisclosureOfTheCompositionOfPropertyPlantAndEquipmentTableOfLineItems,유형자산의 구성내역에 대한 공시 [항목]
entity00139214_DisclosureOfTheCompositionOfPropertyPlantAndEquipmentTable,유형자산의 구성내역에 대한 공시
entity00139214_DisclosureOfTheCompositionOfPropertyPlantAndEquipmentTextBlock,유형자산의 구성내역에 대한 공시[ 문장영역 ]
entity00139214_DisclosureOfTheCompositionOfPropertyPlantAndEquipmentTotalAbstract,"유형자산의 구성내역에 대한 공시, 합계[ 개요 ]"
entity00139214_DisclosureOfTheCompositionOfPropertyPlantAndEquipmentTotalLineItemsOfDisclosureOfTheCompositionOfPropertyPlantAndEquipmentTotalTableOfLineItems,"유형자산의 구성내역에 대한 공시, 합계 [항목]"
entity00139214_DisclosureOfTheCompositionOfPropertyPlantAndEquipmentTotalTable,"유형자산의 구성내역에 대한 공시, 합계"
entity00139214_DisclosureOfTheCompositionOfPropertyPlantAndEquipmentTotalTextBlock,"유형자산의 구성내역에 대한 공시, 합계[ 문장영역 ]"
entity00139214_DisclosureOfTheTotalOfTheRecoverableAmountRecognizedAsFairValueLessCostsToSellByTheEntityUponRecognitionOfImpairmentAbstract,손상인식시 회수가능가액을 순공정가치로 인식한 내역의 합계에 대한 공시[ 개요 ]
entity00139214_DisclosureOfTheTotalOfTheRecoverableAmountRecognizedAsFairValueLessCostsToSellByTheEntityUponRecognitionOfImpairmentLineItemsOfDisclosureOfTheTotalOfTheRecoverableAmountRecognizedAsFairValueLessCostsToSellByTheEntityUponRecognitionOfImpairmentTableOfLineItems,손상인식시 회수가능가액을 순공정가치로 인식한 내역의 합계에 대한 공시 [항목]
entity00139214_DisclosureOfTheTotalOfTheRecoverableAmountRecognizedAsFairValueLessCostsToSellByTheEntityUponRecognitionOfImpairmentTable,손상인식시 회수가능가액을 순공정가치로 인식한 내역의 합계에 대한 공시
entity00139214_DisclosureOfTheTotalOfTheRecoverableAmountRecognizedAsFairValueLessCostsToSellByTheEntityUponRecognitionOfImpairmentTextBlock,손상인식시 회수가능가액을 순공정가치로 인식한 내역의 합계에 대한 공시[ 문장영역 ]
entity00139214_DisclosureOfTotalBookValueOfRightOfUseAssetsTotalAbstract,사용권자산 합계 총장부금액에 대한 공시[ 개요 ]
entity00139214_DisclosureOfTotalBookValueOfRightOfUseAssetsTotalLineItemsOfDisclosureOfTotalBookValueOfRightOfUseAssetsTotalTableOfLineItems,사용권자산 합계 총장부금액에 대한 공시 [항목]
entity00139214_DisclosureOfTotalBookValueOfRightOfUseAssetsTotalTable,사용권자산 합계 총장부금액에 대한 공시
entity00139214_DisclosureOfTotalBookValueOfRightOfUseAssetsTotalTextBlock,사용권자산 합계 총장부금액에 대한 공시[ 문장영역 ]
entity00139214_DisclosureOfTotalOfFinancialAssetsAtFairValueThroughOtherComprehensiveIncomeAbstract,기타포괄손익-공정가치측정금융자산 합계에 대한 공시[ 개요 ]
entity00139214_DisclosureOfTotalOfFinancialAssetsAtFairValueThroughOtherComprehensiveIncomeLineItemsOfDisclosureOfTotalOfFinancialAssetsAtFairValueThroughOtherComprehensiveIncomeTableOfLineItems,기타포괄손익-공정가치측정금융자산 합계에 대한 공시 [항목]
entity00139214_DisclosureOfTotalOfFinancialAssetsAtFairValueThroughOtherComprehensiveIncomeTable,기타포괄손익-공정가치측정금융자산 합계에 대한 공시
entity00139214_DisclosureOfTotalOfFinancialAssetsAtFairValueThroughOtherComprehensiveIncomeTextBlock,기타포괄손익-공정가치측정금융자산 합계에 대한 공시[ 문장영역 ]
entity00139214_DisclosureOfTotalOfFinancialAssetsAtFairValueThroughProfitOrLossAbstract,당기손익-공정가치측정금융자산의 합계에 대한 공시[ 개요 ]
entity00139214_DisclosureOfTotalOfFinancialAssetsAtFairValueThroughProfitOrLossLineItemsOfDisclosureOfTotalOfFinancialAssetsAtFairValueThroughProfitOrLossTableOfLineItems,당기손익-공정가치측정금융자산의 합계에 대한 공시 [항목]
entity00139214_DisclosureOfTotalOfFinancialAssetsAtFairValueThroughProfitOrLossTable,당기손익-공정가치측정금융자산의 합계에 대한 공시
entity00139214_DisclosureOfTotalOfFinancialAssetsAtFairValueThroughProfitOrLossTextBlock,당기손익-공정가치측정금융자산의 합계에 대한 공시[ 문장영역 ]
entity00139214_DisclosureOfTreasuryStockHoldingsAbstract,자기주식 보유내역에 대한 공시[ 개요 ]
entity00139214_DisclosureOfTreasuryStockHoldingsLineItemsOfDisclosureOfTreasuryStockHoldingsTableOfLineItems,자기주식 보유내역에 대한 공시 [항목]
entity00139214_DisclosureOfTreasuryStockHoldingsTable,자기주식 보유내역에 대한 공시
entity00139214_DisclosureOfTreasuryStockHoldingsTextBlock,자기주식 보유내역에 대한 공시[ 문장영역 ]
entity00139214_DisclosureOfUnusedCommitmentsToBusinesses,기업으로의 미사용약정에 대한 공시
entity00139214_DisclosureOnConsolidatedBeneficiaryCertificatesUnderFairValueThroughProfitOrLossFvtplFinancialAssets,당기손익-공정가치측정금융자산 중 연결 수익증권 내역에 대한 기술
entity00139214_DisclosureOnFairValueThroughProfitOrLossFinancialAssetsClassifiedAsJointVenturesAbstract,공동기업으로 분류된 투자조합에 대한 당기손익-공정가치측정금융자산 공시[ 개요 ]
entity00139214_DisclosureOnFairValueThroughProfitOrLossFinancialAssetsClassifiedAsJointVenturesLineItemsOfDisclosureOnFairValueThroughProfitOrLossFinancialAssetsClassifiedAsJointVenturesTableOfLineItems,공동기업으로 분류된 투자조합에 대한 당기손익-공정가치측정금융자산 공시 [항목]
entity00139214_DisclosureOnFairValueThroughProfitOrLossFinancialAssetsClassifiedAsJointVenturesTable,공동기업으로 분류된 투자조합에 대한 당기손익-공정가치측정금융자산 공시
entity00139214_DisclosureOnFairValueThroughProfitOrLossFinancialAssetsClassifiedAsJointVenturesTextBlock,공동기업으로 분류된 투자조합에 대한 당기손익-공정가치측정금융자산 공시[ 문장영역 ]
entity00139214_DisclosureOnReceivablesInReceivablesAndPayablesDetailsAbstract,채권 및 채무내역 중 채권에 대한 공시[ 개요 ]
entity00139214_DisclosureOnReceivablesInReceivablesAndPayablesDetailsLineItemsOfDisclosureOnReceivablesInReceivablesAndPayablesDetailsTableOfLineItems,채권 및 채무내역 중 채권에 대한 공시 [항목]
entity00139214_DisclosureOnReceivablesInReceivablesAndPayablesDetailsTable,채권 및 채무내역 중 채권에 대한 공시
entity00139214_DisclosureOnReceivablesInReceivablesAndPayablesDetailsTextBlock,채권 및 채무내역 중 채권에 대한 공시[ 문장영역 ]
entity00139214_DisclosureOnUnusedCommitmentsProvidedAbstract,제공하고 있는 미사용약정에 대한 공시[ 개요 ]
entity00139214_DisclosureOnUnusedCommitmentsProvidedLineItemsOfDisclosureOnUnusedCommitmentsProvidedTableOfLineItems,제공하고 있는 미사용약정에 대한 공시 [ 항목 ]
entity00139214_DisclosureOnUnusedCommitmentsProvidedTable,제공하고 있는 미사용약정에 대한 공시
entity00139214_DisclosureOnUnusedCommitmentsProvidedTextBlock,제공하고 있는 미사용약정에 대한 공시[ 문장영역 ]
entity00139214_DisclosuresOfTheReconciliationOfTheContractualServiceMarginAndTheAmountOfInsuranceRevenueSeparatelyForContractsUnderTheTransitionApproachesTotalAbstract,"전환방법 별 보험계약마진의 변동과 보험수익에 미치는 효과에 대한 공시, 합계[ 개요 ]"
entity00139214_DisclosuresOfTheReconciliationOfTheContractualServiceMarginAndTheAmountOfInsuranceRevenueSeparatelyForContractsUnderTheTransitionApproachesTotalLineItemsOfDisclosuresOfTheReconciliationOfTheContractualServiceMarginAndTheAmountOfInsuranceRevenueSeparatelyForContractsUnderTheTransitionApproachesTotalTableOfLineItems,"전환방법 별 보험계약마진의 변동과 보험수익에 미치는 효과에 대한 공시, 합계 [항목]"
entity00139214_DisclosuresOfTheReconciliationOfTheContractualServiceMarginAndTheAmountOfInsuranceRevenueSeparatelyForContractsUnderTheTransitionApproachesTotalTable,"전환방법 별 보험계약마진의 변동과 보험수익에 미치는 효과에 대한 공시, 합계"
entity00139214_DisclosuresOfTheReconciliationOfTheContractualServiceMarginAndTheAmountOfInsuranceRevenueSeparatelyForContractsUnderTheTransitionApproachesTotalTextBlock,"전환방법 별 보험계약마진의 변동과 보험수익에 미치는 효과에 대한 공시, 합계[ 문장영역 ]"
entity00139214_DisclousreOfDetailsOfAmortizedCostMeasuredFinancialLiabilitiesAbstract,상각후원가측정금융부채 내역[ 개요 ]
entity00139214_DisclousreOfDetailsOfAmortizedCostMeasuredFinancialLiabilitiesLineItemsOfDisclousreOfDetailsOfAmortizedCostMeasuredFinancialLiabilitiesTableOfLineItems,상각후원가측정금융부채 내역 [항목]
entity00139214_DisclousreOfDetailsOfAmortizedCostMeasuredFinancialLiabilitiesTable,상각후원가측정금융부채 내역
entity00139214_DisclousreOfDetailsOfAmortizedCostMeasuredFinancialLiabilitiesTextBlock,상각후원가측정금융부채 내역[ 문장영역 ]
entity00139214_DiscountRatesAndGrowthRatesMeasurementInputsMemberOfUnobservableInputsMemberOfDisclosureOfSensitivityAnalysisOfFairValueMeasurementToChangesInUnobservableInputsAssetsTableOfMember,"할인율 및 성장률, 측정 투입변수 [구성요소]"
entity00139214_DislcosureOfCollateralToEntityOrGuarantees,기업으로의 담보나 보증에 대한 공시
entity00139214_DomesticBusinessMemberOfReportableSegmentsMemberOfDisclosureOfOperatingSegmentsIncomeStatementTableOfMember,국내사업 [구성요소]
entity00139214_DomesticBusinessMemberOfReportableSegmentsMemberOfDisclosureOfOperatingSegmentsTableOfMember,국내사업 [구성요소]
entity00139214_DomesticHybridSecuritiesMemberOfDebtSecuritiesMemberOfDetailOfFinancialAssetsAtFairValueThroughOtherComprehensiveIncomeTableOfMember,국내신종유가증권 [구성요소]
entity00139214_DwsEuropeLoanCoInvestmentPrivateOfferingRealEstateInvestmentTrustNo29MemberOfBeneficiaryCertificateMemberOfDisclosureOfInterestsInInvestmentSecuritiesAccountedForAsFinancialAssetsMeasuredAtFairValueThroughProfitOrLossWithinTheScopeOfConsolidationTableOfMember,DWS유럽대출공동투자일반사모부동산투자신탁제29호 [구성요소]
entity00139214_DwsEuropeLoanCoInvestmentPrivateRealEstateInvestmentTrustNo29MemberOfRelatedPartiesMemberOfDisclosureOnUnusedCommitmentsProvidedTableOfMember,DWS유럽대출공동투자일반사모부동산투자신탁제29호 [구성요소]
entity00139214_DwsEuropeLoanCoInvestmentPrivateRealEstateInvestmentTrustNo29MemberOfSubsidiariesMemberOfDisclosureOfFinancialTransactionsBetweenRelatedPartiesTableOfMember,DWS유럽대출공동투자일반사모부동산투자신탁제29호 [구성요소]
entity00139214_EquityInvestmentsBeneficiaryCertificatesEtcMemberOfFinancialAssetsAtFairValueThroughProfitOrLossCategoryMemberOfValuationTechniquesAndInputsUsedInFairValueMeasurementOfLevel3AssetsTableOfMember,"출자금, 수익증권 등 [구성요소]"
entity00139214_EquitySecuritiesOtherComprehensiveIncomeGainOrLossOnFairValueMeasurementOfFinancialAssetsMemberOfAccumulatedOtherComprehensiveIncomeMemberOfChangesInFairValueOfFinancialAssetsMeasuredAtFairValueThroughOtherComprehensiveIncomeTableOfMember,"지분증권, 기타포괄손익-공정가치측정금융자산평가손익 [구성요소]"
entity00139214_EvaluationMethodOfDetailsOfTheRecognitionOfRecoverableAmountAtFairValueLessCostsToSellUponImpairmentLineItemsOfDetailsOfTheRecognitionOfRecoverableAmountAtFairValueLessCostsToSellUponImpairmentTableOfItems,평가방법
entity00139214_ExpectedTransactionMemberOfHedgedItemsMemberOfDisclosureOfDetailedInformationAboutHedgedItemsTableOfMember,예상거래 [구성요소]
entity00139214_ExplanationOfAdjustedProfitAfterReserveRecognition,준비금 반영 후 조정이익에 대한 설명
entity00139214_ExplanationOfDecisionMakingParticipationMethodInInvesteeCompaniesClassifiedAsJointVenturesUnderFairValueThroughProfitOrLossFvtplFinancialAssetsOfDisclosureOnFairValueThroughProfitOrLossFinancialAssetsClassifiedAsJointVenturesLineItemsOfDisclosureOnFairValueThroughProfitOrLossFinancialAssetsClassifiedAsJointVenturesTableOfItems,당기손익-공정가치측정 금융자산 중 공동기업으로 분류된 투자조합 관련 회사의 의사결정 참여방법에 대한 설명
entity00139214_ExplanationOfTheCreditLossAllowanceRatio,신용손실충당금 설정비율에 대한 설명
entity00139214_FairValuesOfOtherDerivativeInstrumentsAbstract,기타파생상품 공정가치[ 개요 ]
entity00139214_FairValuesOfOtherDerivativeInstrumentsLineItemsOfFairValuesOfOtherDerivativeInstrumentsTableOfLineItems,기타파생상품 공정가치 [항목]
entity00139214_FairValuesOfOtherDerivativeInstrumentsTable,기타파생상품 공정가치
entity00139214_FairValuesOfOtherDerivativeInstrumentsTextBlock,기타파생상품 공정가치[ 문장영역 ]
entity00139214_FinancialAssetsAtFairValueThroughOtherComprehensiveIncomeClassMemberOfFinancialAssetsClassMemberOfFairValueAndBookValueOfAssetsTableOfMember,"기타포괄손익인식금융자산, 분류 [구성요소]"
entity00139214_FinancialAssetsAtFairValueThroughProfitOrLossClassMemberOfFinancialAssetsClassMemberOfFairValueAndBookValueOfAssetsTableOfMember,"당기손익인식금융자산, 분류 [구성요소]"
entity00139214_FinancialAssetsDenominatedInForeignCurrencyOriginalCurrencyUsdOfDetailsOfFinancialAssetsDenominatedInForeignCurrencyLineItemsOfDetailsOfFinancialAssetsDenominatedInForeignCurrencyTableOfItems,"외화금융자산, 기초통화금액, USD"
entity00139214_FinancialAssetsDenominatedInForeignCurrencyOriginalCurrencyUsdOfDetailsOfFinancialAssetsDenominatedInForeignCurrencyTotalLineItemsOfDetailsOfFinancialAssetsDenominatedInForeignCurrencyTotalTableOfItems,"외화금융자산, 기초통화금액, USD"
entity00139214_FinancialAssetsPledgedAsCollateralForLiabilitiesOrContingentLiabilitiesUsdOfDisclosureOfCommitmentsLineItemsOfDisclosureOfCommitmentsTableOfItems,"부채나 우발부채에 대한 담보로 제공된 금융자산, USD"
entity00139214_FinancialInstitutionCovenantsMemberOfTypesOfCommitmentsMemberOfDisclosureOfCommitmentsTableOfMember,금융기관약정사항 [구성요소]
entity00139214_FinancialLiabilitiesDenominatedInForeignCurrencyOriginalCurrencyUsdOfDetailsOfFinancialLiabilitiesDenominatedInForeignCurrencyLineItemsOfDetailsOfFinancialLiabilitiesDenominatedInForeignCurrencyTableOfItems,"외화금융부채, 기초통화금액, USD"
entity00139214_FiveEnhancementOfFinancialDisclosures20265218520884TextBlock,5. 재무공시강화
entity00139214_ForeignCurrencyAndInterestRateRelatedMemberOfDerivativeContractTypeMemberOfFairValuesOfDerivativeInstrumentsTableOfMember,통화 및 이자율 관련 [구성요소]
entity00139214_ForeignCurrencyAndInterestRateRelatedMemberOfDerivativeContractTypeMemberOfNotionalAmountOfDerivativesTableOfMember,통화 및 이자율 관련 [구성요소]
entity00139214_ForeignCurrencyBeneficiaryCertificatesMemberOfDebtSecuritiesMemberOfDisclosureOfFinancialAssetsAtFairValueThroughProfitOrLossTableOfMember,외화수익증권 [구성요소]
entity00139214_ForeignCurrencyBeneficiaryCertificatesMemberOfFinancialAssetsClassMemberOfDetailsOfFinancialAssetsDenominatedInForeignCurrencyTableOfMember,외화수익증권 [구성요소]
entity00139214_ForeignCurrencyBondsMemberOfFinancialAssetsClassMemberOfDetailsOfFinancialAssetsDenominatedInForeignCurrencyTableOfMember,외화채권 [구성요소]
entity00139214_ForeignCurrencyBondsMemberOfRestrictedFinancialAssetsMemberOfDisclousureOfRestrictedFinancialAssetsTableOfMember,외화채권 [구성요소]
entity00139214_ForeignCurrencyDemandDepositsEtcMemberOfFinancialAssetsClassMemberOfDetailsOfFinancialAssetsDenominatedInForeignCurrencyTableOfMember,외화보통예금 등 [구성요소]
entity00139214_ForeignCurrencyDepositMemberOfRestrictedFinancialAssetsMemberOfDisclousureOfRestrictedFinancialAssetsTableOfMember,해외제예금 [구성요소]
entity00139214_ForeignCurrencyLoansMemberOfFinancialAssetsClassMemberOfDetailsOfFinancialAssetsDenominatedInForeignCurrencyTableOfMember,외화대출 [구성요소]
entity00139214_ForeignCurrencySharesMemberOfFinancialAssetsClassMemberOfDetailsOfFinancialAssetsDenominatedInForeignCurrencyTableOfMember,외화주식 [구성요소]
entity00139214_ForeignCurrencyStocksMemberOfEquitySecuritiesMemberOfDetailOfFinancialAssetsAtFairValueThroughOtherComprehensiveIncomeTableOfMember,외화주식 [구성요소]
entity00139214_ForeignCurrencyTermDepositCitiBankNALondonMemberOfCashAndDueFromBanksMemberOfDisclosureOfFinancialAssetsPledgedAsSecurityTableOfMember,외화정기예금-Citi bank N.A London [구성요소]
entity00139214_ForeignCurrencyTermDepositHanaBankMemberOfCashAndDueFromBanksMemberOfDisclosureOfFinancialAssetsPledgedAsSecurityTableOfMember,외화정기예금-하나은행 [구성요소]
entity00139214_ForeignCurrencyTimeDepositOfCashAndCashEquivalentsOfDisclosureOfTheCompositionOfCashAndCashEquivalentsAndDepositsMeasuredAtAmortizedCostTableOfItems,해외제예금
entity00139214_ForeignCurrencyTimeDepositsMemberOfFinancialAssetsClassMemberOfDetailsOfFinancialAssetsDenominatedInForeignCurrencyTableOfMember,외화정기예금 [구성요소]
entity00139214_FortunaTopcoLimitedMemberOfAssociatesMemberOfDisclosureOfOutstandingBalancesForRelatedPartyTransactionsTableOfMember,Fortuna Topco Limited [구성요소]
entity00139214_FortunaTopcoLimitedMemberOfAssociatesMemberOfDisclosureOfTransactionsBetweenRelatedPartiesTableOfMember,Fortuna Topco Limited [구성요소]
entity00139214_FourFinancialRiskManagement2026521910148TextBlock,4. 금융위험 관리
entity00139214_FreenetAgMemberOfEquitySecuritiesMemberOfDetailsOfEquityInstrumentsWithinFinancialAssetsMeasuredAtFairValueThroughOtherComprehensiveIncomeTableOfMember,FREENET AG [구성요소]
entity00139214_GainOnTerminationOfRightOfUseAssetsOfNonOperatingIncomeOfNonoperatingIncomeExpenseTableOfItems,리스사용권자산해지이익
entity00139214_GolfMembershipMemberOfOtherIntangibleAssetsMemberOfDetailsOfTheRecognitionOfRecoverableAmountAtFairValueLessCostsToSellUponImpairmentTableOfMember,골프회원권 [구성요소]
entity00139214_GuaranteeDepositRentMemberOfFinancialLiabilitiesAtAmortisedCostCategoryMemberOfDisclousreOfDetailsOfAmortizedCostMeasuredFinancialLiabilitiesTableOfMember,임대보증금 [구성요소]
entity00139214_GuaranteeDepositRentMemberOfLiabilitiesArisingFromFinancingActivitiesMemberOfDisclosureOfReconciliationOfLiabilitiesArisingFromFinancingActivitiesTableOfMember,임대보증금 [구성요소]
entity00139214_HanaAlternativeChuncheonFuelCellGeneralPrivateSpecialAssetInvestmentTrustNo1MemberOfBeneficiaryCertificateMemberOfDisclosureOfInterestsInInvestmentSecuritiesAccountedForAsFinancialAssetsMeasuredAtFairValueThroughProfitOrLossWithinTheScopeOfConsolidationTableOfMember,하나대체춘천연료전지일반사모특별자산투자신탁제1호 [구성요소]
entity00139214_HanaAlternativeChuncheonFuelCellGeneralPrivateSpecialAssetInvestmentTrustNo1MemberOfSubsidiariesMemberOfDisclosureOfFinancialTransactionsBetweenRelatedPartiesTableOfMember,하나대체춘천연료전지일반사모특별자산투자신탁제1호 [구성요소]
entity00139214_HanaAlternativeGeneralPrivateRealEstateInvestmentTrustNo68MemberOfBeneficiaryCertificateMemberOfDisclosureOfInterestsInInvestmentSecuritiesAccountedForAsFinancialAssetsMeasuredAtFairValueThroughProfitOrLossWithinTheScopeOfConsolidationTableOfMember,하나대체투자일반투자형사모부동산투자신탁68호 [구성요소]
entity00139214_HanaAlternativeInvestmentGeneralPrivateRealEstateInvestmentTrustNo68MemberOfSubsidiariesMemberOfDisclosureOfFinancialTransactionsBetweenRelatedPartiesTableOfMember,하나대체투자일반투자형사모부동산투자신탁68호 [구성요소]
entity00139214_HanaAlternativeInvestmentSpecializedPrivateRealEstateInvestmentTrustNo531MemberOfSubsidiariesMemberOfDisclosureOfFinancialTransactionsBetweenRelatedPartiesTableOfMember,하나대체전문투자형사모부동산투자신탁53-1호 [구성요소]
entity00139214_HanaAlternativeInvestmentSpecializedPrivateRealEstateInvestmentTrustNo671MemberOfSubsidiariesMemberOfDisclosureOfFinancialTransactionsBetweenRelatedPartiesTableOfMember,하나대체투자전문투자형사모부동산투자신탁67-1호 [구성요소]
entity00139214_HanaAlternativeSpecializedPrivateRealEstateInvestmentTrustNo531MemberOfBeneficiaryCertificateMemberOfDisclosureOfInterestsInInvestmentSecuritiesAccountedForAsFinancialAssetsMeasuredAtFairValueThroughProfitOrLossWithinTheScopeOfConsolidationTableOfMember,하나대체전문투자형사모부동산투자신탁53-1호 [구성요소]
entity00139214_HanaAlternativeSpecializedPrivateRealEstateInvestmentTrustNo671MemberOfBeneficiaryCertificateMemberOfDisclosureOfInterestsInInvestmentSecuritiesAccountedForAsFinancialAssetsMeasuredAtFairValueThroughProfitOrLossWithinTheScopeOfConsolidationTableOfMember,하나대체투자전문투자형사모부동산투자신탁67-1호 [구성요소]
entity00139214_HanaFinancialGroupContingentCapitalSecuritiesUpper15MemberOfEquitySecuritiesMemberOfDetailsOfEquityInstrumentsWithinFinancialAssetsMeasuredAtFairValueThroughOtherComprehensiveIncomeTableOfMember,하나금융지주 조건부자본증권(상)15 [구성요소]
entity00139214_HanaFinancialGroupContingentCapitalSecuritiesUpper16MemberOfEquitySecuritiesMemberOfDetailsOfEquityInstrumentsWithinFinancialAssetsMeasuredAtFairValueThroughOtherComprehensiveIncomeTableOfMember,하나금융지주 조건부자본증권(상)16 [구성요소]
entity00139214_HanaFinancialGroupMemberOfEquitySecuritiesMemberOfDetailsOfEquityInstrumentsWithinFinancialAssetsMeasuredAtFairValueThroughOtherComprehensiveIncomeTableOfMember,하나금융지주 [구성요소]
entity00139214_HangangHaenaneumEnergyGeneralPrivateSpecialAssetInvestmentTrustNo3SocMemberOfBeneficiaryCertificateMemberOfDisclosureOfInterestsInInvestmentSecuritiesAccountedForAsFinancialAssetsMeasuredAtFairValueThroughProfitOrLossWithinTheScopeOfConsolidationTableOfMember,한강해나눔에너지일반사모특별자산투자신탁제3호(SOC) [구성요소]
entity00139214_HangangHaenaneumEnergyGeneralPrivateSpecialAssetInvestmentTrustNo3SocMemberOfSubsidiariesMemberOfDisclosureOfFinancialTransactionsBetweenRelatedPartiesTableOfMember,한강해나눔에너지일반사모특별자산투자신탁제3호(SOC) [구성요소]
entity00139214_HangangSolarPowerGeneralPrivateSpecialAssetInvestmentTrustNo10MemberOfBeneficiaryCertificateMemberOfDisclosureOfInterestsInInvestmentSecuritiesAccountedForAsFinancialAssetsMeasuredAtFairValueThroughProfitOrLossWithinTheScopeOfConsolidationTableOfMember,한강태양광발전일반사모특별자산투자신탁제10호 [구성요소]
entity00139214_HangangSolarPowerGeneralPrivateSpecialAssetInvestmentTrustNo10MemberOfSubsidiariesMemberOfDisclosureOfFinancialTransactionsBetweenRelatedPartiesTableOfMember,한강태양광발전일반사모특별자산투자신탁제10호 [구성요소]
entity00139214_HangangSolarPowerGeneralPrivateSpecialAssetInvestmentTrustNo8SocMemberOfBeneficiaryCertificateMemberOfDisclosureOfInterestsInInvestmentSecuritiesAccountedForAsFinancialAssetsMeasuredAtFairValueThroughProfitOrLossWithinTheScopeOfConsolidationTableOfMember,한강태양광발전일반사모특별자산투자신탁제8호(SOC) [구성요소]
entity00139214_HangangSolarPowerGenerationGeneralPrivateSpecialAssetInvestmentTrustNo8SocMemberOfSubsidiariesMemberOfDisclosureOfFinancialTransactionsBetweenRelatedPartiesTableOfMember,한강태양광발전일반사모특별자산투자신탁제8호(SOC) [구성요소]
entity00139214_HangangUsGeneralPrivateRealEstateInvestmentTrust21MemberOfSubsidiariesMemberOfDisclosureOfFinancialTransactionsBetweenRelatedPartiesTableOfMember,한강US일반사모부동산투자신탁2-1호 [구성요소]
entity00139214_HanwhaCerberusNplGeneralPrivateRealEstateInvestmentTrustNo1FeederMemberOfRelatedPartiesMemberOfDisclosureOnUnusedCommitmentsProvidedTableOfMember,한화CerberusNPL일반사모부동산투자신탁1호(재간접형) [구성요소]
entity00139214_HanwhaCerberusNplGeneralPrivateRealEstateInvestmentTrustNo1FeederMemberOfSubsidiariesMemberOfDisclosureOfFinancialTransactionsBetweenRelatedPartiesTableOfMember,한화CerberusNPL일반사모부동산투자신탁1호(재간접형) [구성요소]
entity00139214_HanwhaCerberusNplPrivateRealEstateFundNo1FundOfFundsMemberOfBeneficiaryCertificateMemberOfDisclosureOfInterestsInInvestmentSecuritiesAccountedForAsFinancialAssetsMeasuredAtFairValueThroughProfitOrLossWithinTheScopeOfConsolidationTableOfMember,한화CerberusNPL일반사모부동산투자신탁1호(재간접형) [구성요소]
entity00139214_HanwhaPgifIvGlobalInfrastructureGeneralPrivateSpecialAssetInvestmentTrustNo32MemberOfBeneficiaryCertificateMemberOfDisclosureOfInterestsInInvestmentSecuritiesAccountedForAsFinancialAssetsMeasuredAtFairValueThroughProfitOrLossWithinTheScopeOfConsolidationTableOfMember,한화PGIFIV글로벌인프라일반사모특별자산투자신탁32호 [구성요소]
entity00139214_HanwhaPgifIvGlobalInfrastructureGeneralPrivateSpecialAssetInvestmentTrustNo32MemberOfRelatedPartiesMemberOfDisclosureOnUnusedCommitmentsProvidedTableOfMember,한화PGIFIV글로벌인프라일반사모특별자산투자신탁32호 [구성요소]
entity00139214_HanwhaPgifIvGlobalInfrastructureGeneralPrivateSpecialAssetInvestmentTrustNo32MemberOfSubsidiariesMemberOfDisclosureOfFinancialTransactionsBetweenRelatedPartiesTableOfMember,한화PGIFIV글로벌인프라일반사모특별자산투자신탁32호 [구성요소]
entity00139214_HanwhaReitMemberOfEquitySecuritiesMemberOfDetailsOfEquityInstrumentsWithinFinancialAssetsMeasuredAtFairValueThroughOtherComprehensiveIncomeTableOfMember,한화리츠 [구성요소]
entity00139214_HeungkukAresSeniorSecuredGeneralPrivateInvestmentTrustNo2MemberOfBeneficiaryCertificateMemberOfDisclosureOfInterestsInInvestmentSecuritiesAccountedForAsFinancialAssetsMeasuredAtFairValueThroughProfitOrLossWithinTheScopeOfConsolidationTableOfMember,흥국Ares선순위일반사모투자신탁2호 [구성요소]
entity00139214_HeungkukAresSeniorSecuredGeneralPrivateInvestmentTrustNo2MemberOfRelatedPartiesMemberOfDisclosureOnUnusedCommitmentsProvidedTableOfMember,흥국Ares선순위일반사모투자신탁2호 [구성요소]
entity00139214_HeungkukAresSeniorSecuredGeneralPrivateInvestmentTrustNo2MemberOfSubsidiariesMemberOfDisclosureOfFinancialTransactionsBetweenRelatedPartiesTableOfMember,흥국Ares선순위일반사모투자신탁2호 [구성요소]
entity00139214_HeungkukCarlyleSeniorSecuredGeneralPrivateInvestmentTrustMemberOfBeneficiaryCertificateMemberOfDisclosureOfInterestsInInvestmentSecuritiesAccountedForAsFinancialAssetsMeasuredAtFairValueThroughProfitOrLossWithinTheScopeOfConsolidationTableOfMember,흥국칼라일선순위일반사모투자신탁 [구성요소]
entity00139214_HeungkukCarlyleSeniorSecuredGeneralPrivateInvestmentTrustMemberOfRelatedPartiesMemberOfDisclosureOnUnusedCommitmentsProvidedTableOfMember,흥국칼라일선순위일반사모투자신탁 [구성요소]
entity00139214_HeungkukCarlyleSeniorSecuredGeneralPrivateInvestmentTrustMemberOfSubsidiariesMemberOfDisclosureOfFinancialTransactionsBetweenRelatedPartiesTableOfMember,흥국칼라일선순위일반사모투자신탁 [구성요소]
entity00139214_HeungkukFlightGeneralPrivateInvestmentTrustNo14MemberOfBeneficiaryCertificateMemberOfDisclosureOfInterestsInInvestmentSecuritiesAccountedForAsFinancialAssetsMeasuredAtFairValueThroughProfitOrLossWithinTheScopeOfConsolidationTableOfMember,흥국플라이트일반사모투자신탁14호 [구성요소]
entity00139214_HeungkukFlightGeneralPrivateInvestmentTrustNo14MemberOfSubsidiariesMemberOfDisclosureOfFinancialTransactionsBetweenRelatedPartiesTableOfMember,흥국플라이트일반사모투자신탁14호 [구성요소]
entity00139214_HiEsgTransportationInfrastructureGeneralPrivateInvestmentTrustMemberOfBeneficiaryCertificateMemberOfDisclosureOfInterestsInInvestmentSecuritiesAccountedForAsFinancialAssetsMeasuredAtFairValueThroughProfitOrLossWithinTheScopeOfConsolidationTableOfMember,하이ESG운송인프라일반사모투자신탁 [구성요소]
entity00139214_HyundaiInvestHamiltonLaneSecondarySmaPrivateInvestmentTrustNo1MemberOfBeneficiaryCertificateMemberOfDisclosureOfInterestsInInvestmentSecuritiesAccountedForAsFinancialAssetsMeasuredAtFairValueThroughProfitOrLossWithinTheScopeOfConsolidationTableOfMember,현대인베스트해밀턴레인세컨더리SMA일반사모투자신탁1호 [구성요소]
entity00139214_HyundaiInvestHamiltonLaneSecondarySmaPrivateInvestmentTrustNo1MemberOfRelatedPartiesMemberOfDisclosureOnUnusedCommitmentsProvidedTableOfMember,현대인베스트해밀턴레인세컨더리SMA일반사모투자신탁1호 [구성요소]
entity00139214_HyundaiMotorCompanyMemberOfEquitySecuritiesMemberOfDetailsOfEquityInstrumentsWithinFinancialAssetsMeasuredAtFairValueThroughOtherComprehensiveIncomeTableOfMember,현대차 [구성요소]
entity00139214_IbkContingentBondUpper2503ENewYounga19SaMemberOfEquitySecuritiesMemberOfDetailsOfEquityInstrumentsWithinFinancialAssetsMeasuredAtFairValueThroughOtherComprehensiveIncomeTableOfMember,기업은행조건부(상)2503이(신)영A-19(사) [구성요소]
entity00139214_IbkSolarPowerGeneralPrivateSpecialAssetInvestmentTrustNo3SocMemberOfBeneficiaryCertificateMemberOfDisclosureOfInterestsInInvestmentSecuritiesAccountedForAsFinancialAssetsMeasuredAtFairValueThroughProfitOrLossWithinTheScopeOfConsolidationTableOfMember,IBK태양광발전일반사모특별자산투자신탁제3호(SOC) [구성요소]
entity00139214_IbkSolarPowerGeneralPrivateSpecialAssetInvestmentTrustNo4MemberOfBeneficiaryCertificateMemberOfDisclosureOfInterestsInInvestmentSecuritiesAccountedForAsFinancialAssetsMeasuredAtFairValueThroughProfitOrLossWithinTheScopeOfConsolidationTableOfMember,IBK태양광발전일반투자형사모특별자산투자신탁제4호 [구성요소]
entity00139214_IbkSolarPowerGenerationGeneralPrivateSpecialAssetInvestmentTrustNo3SocMemberOfSubsidiariesMemberOfDisclosureOfFinancialTransactionsBetweenRelatedPartiesTableOfMember,IBK태양광발전일반사모특별자산투자신탁제3호(SOC) [구성요소]
entity00139214_IbkSolarPowerGenerationGeneralPrivateSpecialAssetInvestmentTrustNo4MemberOfSubsidiariesMemberOfDisclosureOfFinancialTransactionsBetweenRelatedPartiesTableOfMember,IBK태양광발전일반투자형사모특별자산투자신탁제4호 [구성요소]
entity00139214_IgisGeneralPrivateRealEstateInvestmentTrustNo121MemberOfBeneficiaryCertificateMemberOfDisclosureOfInterestsInInvestmentSecuritiesAccountedForAsFinancialAssetsMeasuredAtFairValueThroughProfitOrLossWithinTheScopeOfConsolidationTableOfMember,이지스일반투자형사모부동산투자신탁121호 [구성요소]
entity00139214_IgisGlobalCoreInfrastructureGeneralPrivateSpecialAssetInvestmentTrustNo3483MemberOfBeneficiaryCertificateMemberOfDisclosureOfInterestsInInvestmentSecuritiesAccountedForAsFinancialAssetsMeasuredAtFairValueThroughProfitOrLossWithinTheScopeOfConsolidationTableOfMember,이지스글로벌코어인프라일반사모특별자산투자신탁348-3호 [구성요소]
entity00139214_IgisGlobalSecondaryGeneralPrivateMixedAssetInvestmentTrustNo1MemberOfBeneficiaryCertificateMemberOfDisclosureOfInterestsInInvestmentSecuritiesAccountedForAsFinancialAssetsMeasuredAtFairValueThroughProfitOrLossWithinTheScopeOfConsolidationTableOfMember,이지스글로벌세컨더리일반사모혼합자산투자신탁제1호 [구성요소]
entity00139214_IgisGlobalSecondaryGeneralPrivateMixedAssetInvestmentTrustNo1MemberOfRelatedPartiesMemberOfDisclosureOnUnusedCommitmentsProvidedTableOfMember,이지스글로벌세컨더리일반사모혼합자산투자신탁제1호 [구성요소]
entity00139214_IgisGlobalSecondaryGeneralPrivateMixedAssetInvestmentTrustNo1MemberOfSubsidiariesMemberOfDisclosureOfFinancialTransactionsBetweenRelatedPartiesTableOfMember,이지스글로벌세컨더리일반사모혼합자산투자신탁제1호 [구성요소]
entity00139214_IgisUkGeneralPrivateRealEstateInvestmentTrustNo581FeederMemberOfBeneficiaryCertificateMemberOfDisclosureOfInterestsInInvestmentSecuritiesAccountedForAsFinancialAssetsMeasuredAtFairValueThroughProfitOrLossWithinTheScopeOfConsolidationTableOfMember,이지스영국일반사모부동산투자신탁58-1호(재간접) [구성요소]
entity00139214_IgisUkGeneralPrivateRealEstateInvestmentTrustNo581FeederMemberOfSubsidiariesMemberOfDisclosureOfFinancialTransactionsBetweenRelatedPartiesTableOfMember,이지스영국일반사모부동산투자신탁58-1호(재간접) [구성요소]
entity00139214_IlsinLeisureMemberOfEquitySecuritiesMemberOfDetailsOfEquityInstrumentsWithinFinancialAssetsMeasuredAtFairValueThroughOtherComprehensiveIncomeTableOfMember,일신레져 [구성요소]
entity00139214_IncreaseDecreaseDueToAmortisationFinancialAssetsOfChangesInDepositsMeasuredAtAmortizedCostLineItemsOfChangesInDepositsMeasuredAtAmortizedCostTableOfItems,"상각에 따른 증가(감소), 금융자산"
entity00139214_IncreaseDecreaseDueToExchangeRateEffectLeaseLiabilitiesOfDisclosureOfChangesInLeaseLiabilitiesLineItemsOfDisclosureOfChangesInLeaseLiabilitiesTableOfItems,"환율효과로 인한 증감, 리스부채"
entity00139214_IncreaseDecreaseDueToExchangeRateEffectRightOfUseAssetsOfDisclosureOfChangeInRightOfUseAssetsLineItemsOfDisclosureOfChangeInRightOfUseAssetsTableOfItems,"환율효과로 인한 증감, 사용권자산"
entity00139214_IncreaseDecreaseDueToReplacementRightOfUseAssetOfDisclosureOfChangeInRightOfUseAssetsLineItemsOfDisclosureOfChangeInRightOfUseAssetsTableOfItems,"대체에 따른 증가 감소, 사용권자산"
entity00139214_IncreaseDecreaseThroughEffectsOfContractsInitiallyRecognisedInPeriodOtherThanGroupsOfOnerousContractsAndGroupsOfInsuranceContractsThatAreInANetGainPositionInsuranceContractsLiabilityAssetOfDisclosureOfEffectOfInsuranceContractsInitiallyRecognisedLineItemsOfDisclosureOfEffectOfInsuranceContractsInitiallyRecognisedTableOfItems,"손실계약 외 및 순이익계약집합 외 해당 기간에 처음 인식한 계약의 영향에 따른 증가분(감소분), 보험계약부채(자산)"
entity00139214_IncreaseDecreaseThroughOtherChangesFairValueMeasurementAssetsOfReconciliationOfChangesInFairValueMeasurementAssetsLineItemsOfReconciliationOfChangesInFairValueMeasurementAssetsTableOfItems,"기타 변동에 따른 증가(감소), 공정가치측정, 자산"
entity00139214_IncreaseDecreaseThroughOtherChangesFairValueMeasurementLiabilitiesOfReconciliationOfChangesInFairValueMeasurementLiabilitiesLineItemsOfReconciliationOfChangesInFairValueMeasurementLiabilitiesTableOfItems,"기타 변동에 따른 증가(감소), 공정가치측정, 부채"
entity00139214_IncreaseInLeaseLiabilitiesNonCashTransactionOfDisclosureOfSignificantNonCashTransactionsLineItemsOfDisclosureOfSignificantNonCashTransactionsTableOfItems,"리스부채의 증가, 비현금거래"
entity00139214_IncreaseInRightOfUseAssetsNonCashTransactionOfDisclosureOfSignificantNonCashTransactionsLineItemsOfDisclosureOfSignificantNonCashTransactionsTableOfItems,"사용권자산의 증가, 비현금거래"
entity00139214_IndirectParNonParticipatingAccidentInsuranceMemberOfPortfolioClassificationMemberOfDisclosureOfInsuranceLiabilitiesByAccountingModelAndPortfolioTableOfMember,Indirect-Par 무배당상해 [구성요소]
entity00139214_IndirectParNonParticipatingAnnuitySavingsMemberOfPortfolioClassificationMemberOfDisclosureOfInsuranceLiabilitiesByAccountingModelAndPortfolioTableOfMember,Indirect-Par 무배당연금저축 [구성요소]
entity00139214_IndirectParNonParticipatingHealthInsuranceMemberOfPortfolioClassificationMemberOfDisclosureOfInsuranceLiabilitiesByAccountingModelAndPortfolioTableOfMember,Indirect-Par 무배당질병 [구성요소]
entity00139214_IndirectParNonParticipatingPropertyInsuranceMemberOfPortfolioClassificationMemberOfDisclosureOfInsuranceLiabilitiesByAccountingModelAndPortfolioTableOfMember,Indirect-Par 무배당재물 [구성요소]
entity00139214_IndirectParParticipatingAnnuitySavingsMemberOfPortfolioClassificationMemberOfDisclosureOfInsuranceLiabilitiesByAccountingModelAndPortfolioTableOfMember,Indirect-Par 유배당연금저축 [구성요소]
entity00139214_IndirectParParticipatingOtherMemberOfPortfolioClassificationMemberOfDisclosureOfInsuranceLiabilitiesByAccountingModelAndPortfolioTableOfMember,Indirect-Par 유배당기타 [구성요소]
entity00139214_IndustrialBankOfKoreaMemberOfEquitySecuritiesMemberOfDetailsOfEquityInstrumentsWithinFinancialAssetsMeasuredAtFairValueThroughOtherComprehensiveIncomeTableOfMember,기업은행 [구성요소]
entity00139214_IngGroepNvMemberOfEquitySecuritiesMemberOfDetailsOfEquityInstrumentsWithinFinancialAssetsMeasuredAtFairValueThroughOtherComprehensiveIncomeTableOfMember,ING Groep NV [구성요소]
entity00139214_InsuranceContractWithParticipationFeaturesMemberOfClassificationOfInsuranceContractsByPresenceOrAbsenceOfParticipationFeaturesMemberOfDisclosureOfReconciliationOfChangesInInsuranceContractsIssuedByComponentsTableOfMember,배당요소가 있는 보험계약 [구성요소]
entity00139214_InsuranceContractWithParticipationFeaturesMemberOfClassificationOfInsuranceContractsByPresenceOrAbsenceOfParticipationFeaturesMemberOfDisclosureOfReconciliationOfChangesInInsuranceContractsIssuedByRemainingCoverageAndIncurredClaimsTableOfMember,배당요소가 있는 보험계약 [구성요소]
entity00139214_InsuranceContractWithParticipationFeaturesMemberOfClassificationOfInsuranceContractsByPresenceOrAbsenceOfParticipationFeaturesMemberOfDisclosureOfTheComponentsOfInsuranceContractLiabilitiesAndAssetsTableOfMember,배당요소가 있는 보험계약 [구성요소]
entity00139214_InsuranceContractWithoutParticipationFeaturesMemberOfClassificationOfInsuranceContractsByPresenceOrAbsenceOfParticipationFeaturesMemberOfDisclosureOfReconciliationOfChangesInInsuranceContractsIssuedByComponentsTableOfMember,배당요소가 없는 보험계약 [구성요소]
entity00139214_InsuranceContractWithoutParticipationFeaturesMemberOfClassificationOfInsuranceContractsByPresenceOrAbsenceOfParticipationFeaturesMemberOfDisclosureOfReconciliationOfChangesInInsuranceContractsIssuedByRemainingCoverageAndIncurredClaimsTableOfMember,배당요소가 없는 보험계약 [구성요소]
entity00139214_InsuranceContractWithoutParticipationFeaturesMemberOfClassificationOfInsuranceContractsByPresenceOrAbsenceOfParticipationFeaturesMemberOfDisclosureOfTheComponentsOfInsuranceContractLiabilitiesAndAssetsTableOfMember,배당요소가 없는 보험계약 [구성요소]
entity00139214_InsuranceContractsIssuedWithParticipationFeaturesThatAreAssetsOfInsuranceContractsIssuedThatAreAssets,자산인 발행한 배당요소가 있는 보험계약
entity00139214_InsuranceContractsIssuedWithParticipationFeaturesThatAreLiabilitiesOfInsuranceContractsIssuedThatAreLiabilities,부채인 발행한 배당요소가 있는 보험계약
entity00139214_InsuranceContractsIssuedWithoutParticipationFeaturesThatAreAssetsOfInsuranceContractsIssuedThatAreAssets,자산인 발행한 배당요소가 없는 보험계약
entity00139214_InsuranceContractsIssuedWithoutParticipationFeaturesThatAreLiabilitiesOfInsuranceContractsIssuedThatAreLiabilities,부채인 발행한 배당요소가 없는 보험계약
entity00139214_InsuranceCostsEtcRelatedPartyTransactionsOfDisclosureOfTransactionsBetweenRelatedPartiesLineItemsOfDisclosureOfTransactionsBetweenRelatedPartiesTableOfItems,"보험비용 등, 특수관계자거래"
entity00139214_InsurancePayablesRelatedPartyTransactionsOfDisclosureOfOutstandingBalancesForRelatedPartyTransactionsLineItemsOfDisclosureOfOutstandingBalancesForRelatedPartyTransactionsTableOfItems,"보험미지급금, 특수관계자거래"
entity00139214_InsuranceProviderOfDisclosureOfInsurancePolicyDetailsLineItemsOfDisclosureOfInsurancePolicyDetailsTableOfItems,보험가입처
entity00139214_InsuranceReceivablesRelatedPartyTransactionsOfDisclosureOfOutstandingBalancesForRelatedPartyTransactionsLineItemsOfDisclosureOfOutstandingBalancesForRelatedPartyTransactionsTableOfItems,"보험미수금, 특수관계자거래"
entity00139214_InsuranceRevenueEtcRelatedPartyTransactionsOfDisclosureOfTransactionsBetweenRelatedPartiesLineItemsOfDisclosureOfTransactionsBetweenRelatedPartiesTableOfItems,"보험수익 등, 특수관계자거래"
entity00139214_InsuredAmountOfDisclosureOfInsurancePolicyDetailsLineItemsOfDisclosureOfInsurancePolicyDetailsTableOfItems,부보금액
entity00139214_InvestmentContratLiabilitiesMemberOfFinancialLiabilitiesAtAmortisedCostCategoryMemberOfDisclousreOfDetailsOfAmortizedCostMeasuredFinancialLiabilitiesTableOfMember,투자계약부채 [구성요소]
entity00139214_InvestmentPartnershipsClassifiedAsJointVenturesMemberOfFinancialAssetsAtFairValueThroughProfitOrLossCategoryMemberOfDisclosureOnFairValueThroughProfitOrLossFinancialAssetsClassifiedAsJointVenturesTableOfMember,공동기업으로 분류된 투자조합 [구성요소]
entity00139214_InvestmentsInEquityInstrumentsDesignatedAsAtFairValueThroughOtherComprehensiveIncomeAbstract,지분상품에 대한 투자 중 기타포괄손익-공정가치측정 항목으로 지정한 내역[ 개요 ]
entity00139214_InvestmentsInEquityInstrumentsDesignatedAsAtFairValueThroughOtherComprehensiveIncomeLineItemsOfInvestmentsInEquityInstrumentsDesignatedAsAtFairValueThroughOtherComprehensiveIncomeTableOfLineItems,지분상품에 대한 투자 중 기타포괄손익-공정가치측정 항목으로 지정한 내역 [항목]
entity00139214_InvestmentsInEquityInstrumentsDesignatedAsAtFairValueThroughOtherComprehensiveIncomeTable,지분상품에 대한 투자 중 기타포괄손익-공정가치측정 항목으로 지정한 내역
entity00139214_InvestmentsInEquityInstrumentsDesignatedAsAtFairValueThroughOtherComprehensiveIncomeTextBlock,지분상품에 대한 투자 중 기타포괄손익-공정가치측정 항목으로 지정한 내역[ 문장영역 ]
entity00139214_KbContinentalEuropeInfrastructureGeneralPrivateSpecialAssetInvestmentTrustNo8MemberOfBeneficiaryCertificateMemberOfDisclosureOfInterestsInInvestmentSecuritiesAccountedForAsFinancialAssetsMeasuredAtFairValueThroughProfitOrLossWithinTheScopeOfConsolidationTableOfMember,KB컨티넨탈유럽인프라일반사모특별자산투자신탁제8호 [구성요소]
entity00139214_KbContinentalEuropeInfrastructureGeneralPrivateSpecialAssetInvestmentTrustNo8MemberOfRelatedPartiesMemberOfDisclosureOnUnusedCommitmentsProvidedTableOfMember,KB컨티넨탈유럽인프라일반사모특별자산투자신탁제8호 [구성요소]
entity00139214_KbContinentalEuropeInfrastructureGeneralPrivateSpecialAssetInvestmentTrustNo8MemberOfSubsidiariesMemberOfDisclosureOfFinancialTransactionsBetweenRelatedPartiesTableOfMember,KB컨티넨탈유럽인프라일반사모특별자산투자신탁제8호 [구성요소]
entity00139214_KbFinancialGroupContingentCapitalSecuritiesUpper12MemberOfEquitySecuritiesMemberOfDetailsOfEquityInstrumentsWithinFinancialAssetsMeasuredAtFairValueThroughOtherComprehensiveIncomeTableOfMember,KB금융지주 조건부자본증권(상)12 [구성요소]
entity00139214_KbFinancialGroupContingentCapitalSecuritiesUpper13MemberOfEquitySecuritiesMemberOfDetailsOfEquityInstrumentsWithinFinancialAssetsMeasuredAtFairValueThroughOtherComprehensiveIncomeTableOfMember,KB금융지주 조건부자본증권(상)13 [구성요소]
entity00139214_KbFinancialGroupMemberOfEquitySecuritiesMemberOfDetailsOfEquityInstrumentsWithinFinancialAssetsMeasuredAtFairValueThroughOtherComprehensiveIncomeTableOfMember,KB금융 [구성요소]
entity00139214_KbKookminBankAndOthersMemberOfCounterpartiesMemberOfDisclousureOfRestrictedFinancialAssetsTableOfMember,국민은행 외 [구성요소]
entity00139214_KbOverseasInvestmentGeneralPrivateRealEstateInvestmentTrustNo9FeederMemberOfBeneficiaryCertificateMemberOfDisclosureOfInterestsInInvestmentSecuritiesAccountedForAsFinancialAssetsMeasuredAtFairValueThroughProfitOrLossWithinTheScopeOfConsolidationTableOfMember,KB해외투자일반사모부동산투자신탁제9호(재간접) [구성요소]
entity00139214_KbOverseasInvestmentGeneralPrivateRealEstateInvestmentTrustNo9FeederMemberOfSubsidiariesMemberOfDisclosureOfFinancialTransactionsBetweenRelatedPartiesTableOfMember,KB해외투자일반사모부동산투자신탁제9호(재간접) [구성요소]
entity00139214_KbOverseasInvestmentPrivateRealEstateFundNo37MemberOfBeneficiaryCertificateMemberOfDisclosureOfInterestsInInvestmentSecuritiesAccountedForAsFinancialAssetsMeasuredAtFairValueThroughProfitOrLossWithinTheScopeOfConsolidationTableOfMember,KB해외투자일반사모부동산투자신탁제37호 [구성요소]
entity00139214_KbOverseasInvestmentPrivateRealEstateFundNo37MemberOfRelatedPartiesMemberOfDisclosureOnUnusedCommitmentsProvidedTableOfMember,KB해외투자일반사모부동산투자신탁제37호 [구성요소]
entity00139214_KbOverseasInvestmentPrivateRealEstateFundNo37MemberOfSubsidiariesMemberOfDisclosureOfFinancialTransactionsBetweenRelatedPartiesTableOfMember,KB해외투자일반사모부동산투자신탁제37호 [구성요소]
entity00139214_KbSecuritiesCoLtdMemberOfCounterpartiesMemberOfDisclousureOfRestrictedFinancialAssetsTableOfMember,KB증권 주식회사 [구성요소]
entity00139214_KbWiseStarGeneralPrivateRealEstateInvestmentTrustNo3MemberOfBeneficiaryCertificateMemberOfDisclosureOfInterestsInInvestmentSecuritiesAccountedForAsFinancialAssetsMeasuredAtFairValueThroughProfitOrLossWithinTheScopeOfConsolidationTableOfMember,KB와이즈스타일반투자형사모부동산투자신탁제3호 [구성요소]
entity00139214_KendallSquareGeneralPrivateRealEstateInvestmentTrustNo10MemberOfBeneficiaryCertificateMemberOfDisclosureOfInterestsInInvestmentSecuritiesAccountedForAsFinancialAssetsMeasuredAtFairValueThroughProfitOrLossWithinTheScopeOfConsolidationTableOfMember,켄달스퀘어일반투자형사모부동산투자신탁10호 [구성요소]
entity00139214_KendallSquareLogisticsRealEstatePrivateInvestmentTrustNo1MemberOfBeneficiaryCertificateMemberOfDisclosureOfInterestsInInvestmentSecuritiesAccountedForAsFinancialAssetsMeasuredAtFairValueThroughProfitOrLossWithinTheScopeOfConsolidationTableOfMember,켄달스퀘어물류부동산일반사모투자신탁제1호 [구성요소]
entity00139214_KendallSquareLogisticsRealEstatePrivateInvestmentTrustNo1MemberOfRelatedPartiesMemberOfDisclosureOnUnusedCommitmentsProvidedTableOfMember,켄달스퀘어물류부동산일반사모투자신탁제1호 [구성요소]
entity00139214_KiaCorporationMemberOfEquitySecuritiesMemberOfDetailsOfEquityInstrumentsWithinFinancialAssetsMeasuredAtFairValueThroughOtherComprehensiveIncomeTableOfMember,기아 [구성요소]
entity00139214_KiamcoCaliforniaSolarPrivateSpecialAssetInvestmentTrustMemberOfBeneficiaryCertificateMemberOfDisclosureOfInterestsInInvestmentSecuritiesAccountedForAsFinancialAssetsMeasuredAtFairValueThroughProfitOrLossWithinTheScopeOfConsolidationTableOfMember,KIAMCO캘리포니아태양광사모특별자산투자신탁 [구성요소]
entity00139214_KiamcoCaliforniaSolarPrivateSpecialAssetInvestmentTrustMemberOfSubsidiariesMemberOfDisclosureOfFinancialTransactionsBetweenRelatedPartiesTableOfMember,KIAMCO캘리포니아태양광사모특별자산투자신탁 [구성요소]
entity00139214_KiamcoEssSolarPrivateSpecialAssetInvestmentTrustNo1MemberOfBeneficiaryCertificateMemberOfDisclosureOfInterestsInInvestmentSecuritiesAccountedForAsFinancialAssetsMeasuredAtFairValueThroughProfitOrLossWithinTheScopeOfConsolidationTableOfMember,KIAMCOESS태양광사모특별자산투자신탁제1호 [구성요소]
entity00139214_KiamcoEssSolarPrivateSpecialAssetInvestmentTrustNo1MemberOfSubsidiariesMemberOfDisclosureOfFinancialTransactionsBetweenRelatedPartiesTableOfMember,KIAMCOESS태양광사모특별자산투자신탁제1호 [구성요소]
entity00139214_KiwoomGreenEnergyGeneralPrivateInvestmentTrustNo2MemberOfBeneficiaryCertificateMemberOfDisclosureOfInterestsInInvestmentSecuritiesAccountedForAsFinancialAssetsMeasuredAtFairValueThroughProfitOrLossWithinTheScopeOfConsolidationTableOfMember,키움그린에너지일반사모투자신탁제2호 [구성요소]
entity00139214_KiwoomGreenEnergyGeneralPrivateInvestmentTrustNo2MemberOfSubsidiariesMemberOfDisclosureOfFinancialTransactionsBetweenRelatedPartiesTableOfMember,키움그린에너지일반사모투자신탁제2호 [구성요소]
entity00139214_KiwoomGreenEnergyGeneralPrivateInvestmentTrustNo3InfrastructureMemberOfBeneficiaryCertificateMemberOfDisclosureOfInterestsInInvestmentSecuritiesAccountedForAsFinancialAssetsMeasuredAtFairValueThroughProfitOrLossWithinTheScopeOfConsolidationTableOfMember,키움그린에너지일반사모투자신탁3호(인프라) [구성요소]
entity00139214_KiwoomGreenEnergyGeneralPrivateInvestmentTrustNo3InfrastructureMemberOfSubsidiariesMemberOfDisclosureOfFinancialTransactionsBetweenRelatedPartiesTableOfMember,키움그린에너지일반사모투자신탁3호(인프라) [구성요소]
entity00139214_KiwoomSolarPowerGeneralPrivateInvestmentTrustNo6MemberOfBeneficiaryCertificateMemberOfDisclosureOfInterestsInInvestmentSecuritiesAccountedForAsFinancialAssetsMeasuredAtFairValueThroughProfitOrLossWithinTheScopeOfConsolidationTableOfMember,키움태양광발전일반사모투자신탁제6호 [구성요소]
entity00139214_KiwoomSolarPowerGeneralPrivateInvestmentTrustNo6MemberOfSubsidiariesMemberOfDisclosureOfFinancialTransactionsBetweenRelatedPartiesTableOfMember,키움태양광발전일반사모투자신탁제6호 [구성요소]
entity00139214_KookminBankContingentBondUpper4405E03Youngshin29MemberOfEquitySecuritiesMemberOfDetailsOfEquityInstrumentsWithinFinancialAssetsMeasuredAtFairValueThroughOtherComprehensiveIncomeTableOfMember,국민은행조건부(상)4405이(03)영신-29 [구성요소]
entity00139214_KoramcoGeneralPrivateRealEstateInvestmentTrustNo131MemberOfBeneficiaryCertificateMemberOfDisclosureOfInterestsInInvestmentSecuritiesAccountedForAsFinancialAssetsMeasuredAtFairValueThroughProfitOrLossWithinTheScopeOfConsolidationTableOfMember,코람코일반투자형사모부동산투자신탁제131호 [구성요소]
entity00139214_KoreaCreditBureauMemberOfEquitySecuritiesMemberOfDetailsOfEquityInstrumentsWithinFinancialAssetsMeasuredAtFairValueThroughOtherComprehensiveIncomeTableOfMember,코리아크레딧뷰로 [구성요소]
entity00139214_KoreaInclusiveFinanceAgencyMemberOfEquitySecuritiesMemberOfDetailsOfEquityInstrumentsWithinFinancialAssetsMeasuredAtFairValueThroughOtherComprehensiveIncomeTableOfMember,서민금융진흥원 [구성요소]
entity00139214_KoreaSecuritiesDepositoryMemberOfEquitySecuritiesMemberOfDetailsOfEquityInstrumentsWithinFinancialAssetsMeasuredAtFairValueThroughOtherComprehensiveIncomeTableOfMember,증권예탁원 [구성요소]
entity00139214_KtMemberOfEquitySecuritiesMemberOfDetailsOfEquityInstrumentsWithinFinancialAssetsMeasuredAtFairValueThroughOtherComprehensiveIncomeTableOfMember,KT [구성요소]
entity00139214_KtbBnpParibasEuropeInfrastructureLoanGeneralPrivateInvestmentTrustNo1MemberOfBeneficiaryCertificateMemberOfDisclosureOfInterestsInInvestmentSecuritiesAccountedForAsFinancialAssetsMeasuredAtFairValueThroughProfitOrLossWithinTheScopeOfConsolidationTableOfMember,KTBBNPP유럽인프라대출일반사모투자신탁제1호 [구성요소]
entity00139214_KtbBnpParibasEuropeInfrastructureLoanGeneralPrivateInvestmentTrustNo1MemberOfSubsidiariesMemberOfDisclosureOfFinancialTransactionsBetweenRelatedPartiesTableOfMember,KTBBNPP유럽인프라대출일반사모투자신탁제1호 [구성요소]
entity00139214_KtbUkPppGeneralPrivateInvestmentTrustNo261MemberOfBeneficiaryCertificateMemberOfDisclosureOfInterestsInInvestmentSecuritiesAccountedForAsFinancialAssetsMeasuredAtFairValueThroughProfitOrLossWithinTheScopeOfConsolidationTableOfMember,KTB영국PPP일반투자형사모투자신탁제26-1호 [구성요소]
entity00139214_KtbUkPppGeneralPrivateInvestmentTrustNo261MemberOfSubsidiariesMemberOfDisclosureOfFinancialTransactionsBetweenRelatedPartiesTableOfMember,KTB영국PPP일반투자형사모투자신탁제26-1호 [구성요소]
entity00139214_KyoboAxaEuropeCoreRealEstateGeneralPrivateInvestmentTrustNo1FeederMemberOfBeneficiaryCertificateMemberOfDisclosureOfInterestsInInvestmentSecuritiesAccountedForAsFinancialAssetsMeasuredAtFairValueThroughProfitOrLossWithinTheScopeOfConsolidationTableOfMember,교보악사유럽코어부동산일반사모투자신탁1호(재간접) [구성요소]
entity00139214_KyoboAxaEuropeCoreRealEstateGeneralPrivateInvestmentTrustNo1FeederMemberOfSubsidiariesMemberOfDisclosureOfFinancialTransactionsBetweenRelatedPartiesTableOfMember,교보악사유럽코어부동산일반사모투자신탁1호(재간접) [구성요소]
entity00139214_LandAndBuildingsLeaseLiabilitiesMemberOfLiabilitiesMemberOfDisclosureOfChangesInLeaseLiabilitiesTableOfMember,토지와 건물 리스부채 [구성요소]
entity00139214_LandAndBuildingsLeaseLiabilitiesMemberOfLiabilitiesMemberOfDisclosureOfLeaseLiabilityMaturityAnalysisTableOfMember,토지와 건물 리스부채 [구성요소]
entity00139214_LandAndBuildingsLeaseLiabilitiesMemberOfLiabilitiesMemberOfDisclosureOfQuantitativeInformationsAboutLeaseLiabilitiesTableOfMember,토지와 건물 리스부채 [구성요소]
entity00139214_LandAndBuildingsSamsungLifeInsuranceEtcMemberOfPropertyPlantAndEquipmentMemberOfDisclosureOfFinancialAssetsPledgedAsSecurityTableOfMember,토지 및 건물-삼성생명 등 [구성요소]
entity00139214_LawsuitNotRelatedToInsurancePayoutEligibilityMemberOfDefendantInLawsuitsMemberOfDisclosureOfLegalProceedingsContingentLiabilityTotalTableOfMember,보험금 지급 대상이 아닌 소송 [구성요소]
entity00139214_LawsuitRegardingInsurancePayoutEligibilityMemberOfDefendantInLawsuitsMemberOfDisclosureOfLegalProceedingsContingentLiabilityTableOfMember,보험금 지급 대상 소송 [구성요소]
entity00139214_LeaseContractTerminationBenefitOfAdjustmentsToReconcileProfitLossOfCashFlowsFromUsedInOperatingActivitiesTableOfItems,리스계약해지이익
entity00139214_LeaseholdDepositsRelatedPartyTransactionsOfDisclosureOfOutstandingBalancesForRelatedPartyTransactionsLineItemsOfDisclosureOfOutstandingBalancesForRelatedPartyTransactionsTableOfItems,"임차보증금, 특수관계자거래"
entity00139214_LgUplusMemberOfEquitySecuritiesMemberOfDetailsOfEquityInstrumentsWithinFinancialAssetsMeasuredAtFairValueThroughOtherComprehensiveIncomeTableOfMember,LG유플러스 [구성요소]
entity00139214_LoanHistoryForKeyExecutivesAbstract,주요 임직원에 대한 대출내역[ 개요 ]
entity00139214_LoanHistoryForKeyExecutivesLineItemsOfLoanHistoryForKeyExecutivesTableOfLineItems,주요 임직원에 대한 대출내역 [항목]
entity00139214_LoanHistoryForKeyExecutivesTable,주요 임직원에 대한 대출내역
entity00139214_LoanHistoryForKeyExecutivesTextBlock,주요 임직원에 대한 대출내역[ 문장영역 ]
entity00139214_LoanRatioByCustomerTypeOfDisclosureOfLoanAtAmortisedCostByCustomerTypeLineItemsOfDisclosureOfLoanAtAmortisedCostByCustomerTypeTableOfItems,"고객 유형별 대출비율, 상각후원가측정대출채권"
entity00139214_LoansDenominatedInForeignCurrency2MemberOfHedgedItemsMemberOfDisclosureOfDetailedInformationAboutHedgedItemsTableOfMember,외화대출채권 2 [구성요소]
entity00139214_LoansDenominatedInForeignCurrencyMemberOfHedgedItemsMemberOfDisclosureOfDetailedInformationAboutHedgedItemsTableOfMember,외화대출채권 [구성요소]
entity00139214_LoansMemberOfFinancialInstrumentsClassMemberOfDisclosureOfFairValueMeasurementMethodOfFinancialInstrumentsTableOfMember,대출채권 [구성요소]
entity00139214_LoansToEmployeesRelatedPartyTransactionsOfLoanHistoryForKeyExecutivesLineItemsOfLoanHistoryForKeyExecutivesTableOfItems,"임직원에 대한 대출금, 특수관계자거래"
entity00139214_LoansToEmployeesSecuredByRealEstateRelatedPartyTransactionsOfLoanHistoryForKeyExecutivesLineItemsOfLoanHistoryForKeyExecutivesTableOfItems,"임직원에 대한 부동산담보대출금, 특수관계자거래"
entity00139214_LoansUnderInsuranceTermsUndiscountedCashFlowsOfLoansAtAmortisedCostUndiscountedCashFlowsOfDisclosureOfLoansAndReceivablesMeasuredAtAmortizedCostByRemainingMaturityTableOfItems,"보험약관대출금, 미할인현금흐름"
entity00139214_LocationOfDisclosureOfInterestsInInvestmentSecuritiesAccountedForAsFinancialAssetsMeasuredAtFairValueThroughProfitOrLossWithinTheScopeOfConsolidationLineItemsOfDisclosureOfInterestsInInvestmentSecuritiesAccountedForAsFinancialAssetsMeasuredAtFairValueThroughProfitOrLossWithinTheScopeOfConsolidationTableOfItems,소재지
entity00139214_LocationOfDisclosureOnFairValueThroughProfitOrLossFinancialAssetsClassifiedAsJointVenturesLineItemsOfDisclosureOnFairValueThroughProfitOrLossFinancialAssetsClassifiedAsJointVenturesTableOfItems,소재지
entity00139214_LossOnTerminationOfRightOfUseAssetsOfNonOperatingExpenseOfNonoperatingIncomeExpenseTableOfItems,리스사용권자산해지손실
entity00139214_MacquarieGlobalInfrastructureLoanGeneralPrivateSpecialAssetInvestmentTrustNo3MemberOfBeneficiaryCertificateMemberOfDisclosureOfInterestsInInvestmentSecuritiesAccountedForAsFinancialAssetsMeasuredAtFairValueThroughProfitOrLossWithinTheScopeOfConsolidationTableOfMember,맥쿼리글로벌인프라대출일반투자형사모특별자산투자신탁3호 [구성요소]
entity00139214_MacquarieGlobalInfrastructureLoanGeneralPrivateSpecialAssetInvestmentTrustNo3MemberOfSubsidiariesMemberOfDisclosureOfFinancialTransactionsBetweenRelatedPartiesTableOfMember,맥쿼리글로벌인프라대출일반투자형사모특별자산투자신탁3호 [구성요소]
entity00139214_MacquarieInfrastructureMemberOfEquitySecuritiesMemberOfDetailsOfEquityInstrumentsWithinFinancialAssetsMeasuredAtFairValueThroughOtherComprehensiveIncomeTableOfMember,맥쿼리인프라 [구성요소]
entity00139214_MarginDepositsForFuturesContractsMemberOfRestrictedFinancialAssetsMemberOfDisclousureOfRestrictedFinancialAssetsTableOfMember,선물거래예치금 [구성요소]
entity00139214_MiraeAssetEfGeneralPrivateSpecialAssetInvestmentTrustNo34HMemberOfBeneficiaryCertificateMemberOfDisclosureOfInterestsInInvestmentSecuritiesAccountedForAsFinancialAssetsMeasuredAtFairValueThroughProfitOrLossWithinTheScopeOfConsolidationTableOfMember,미래에셋EF일반사모특별자산투자신탁3-4호(H) [구성요소]
entity00139214_MiraeAssetEfGeneralPrivateSpecialAssetInvestmentTrustNo34HMemberOfSubsidiariesMemberOfDisclosureOfFinancialTransactionsBetweenRelatedPartiesTableOfMember,미래에셋EF일반사모특별자산투자신탁3-4호(H) [구성요소]
entity00139214_MiraeAssetRe100RenewableEnergyGeneralPrivateInvestmentTrustNo1MemberOfBeneficiaryCertificateMemberOfDisclosureOfInterestsInInvestmentSecuritiesAccountedForAsFinancialAssetsMeasuredAtFairValueThroughProfitOrLossWithinTheScopeOfConsolidationTableOfMember,미래에셋RE100재생에너지일반사모투자신탁1호 [구성요소]
entity00139214_MiraeAssetRe100RenewableEnergyGeneralPrivateInvestmentTrustNo1MemberOfRelatedPartiesMemberOfDisclosureOnUnusedCommitmentsProvidedTableOfMember,미래에셋RE100재생에너지일반사모투자신탁1호 [구성요소]
entity00139214_MiraeAssetRe100RenewableEnergyGeneralPrivateInvestmentTrustNo1MemberOfSubsidiariesMemberOfDisclosureOfFinancialTransactionsBetweenRelatedPartiesTableOfMember,미래에셋RE100재생에너지일반사모투자신탁1호 [구성요소]
entity00139214_MultiAssetHyundaiGreenPowerGeneralPrivateInvestmentTrustNo1MemberOfBeneficiaryCertificateMemberOfDisclosureOfInterestsInInvestmentSecuritiesAccountedForAsFinancialAssetsMeasuredAtFairValueThroughProfitOrLossWithinTheScopeOfConsolidationTableOfMember,멀티에셋현대그린파워일반사모투자신탁제1호 [구성요소]
entity00139214_MultiAssetHyundaiGreenPowerGeneralPrivateInvestmentTrustNo1MemberOfSubsidiariesMemberOfDisclosureOfFinancialTransactionsBetweenRelatedPartiesTableOfMember,멀티에셋현대그린파워일반사모투자신탁제1호 [구성요소]
entity00139214_MybrownMemberOfEquitySecuritiesMemberOfDetailsOfEquityInstrumentsWithinFinancialAssetsMeasuredAtFairValueThroughOtherComprehensiveIncomeTableOfMember,마이브라운 [구성요소]
entity00139214_NetIncreaseDecreaseInFinancialAssetsDueToDrawdownsRepaymentsAndChangesInForeignExchangeRatesEtcOfChangesInDepositsMeasuredAtAmortizedCostLineItemsOfChangesInDepositsMeasuredAtAmortizedCostTableOfItems,"실행, 회수 및 환율변동 등으로 인한 금융자산의 순증가(감소)"
entity00139214_NewAirportHighwayMemberOfAssociatesMemberOfDisclosureOfFinancialTransactionsBetweenRelatedPartiesTableOfMember,신공항하이웨이 [구성요소]
entity00139214_NewAirportHighwayMemberOfAssociatesMemberOfDisclosureOfOutstandingBalancesForRelatedPartyTransactionsTableOfMember,신공항하이웨이 [구성요소]
entity00139214_NewAirportHighwayMemberOfAssociatesMemberOfDisclosureOfTransactionsBetweenRelatedPartiesTableOfMember,신공항하이웨이 [구성요소]
entity00139214_NhAmundiDigitalInfrastructureGeneralPrivateSpecialAssetInvestmentTrustNo1MemberOfRelatedPartiesMemberOfDisclosureOnUnusedCommitmentsProvidedTableOfMember,NH-Amundi 디지털인프라일반사모특별자산투자신탁1호 [구성요소]
entity00139214_NhAmundiDigitalInfrastructureGeneralPrivateSpecialAssetInvestmentTrustNo1MemberOfSubsidiariesMemberOfDisclosureOfFinancialTransactionsBetweenRelatedPartiesTableOfMember,NH-Amundi디지털인프라일반사모특별자산투자신탁1호 [구성요소]
entity00139214_NhAmundiDigitalInfrastructurePrivateSpecialAssetFundNo1MemberOfBeneficiaryCertificateMemberOfDisclosureOfInterestsInInvestmentSecuritiesAccountedForAsFinancialAssetsMeasuredAtFairValueThroughProfitOrLossWithinTheScopeOfConsolidationTableOfMember,NH-Amundi디지털인프라일반사모특별자산투자신탁1호 [구성요소]
entity00139214_NhAmundiGlobalCoreInfrastructureGeneralPrivateSpecialAssetInvestmentTrustNo1MemberOfBeneficiaryCertificateMemberOfDisclosureOfInterestsInInvestmentSecuritiesAccountedForAsFinancialAssetsMeasuredAtFairValueThroughProfitOrLossWithinTheScopeOfConsolidationTableOfMember,NH-Amundi글로벌코어인프라일반사모특별자산투자신탁1호 [구성요소]
entity00139214_NhAmundiGlobalCoreInfrastructureGeneralPrivateSpecialAssetInvestmentTrustNo1MemberOfSubsidiariesMemberOfDisclosureOfFinancialTransactionsBetweenRelatedPartiesTableOfMember,NH-Amundi글로벌코어인프라일반사모특별자산투자신탁1호 [구성요소]
entity00139214_NineCashAndCashEquivalents,9. 현금및예치금
entity00139214_NonParNonParticipatingAccidentInsuranceMemberOfPortfolioClassificationMemberOfDisclosureOfInsuranceLiabilitiesByAccountingModelAndPortfolioTableOfMember,Non-Par 무배당상해 [구성요소]
entity00139214_NonParNonParticipatingAnnuitySavingsMemberOfPortfolioClassificationMemberOfDisclosureOfInsuranceLiabilitiesByAccountingModelAndPortfolioTableOfMember,Non-Par 무배당연금저축 [구성요소]
entity00139214_NonParNonParticipatingHealthInsuranceMemberOfPortfolioClassificationMemberOfDisclosureOfInsuranceLiabilitiesByAccountingModelAndPortfolioTableOfMember,Non-Par 무배당질병 [구성요소]
entity00139214_NonParNonParticipatingPropertyInsuranceMemberOfPortfolioClassificationMemberOfDisclosureOfInsuranceLiabilitiesByAccountingModelAndPortfolioTableOfMember,Non-Par 무배당재물 [구성요소]
entity00139214_NotesReceivableMemberOfOtherFinancialAssetsAtAmortisedCostMemberOfDetailsOfOtherReceivablesAtAmortisedCostTableOfMember,받을어음 [구성요소]
entity00139214_NumberOfImportantLitigationsOfDisclosureOfLegalProceedingsContingentLiabilityTotalLineItemsOfDisclosureOfLegalProceedingsContingentLiabilityTotalTableOfItems,중요한 소송 건수
entity00139214_NumberOfTreasurySharesCanceledPursuantToTheBoardOfDirectorsResolutionOnApril12025OfDisclosureOfClassesOfShareCapitalLineItemsOfDisclosureOfClassesOfShareCapitalTableOfItems,2025년 4월 1일 이사회 결의에 의거 소각한 자기주식수
entity00139214_NumberOfTreasurySharesCanceledPursuantToTheBoardOfDirectorsResolutionOnApril182007OfDisclosureOfClassesOfShareCapitalLineItemsOfDisclosureOfClassesOfShareCapitalTableOfItems,2007년 4월 18일자 이사회 결의에 의거 소각한 자기주식수
entity00139214_NumberOfTreasurySharesCanceledPursuantToTheBoardOfDirectorsResolutionOnSeptember52003OfDisclosureOfClassesOfShareCapitalLineItemsOfDisclosureOfClassesOfShareCapitalTableOfItems,2003년 9월 5일 이사회 결의에 의거 소각한 자기주식수
entity00139214_One9PolicyholderAssets,19. 보험가입자산
entity00139214_OrangeMemberOfEquitySecuritiesMemberOfDetailsOfEquityInstrumentsWithinFinancialAssetsMeasuredAtFairValueThroughOtherComprehensiveIncomeTableOfMember,ORANGE [구성요소]
entity00139214_OtherBusinessExpensesMemberOfLineItemsByFunctionMemberOfDisclosureOfAttributionOfExpensesByNatureToTheirFunctionTableOfMember,기타사업비용 [구성요소]
entity00139214_OtherComprehensiveIncomeBeforeTaxAccumulatedGainOrLossUponDisposalOfFairValueMeasuredFinancialAssetsOfChangesInFairValueOfFinancialAssetsMeasuredAtFairValueThroughOtherComprehensiveIncomeLineItemsOfChangesInFairValueOfFinancialAssetsMeasuredAtFairValueThroughOtherComprehensiveIncomeTableOfItems,세전기타포괄손익-공정가치측정금융자산 처분시점의 누적손익
entity00139214_OtherComprehensiveIncomeBeforeTaxAccumulatedGainOrLossUponDisposalOfFairValueMeasuredFinancialAssetsOfOtherComprehensiveIncomePostTaxChangesInFairValueMeasurementFinancialAssetValuationGainsAndLossesLineItemsOfOtherComprehensiveIncomePostTaxChangesInFairValueMeasurementFinancialAssetValuationGainsAndLossesTableOfItems,세전기타포괄손익-공정가치측정금융자산 처분시점의 누적손익
entity00139214_OtherComprehensiveIncomeBeforeTaxGainOrLossOnFairValueMeasurementOfFinancialAssetsOfChangesInFairValueOfFinancialAssetsMeasuredAtFairValueThroughOtherComprehensiveIncomeLineItemsOfChangesInFairValueOfFinancialAssetsMeasuredAtFairValueThroughOtherComprehensiveIncomeTableOfItems,세전기타포괄손익-공정가치측정금융자산 평가손익
entity00139214_OtherComprehensiveIncomeBeforeTaxGainOrLossOnFairValueMeasurementOfFinancialAssetsOfOtherComprehensiveIncomePostTaxChangesInFairValueMeasurementFinancialAssetValuationGainsAndLossesLineItemsOfOtherComprehensiveIncomePostTaxChangesInFairValueMeasurementFinancialAssetValuationGainsAndLossesTableOfItems,세전기타포괄손익-공정가치측정금융자산 평가손익
entity00139214_OtherComprehensiveIncomeBeforeTaxOfDisclosureOfChangesInAccumulatedComprehensiveIncomeLineItemsOfDisclosureOfChangesInAccumulatedComprehensiveIncomeTableOfItems,세전기타포괄손익
entity00139214_OtherComprehensiveIncomePostTaxChangesInFairValueMeasurementFinancialAssetValuationGainsAndLossesAbstract,기타포괄손익-공정가치측정금융자산평가손익의 세후 변동내역[ 개요 ]
entity00139214_OtherComprehensiveIncomePostTaxChangesInFairValueMeasurementFinancialAssetValuationGainsAndLossesLineItemsOfOtherComprehensiveIncomePostTaxChangesInFairValueMeasurementFinancialAssetValuationGainsAndLossesTableOfLineItems,기타포괄손익-공정가치측정금융자산평가손익의 세후 변동내역 [항목]
entity00139214_OtherComprehensiveIncomePostTaxChangesInFairValueMeasurementFinancialAssetValuationGainsAndLossesTable,기타포괄손익-공정가치측정금융자산평가손익의 세후 변동내역
entity00139214_OtherComprehensiveIncomePostTaxChangesInFairValueMeasurementFinancialAssetValuationGainsAndLossesTextBlock,기타포괄손익-공정가치측정금융자산평가손익의 세후 변동내역[ 문장영역 ]
entity00139214_OtherDebtSecuritiesMemberOfFinancialAssetsClassMemberOfDetailsOfFinancialAssetsDenominatedInForeignCurrencyTableOfMember,기타채무증권 [구성요소]
entity00139214_OtherDepositsEtcOfDepositsMeasuredAtAmortisedCostOfDisclosureOfTheCompositionOfCashAndCashEquivalentsAndDepositsMeasuredAtAmortizedCostTableOfItems,기타예금 등
entity00139214_OtherDerivativesMemberOfDerivativesTypeMemberOfFairValuesOfOtherDerivativeInstrumentsTableOfMember,기타파생상품 [구성요소]
entity00139214_OtherExpensesRelatedPartyTransactionsOfDisclosureOfTransactionsBetweenRelatedPartiesLineItemsOfDisclosureOfTransactionsBetweenRelatedPartiesTableOfItems,"기타비용, 특수관계자거래"
entity00139214_OtherIncomeRelatedPartyTransactionsOfDisclosureOfTransactionsBetweenRelatedPartiesLineItemsOfDisclosureOfTransactionsBetweenRelatedPartiesTableOfItems,"기타수익, 특수관계자거래"
entity00139214_OtherLoansUndiscountedCashFlowsOfLoansAtAmortisedCostUndiscountedCashFlowsOfDisclosureOfLoansAndReceivablesMeasuredAtAmortizedCostByRemainingMaturityTableOfItems,"기타대출금, 미할인현금흐름"
entity00139214_OtherPayablesEtcMemberOfFinancialLiabilitiesClassMemberOfDetailsOfFinancialLiabilitiesDenominatedInForeignCurrencyTableOfMember,미지급금 등 [구성요소]
entity00139214_OtherPayablesRelatedPartyTransactionsOfDisclosureOfOutstandingBalancesForRelatedPartyTransactionsLineItemsOfDisclosureOfOutstandingBalancesForRelatedPartyTransactionsTableOfItems,"기타채무, 특수관계자거래"
entity00139214_OtherPropertyPlantAndEquipmentLeaseLiabilitiesMemberOfLiabilitiesMemberOfDisclosureOfChangesInLeaseLiabilitiesTableOfMember,기타유형자산 리스부채 [구성요소]
entity00139214_OtherPropertyPlantAndEquipmentLeaseLiabilitiesMemberOfLiabilitiesMemberOfDisclosureOfLeaseLiabilityMaturityAnalysisTableOfMember,기타유형자산 리스부채 [구성요소]
entity00139214_OtherPropertyPlantAndEquipmentLeaseLiabilitiesMemberOfLiabilitiesMemberOfDisclosureOfQuantitativeInformationsAboutLeaseLiabilitiesTableOfMember,기타유형자산 리스부채 [구성요소]
entity00139214_OtherReceivablesRelatedPartyTransactionsOfDisclosureOfOutstandingBalancesForRelatedPartyTransactionsLineItemsOfDisclosureOfOutstandingBalancesForRelatedPartyTransactionsTableOfItems,"기타채권, 특수관계자거래"
entity00139214_OthersOtherCapitalSurplusOfOtherCapitalSurplusOfDisclosureOfOtherCapitalSurplusCompositionDetailsTableOfItems,"기타, 기타자본잉여금"
entity00139214_OthersOtherRelatedPartiesMemberOfLargeBusinessGroupMemberOfDisclosureOfOutstandingBalancesForRelatedPartyTransactionsTableOfMember,"기타, 그 밖의 특수관계자 [구성요소]"
entity00139214_OthersOtherRelatedPartiesMemberOfLargeBusinessGroupMemberOfDisclosureOfTransactionsBetweenRelatedPartiesTableOfMember,"기타, 그 밖의 특수관계자 [구성요소]"
entity00139214_OverdraftAgreementMemberOfFinancialInstitutionCovenantsMemberOfDisclosureOfCommitmentsTableOfMember,당좌차월약정 [구성요소]
entity00139214_OverseasBusinessMemberOfReportableSegmentsMemberOfDisclosureOfOperatingSegmentsIncomeStatementTableOfMember,해외사업 [구성요소]
entity00139214_OverseasBusinessMemberOfReportableSegmentsMemberOfDisclosureOfOperatingSegmentsTableOfMember,해외사업 [구성요소]
entity00139214_OwnershipPercentageOfDisclosureOfInterestsInInvestmentSecuritiesAccountedForAsFinancialAssetsMeasuredAtFairValueThroughProfitOrLossWithinTheScopeOfConsolidationLineItemsOfDisclosureOfInterestsInInvestmentSecuritiesAccountedForAsFinancialAssetsMeasuredAtFairValueThroughProfitOrLossWithinTheScopeOfConsolidationTableOfItems,지분율
entity00139214_OwnershipPercentageOfDisclosureOnFairValueThroughProfitOrLossFinancialAssetsClassifiedAsJointVenturesLineItemsOfDisclosureOnFairValueThroughProfitOrLossFinancialAssetsClassifiedAsJointVenturesTableOfItems,지분율
entity00139214_PacificUSHotelSpecializedPrivateRealEstateInvestmentTrustNo10MemberOfBeneficiaryCertificateMemberOfDisclosureOfInterestsInInvestmentSecuritiesAccountedForAsFinancialAssetsMeasuredAtFairValueThroughProfitOrLossWithinTheScopeOfConsolidationTableOfMember,퍼시픽미국호텔전문투자형사모부동산투자신탁제10호 [구성요소]
entity00139214_PacificUSHotelSpecializedPrivateRealEstateInvestmentTrustNo10MemberOfSubsidiariesMemberOfDisclosureOfFinancialTransactionsBetweenRelatedPartiesTableOfMember,퍼시픽미국호텔전문투자형사모부동산투자신탁제10호 [구성요소]
entity00139214_PackageInsuranceMemberOfTypesOfContractsMemberOfDisclosureOfInsurancePolicyDetailsTableOfMember,패키지보험 [구성요소]
entity00139214_PaymentGuaranteeLoanUndiscountedCashFlowsOfLoansAtAmortisedCostUndiscountedCashFlowsOfDisclosureOfLoansAndReceivablesMeasuredAtAmortizedCostByRemainingMaturityTableOfItems,"지급보증대출금, 미할인현금흐름"
entity00139214_PendingInTheAppellateCourtMemberOfLawsuitRegardingInsurancePayoutEligibilityMemberOfDisclosureOfLegalProceedingsContingentLiabilityTableOfMember,2심 계류 [구성요소]
entity00139214_PendingInTheFirstTrialMemberOfLawsuitRegardingInsurancePayoutEligibilityMemberOfDisclosureOfLegalProceedingsContingentLiabilityTableOfMember,1심 계류 [구성요소]
entity00139214_PendingInTheSupremeCourtMemberOfLawsuitRegardingInsurancePayoutEligibilityMemberOfDisclosureOfLegalProceedingsContingentLiabilityTableOfMember,3심 계류 [구성요소]
entity00139214_PerformanceGuaranteeMemberOfTypesOfCommitmentsMemberOfDisclosureOfCommitmentsTableOfMember,이행보증계약 [구성요소]
entity00139214_PetrolimexInsuranceCorporationMemberOfAssociatesMemberOfDisclosureOfOutstandingBalancesForRelatedPartyTransactionsTableOfMember,Petrolimex Insurance Corporation [구성요소]
entity00139214_PetrolimexInsuranceCorporationMemberOfAssociatesMemberOfDisclosureOfTransactionsBetweenRelatedPartiesTableOfMember,Petrolimex Insurance Corporation [구성요소]
entity00139214_PineStreetKkrGlobalInfrastructureGeneralPrivateSpecialAssetInvestmentTrustNo12MemberOfSubsidiariesMemberOfDisclosureOfFinancialTransactionsBetweenRelatedPartiesTableOfMember,파인스트리트KKR글로벌인프라일반사모특별자산투자신탁1-2호 [구성요소]
entity00139214_PineStreetKkrGlobalInfrastructurePrivateSpecialAssetInvestmentTrustNo12MemberOfBeneficiaryCertificateMemberOfDisclosureOfInterestsInInvestmentSecuritiesAccountedForAsFinancialAssetsMeasuredAtFairValueThroughProfitOrLossWithinTheScopeOfConsolidationTableOfMember,파인스트리트KKR글로벌인프라일반사모특별자산투자신탁1-2호 [구성요소]
entity00139214_PineStreetKkrGlobalInfrastructurePrivateSpecialAssetInvestmentTrustNo12MemberOfRelatedPartiesMemberOfDisclosureOnUnusedCommitmentsProvidedTableOfMember,파인스트리트KKR글로벌인프라일반사모특별자산투자신탁1-2호 [구성요소]
entity00139214_PlatformPartnersGlobalPppGeneralPrivateSpecialAssetInvestmentTrustNo1MemberOfBeneficiaryCertificateMemberOfDisclosureOfInterestsInInvestmentSecuritiesAccountedForAsFinancialAssetsMeasuredAtFairValueThroughProfitOrLossWithinTheScopeOfConsolidationTableOfMember,플랫폼파트너스글로벌PPP일반사모특별자산투자신탁제1호 [구성요소]
entity00139214_PlatformPartnersGlobalPppGeneralPrivateSpecialAssetInvestmentTrustNo1MemberOfSubsidiariesMemberOfDisclosureOfFinancialTransactionsBetweenRelatedPartiesTableOfMember,플랫폼파트너스글로벌PPP일반사모특별자산투자신탁제1호 [구성요소]
entity00139214_PortfolioClassificationAxisOfDisclosureOfInsuranceLiabilitiesByAccountingModelAndPortfolioOfAxis,포트폴리오 구분 [축]
entity00139214_PortfolioClassificationMemberOfPortfolioClassificationAxisOfDisclosureOfInsuranceLiabilitiesByAccountingModelAndPortfolioTableOfMember,포트폴리오 구분 [구성요소]
entity00139214_PrivateStocks2MemberOfFinancialAssetsAtFairValueThroughOtherComprehensiveIncomeCategoryMemberOfDisclosureOfSignificantUnobservableInputsUsedInFairValueMeasurementOfAssetsTableOfMember,비상장 주식 2 [구성요소]
entity00139214_PrivateStocks2MemberOfFinancialAssetsAtFairValueThroughOtherComprehensiveIncomeCategoryMemberOfValuationTechniquesAndInputsUsedInFairValueMeasurementOfLevel3AssetsTableOfMember,비상장 주식 2 [구성요소]
entity00139214_PropertyManagementCostsMemberOfLineItemsByFunctionMemberOfDisclosureOfAttributionOfExpensesByNatureToTheirFunctionTableOfMember,재산관리비용 [구성요소]
entity00139214_PropertyPlantAndEquipmentBookValueBeforeRevaluationOfDisclosureOfRevaluationReserveBalanceDetailsLineItemsOfDisclosureOfRevaluationReserveBalanceDetailsTableOfItems,"유형자산, 재평가전 자산"
entity00139214_ProvisionForDormantInsuranceMoneyMemberOfOtherProvisionsMemberOfDisclosureOfOtherProvisionsTableOfMember,휴면보험금충당부채 [구성요소]
entity00139214_ProvisionOfReinsuranceCollateralAndLcOpeningLimitAgreementMemberOfFinancialInstitutionCovenantsMemberOfDisclosureOfCommitmentsTableOfMember,수재보험담보제공 및 LC개설 한도 약정 [구성요소]
entity00139214_PtAsuransiTuguPratamaIndonesiaTbkMemberOfEquitySecuritiesMemberOfDetailsOfEquityInstrumentsWithinFinancialAssetsMeasuredAtFairValueThroughOtherComprehensiveIncomeTableOfMember,PT Asuransi Tugu Pratama Indonesia Tbk [구성요소]
entity00139214_PtReasuransiMaiparkIndonesiaMemberOfEquitySecuritiesMemberOfDetailsOfEquityInstrumentsWithinFinancialAssetsMeasuredAtFairValueThroughOtherComprehensiveIncomeTableOfMember,PT Reasuransi MAIPARK Indonesia [구성요소]
entity00139214_RealEstateMortgageLoansUndiscountedCashFlowsOfLoansAtAmortisedCostUndiscountedCashFlowsOfDisclosureOfLoansAndReceivablesMeasuredAtAmortizedCostByRemainingMaturityTableOfItems,"부동산담보대출금, 미할인현금흐름"
entity00139214_ReasonForProvidingCollateralOfDisclosureOfFinancialAssetsPledgedAsSecurityLineItemsOfDisclosureOfFinancialAssetsPledgedAsSecurityTableOfItems,담보제공사유
entity00139214_ReclassificationOfBuildingsFromInvestmentPropertyToOtherAssetsNonCashTransactionOfDisclosureOfSignificantNonCashTransactionsLineItemsOfDisclosureOfSignificantNonCashTransactionsTableOfItems,"건물(투자부동산)의 기타자산으로의 대체, 비현금거래"
entity00139214_ReclassificationOfBuildingsFromInvestmentPropertyToPropertyPlantAndEquipmentNonCashTransactionOfDisclosureOfSignificantNonCashTransactionsLineItemsOfDisclosureOfSignificantNonCashTransactionsTableOfItems,"건물(투자부동산)의 건물(유형자산)으로의 대체, 비현금거래"
entity00139214_ReclassificationOfConstructionInProgressFromPropertyPlantAndEquipmentToBuildingsInvestmentPropertyNonCashTransactionOfDisclosureOfSignificantNonCashTransactionsLineItemsOfDisclosureOfSignificantNonCashTransactionsTableOfItems,"건설중인자산(유형자산)의 건물(투자부동산)으로의 대체, 비현금거래"
entity00139214_ReclassificationOfConstructionInProgressFromPropertyPlantAndEquipmentToBuildingsNonCashTransactionOfDisclosureOfSignificantNonCashTransactionsLineItemsOfDisclosureOfSignificantNonCashTransactionsTableOfItems,"건설중인자산(유형자산)의 구축물(유형자산)으로의 대체, 비현금거래"
entity00139214_ReclassificationOfLandFromInvestmentPropertyToPropertyPlantAndEquipmentNonCashTransactionOfDisclosureOfSignificantNonCashTransactionsLineItemsOfDisclosureOfSignificantNonCashTransactionsTableOfItems,"토지(투자부동산)의 토지(유형자산)으로의 대체, 비현금거래"
entity00139214_ReclassificationOfOtherAssetsToIntangibleAssetsNonCashTransactionOfDisclosureOfSignificantNonCashTransactionsLineItemsOfDisclosureOfSignificantNonCashTransactionsTableOfItems,"기타자산의 무형자산으로의 대체, 비현금거래"
entity00139214_ReductionDueToRepaymentLeaseLiabilityOfDisclosureOfChangesInLeaseLiabilitiesLineItemsOfDisclosureOfChangesInLeaseLiabilitiesTableOfItems,"상환으로 인한 감소, 리스부채"
entity00139214_ReinsuranceAgreementMemberOfTypesOfCommitmentsMemberOfDisclosureOfCommitmentsTableOfMember,재보험협약 [구성요소]
entity00139214_RentalDepositRelatedPartyTransactionsOfDisclosureOfOutstandingBalancesForRelatedPartyTransactionsLineItemsOfDisclosureOfOutstandingBalancesForRelatedPartyTransactionsTableOfItems,"임대보증금, 특수관계자거래"
entity00139214_RentalIncomeFromInvestmentPropertyAndOperatingExpensesDirectlyRelatedToTheInvestmentPropertyAbstract,투자부동산에서 발생한 임대수익 및 해당 투자부동산과 직접 관련된 운영비용[ 개요 ]
entity00139214_RentalIncomeFromInvestmentPropertyAndOperatingExpensesDirectlyRelatedToTheInvestmentPropertyLineItemsOfRentalIncomeFromInvestmentPropertyAndOperatingExpensesDirectlyRelatedToTheInvestmentPropertyTableOfLineItems,투자부동산에서 발생한 임대수익 및 해당 투자부동산과 직접 관련된 운영비용 [항목]
entity00139214_RentalIncomeFromInvestmentPropertyAndOperatingExpensesDirectlyRelatedToTheInvestmentPropertyTable,투자부동산에서 발생한 임대수익 및 해당 투자부동산과 직접 관련된 운영비용
entity00139214_RentalIncomeFromInvestmentPropertyAndOperatingExpensesDirectlyRelatedToTheInvestmentPropertyTextBlock,투자부동산에서 발생한 임대수익 및 해당 투자부동산과 직접 관련된 운영비용[ 문장영역 ]
entity00139214_ReserveOfInsuranceFinanceIncomeExpensesFromInsuranceContractsIssuedExcludedFromProfitOrLossMemberOfAccumulatedOtherComprehensiveIncomeMemberOfDisclosureOfChangesInAccumulatedComprehensiveIncomeTableOfMember,당기손익에서 제외되는 발행한 보험계약의 보험금융수익(비용) 적립금 [구성요소]
entity00139214_RetirementPensionPlanAssetsAmountContributedToFairValueOfPlanAssetsOfDisclosureOfFairValueOfPlanAssetsLineItemsOfDisclosureOfFairValueOfPlanAssetsTableOfItems,"퇴직연금운용자산, 전체 사외적립자산에서 차지하는 금액"
entity00139214_ReturnsRelatedToInvestmentsInAssociatesAndJointVenturesOfNonOperatingIncomeOfNonoperatingIncomeExpenseTableOfItems,관계(공동)기업투자관련수익
entity00139214_RevaluationReserveBalanceAsOfTheRevaluationBaseDateOfDisclosureOfRevaluationReserveBalanceDetailsLineItemsOfDisclosureOfRevaluationReserveBalanceDetailsTableOfItems,재평가기준일 현재 재평가적립금 잔액
entity00139214_RevaluationTaxEtcRevaluationReserveOfDisclosureOfRevaluationReserveBalanceDetailsLineItemsOfDisclosureOfRevaluationReserveBalanceDetailsTableOfItems,"재평가세 등, 재평가적립금"
entity00139214_ReversalsOfImpairmentLossesOfFinancialAssetsRelatedPartyTransactionsOfDisclosureOfTheAmountRecognizedAsImpairmentLossAllowanceReversalLineItemsOfDisclosureOfTheAmountRecognizedAsImpairmentLossAllowanceReversalTableOfItems,"신용손실충당금 환입액, 특수관계자거래"
entity00139214_S1CorporationMemberOfEquitySecuritiesMemberOfDetailsOfEquityInstrumentsWithinFinancialAssetsMeasuredAtFairValueThroughOtherComprehensiveIncomeTableOfMember,에스원 [구성요소]
entity00139214_SamsungAnycarClaimAdjustmentCoLtdMemberOfSubsidiariesMemberOfDisclosureOfOutstandingBalancesForRelatedPartyTransactionsTableOfMember,삼성화재애니카손해사정 [구성요소]
entity00139214_SamsungAnycarClaimAdjustmentCoLtdMemberOfSubsidiariesMemberOfDisclosureOfTransactionsBetweenRelatedPartiesTableOfMember,삼성화재애니카손해사정 [구성요소]
entity00139214_SamsungAxiumSpecializedPrivateInvestmentTrustNo3MemberOfBeneficiaryCertificateMemberOfDisclosureOfInterestsInInvestmentSecuritiesAccountedForAsFinancialAssetsMeasuredAtFairValueThroughProfitOrLossWithinTheScopeOfConsolidationTableOfMember,삼성Axium전문투자형사모투자신탁제3호 [구성요소]
entity00139214_SamsungAxiumSpecializedPrivateInvestmentTrustNo3MemberOfSubsidiariesMemberOfDisclosureOfFinancialTransactionsBetweenRelatedPartiesTableOfMember,삼성Axium전문투자형사모투자신탁제3호 [구성요소]
entity00139214_SamsungEAMemberOfEquitySecuritiesMemberOfDetailsOfEquityInstrumentsWithinFinancialAssetsMeasuredAtFairValueThroughOtherComprehensiveIncomeTableOfMember,삼성E&A [구성요소]
entity00139214_SamsungElectronicsMemberOfEquitySecuritiesMemberOfDetailsOfEquityInstrumentsWithinFinancialAssetsMeasuredAtFairValueThroughOtherComprehensiveIncomeTableOfMember,삼성전자 [구성요소]
entity00139214_SamsungElectronicsMemberOfLargeBusinessGroupMemberOfDisclosureOfOutstandingBalancesForRelatedPartyTransactionsTableOfMember,삼성전자 [구성요소]
entity00139214_SamsungElectronicsMemberOfLargeBusinessGroupMemberOfDisclosureOfTransactionsBetweenRelatedPartiesTableOfMember,삼성전자 [구성요소]
entity00139214_SamsungFireMarineInfobankValueUpVentureInvestmentPartnershipMemberOfInvestmentPartnershipsClassifiedAsJointVenturesMemberOfDisclosureOnFairValueThroughProfitOrLossFinancialAssetsClassifiedAsJointVenturesTableOfMember,삼성화재-인포뱅크밸류업벤처투자조합 [구성요소]
entity00139214_SamsungFireMarineInfobankValueUpVentureInvestmentPartnershipNo2MemberOfInvestmentPartnershipsClassifiedAsJointVenturesMemberOfDisclosureOnFairValueThroughProfitOrLossFinancialAssetsClassifiedAsJointVenturesTableOfMember,삼성화재-인포뱅크밸류업벤처투자조합 2호 [구성요소]
entity00139214_SamsungFireMarineInsuranceCompanyOfEuropeMemberOfSubsidiariesMemberOfDisclosureOfOutstandingBalancesForRelatedPartyTransactionsTableOfMember,삼성화재유럽법인 [구성요소]
entity00139214_SamsungFireMarineInsuranceCompanyOfEuropeMemberOfSubsidiariesMemberOfDisclosureOfTransactionsBetweenRelatedPartiesTableOfMember,삼성화재유럽법인 [구성요소]
entity00139214_SamsungFireMarineInsuranceFinancialServiceAgencyCoLtdMemberOfSubsidiariesMemberOfDisclosureOfOutstandingBalancesForRelatedPartyTransactionsTableOfMember,삼성화재금융서비스보험대리점 [구성요소]
entity00139214_SamsungFireMarineInsuranceFinancialServiceAgencyCoLtdMemberOfSubsidiariesMemberOfDisclosureOfTransactionsBetweenRelatedPartiesTableOfMember,삼성화재금융서비스보험대리점 [구성요소]
entity00139214_SamsungFireMarineInsuranceManagementMiddleEastLimitedMemberOfSubsidiariesMemberOfDisclosureOfTransactionsBetweenRelatedPartiesTableOfMember,삼성화재중아Agency [구성요소]
entity00139214_SamsungFireMarineManagementCorporationMemberOfSubsidiariesMemberOfDisclosureOfOutstandingBalancesForRelatedPartyTransactionsTableOfMember,삼성화재미국관리법인 [구성요소]
entity00139214_SamsungFireMarineManagementCorporationMemberOfSubsidiariesMemberOfDisclosureOfTransactionsBetweenRelatedPartiesTableOfMember,삼성화재미국관리법인 [구성요소]
entity00139214_SamsungFireServiceClaimAdjustmentCoLtdMemberOfSubsidiariesMemberOfDisclosureOfOutstandingBalancesForRelatedPartyTransactionsTableOfMember,삼성화재서비스손해사정 [구성요소]
entity00139214_SamsungFireServiceClaimAdjustmentCoLtdMemberOfSubsidiariesMemberOfDisclosureOfTransactionsBetweenRelatedPartiesTableOfMember,삼성화재서비스손해사정 [구성요소]
entity00139214_SamsungFnReitMemberOfEquitySecuritiesMemberOfDetailsOfEquityInstrumentsWithinFinancialAssetsMeasuredAtFairValueThroughOtherComprehensiveIncomeTableOfMember,삼성FN리츠 [구성요소]
entity00139214_SamsungLifeInsuranceAndTwoOtherCompanyMemberOfCounterpartiesMemberOfDisclosureOfDetailedInformationAboutBorrowingsTableOfMember,삼성생명 외 2개사 [구성요소]
entity00139214_SamsungPeMidSmallCoInvestmentPrivateInvestmentTrustNo1MemberOfBeneficiaryCertificateMemberOfDisclosureOfInterestsInInvestmentSecuritiesAccountedForAsFinancialAssetsMeasuredAtFairValueThroughProfitOrLossWithinTheScopeOfConsolidationTableOfMember,삼성PE중소형공동투자일반사모투자신탁제1호 [구성요소]
entity00139214_SamsungPeMidSmallCoInvestmentPrivateInvestmentTrustNo1MemberOfRelatedPartiesMemberOfDisclosureOnUnusedCommitmentsProvidedTableOfMember,삼성PE중소형공동투자일반사모투자신탁제1호 [구성요소]
entity00139214_SamsungPeMidSmallCoInvestmentPrivateInvestmentTrustNo1MemberOfSubsidiariesMemberOfDisclosureOfFinancialTransactionsBetweenRelatedPartiesTableOfMember,삼성PE중소형공동투자일반사모투자신탁제1호 [구성요소]
entity00139214_SamsungPeSmallAndMidCapFundPrivateInvestmentTrustNo1MemberOfRelatedPartiesMemberOfDisclosureOnUnusedCommitmentsProvidedTableOfMember,삼성PE중소형펀드일반사모투자신탁제1호 [구성요소]
entity00139214_SamsungPeSmallMediumFundPrivateInvestmentTrustNo1MemberOfBeneficiaryCertificateMemberOfDisclosureOfInterestsInInvestmentSecuritiesAccountedForAsFinancialAssetsMeasuredAtFairValueThroughProfitOrLossWithinTheScopeOfConsolidationTableOfMember,삼성PE중소형펀드일반사모투자신탁제1호 [구성요소]
entity00139214_SamsungPropertyCasualtyInsuranceChinaCoLtdMemberOfAssociatesMemberOfDisclosureOfOutstandingBalancesForRelatedPartyTransactionsTableOfMember,삼성재산보험 (중국) 유한공사 [구성요소]
entity00139214_SamsungPropertyCasualtyInsuranceChinaCoLtdMemberOfAssociatesMemberOfDisclosureOfTransactionsBetweenRelatedPartiesTableOfMember,삼성재산보험 (중국) 유한공사 [구성요소]
entity00139214_SamsungReinsurancePteLtdMemberOfSubsidiariesMemberOfDisclosureOfOutstandingBalancesForRelatedPartyTransactionsTableOfMember,삼성화재싱가포르법인 [구성요소]
entity00139214_SamsungReinsurancePteLtdMemberOfSubsidiariesMemberOfDisclosureOfTransactionsBetweenRelatedPartiesTableOfMember,삼성화재싱가포르법인 [구성요소]
entity00139214_SamsungSdiMemberOfLargeBusinessGroupMemberOfDisclosureOfOutstandingBalancesForRelatedPartyTransactionsTableOfMember,삼성에스디아이 [구성요소]
entity00139214_SamsungSdiMemberOfLargeBusinessGroupMemberOfDisclosureOfTransactionsBetweenRelatedPartiesTableOfMember,삼성에스디아이 [구성요소]
entity00139214_SamsungSraGlobalPortfolioPrivateRealEstateFeederInvestmentTrustNo2MemberOfBeneficiaryCertificateMemberOfDisclosureOfInterestsInInvestmentSecuritiesAccountedForAsFinancialAssetsMeasuredAtFairValueThroughProfitOrLossWithinTheScopeOfConsolidationTableOfMember,삼성SRA글로벌포트폴리오일반사모부동산자투자신탁제2호 [구성요소]
entity00139214_SamsungSraGlobalPortfolioPrivateRealEstateFeederInvestmentTrustNo2MemberOfRelatedPartiesMemberOfDisclosureOnUnusedCommitmentsProvidedTableOfMember,삼성SRA글로벌포트폴리오일반사모부동산자투자신탁제2호 [구성요소]
entity00139214_SamsungSraGlobalPortfolioPrivateRealEstateFeederInvestmentTrustNo2MemberOfSubsidiariesMemberOfDisclosureOfFinancialTransactionsBetweenRelatedPartiesTableOfMember,삼성SRA글로벌포트폴리오일반사모부동산자투자신탁제2호 [구성요소]
entity00139214_SamsungSraGlobalPortfolioPrivateRealEstateFundNo1FeederFundMemberOfBeneficiaryCertificateMemberOfDisclosureOfInterestsInInvestmentSecuritiesAccountedForAsFinancialAssetsMeasuredAtFairValueThroughProfitOrLossWithinTheScopeOfConsolidationTableOfMember,삼성SRA글로벌포트폴리오일반사모부동산자투자신탁제1호 [구성요소]
entity00139214_SamsungSraGlobalPortfolioPrivateRealEstateFundNo1FeederFundMemberOfRelatedPartiesMemberOfDisclosureOnUnusedCommitmentsProvidedTableOfMember,삼성SRA글로벌포트폴리오일반사모부동산자투자신탁제1호 [구성요소]
entity00139214_SamsungSraGlobalPortfolioPrivateRealEstateFundNo1FeederFundMemberOfSubsidiariesMemberOfDisclosureOfFinancialTransactionsBetweenRelatedPartiesTableOfMember,삼성SRA글로벌포트폴리오일반사모부동산자투자신탁제1호 [구성요소]
entity00139214_SamsungSraGoldmanSachsGlobalLoanGeneralPrivateRealEstateInvestmentTrustNo1MemberOfBeneficiaryCertificateMemberOfDisclosureOfInterestsInInvestmentSecuritiesAccountedForAsFinancialAssetsMeasuredAtFairValueThroughProfitOrLossWithinTheScopeOfConsolidationTableOfMember,삼성SRA골드만삭스글로벌대출일반사모부동산자투자신탁제1호 [구성요소]
entity00139214_SamsungSraGoldmanSachsGlobalLoanGeneralPrivateRealEstateInvestmentTrustNo1MemberOfRelatedPartiesMemberOfDisclosureOnUnusedCommitmentsProvidedTableOfMember,삼성SRA골드만삭스글로벌대출일반사모부동산자투자신탁제1호 [구성요소]
entity00139214_SamsungSraPrivateRealEstateFundNo109MemberOfBeneficiaryCertificateMemberOfDisclosureOfInterestsInInvestmentSecuritiesAccountedForAsFinancialAssetsMeasuredAtFairValueThroughProfitOrLossWithinTheScopeOfConsolidationTableOfMember,삼성SRA일반사모부동산투자신탁제109호 [구성요소]
entity00139214_SamsungStonepeakNorthAmericaInfrastructurePrivateInvestmentTrustNo5MemberOfBeneficiaryCertificateMemberOfDisclosureOfInterestsInInvestmentSecuritiesAccountedForAsFinancialAssetsMeasuredAtFairValueThroughProfitOrLossWithinTheScopeOfConsolidationTableOfMember,삼성Stonepeak북미인프라일반사모투자신탁제5호 [구성요소]
entity00139214_SamsungStonepeakNorthAmericaInfrastructurePrivateInvestmentTrustNo5MemberOfRelatedPartiesMemberOfDisclosureOnUnusedCommitmentsProvidedTableOfMember,삼성Stonepeak북미인프라일반사모투자신탁제5호 [구성요소]
entity00139214_SamsungUkGasInfrastructureSpecializedPrivateInvestmentTrustNo3MemberOfBeneficiaryCertificateMemberOfDisclosureOfInterestsInInvestmentSecuritiesAccountedForAsFinancialAssetsMeasuredAtFairValueThroughProfitOrLossWithinTheScopeOfConsolidationTableOfMember,삼성UK가스인프라전문투자형사모투자신탁제3호 [구성요소]
entity00139214_SamsungVinaInsuranceMemberOfSubsidiariesMemberOfDisclosureOfOutstandingBalancesForRelatedPartyTransactionsTableOfMember,삼성화재베트남법인 [구성요소]
entity00139214_SamsungVinaInsuranceMemberOfSubsidiariesMemberOfDisclosureOfTransactionsBetweenRelatedPartiesTableOfMember,삼성화재베트남법인 [구성요소]
entity00139214_SchrodersEuropeInfrastructureGeneralPrivateSpecialAssetInvestmentTrustNo2FeederMemberOfBeneficiaryCertificateMemberOfDisclosureOfInterestsInInvestmentSecuritiesAccountedForAsFinancialAssetsMeasuredAtFairValueThroughProfitOrLossWithinTheScopeOfConsolidationTableOfMember,슈로더유럽인프라일반사모특별자산투자신탁제2호(재간접) [구성요소]
entity00139214_SchrodersEuropeInfrastructureGeneralPrivateSpecialAssetInvestmentTrustNo2FeederMemberOfSubsidiariesMemberOfDisclosureOfFinancialTransactionsBetweenRelatedPartiesTableOfMember,슈로더유럽인프라일반사모특별자산투자신탁제2호(재간접) [구성요소]
entity00139214_SecuritiesDenominatedInForeignCurrency2MemberOfHedgedItemsMemberOfDisclosureOfDetailedInformationAboutHedgedItemsTableOfMember,외화유가증권 2 [구성요소]
entity00139214_SecuritiesPurchaseAgreementMemberOfTypesOfCommitmentsMemberOfDisclosureOnUnusedCommitmentsProvidedTableOfMember,유가증권매입계약 [구성요소]
entity00139214_ShareCapitalPayableOnDemandMemberOfFinancialLiabilitiesAtAmortisedCostCategoryMemberOfDisclousreOfDetailsOfAmortizedCostMeasuredFinancialLiabilitiesTableOfMember,요구불상환지분 [구성요소]
entity00139214_ShinhanAquilinePrivateInvestmentTrustNo1MemberOfBeneficiaryCertificateMemberOfDisclosureOfInterestsInInvestmentSecuritiesAccountedForAsFinancialAssetsMeasuredAtFairValueThroughProfitOrLossWithinTheScopeOfConsolidationTableOfMember,신한Aquiline일반사모투자신탁제1호 [구성요소]
entity00139214_ShinhanAquilinePrivateInvestmentTrustNo1MemberOfRelatedPartiesMemberOfDisclosureOnUnusedCommitmentsProvidedTableOfMember,신한Aquiline일반사모투자신탁제1호 [구성요소]
entity00139214_ShinhanAquilinePrivateInvestmentTrustNo1MemberOfSubsidiariesMemberOfDisclosureOfFinancialTransactionsBetweenRelatedPartiesTableOfMember,신한Aquiline일반사모투자신탁제1호 [구성요소]
entity00139214_ShinhanBank2804EPerpetual5GapNewMemberOfEquitySecuritiesMemberOfDetailsOfEquityInstrumentsWithinFinancialAssetsMeasuredAtFairValueThroughOtherComprehensiveIncomeTableOfMember,신한은행28-04-이-영구5갑(신) [구성요소]
entity00139214_ShinhanBank2904EPerpetual5GapNewMemberOfEquitySecuritiesMemberOfDetailsOfEquityInstrumentsWithinFinancialAssetsMeasuredAtFairValueThroughOtherComprehensiveIncomeTableOfMember,신한은행29-04-이-영구5갑(신) [구성요소]
entity00139214_ShinhanCivPrivateInvestmentTrustNo2MemberOfBeneficiaryCertificateMemberOfDisclosureOfInterestsInInvestmentSecuritiesAccountedForAsFinancialAssetsMeasuredAtFairValueThroughProfitOrLossWithinTheScopeOfConsolidationTableOfMember,신한CIV일반사모투자신탁제2호 [구성요소]
entity00139214_ShinhanCivPrivateInvestmentTrustNo2MemberOfRelatedPartiesMemberOfDisclosureOnUnusedCommitmentsProvidedTableOfMember,신한CIV일반사모투자신탁제2호 [구성요소]
entity00139214_ShinhanCivPrivateInvestmentTrustNo2MemberOfSubsidiariesMemberOfDisclosureOfFinancialTransactionsBetweenRelatedPartiesTableOfMember,신한CIV일반사모투자신탁제2호 [구성요소]
entity00139214_ShinhanFinancialGroupContingentCapitalSecuritiesUpper16HybridPerpetual5CallMemberOfEquitySecuritiesMemberOfDetailsOfEquityInstrumentsWithinFinancialAssetsMeasuredAtFairValueThroughOtherComprehensiveIncomeTableOfMember,신한금융지주 조건부자본증권(상)16(신종-영구-5콜) [구성요소]
entity00139214_ShinhanFinancialGroupContingentCapitalSecuritiesUpper17HybridPerpetual5CallMemberOfEquitySecuritiesMemberOfDetailsOfEquityInstrumentsWithinFinancialAssetsMeasuredAtFairValueThroughOtherComprehensiveIncomeTableOfMember,신한금융지주 조건부자본증권(상)17(신종-영구-5콜) [구성요소]
entity00139214_ShinhanFinancialGroupContingentCapitalSecuritiesUpper19HybridPerpetual5CallMemberOfEquitySecuritiesMemberOfDetailsOfEquityInstrumentsWithinFinancialAssetsMeasuredAtFairValueThroughOtherComprehensiveIncomeTableOfMember,신한금융지주 조건부자본증권(상)19(신종-영구-5콜) [구성요소]
entity00139214_ShinhanFinancialGroupContingentConvertibleBondSenior14PerpetualCallable5MemberOfEquitySecuritiesMemberOfDetailsOfEquityInstrumentsWithinFinancialAssetsMeasuredAtFairValueThroughOtherComprehensiveIncomeTableOfMember,신한금융지주 조건부자본증권(상)14(신종-영구-5콜) [구성요소]
entity00139214_ShinhanFinancialGroupContingentConvertibleBondSenior15PerpetualCallable5MemberOfEquitySecuritiesMemberOfDetailsOfEquityInstrumentsWithinFinancialAssetsMeasuredAtFairValueThroughOtherComprehensiveIncomeTableOfMember,신한금융지주 조건부자본증권(상)15(신종-영구-5콜) [구성요소]
entity00139214_ShinhanFinancialGroupMemberOfEquitySecuritiesMemberOfDetailsOfEquityInstrumentsWithinFinancialAssetsMeasuredAtFairValueThroughOtherComprehensiveIncomeTableOfMember,신한지주 [구성요소]
entity00139214_ShinhanGcmGrosvenorCoInvestmentGeneralPrivateInvestmentTrustNo1HMemberOfSubsidiariesMemberOfDisclosureOfFinancialTransactionsBetweenRelatedPartiesTableOfMember,신한GCMGrosvenor공동투자일반사모투자신탁제1호(H) [구성요소]
entity00139214_ShinhanGcmGrosvenorCoInvestmentPrivateInvestmentTrustNo1HMemberOfBeneficiaryCertificateMemberOfDisclosureOfInterestsInInvestmentSecuritiesAccountedForAsFinancialAssetsMeasuredAtFairValueThroughProfitOrLossWithinTheScopeOfConsolidationTableOfMember,신한GCMGrosvenor공동투자일반사모투자신탁제1호(H) [구성요소]
entity00139214_ShinhanGcmGrosvenorCoInvestmentPrivateInvestmentTrustNo1HMemberOfRelatedPartiesMemberOfDisclosureOnUnusedCommitmentsProvidedTableOfMember,신한GCMGrosvenor공동투자일반사모투자신탁제1호(H) [구성요소]
entity00139214_ShinhanUSInfrastructureGeneralPrivateInvestmentTrustNo2MemberOfBeneficiaryCertificateMemberOfDisclosureOfInterestsInInvestmentSecuritiesAccountedForAsFinancialAssetsMeasuredAtFairValueThroughProfitOrLossWithinTheScopeOfConsolidationTableOfMember,신한미주인프라일반사모투자신탁제2호 [구성요소]
entity00139214_ShinhanUSInfrastructureGeneralPrivateInvestmentTrustNo2MemberOfRelatedPartiesMemberOfDisclosureOnUnusedCommitmentsProvidedTableOfMember,신한미주인프라일반사모투자신탁제2호 [구성요소]
entity00139214_ShinhanUSInfrastructureGeneralPrivateInvestmentTrustNo2MemberOfSubsidiariesMemberOfDisclosureOfFinancialTransactionsBetweenRelatedPartiesTableOfMember,신한미주인프라일반사모투자신탁제2호 [구성요소]
entity00139214_SkTelecomMemberOfEquitySecuritiesMemberOfDetailsOfEquityInstrumentsWithinFinancialAssetsMeasuredAtFairValueThroughOtherComprehensiveIncomeTableOfMember,SK텔레콤 [구성요소]
entity00139214_SticCorporateFinancePrivateInvestmentTrustNo1MemberOfBeneficiaryCertificateMemberOfDisclosureOfInterestsInInvestmentSecuritiesAccountedForAsFinancialAssetsMeasuredAtFairValueThroughProfitOrLossWithinTheScopeOfConsolidationTableOfMember,스틱기업금융일반사모투자신탁제1호 [구성요소]
entity00139214_SticCorporateFinancePrivateInvestmentTrustNo1MemberOfRelatedPartiesMemberOfDisclosureOnUnusedCommitmentsProvidedTableOfMember,스틱기업금융일반사모투자신탁제1호 [구성요소]
entity00139214_SvicNo44FinancialRDNewTechnologyBusinessInvestmentAssociationMemberOfRelatedPartiesMemberOfDisclosureOnUnusedCommitmentsProvidedTableOfMember,SVIC44호금융R&D신기술사업투자조합 [구성요소]
entity00139214_SvicNo44FinancialRDNewTechnologyBusinessInvestmentAssociationMemberOfSubsidiariesMemberOfDisclosureOfFinancialTransactionsBetweenRelatedPartiesTableOfMember,SVIC44호금융R&D신기술사업투자조합 [구성요소]
entity00139214_SvicNo44FinancialRDNewTechnologyBusinessInvestmentPartnershipMemberOfBeneficiaryCertificateMemberOfDisclosureOfInterestsInInvestmentSecuritiesAccountedForAsFinancialAssetsMeasuredAtFairValueThroughProfitOrLossWithinTheScopeOfConsolidationTableOfMember,SVIC44호금융R&D신기술사업투자조합 [구성요소]
entity00139214_SvicNo58SamsungFireMarineNewTechnologyBusinessInvestmentPartnershipMemberOfBeneficiaryCertificateMemberOfDisclosureOfInterestsInInvestmentSecuritiesAccountedForAsFinancialAssetsMeasuredAtFairValueThroughProfitOrLossWithinTheScopeOfConsolidationTableOfMember,SVIC58호삼성화재신기술사업투자조합 [구성요소]
entity00139214_SvicNo58SamsungFireMarineNewTechnologyBusinessInvestmentPartnershipMemberOfRelatedPartiesMemberOfDisclosureOnUnusedCommitmentsProvidedTableOfMember,SVIC58호삼성화재신기술사업투자조합 [구성요소]
entity00139214_SvicNo58SamsungFireMarineNewTechnologyBusinessInvestmentPartnershipMemberOfSubsidiariesMemberOfDisclosureOfFinancialTransactionsBetweenRelatedPartiesTableOfMember,SVIC58호삼성화재신기술사업투자조합 [구성요소]
entity00139214_TempletonHanaSolarPlatformPrivateInvestmentTrustGeneralMemberOfBeneficiaryCertificateMemberOfDisclosureOfInterestsInInvestmentSecuritiesAccountedForAsFinancialAssetsMeasuredAtFairValueThroughProfitOrLossWithinTheScopeOfConsolidationTableOfMember,템플턴하나태양광플랫폼사모투자신탁(일반) [구성요소]
entity00139214_TempletonHanaSolarPlatformPrivateInvestmentTrustGeneralMemberOfSubsidiariesMemberOfDisclosureOfFinancialTransactionsBetweenRelatedPartiesTableOfMember,템플턴하나태양광플랫폼사모투자신탁(일반) [구성요소]
entity00139214_TempletonHanaSolarPlatformPrivateInvestmentTrustOrdinaryMemberOfRelatedPartiesMemberOfDisclosureOnUnusedCommitmentsProvidedTableOfMember,템플턴하나태양광플랫폼사모투자신탁(일반) [구성요소]
entity00139214_TempletonHanaWindPowerPrivateInvestmentTrustMemberOfBeneficiaryCertificateMemberOfDisclosureOfInterestsInInvestmentSecuritiesAccountedForAsFinancialAssetsMeasuredAtFairValueThroughProfitOrLossWithinTheScopeOfConsolidationTableOfMember,템플턴하나풍력발전사모투자신탁 [구성요소]
entity00139214_TempletonHanaWindPowerPrivateInvestmentTrustMemberOfSubsidiariesMemberOfDisclosureOfFinancialTransactionsBetweenRelatedPartiesTableOfMember,템플턴하나풍력발전사모투자신탁 [구성요소]
entity00139214_Three2ForeignCurrencyAssetsAndForeignCurrencyLiabilities,31. 외화자산 및 외화부채
entity00139214_TimeDepositsOfDepositsMeasuredAtAmortisedCostOfDisclosureOfTheCompositionOfCashAndCashEquivalentsAndDepositsMeasuredAtAmortizedCostTableOfItems,정기예금
entity00139214_TokioMarineMemberOfEquitySecuritiesMemberOfDetailsOfEquityInstrumentsWithinFinancialAssetsMeasuredAtFairValueThroughOtherComprehensiveIncomeTableOfMember,동경해상 [구성요소]
entity00139214_TransferFromTangibleAssetsAndAssetsUnderConstructionAndTransferToPrepaidValueAddedTaxOfDisclosureOfDetailedInformationAboutInvestmentPropertyLineItemsOfDisclosureOfInvestmentPropertyTableOfItems,유형자산 및 건설중인자산으로부터의 대체분 및 선급부가세로의 대체분
entity00139214_TreasuryBondsBankOfAmerica2MemberOfSecuritiesAtAmortisedCostMemberOfDisclosureOfFinancialAssetsPledgedAsSecurityTableOfMember,국고채-Bank of America 2 [구성요소]
entity00139214_TreasuryBondsBankOfAmericaMemberOfDebtSecuritiesMeasuredAtFairValueThroughOtherComprehensiveIncomeCategoryMemberOfDisclosureOfFinancialAssetsPledgedAsSecurityTableOfMember,국고채-Bank of America [구성요소]
entity00139214_TreasuryBondsBankOfTokyoMitsubishiUfjLtdMemberOfDebtSecuritiesMeasuredAtFairValueThroughOtherComprehensiveIncomeCategoryMemberOfDisclosureOfFinancialAssetsPledgedAsSecurityTableOfMember,국고채-BANK OF TOKYO MITSUBISHI UFJ LTD [구성요소]
entity00139214_TreasuryBondsBnpParibasMemberOfDebtSecuritiesMeasuredAtFairValueThroughOtherComprehensiveIncomeCategoryMemberOfDisclosureOfFinancialAssetsPledgedAsSecurityTableOfMember,국고채-BNP Paribas [구성요소]
entity00139214_TreasuryBondsCitibankKorea1MemberOfDebtSecuritiesMeasuredAtFairValueThroughOtherComprehensiveIncomeCategoryMemberOfDisclosureOfFinancialAssetsPledgedAsSecurityTableOfMember,국고채-한국씨티은행 [구성요소]
entity00139214_TreasuryBondsCitibankKorea2MemberOfDebtSecuritiesMeasuredAtFairValueThroughOtherComprehensiveIncomeCategoryMemberOfDisclosureOfFinancialAssetsPledgedAsSecurityTableOfMember,국고채-한국씨티은행 2 [구성요소]
entity00139214_TreasuryBondsCitibankKorea3MemberOfSecuritiesAtAmortisedCostMemberOfDisclosureOfFinancialAssetsPledgedAsSecurityTableOfMember,국고채-한국씨티은행 3 [구성요소]
entity00139214_TreasuryBondsCreditAgricoleCibMemberOfDebtSecuritiesMeasuredAtFairValueThroughOtherComprehensiveIncomeCategoryMemberOfDisclosureOfFinancialAssetsPledgedAsSecurityTableOfMember,국고채-Credit Agricole CIB [구성요소]
entity00139214_TreasuryBondsCreditSuisseAgMemberOfDebtSecuritiesMeasuredAtFairValueThroughOtherComprehensiveIncomeCategoryMemberOfDisclosureOfFinancialAssetsPledgedAsSecurityTableOfMember,국고채-Credit Suisse AG [구성요소]
entity00139214_TreasuryBondsDbsMemberOfDebtSecuritiesMeasuredAtFairValueThroughOtherComprehensiveIncomeCategoryMemberOfDisclosureOfFinancialAssetsPledgedAsSecurityTableOfMember,국고채-DBS [구성요소]
entity00139214_TreasuryBondsEtcHsbcMemberOfDebtSecuritiesMeasuredAtFairValueThroughOtherComprehensiveIncomeCategoryMemberOfDisclosureOfFinancialAssetsPledgedAsSecurityTableOfMember,국고채 등-HSBC [구성요소]
entity00139214_TreasuryBondsHanaBank2MemberOfDebtSecuritiesMeasuredAtFairValueThroughOtherComprehensiveIncomeCategoryMemberOfDisclosureOfFinancialAssetsPledgedAsSecurityTableOfMember,국고채-하나은행 2 [구성요소]
entity00139214_TreasuryBondsHanaBank3MemberOfSecuritiesAtAmortisedCostMemberOfDisclosureOfFinancialAssetsPledgedAsSecurityTableOfMember,국고채-하나은행 3 [구성요소]
entity00139214_TreasuryBondsHanaBankMemberOfDebtSecuritiesMeasuredAtFairValueThroughOtherComprehensiveIncomeCategoryMemberOfDisclosureOfFinancialAssetsPledgedAsSecurityTableOfMember,국고채-하나은행 [구성요소]
entity00139214_TreasuryBondsHanaSecurities2MemberOfSecuritiesAtAmortisedCostMemberOfDisclosureOfFinancialAssetsPledgedAsSecurityTableOfMember,국고채-하나증권 2 [구성요소]
entity00139214_TreasuryBondsHanaSecuritiesMemberOfDebtSecuritiesMeasuredAtFairValueThroughOtherComprehensiveIncomeCategoryMemberOfDisclosureOfFinancialAssetsPledgedAsSecurityTableOfMember,국고채-하나증권 [구성요소]
entity00139214_TreasuryBondsHsbcMemberOfSecuritiesAtAmortisedCostMemberOfDisclosureOfFinancialAssetsPledgedAsSecurityTableOfMember,국고채-HSBC [구성요소]
entity00139214_TreasuryBondsIbkIndustrialBankOfKoreaMemberOfDebtSecuritiesMeasuredAtFairValueThroughOtherComprehensiveIncomeCategoryMemberOfDisclosureOfFinancialAssetsPledgedAsSecurityTableOfMember,국고채-IBK기업은행 [구성요소]
entity00139214_TreasuryBondsIndustrialBankOfKorea2MemberOfSecuritiesAtAmortisedCostMemberOfDisclosureOfFinancialAssetsPledgedAsSecurityTableOfMember,국고채-중소기업은행 2 [구성요소]
entity00139214_TreasuryBondsIndustrialBankOfKoreaMemberOfDebtSecuritiesMeasuredAtFairValueThroughOtherComprehensiveIncomeCategoryMemberOfDisclosureOfFinancialAssetsPledgedAsSecurityTableOfMember,국고채-중소기업은행 [구성요소]
entity00139214_TreasuryBondsIngBankNV2MemberOfSecuritiesAtAmortisedCostMemberOfDisclosureOfFinancialAssetsPledgedAsSecurityTableOfMember,국고채-ING Bank N.V. 2 [구성요소]
entity00139214_TreasuryBondsIngBankNVMemberOfDebtSecuritiesMeasuredAtFairValueThroughOtherComprehensiveIncomeCategoryMemberOfDisclosureOfFinancialAssetsPledgedAsSecurityTableOfMember,국고채-ING Bank N.V. [구성요소]
entity00139214_TreasuryBondsJpMorganChaseBankMemberOfDebtSecuritiesMeasuredAtFairValueThroughOtherComprehensiveIncomeCategoryMemberOfDisclosureOfFinancialAssetsPledgedAsSecurityTableOfMember,국고채-JP Morgan Chase Bank [구성요소]
entity00139214_TreasuryBondsKookminBank2MemberOfDebtSecuritiesMeasuredAtFairValueThroughOtherComprehensiveIncomeCategoryMemberOfDisclosureOfFinancialAssetsPledgedAsSecurityTableOfMember,국고채-국민은행 2 [구성요소]
entity00139214_TreasuryBondsKookminBank2MemberOfSecuritiesAtAmortisedCostMemberOfDisclosureOfFinancialAssetsPledgedAsSecurityTableOfMember,국고채-국민은행 2 [구성요소]
entity00139214_TreasuryBondsKookminBankMemberOfDebtSecuritiesMeasuredAtFairValueThroughOtherComprehensiveIncomeCategoryMemberOfDisclosureOfFinancialAssetsPledgedAsSecurityTableOfMember,국고채-국민은행 [구성요소]
entity00139214_TreasuryBondsKoreaDevelopmentBank2MemberOfSecuritiesAtAmortisedCostMemberOfDisclosureOfFinancialAssetsPledgedAsSecurityTableOfMember,국고채-한국산업은행 2 [구성요소]
entity00139214_TreasuryBondsKoreaDevelopmentBankMemberOfDebtSecuritiesMeasuredAtFairValueThroughOtherComprehensiveIncomeCategoryMemberOfDisclosureOfFinancialAssetsPledgedAsSecurityTableOfMember,국고채-한국산업은행 [구성요소]
entity00139214_TreasuryBondsMizuhoBankLtdMemberOfDebtSecuritiesMeasuredAtFairValueThroughOtherComprehensiveIncomeCategoryMemberOfDisclosureOfFinancialAssetsPledgedAsSecurityTableOfMember,"국고채-Mizuho Bank, Ltd. [구성요소]"
entity00139214_TreasuryBondsShinhanBank2MemberOfSecuritiesAtAmortisedCostMemberOfDisclosureOfFinancialAssetsPledgedAsSecurityTableOfMember,국고채-신한은행 2 [구성요소]
entity00139214_TreasuryBondsShinhanBankMemberOfDebtSecuritiesMeasuredAtFairValueThroughOtherComprehensiveIncomeCategoryMemberOfDisclosureOfFinancialAssetsPledgedAsSecurityTableOfMember,국고채-신한은행 [구성요소]
entity00139214_TreasuryBondsSocieteGeneraleMemberOfDebtSecuritiesMeasuredAtFairValueThroughOtherComprehensiveIncomeCategoryMemberOfDisclosureOfFinancialAssetsPledgedAsSecurityTableOfMember,국고채-Societe Generale [구성요소]
entity00139214_TreasuryBondsSocieteGeneraleMemberOfSecuritiesAtAmortisedCostMemberOfDisclosureOfFinancialAssetsPledgedAsSecurityTableOfMember,국고채-Societe Generale [구성요소]
entity00139214_TreasuryBondsStandardCharteredBankKoreaLtd2MemberOfSecuritiesAtAmortisedCostMemberOfDisclosureOfFinancialAssetsPledgedAsSecurityTableOfMember,국고채-한국스탠다드차타드은행 2 [구성요소]
entity00139214_TreasuryBondsStandardCharteredBankKoreaLtdMemberOfDebtSecuritiesMeasuredAtFairValueThroughOtherComprehensiveIncomeCategoryMemberOfDisclosureOfFinancialAssetsPledgedAsSecurityTableOfMember,국고채-한국스탠다드차타드은행 [구성요소]
entity00139214_TreasuryBondsWooriBank2MemberOfSecuritiesAtAmortisedCostMemberOfDisclosureOfFinancialAssetsPledgedAsSecurityTableOfMember,국고채-우리은행 2 [구성요소]
entity00139214_TreasuryBondsWooriBankMemberOfDebtSecuritiesMeasuredAtFairValueThroughOtherComprehensiveIncomeCategoryMemberOfDisclosureOfFinancialAssetsPledgedAsSecurityTableOfMember,국고채-우리은행 [구성요소]
entity00139214_TrustonGeneralPrivateRealEstateInvestmentTrustNo3MemberOfBeneficiaryCertificateMemberOfDisclosureOfInterestsInInvestmentSecuritiesAccountedForAsFinancialAssetsMeasuredAtFairValueThroughProfitOrLossWithinTheScopeOfConsolidationTableOfMember,트러스톤일반사모부동산투자신탁제3호 [구성요소]
entity00139214_Two9FinancialLiabilitiesMeasuredAtAmortizedCost2026532168519TextBlock,28. 상각후원가측정금융부채
entity00139214_UnsecuredLoansToEmployeesRelatedPartyTransactionsOfLoanHistoryForKeyExecutivesLineItemsOfLoanHistoryForKeyExecutivesTableOfItems,"임직원에 대한 신용대출금, 특수관계자거래"
entity00139214_UnusedContractualObligationsMemberOfTypesOfCommitmentsMemberOfDisclosureOfCommitmentsTableOfMember,미사용약정사항 [구성요소]
entity00139214_UsdEtcMemberOfFunctionalOrPresentationCurrencyMemberOfDetailsOfFinancialAssetsDenominatedInForeignCurrencyTableOfMember,USD 등 [구성요소]
entity00139214_UsdEtcMemberOfFunctionalOrPresentationCurrencyMemberOfDetailsOfFinancialAssetsDenominatedInForeignCurrencyTotalTableOfMember,USD 등 [구성요소]
entity00139214_UsdEtcMemberOfFunctionalOrPresentationCurrencyMemberOfDetailsOfFinancialLiabilitiesDenominatedInForeignCurrencyTableOfMember,USD 등 [구성요소]
entity00139214_VehiclesLeaseLiabilitiesMemberOfLiabilitiesMemberOfDisclosureOfChangesInLeaseLiabilitiesTableOfMember,차량운반구 리스부채 [구성요소]
entity00139214_VehiclesLeaseLiabilitiesMemberOfLiabilitiesMemberOfDisclosureOfLeaseLiabilityMaturityAnalysisTableOfMember,차량운반구 리스부채 [구성요소]
entity00139214_VehiclesLeaseLiabilitiesMemberOfLiabilitiesMemberOfDisclosureOfQuantitativeInformationsAboutLeaseLiabilitiesTableOfMember,차량운반구 리스부채 [구성요소]
entity00139214_WeightedAverageNumberOfCommonSharesIssuedOfDisclosureOfCalculationDetailsOfWeightedAverageNumberOfSharesInCirculationLineItemsOfDisclosureOfCalculationDetailsOfWeightedAverageNumberOfSharesInCirculationTableOfItems,가중평균발행보통주식수
entity00139214_WeightedAverageNumberOfPreferredSharesIssuedOfDisclosureOfCalculationDetailsOfWeightedAverageNumberOfSharesInCirculationLineItemsOfDisclosureOfCalculationDetailsOfWeightedAverageNumberOfSharesInCirculationTableOfItems,가중평균발행우선주식수
entity00139214_WeightedAverageNumberOfTreasuryStocksOfDisclosureOfCalculationDetailsOfWeightedAverageNumberOfSharesInCirculationLineItemsOfDisclosureOfCalculationDetailsOfWeightedAverageNumberOfSharesInCirculationTableOfItems,가중평균자기주식수
entity00139214_WooriFinancialContingentBondUpper18HybridMemberOfEquitySecuritiesMemberOfDetailsOfEquityInstrumentsWithinFinancialAssetsMeasuredAtFairValueThroughOtherComprehensiveIncomeTableOfMember,우리금융조건부(상)18(신종) [구성요소]
entity00139214_WooriFinancialGroupContingentCapitalBondSenior20HybridMemberOfEquitySecuritiesMemberOfDetailsOfEquityInstrumentsWithinFinancialAssetsMeasuredAtFairValueThroughOtherComprehensiveIncomeTableOfMember,우리금융조건부(상)20(신종) [구성요소]
entity00139214_WooriFinancialGroupContingentConvertibleBondSenior17PerpetualMemberOfEquitySecuritiesMemberOfDetailsOfEquityInstrumentsWithinFinancialAssetsMeasuredAtFairValueThroughOtherComprehensiveIncomeTableOfMember,우리금융조건부(상)17(신종) [구성요소]
entity00139214_WooriFinancialGroupMemberOfEquitySecuritiesMemberOfDetailsOfEquityInstrumentsWithinFinancialAssetsMeasuredAtFairValueThroughOtherComprehensiveIncomeTableOfMember,우리금융지주 [구성요소]
entity00159102_AccumulatedOtherComprehensiveIncomeLossBeforeTaxOfDerivativesTable,파생상품 관련 세전 기타포괄손익누계액 공시
entity00159102_AccumulatedOtherComprehensiveIncomeLossBeforeTaxOfDerivativesTextBlock,파생상품 관련 세전 기타포괄손익누계액 공시 [표][ 문장영역 ]
entity00159102_AdjustmentsForDecreaseIncreaseInDepositForSecurityOfAdjustmentsForAssetsAndLiabilitiesOfOperatingActivitiesOfDisclosureOfAdjustmentsForAssetsLiabilitiesOfOperatingActivitiesTableOfItems,공탁금의 감소(증가)
entity00159102_AdjustmentsForDecreaseIncreaseInNotesReceivableOfAdjustmentsForAssetsAndLiabilitiesOfOperatingActivitiesOfDisclosureOfAdjustmentsForAssetsLiabilitiesOfOperatingActivitiesTableOfItems,받을어음의 감소(증가)
entity00159102_AdjustmentsForFairValueGainsOnHedgingDerivativesOfAdjustmentsToReconcileProfitLossOfDisclosureOfAdjustmentsForIncomeAndExpensesRecognizedInDeterminingCashFlowsFromOperatingActivitiesTableOfItems,위험회피목적파생상품평가이익 조정
entity00159102_AdjustmentsForFairValueGainsOnTradingDerivativesOfAdjustmentsToReconcileProfitLossOfDisclosureOfAdjustmentsForIncomeAndExpensesRecognizedInDeterminingCashFlowsFromOperatingActivitiesTableOfItems,매매목적파생상품평가이익 조정
entity00159102_AdjustmentsForFairValueLossesOnHedgingDerivativesOfAdjustmentsToReconcileProfitLossOfDisclosureOfAdjustmentsForIncomeAndExpensesRecognizedInDeterminingCashFlowsFromOperatingActivitiesTableOfItems,위험회피목적파생상품평가손실 조정
entity00159102_AdjustmentsForFairValueLossesOnTradingDerivativesOfAdjustmentsToReconcileProfitLossOfDisclosureOfAdjustmentsForIncomeAndExpensesRecognizedInDeterminingCashFlowsFromOperatingActivitiesTableOfItems,매매목적파생상품평가손실 조정
entity00159102_AdjustmentsForGainsOnDisposalOfFinancialInstrumentsAtAmortizedCostOfAdjustmentsToReconcileProfitLossOfDisclosureOfAdjustmentsForIncomeAndExpensesRecognizedInDeterminingCashFlowsFromOperatingActivitiesTableOfItems,상각후원가측정금융상품처분이익 조정
entity00159102_AdjustmentsForGainsOnDisposalOfHedgingDerivativesOfAdjustmentsToReconcileProfitLossOfDisclosureOfAdjustmentsForIncomeAndExpensesRecognizedInDeterminingCashFlowsFromOperatingActivitiesTableOfItems,위험회피목적파생상품처분이익 조정
entity00159102_AdjustmentsForGainsOnLeaseTerminationOfAdjustmentsToReconcileProfitLossOfDisclosureOfAdjustmentsForIncomeAndExpensesRecognizedInDeterminingCashFlowsFromOperatingActivitiesTableOfItems,리스해지이익 조정
entity00159102_AdjustmentsForInsuranceExpensesOfAdjustmentsToReconcileProfitLossOfDisclosureOfAdjustmentsForIncomeAndExpensesRecognizedInDeterminingCashFlowsFromOperatingActivitiesTableOfItems,보험비용 조정
entity00159102_AdjustmentsForInsuranceFinanceExpensesOfAdjustmentsToReconcileProfitLossOfDisclosureOfAdjustmentsForIncomeAndExpensesRecognizedInDeterminingCashFlowsFromOperatingActivitiesTableOfItems,보험금융비용 조정
entity00159102_AdjustmentsForInsuranceFinanceIncomeOfAdjustmentsToReconcileProfitLossOfDisclosureOfAdjustmentsForIncomeAndExpensesRecognizedInDeterminingCashFlowsFromOperatingActivitiesTableOfItems,보험금융수익 조정
entity00159102_AdjustmentsForInsuranceIncomeOfAdjustmentsToReconcileProfitLossOfDisclosureOfAdjustmentsForIncomeAndExpensesRecognizedInDeterminingCashFlowsFromOperatingActivitiesTableOfItems,보험수익 조정
entity00159102_AdjustmentsForLeaseExpenseOfAdjustmentsToReconcileProfitLossOfDisclosureOfAdjustmentsForIncomeAndExpensesRecognizedInDeterminingCashFlowsFromOperatingActivitiesTableOfItems,임차료비용 조정
entity00159102_AdjustmentsForLossesOnDisposalOfHedgingDerivativesOfAdjustmentsToReconcileProfitLossOfDisclosureOfAdjustmentsForIncomeAndExpensesRecognizedInDeterminingCashFlowsFromOperatingActivitiesTableOfItems,위험회피목적파생상품처분손실 조정
entity00159102_AdjustmentsForLossesOnDisposalOfSecuritiesAtAmortisedCostOfAdjustmentsToReconcileProfitLossOfDisclosureOfAdjustmentsForIncomeAndExpensesRecognizedInDeterminingCashFlowsFromOperatingActivitiesTableOfItems,상각후원가유가증권처분손실 조정
entity00159102_AdjustmentsForReinsuranceExpensesOfAdjustmentsToReconcileProfitLossOfDisclosureOfAdjustmentsForIncomeAndExpensesRecognizedInDeterminingCashFlowsFromOperatingActivitiesTableOfItems,재보험비용 조정
entity00159102_AdjustmentsForReinsuranceFinanceExpensesOfAdjustmentsToReconcileProfitLossOfDisclosureOfAdjustmentsForIncomeAndExpensesRecognizedInDeterminingCashFlowsFromOperatingActivitiesTableOfItems,재보험금융비용 조정
entity00159102_AdjustmentsForReinsuranceFinanceIncomeOfAdjustmentsToReconcileProfitLossOfDisclosureOfAdjustmentsForIncomeAndExpensesRecognizedInDeterminingCashFlowsFromOperatingActivitiesTableOfItems,재보험금융수익 조정
entity00159102_AdjustmentsForReinsuranceIncomeOfAdjustmentsToReconcileProfitLossOfDisclosureOfAdjustmentsForIncomeAndExpensesRecognizedInDeterminingCashFlowsFromOperatingActivitiesTableOfItems,재보험수익 조정
entity00159102_AdjustmentsForRentalIncomeOfAdjustmentsToReconcileProfitLossOfDisclosureOfAdjustmentsForIncomeAndExpensesRecognizedInDeterminingCashFlowsFromOperatingActivitiesTableOfItems,임대료수익 조정
entity00159102_AnchengPropertyCasualtyInsuranceCoLtdMemberOfAssociatesMemberOfDisclosureOfTransactionsBetweenRelatedPartiesTableOfMember,안청재산보험주식 유한공사 [구성요소]
entity00159102_ApoloAndOthersMemberOfNameOfSecuredCreditorMemberOfDisclosureOfNonFinancialAssetsPledgedAsSecurityTableOfMember,APOLO 외 [구성요소]
entity00159102_AssetsPledgedAsSecurityOfDisclosureOfTotalAssetsPledgedAsSecurityLineitemsOfDisclosureOfTotalAssetsPledgedAsSecurityTableOfItems,담보로 제공된 자산
entity00159102_AssetsRelatedPartyTransactionsOfDisclosureOfOutstandingBalancesForRelatedPartyTransactionsLineItemsOfDisclosureOfOutstandingBalancesForRelatedPartyTransactionsTableOfItems,"자산, 특수관계자거래 [개요]"
entity00159102_BeneficiaryCertificateInForeignCurrencyMemberOfHedgedItemsMemberOfDisclosureOfDetailedInformationAboutHedgedItemsTableOfMember,외화수익증권 [구성요소]
entity00159102_BeneficiaryCertificateInForeignCurrencyMemberOfHedgedItemsMemberOfDisclosureOfGainLossOnChangeInFairValueOfHedgedItemUsedAsBasisForRecognisingHedgeIneffectivenessTableOfMember,외화수익증권 [구성요소]
entity00159102_BeneficiaryCertificatesOfConsolidatedEntitiesMemberOfSubsidiariesMemberOfDisclosureOfCommitmentsWithRelatedPartiesTableOfMember,연결대상 수익증권 [구성요소]
entity00159102_BeneficiaryCertificatesOfConsolidatedEntitiesMemberOfSubsidiariesMemberOfDisclosureOfFinancialTransactionsBetweenRelatedPartiesTableOfMember,연결대상 수익증권 [구성요소]
entity00159102_BeneficiaryCertificatesOfConsolidatedEntitiesMemberOfSubsidiariesMemberOfDisclosureOfTransactionsBetweenRelatedPartiesTableOfMember,연결대상 수익증권 [구성요소]
entity00159102_BestEstimateLiabilitiesRelatedPartyTransactionsOfLiabilitiesRelatedPartyTransactionsOfDisclosureOfOutstandingBalancesForRelatedPartyTransactionsTableOfItems,"최선추정부채, 특수관계자거래"
entity00159102_BiltechCoLtdMemberOfOtherRelatedPartiesMemberOfDisclosureOfTransactionsBetweenRelatedPartiesTableOfMember,㈜빌텍 [구성요소]
entity00159102_BondRelatedMemberOfDerivativeContractTypeMemberOfAccumulatedOtherComprehensiveIncomeLossBeforeTaxOfDerivativesTableOfMember,채권 관련 [구성요소]
entity00159102_BondRelatedMemberOfDerivativeContractTypeMemberOfFairValuesOfDerivativeInstrumentsTableOfMember,채권 관련 [구성요소]
entity00159102_BondRelatedMemberOfDerivativeContractTypeMemberOfGainsLossesOnChangeInFairValueOfDerivativesTableOfMember,채권 관련 [구성요소]
entity00159102_BondRelatedMemberOfDerivativeContractTypeMemberOfNotionalAmountOfDerivativesTableOfMember,채권 관련 [구성요소]
entity00159102_BorrowingsForOperatingKrwMemberOfBorrowingsByNameMemberOfDisclosureOfDetailedInformationAboutBorrowingsTableOfMember,운용자금(KRW) [구성요소]
entity00159102_BorrowingsForOperatingMemberOfBorrowingsByNameMemberOfDisclosureOfMaturityAnalysisForBorrowingsTableOfMember,운용자금 [구성요소]
entity00159102_BorrowingsForOperatingUsdMemberOfBorrowingsByNameMemberOfDisclosureOfDetailedInformationAboutBorrowingsTableOfMember,운용자금(USD) [구성요소]
entity00159102_BorrowingsForOperatingVndMemberOfBorrowingsByNameMemberOfDisclosureOfDetailedInformationAboutBorrowingsTableOfMember,운용자금(VND) [구성요소]
entity00159102_BorrowingsForRealEstatePurchaseMemberOfBorrowingsByNameMemberOfDisclosureOfDetailedInformationAboutBorrowingsTableOfMember,부동산구입자금 [구성요소]
entity00159102_BorrowingsForRealEstatePurchaseMemberOfBorrowingsByNameMemberOfDisclosureOfMaturityAnalysisForBorrowingsTableOfMember,부동산구입자금 [구성요소]
entity00159102_BorrowingsIssueDateOfDisclosureOfDetailedInformationAboutBorrowingsLineItemsOfDisclosureOfDetailedInformationAboutBorrowingsTableOfItems,"차입금, 발행일"
entity00159102_BorrowingsRelatedPartyTransactionsOfLiabilitiesRelatedPartyTransactionsAbstractOfDisclosureOfOutstandingBalancesForRelatedPartyTransactionsTableOfItems,"차입부채, 특수관계자거래"
entity00159102_BuildingsAndStructureMemberOfPropertyPlantAndEquipmentMemberOfDisclosureOfCarryingAmountsOnPropertyPlantAndEquipmentTableOfMember,건물과 구축물 [구성요소]
entity00159102_BuildingsAndStructureMemberOfPropertyPlantAndEquipmentMemberOfDisclosureOfReconciliationOfChangesInPropertyPlantAndEquipmentExcludingRightOfUseAssetsTableOfMember,건물과 구축물 [구성요소]
entity00159102_CapitalCallCommitmentsMemberOfTypesOfCommitmentsMemberOfDisclosureOfCommitmentsTableOfMember,Capital call 방식 출자약정 [구성요소]
entity00159102_CashAndCashEquivalentsMemberOfAssetsMemberOfValuationTechniquesAndInputsLevel2AssetsNotMeasuredAtFairValueInStatementOfFinancialPositionButForWhichFairValueIsDisclosedTableOfMember,현금및현금성자산 [구성요소]
entity00159102_CashAndCashEquivalentsMemberOfFinancialAssetsClassMemberOfDisclosureOfFairValueByHierarchyAssetsNotMeasuredAtFairValueInStatementOfFinancialPositionButForWhichFairValueIsDisclosedTableOfMember,현금및현금성자산 [구성요소]
entity00159102_CashAndCashEquivalentsMemberOfFinancialAssetsClassMemberOfFairValueAndBookValueOfAssetsTableOfMember,현금및현금성자산 [구성요소]
entity00159102_CashAndDepositsMemberOfAssetsMemberOfDisclosureOfCompositionOfUnderlyingItemsForContractsWithDirectParticipationFeaturesTableOfMember,현금및예치금 [구성요소]
entity00159102_ChangeOfConsolidatedScopeAndEtcOfCashFlowsFromUsedInInvestingActivities,연결범위 변동 등
entity00159102_ChangesInTreasurySharesAbstract,자기주식의 변동내역[ 개요 ]
entity00159102_ChangesInTreasurySharesLineitemsOfChangesInTreasurySharesTableOfLineItems,자기주식의 변동내역 [항목]
entity00159102_ChangesInTreasurySharesTable,자기주식의 변동내역
entity00159102_ChangesInTreasurySharesTextBlock,자기주식의 변동내역 [표][ 문장영역 ]
entity00159102_CitibankKoreaIncMemberOfCounterpartiesMemberOfDisclosureOnAgreementsRelatedToFundingArrangementsTableOfMember,씨티은행 [구성요소]
entity00159102_DbAdvisoryAmericaLtdMemberOfSubsidiariesMemberOfDisclosureOfTransactionsBetweenRelatedPartiesTableOfMember,"DB Advisory America, Ltd. [구성요소]"
entity00159102_DbAssetManagementCoLtdMemberOfOtherRelatedPartiesMemberOfDisclosureOfOutstandingBalancesForRelatedPartyTransactionsTableOfMember,DB자산운용㈜ [구성요소]
entity00159102_DbAssetManagementCoLtdMemberOfOtherRelatedPartiesMemberOfDisclosureOfTransactionsBetweenRelatedPartiesTableOfMember,DB자산운용㈜ [구성요소]
entity00159102_DbAutoInsuranceAdjustingCoLtdMemberOfSubsidiariesMemberOfDisclosureOfOutstandingBalancesForRelatedPartyTransactionsTableOfMember,DB자동차보험손해사정㈜ [구성요소]
entity00159102_DbAutoInsuranceAdjustingCoLtdMemberOfSubsidiariesMemberOfDisclosureOfTransactionsBetweenRelatedPartiesTableOfMember,DB자동차보험손해사정㈜ [구성요소]
entity00159102_DbCapitalCoLtdMemberOfSubsidiariesMemberOfDisclosureOfCommitmentsWithRelatedPartiesTableOfMember,DB캐피탈㈜ [구성요소]
entity00159102_DbCapitalCoLtdMemberOfSubsidiariesMemberOfDisclosureOfFinancialTransactionsBetweenRelatedPartiesTableOfMember,DB캐피탈㈜ [구성요소]
entity00159102_DbCapitalCoLtdMemberOfSubsidiariesMemberOfDisclosureOfOutstandingBalancesForRelatedPartyTransactionsTableOfMember,DB캐피탈㈜ [구성요소]
entity00159102_DbCapitalCoLtdMemberOfSubsidiariesMemberOfDisclosureOfTransactionsBetweenRelatedPartiesTableOfMember,DB캐피탈㈜ [구성요소]
entity00159102_DbCasAdjustingCoLtdMemberOfSubsidiariesMemberOfDisclosureOfOutstandingBalancesForRelatedPartyTransactionsTableOfMember,DBCAS손해사정㈜ [구성요소]
entity00159102_DbCasAdjustingCoLtdMemberOfSubsidiariesMemberOfDisclosureOfTransactionsBetweenRelatedPartiesTableOfMember,DBCAS손해사정㈜ [구성요소]
entity00159102_DbCnsAutoAdjustingCoLtdMemberOfSubsidiariesMemberOfDisclosureOfOutstandingBalancesForRelatedPartyTransactionsTableOfMember,DBCNS자동차손해사정㈜ [구성요소]
entity00159102_DbCnsAutoAdjustingCoLtdMemberOfSubsidiariesMemberOfDisclosureOfTransactionsBetweenRelatedPartiesTableOfMember,DBCNS자동차손해사정㈜ [구성요소]
entity00159102_DbCsiAdjustingCoLtdMemberOfSubsidiariesMemberOfDisclosureOfOutstandingBalancesForRelatedPartyTransactionsTableOfMember,DBCSI손해사정㈜ [구성요소]
entity00159102_DbCsiAdjustingCoLtdMemberOfSubsidiariesMemberOfDisclosureOfTransactionsBetweenRelatedPartiesTableOfMember,DBCSI손해사정㈜ [구성요소]
entity00159102_DbFinancialServiceCoLtdMemberOfSubsidiariesMemberOfDisclosureOfOutstandingBalancesForRelatedPartyTransactionsTableOfMember,DB금융서비스㈜ [구성요소]
entity00159102_DbFinancialServiceCoLtdMemberOfSubsidiariesMemberOfDisclosureOfTransactionsBetweenRelatedPartiesTableOfMember,DB금융서비스㈜ [구성요소]
entity00159102_DbGlobalChipCoLtdMemberOfOtherRelatedPartiesMemberOfDisclosureOfOutstandingBalancesForRelatedPartyTransactionsTableOfMember,㈜DB글로벌칩 [구성요소]
entity00159102_DbHitekCoLtdAndOthersMemberOfOtherRelatedPartiesMemberOfDisclosureOfOutstandingBalancesForRelatedPartyTransactionsTableOfMember,㈜DB하이텍 외 [구성요소]
entity00159102_DbHitekCoLtdMemberOfOtherRelatedPartiesMemberOfDisclosureOfOutstandingBalancesForRelatedPartyTransactionsTableOfMember,㈜DB하이텍 [구성요소]
entity00159102_DbIncMemberOfOtherRelatedPartiesMemberOfDisclosureOfOutstandingBalancesForRelatedPartyTransactionsTableOfMember,㈜DB Inc. [구성요소]
entity00159102_DbIncMemberOfOtherRelatedPartiesMemberOfDisclosureOfTransactionsBetweenRelatedPartiesTableOfMember,㈜DB Inc. [구성요소]
entity00159102_DbKimJunKiCulturalFoundationMemberOfOtherRelatedPartiesMemberOfDisclosureOfOutstandingBalancesForRelatedPartyTransactionsTableOfMember,DB김준기문화재단 [구성요소]
entity00159102_DbLifeInsuranceCoLtdMemberOfSubsidiariesMemberOfDisclosureOfOutstandingBalancesForRelatedPartyTransactionsTableOfMember,DB생명보험㈜ [구성요소]
entity00159102_DbLifeInsuranceCoLtdMemberOfSubsidiariesMemberOfDisclosureOfTransactionsBetweenRelatedPartiesTableOfMember,DB생명보험㈜ [구성요소]
entity00159102_DbMnsCoLtdMemberOfSubsidiariesMemberOfDisclosureOfOutstandingBalancesForRelatedPartyTransactionsTableOfMember,DB MnS㈜ [구성요소]
entity00159102_DbMnsCoLtdMemberOfSubsidiariesMemberOfDisclosureOfTransactionsBetweenRelatedPartiesTableOfMember,DB MnS㈜ [구성요소]
entity00159102_DbSavingsBankCoLtdAndOtherMemberOfOtherRelatedPartiesMemberOfDisclosureOfTransactionsBetweenRelatedPartiesTableOfMember,㈜DB저축은행 외 [구성요소]
entity00159102_DbSavingsBankCoLtdMemberOfOtherRelatedPartiesMemberOfDisclosureOfOutstandingBalancesForRelatedPartyTransactionsTableOfMember,㈜DB저축은행 [구성요소]
entity00159102_DbSecuritiesCoLtdMemberOfAssociatesMemberOfDisclosureOfDebtSecuritiesTransactionsThroughKeyRelatedPartiesTableOfMember,DB증권㈜ [구성요소]
entity00159102_DbSecuritiesCoLtdMemberOfAssociatesMemberOfDisclosureOfOutstandingBalancesForRelatedPartyTransactionsTableOfMember,DB증권㈜ [구성요소]
entity00159102_DbSecuritiesCoLtdMemberOfAssociatesMemberOfDisclosureOfTransactionsBetweenRelatedPartiesTableOfMember,DB증권㈜ [구성요소]
entity00159102_DbTechnologyAndOthersMemberOfOtherRelatedPartiesMemberOfDisclosureOfOutstandingBalancesForRelatedPartyTransactionsTableOfMember,DB기술 외 [구성요소]
entity00159102_DbWorldCoLtdMemberOfOtherRelatedPartiesMemberOfDisclosureOfOutstandingBalancesForRelatedPartyTransactionsTableOfMember,㈜DB월드 [구성요소]
entity00159102_DbWorldCoLtdMemberOfOtherRelatedPartiesMemberOfDisclosureOfTransactionsBetweenRelatedPartiesTableOfMember,㈜DB월드 [구성요소]
entity00159102_DbvInsuranceGroupJointStockCompanyMemberOfSubsidiariesMemberOfDisclosureOfTransactionsBetweenRelatedPartiesTableOfMember,DBV Insurance Group Joint Stock Company [구성요소]
entity00159102_DecreaseDueToPaymentsOfLeaseLiabilitiesOfLeaseAndLeaseLiabilitesAsALesseeLineItemsOfLeaseAndLeaseLiabilitesAsALesseeTableOfItems,"리스부채의 지급으로 인한 감소, 리스부채"
entity00159102_DecreaseThroughDerecognitionDeferredLoanOriginationFeeCostOfChangeOfDeferredLoanOriginationFeeCostLineItemsOfChangeOfDeferredLoanOriginationFeeCostTableOfItems,"제거에 따른 감소, 이연대출부대수익(비용)"
entity00159102_DemandDepositsMemberOfRestrictedDepositsMemberOfDisclousureOfRestrictedFinancialAssetsTableOfMember,보통예치금 [구성요소]
entity00159102_DepositForSecurityMemberOfFinancialAssetsClassMemberOfDetailsOfOtherFinancialAssetsAtAmortisedCostTableOfMember,공탁금 [구성요소]
entity00159102_DepositsMemberOfFinancialAssetsClassMemberOfDisclosureOfFairValueByHierarchyAssetsNotMeasuredAtFairValueInStatementOfFinancialPositionButForWhichFairValueIsDisclosedTableOfMember,예치금 [구성요소]
entity00159102_DepositsMemberOfFinancialAssetsClassMemberOfFairValueAndBookValueOfAssetsTableOfMember,예치금 [구성요소]
entity00159102_DepositsRelatedPartyTransactionsOfDisclosureOfOutstandingBalancesForRelatedPartyTransactionsTableOfItems,"예치금, 특수관계자거래"
entity00159102_DepreciationRealEstateOfOtherOperatingExpenseInvestmentOfDisclosureOfOtherOperatingIncomeExpenseTableOfItems,"감가상각비, 부동산"
entity00159102_DerivativeFinancialInstrumentsHeldForHedgingMemberOfAssetsAndLiabilitiesMemberOfGainsLossesFinancialInstrumentsByCategoryTableOfMember,위험회피목적파생상품 [구성요소]
entity00159102_DerivativeFinancialInstrumentsHeldForTradingMemberOfAssetsAndLiabilitiesMemberOfGainsLossesFinancialInstrumentsByCategoryTableOfMember,단기매매목적파생상품 [구성요소]
entity00159102_DescriptionOfAssetsComprisingPlanAssetsOfDisclosureOfDefinedBenefitPlansLineItemsOfDisclosureOfDefinedBenefitPlansTableOfItems,사외적립자산을 구성하는 자산에 대한 기술
entity00159102_DescriptionOfDetailedDisclosuresOnInsuranceContractsLiabilitiesAssetsByPortfolio,포트폴리오별 보험계약부채(자산)에 대한 세부 공시에 대한 설명
entity00159102_DescriptionOfDeterminationAndRecognitionOfTaxExpense,법인세비용 산정 및 인식에 대한 기술
entity00159102_DescriptionOfObjectivesPoliciesAndProcessesForManagingRisk,"위험관리의 목적, 정책 및 절차에 대한 기술"
entity00159102_DescriptionOfValuationProcessesUsedInFairValueMeasurementAssetsAndLiabilities,공정가치측정에 사용된 평가과정에 대한 기술
entity00159102_DetailsOfDepositAtAmortisedCostTable,상각후원가측정예치금의 내역
entity00159102_DetailsOfDepositAtAmortisedCostTextBlock,상각후원가측정예치금의 내역[ 문장영역 ]
entity00159102_DetailsOfDerecognisedInvestmentsInEquityInstrumentsMeasuredAtFairValueThroughOtherComprehensiveIncomeAbstract,제거한 기타포괄손익-공정가치측정금융자산 중 지분상품의 내역[ 개요 ]
entity00159102_DetailsOfDerecognisedInvestmentsInEquityInstrumentsMeasuredAtFairValueThroughOtherComprehensiveIncomeLineitemsOfDetailsOfDerecognisedInvestmentsInEquityInstrumentsMeasuredAtFairValueThroughOtherComprehensiveIncomeTableOfLineItems,제거한 기타포괄손익-공정가치측정금융자산 중 지분상품의 내역 [항목]
entity00159102_DetailsOfDerecognisedInvestmentsInEquityInstrumentsMeasuredAtFairValueThroughOtherComprehensiveIncomeTable,제거한 기타포괄손익-공정가치측정금융자산 중 지분상품의 내역
entity00159102_DetailsOfDerecognisedInvestmentsInEquityInstrumentsMeasuredAtFairValueThroughOtherComprehensiveIncomeTextBlock,제거한 기타포괄손익-공정가치측정금융자산 중 지분상품의 내역[ 문장영역 ]
entity00159102_DetailsOfInsuranceContractLiabilityAssetByPortfolioOtherThanThoseToWhichPremiumAllocationApproachHasBeenAppliedTable,"포트폴리오별 보험계약부채(자산)에 대한 세부 공시, 보험료배분접근법 외"
entity00159102_DetailsOfInsuranceContractLiabilityAssetByPortfolioOtherThanThoseToWhichPremiumAllocationApproachHasBeenAppliedTextBlock,"포트폴리오별 보험계약부채(자산)에 대한 세부 공시, 보험료배분접근법 외 [표][ 문장영역 ]"
entity00159102_DetailsOfInsuranceContractLiabilityAssetByPortfolioPremiumAllocationApproachTableTable,"포트폴리오별 보험계약부채(자산)에 대한 세부 공시, 보험료배분접근법"
entity00159102_DetailsOfInsuranceContractLiabilityAssetByPortfolioPremiumAllocationApproachTableTextBlock,"포트폴리오별 보험계약부채(자산)에 대한 세부 공시, 보험료배분접근법 [표][ 문장영역 ]"
entity00159102_DetailsOfInsuranceContractLiabilityAssetTable,보험계약자산 및 부채의 세부내역
entity00159102_DetailsOfInsuranceContractLiabilityAssetTextBlock,보험계약자산 및 부채의 세부내역[ 문장영역 ]
entity00159102_DetailsOfOtherFinancialAssetsAtAmortisedCostTable,상각후원가측정기타수취채권의 내역
entity00159102_DetailsOfOtherFinancialAssetsAtAmortisedCostTextBlock,상각후원가측정기타수취채권의 내역 [표][ 문장영역 ]
entity00159102_DetailsOfReinsuranceContractAssetLiabilityTable,재보험계약자산 및 부채의 세부내역
entity00159102_DetailsOfReinsuranceContractAssetLiabilityTextBlock,재보험계약자산 및 부채의 세부내역[ 문장영역 ]
entity00159102_DetailsOfRetainedEarningsTable,이익잉여금 세부내역
entity00159102_DetailsOfRetainedEarningsTextBlock,이익잉여금 세부내역[ 문장영역 ]
entity00159102_DetailsOfSecuritiesAtAmortisedCostTable,상각후원가측정유가증권의 내역
entity00159102_DetailsOfSecuritiesAtAmortisedCostTextBlock,상각후원가측정유가증권의 내역[ 문장영역 ]
entity00159102_DeutscheBankAgAndOthersMemberOfNameOfSecuredCreditorMemberOfDisclosureOfFinancialAssetsPledgedAsSecurityTableOfMember,도이치은행 외 [구성요소]
entity00159102_DirectPremiumWrittenMemberOfInsuranceContractsIssuedMemberOfDisclosureOfAnalysisOfInsuranceRevenueFromInsuranceContractsIssuedTableOfMember,원수보험 [구성요소]
entity00159102_DirectPremiumWrittenMemberOfInsuranceContractsIssuedMemberOfDisclosureOfAnalysisOfInsuranceServiceExpensesFromInsuranceContractsIssuedTableOfMember,원수보험 [구성요소]
entity00159102_DisclosureOfAccumulatedExpectedCreditLossesOnDebtInstrumentsAtFairValueThroughOtherComprehensiveIncomeTable,기타포괄손익-공정가치측정채무상품 기대신용손실누계액 내역
entity00159102_DisclosureOfAccumulatedExpectedCreditLossesOnDebtInstrumentsAtFairValueThroughOtherComprehensiveIncomeTextBlock,기타포괄손익-공정가치측정채무상품 기대신용손실누계액 내역 [표][ 문장영역 ]
entity00159102_DisclosureOfAdjustmentsForAssetsLiabilitiesOfOperatingActivitiesTable,영업활동으로 인한 자산 부채의 변동 내역에 대한 공시
entity00159102_DisclosureOfAdjustmentsForAssetsLiabilitiesOfOperatingActivitiesTextBlock,영업활동으로 인한 자산 부채의 변동 내역에 대한 공시[ 문장영역 ]
entity00159102_DisclosureOfAdjustmentsForIncomeAndExpensesRecognizedInDeterminingCashFlowsFromOperatingActivitiesTable,영업활동으로 인한 현금흐름 산출시 반영된 수익 및 비용의 조정내역
entity00159102_DisclosureOfAdjustmentsForIncomeAndExpensesRecognizedInDeterminingCashFlowsFromOperatingActivitiesTextBlock,영업활동으로 인한 현금흐름 산출시 반영된 수익 및 비용의 조정내역[ 문장영역 ]
entity00159102_DisclosureOfAnalysisOfInsuranceRevenueFromInsuranceContractsIssuedTotalTable,"발행보험의 보험수익 분석 공시, 합계"
entity00159102_DisclosureOfAnalysisOfInsuranceRevenueFromInsuranceContractsIssuedTotalTextBlock,"발행보험의 보험수익 분석 공시, 합계[ 문장영역 ]"
entity00159102_DisclosureOfAnalysisOfInsuranceServiceExpensesFromInsuranceContractsIssuedTotalTable,"발행보험의 보험서비스비용 분석 공시, 합계"
entity00159102_DisclosureOfAnalysisOfInsuranceServiceExpensesFromInsuranceContractsIssuedTotalTextBlock,"발행보험의 보험서비스비용 분석 공시, 합계[ 문장영역 ]"
entity00159102_DisclosureOfCapitalAdjustmentsTable,자본조정에 대한 공시
entity00159102_DisclosureOfCapitalAdjustmentsTextBlock,자본조정에 대한 공시[ 문장영역 ]
entity00159102_DisclosureOfCapitalSurplusTable,자본잉여금에 대한 공시
entity00159102_DisclosureOfCapitalSurplusTextBlock,자본잉여금에 대한 공시[ 문장영역 ]
entity00159102_DisclosureOfCarryingAmountsOnInvestmentPropertyTable,투자부동산의 장부금액에 대한 공시
entity00159102_DisclosureOfCarryingAmountsOnInvestmentPropertyTextBlock,투자부동산의 장부금액에 대한 공시 [표][ 문장영역 ]
entity00159102_DisclosureOfCarryingAmountsOnLeaseLiabilitesTable,리스부채 장부금액에 대한 공시
entity00159102_DisclosureOfCarryingAmountsOnLeaseLiabilitesTextBlock,리스부채 장부금액에 대한 공시[ 문장영역 ]
entity00159102_DisclosureOfCarryingAmountsOnPropertyPlantAndEquipmentTable,유형자산의 장부금액에 대한 공시
entity00159102_DisclosureOfCarryingAmountsOnPropertyPlantAndEquipmentTextBlock,유형자산의 장부금액에 대한 공시[ 문장영역 ]
entity00159102_DisclosureOfCashAndCashEquivalentsTable,현금및현금성자산 공시
entity00159102_DisclosureOfCashAndCashEquivalentsTextBlock,현금및현금성자산 공시[ 문장영역 ]
entity00159102_DisclosureOfChangesInAllowanceForCreditLossesOnFinancialAssetsAtFairValueThroughOtherComprehensiveIncomeTable,기타포괄손익-공정가치측정금융자산 기대신용손실의 변동내역
entity00159102_DisclosureOfChangesInAllowanceForCreditLossesOnFinancialAssetsAtFairValueThroughOtherComprehensiveIncomeTextBlock,기타포괄손익-공정가치측정금융자산 손실충당금의 변동내역 [표][ 문장영역 ]
entity00159102_DisclosureOfChangesInAllowanceForCreditLossesOnLoansAtAmortisedCostTable,상각후원가측정대출채권 손실충당금의 변동내역
entity00159102_DisclosureOfChangesInAllowanceForCreditLossesOnLoansAtAmortisedCostTextBlock,상각후원가측정대출채권 손실충당금의 변동내역[ 문장영역 ]
entity00159102_DisclosureOfChangesInAllowanceForCreditLossesOnOtherFinancialAssetsAtAmortisedCostTable,상각후원가측정기타수취채권 손실충당금의 변동내역
entity00159102_DisclosureOfChangesInAllowanceForCreditLossesOnOtherFinancialAssetsAtAmortisedCostTextBlock,상각후원가측정기타수취채권 손실충당금의 변동내역[ 문장영역 ]
entity00159102_DisclosureOfChangesInAllowanceForCreditLossesOnSecuritiesAtAmortisedCostTable,상각후원가측정유가증권 손실충당금의 변동내역
entity00159102_DisclosureOfChangesInAllowanceForCreditLossesOnSecuritiesAtAmortisedCostTextBlock,상각후원가측정유가증권 손실충당금의 변동내역[ 문장영역 ]
entity00159102_DisclosureOfChangesInGainsAndLossesOnFinancialAssetsAtFairValueThroughOtherComprehensiveIncomeTableTable,공정가치평가를 기타포괄손익으로 인식하는 금융자산 평가손익의 변동내역
entity00159102_DisclosureOfChangesInGainsAndLossesOnFinancialAssetsAtFairValueThroughOtherComprehensiveIncomeTableTextBlock,공정가치평가를 기타포괄손익으로 인식하는 금융자산 평가손익의 변동내역 [표][ 문장영역 ]
entity00159102_DisclosureOfChangesInOtherFinancialAssetsAtAmortisedCostTable,상각후원가측정기타수취채권에 대한 변동내역
entity00159102_DisclosureOfChangesInOtherFinancialAssetsAtAmortisedCostTextBlock,상각후원가측정기타수취채권에 대한 변동내역[ 문장영역 ]
entity00159102_DisclosureOfChangesInProvisionForCreditCommitmentsTable,미사용한도충당부채에 대한 변동내역
entity00159102_DisclosureOfChangesInProvisionForCreditCommitmentsTextBlock,미사용한도충당부채에 대한 변동내역[ 문장영역 ]
entity00159102_DisclosureOfChangesInSecuritiesAtAmortisedCostTable,상각후원가측정유가증권에 대한 변동내역
entity00159102_DisclosureOfChangesInSecuritiesAtAmortisedCostTextBlock,상각후원가측정유가증권에 대한 변동내역[ 문장영역 ]
entity00159102_DisclosureOfCommitmentsTable,약정에 대한 공시
entity00159102_DisclosureOfCommitmentsTextBlock,약정에 대한 공시[ 문장영역 ]
entity00159102_DisclosureOfCommitmentsWithRelatedPartiesTable,특수관계자와의 약정에 대한 공시
entity00159102_DisclosureOfCommitmentsWithRelatedPartiesTextBlock,특수관계자와의 약정에 대한 공시 [표][ 문장영역 ]
entity00159102_DisclosureOfCompositionOfUnderlyingItemsForContractsWithDirectParticipationFeaturesTableTable,직접참가특성계약에 대한 기초항목의 공정가치
entity00159102_DisclosureOfCompositionOfUnderlyingItemsForContractsWithDirectParticipationFeaturesTableTextBlock,직접참가특성계약에 대한 기초항목의 공정가치[ 문장영역 ]
entity00159102_DisclosureOfDebtSecuritiesTransactionsThroughKeyRelatedPartiesTable,주요 특수관계자를 통한 채권 매매 내역 공시
entity00159102_DisclosureOfDebtSecuritiesTransactionsThroughKeyRelatedPartiesTextBlock,주요 특수관계자를 통한 채권 매매 내역 공시[ 문장영역 ]
entity00159102_DisclosureOfDefinedContributionPlansTable,확정기여제도 공시
entity00159102_DisclosureOfDefinedContributionPlansTextBlock,확정기여제도 공시[ 문장영역 ]
entity00159102_DisclosureOfDetailedInformationAboutTypesOfHedgesTable,위험회피유형에 대한 상세한 정보의 공시
entity00159102_DisclosureOfDetailedInformationAboutTypesOfHedgesTextBlock,위험회피유형에 대한 상세한 정보의 공시[ 문장영역 ]
entity00159102_DisclosureOfEffectOfInsuranceContractsInitiallyRecognisedReinsuranceContractsHeldTable,"처음 인식한 보험계약의 영향 공시, 출재보험"
entity00159102_DisclosureOfEffectOfInsuranceContractsInitiallyRecognisedReinsuranceContractsHeldTextBlock,"처음 인식한 보험계약의 영향 공시, 출재보험[ 문장영역 ]"
entity00159102_DisclosureOfFairValueMeasurementOfInvestmentPropertyTable,투자부동산의 공정가치 측정에 대한 공시
entity00159102_DisclosureOfFairValueMeasurementOfInvestmentPropertyTextBlock,투자부동산의 공정가치 측정에 대한 공시 [표][ 문장영역 ]
entity00159102_DisclosureOfGainLossOnChangeInFairValueOfHedgedItemUsedAsBasisForRecognisingHedgeIneffectivenessTable,위험회피의 비효과적인 부분을 인식하기 위해 사용된 위험회피대상항목의 평가손익 공시
entity00159102_DisclosureOfGainLossOnChangeInFairValueOfHedgedItemUsedAsBasisForRecognisingHedgeIneffectivenessTextBlock,위험회피의 비효과적인 부분을 인식하기 위해 사용된 위험회피대상항목의 평가손익 공시[ 문장영역 ]
entity00159102_DisclosureOfHybridBondsTable,신종자본증권에 대한 공시
entity00159102_DisclosureOfHybridBondsTextBlock,신종자본증권에 대한 공시[ 문장영역 ]
entity00159102_DisclosureOfInformationAboutExpectedRecognitionOfContractualServiceMarginInProfitOrLossLifeInsuranceContractsAbstract,"당기손익 인식이 예상되는 보험계약마진에 대한 정보 공시, 생명보험계약[ 개요 ]"
entity00159102_DisclosureOfInformationAboutExpectedRecognitionOfContractualServiceMarginInProfitOrLossLifeInsuranceContractsLineitemsOfDisclosureOfInformationAboutExpectedRecognitionOfContractualServiceMarginInProfitOrLossLifeInsuranceContractsTableOfLineItems,당기손익 인식이 예상되는 보험계약마진에 대한 정보 공시 [항목]
entity00159102_DisclosureOfInformationAboutExpectedRecognitionOfContractualServiceMarginInProfitOrLossLifeInsuranceContractsTable,"당기손익 인식이 예상되는 보험계약마진에 대한 정보 공시, 생명보험계약"
entity00159102_DisclosureOfInformationAboutExpectedRecognitionOfContractualServiceMarginInProfitOrLossLifeInsuranceContractsTextBlock,"당기손익 인식이 예상되는 보험계약마진에 대한 정보 공시, 생명보험계약[ 문장영역 ]"
entity00159102_DisclosureOfInformationAboutExpectedRecognitionOfContractualServiceMarginInProfitOrLossReinsuranceContractsHeldLifeInsuranceContractsAbstract,"당기손익 인식이 예상되는 보험계약마진에 대한 정보 공시, 출재보험, 생명보험계약[ 개요 ]"
entity00159102_DisclosureOfInformationAboutExpectedRecognitionOfContractualServiceMarginInProfitOrLossReinsuranceContractsHeldLifeInsuranceContractsLineitemsOfDisclosureOfInformationAboutExpectedRecognitionOfContractualServiceMarginInProfitOrLossReinsuranceContractsHeldLifeInsuranceContractsTableOfLineItems,"당기손익 인식이 예상되는 보험계약마진에 대한 정보 공시, 출재보험, 생명보험계약 [항목]"
entity00159102_DisclosureOfInformationAboutExpectedRecognitionOfContractualServiceMarginInProfitOrLossReinsuranceContractsHeldLifeInsuranceContractsTable,"당기손익 인식이 예상되는 보험계약마진에 대한 정보 공시, 출재보험, 생명보험계약"
entity00159102_DisclosureOfInformationAboutExpectedRecognitionOfContractualServiceMarginInProfitOrLossReinsuranceContractsHeldLifeInsuranceContractsTextBlock,"당기손익 인식이 예상되는 보험계약마진에 대한 정보 공시, 출재보험, 생명보험계약[ 문장영역 ]"
entity00159102_DisclosureOfInformationAboutExpectedRecognitionOfContractualServiceMarginInProfitOrLossReinsuranceContractsHeldTable,"당기손익 인식이 예상되는 보험계약마진에 대한 정보 공시, 출재보험"
entity00159102_DisclosureOfInformationAboutExpectedRecognitionOfContractualServiceMarginInProfitOrLossReinsuranceContractsHeldTextBlock,"당기손익 인식이 예상되는 보험계약마진에 대한 정보 공시, 출재보험[ 문장영역 ]"
entity00159102_DisclosureOfKeyManagementPersonnelCompensationTableTable,주요 경영진에 대한 보상에 대한 공시
entity00159102_DisclosureOfKeyManagementPersonnelCompensationTableTextBlock,주요 경영진에 대한 보상에 대한 공시[ 문장영역 ]
entity00159102_DisclosureOfLevelOfFairValueHierarchyWithinWhichFairValueMeasurementIsCategorisedTable,공정가치측정 분류내의 공정가치 서열체계의 수준에 대한 공시
entity00159102_DisclosureOfLevelOfFairValueHierarchyWithinWhichFairValueMeasurementIsCategorisedTextBlock,공정가치측정 분류내의 공정가치 서열체계의 수준에 대한 공시[ 문장영역 ]
entity00159102_DisclosureOfMaturityAnalysisForBorrowingsTable,차입금의 만기분석에 대한 공시
entity00159102_DisclosureOfMaturityAnalysisForBorrowingsTextBlock,차입금의 만기분석에 대한 공시[ 문장영역 ]
entity00159102_DisclosureOfMaturityAnalysisOfDebtSecuritiesAtFairValueThroughOtherComprehensiveIncomeTable,기타포괄손익-공정가치측정금융자산 중 채무상품의 만기분석 공시
entity00159102_DisclosureOfMaturityAnalysisOfDebtSecuritiesAtFairValueThroughOtherComprehensiveIncomeTextBlock,기타포괄손익-공정가치측정금융자산 중 채무상품의 만기분석 공시[ 문장영역 ]
entity00159102_DisclosureOfMaturityAnalysisOfLeaseLiabilitiesTable,리스부채의 만기분석 공시
entity00159102_DisclosureOfMaturityAnalysisOfLeaseLiabilitiesTextBlock,리스부채의 만기분석 공시[ 문장영역 ]
entity00159102_DisclosureOfMaturityAnalysisOfSecuritiesAtAmortisedCostTable,상각후원가측정유가증권의 만기분석 공시
entity00159102_DisclosureOfMaturityAnalysisOfSecuritiesAtAmortisedCostTextBlock,상각후원가측정유가증권의 만기분석 공시[ 문장영역 ]
entity00159102_DisclosureOfNonFinancialAssetsPledgedAsSecurityTable,담보로 제공된 비금융자산에 대한 공시
entity00159102_DisclosureOfNonFinancialAssetsPledgedAsSecurityTextBlock,담보로 제공된 비금융자산에 대한 공시[ 문장영역 ]
entity00159102_DisclosureOfQuantitativeInformationAboutLeasesForLesseeTable,리스이용자의 리스에 대한 양적 정보 공시
entity00159102_DisclosureOfQuantitativeInformationAboutLeasesForLesseeTextBlock,리스이용자의 리스에 대한 양적 정보 공시 [표][ 문장영역 ]
entity00159102_DisclosureOfReceivedPaymentGuaranteeTable,제공받은 지급보증에 대한 공시
entity00159102_DisclosureOfReceivedPaymentGuaranteeTextBlock,제공받은 지급보증에 대한 공시[ 문장영역 ]
entity00159102_DisclosureOfReconciliationOfChangesInInsuranceContractsByRemainingCoverageAndIncurredClaimsLifeTable,보험계약부채(자산)의 잔여보장부채 변동분과 발생사고부채 변동분의 차이조정 공시 (생명)
entity00159102_DisclosureOfReconciliationOfChangesInInsuranceContractsByRemainingCoverageAndIncurredClaimsLifeTextBlock,보험계약부채(자산)의 잔여보장부채 변동분과 발생사고부채 변동분의 차이조정 공시 (생명)[ 문장영역 ]
entity00159102_DisclosureOfReconciliationOfChangesInInsuranceContractsByRemainingCoverageAndIncurredClaimsPremiumAllocationApproachAutomobileTable,보험계약부채(자산)의 잔여보장부채 변동분과 발생사고부채 변동분_보험료배분접근법적용계약 (자동차)
entity00159102_DisclosureOfReconciliationOfChangesInInsuranceContractsByRemainingCoverageAndIncurredClaimsPremiumAllocationApproachAutomobileTextBlock,보험계약부채(자산)의 잔여보장부채 변동분과 발생사고부채 변동분_보험료배분접근법적용계약 (자동차)[ 문장영역 ]
entity00159102_DisclosureOfReconciliationOfChangesInInsuranceContractsByRemainingCoverageAndIncurredClaimsPremiumAllocationApproachGeneralTable,보험계약부채(자산)의 잔여보장부채 변동분과 발생사고부채 변동분_보험료배분접근법적용계약 (일반)
entity00159102_DisclosureOfReconciliationOfChangesInInsuranceContractsByRemainingCoverageAndIncurredClaimsPremiumAllocationApproachGeneralTextBlock,보험계약부채(자산)의 잔여보장부채 변동분과 발생사고부채 변동분_보험료배분접근법적용계약 (일반)[ 문장영역 ]
entity00159102_DisclosureOfReconciliationOfChangesInInsuranceContractsIssuedByComponentsLifeTable,보험계약부채(자산)의 보험계약 구성요소별 변동분에 대한 차이조정 공시(생명)
entity00159102_DisclosureOfReconciliationOfChangesInInsuranceContractsIssuedByComponentsLifeTextBlock,보험계약부채(자산)의 보험계약 구성요소별 변동분에 대한 차이조정 공시(생명) [표][ 문장영역 ]
entity00159102_DisclosureOfReconciliationOfChangesInProvisionForDecommissioningRestorationAndRehabilitationCostsTable,복구충당부채의 변동내역에 대한 공시
entity00159102_DisclosureOfReconciliationOfChangesInProvisionForDecommissioningRestorationAndRehabilitationCostsTextBlock,복구충당부채의 변동내역에 대한 공시 [표][ 문장영역 ]
entity00159102_DisclosureOfReconciliationOfChangesInReinsuranceContractsByComponentsLifeTableTable,재보험계약자산(부채)의 보험계약 구성요소별 변동분에 대한 차이조정 공시(생명)
entity00159102_DisclosureOfReconciliationOfChangesInReinsuranceContractsByComponentsLifeTableTextBlock,재보험계약자산(부채)의 보험계약 구성요소별 변동분에 대한 차이조정 공시(생명) [표][ 문장영역 ]
entity00159102_DisclosureOfReconciliationOfChangesInReinsuranceContractsByRemainingCoverageAndIncurredClaimsLifeTable,재보험계약자산(부채)의 잔여보장부채 변동분과 발생사고부채 변동분의 차이조정에 대한 공시 (생명)
entity00159102_DisclosureOfReconciliationOfChangesInReinsuranceContractsByRemainingCoverageAndIncurredClaimsLifeTextBlock,재보험계약자산(부채)의 잔여보장부채 변동분과 발생사고부채 변동분의 차이조정에 대한 공시 (생명)[ 문장영역 ]
entity00159102_DisclosureOfReconciliationOfChangesInReinsuranceContractsByRemainingCoverageAndIncurredClaimsPremiumAllocationApproachAutomobileTable,"재보험계약자산(부채)의 잔여보장부채 변동분과 발생사고부채 변동분의 차이조정, 보험료배분적용접근법 (자동차)"
entity00159102_DisclosureOfReconciliationOfChangesInReinsuranceContractsByRemainingCoverageAndIncurredClaimsPremiumAllocationApproachAutomobileTextBlock,재보험계약자산(부채)의 잔여보장부채 변동분과 발생사고부채 변동분의 차이조정_보험료배분적용접근법 (자동차)[ 문장영역 ]
entity00159102_DisclosureOfReconciliationOfChangesInReinsuranceContractsByRemainingCoverageAndIncurredClaimsPremiumAllocationApproachGeneralTable,"재보험계약자산(부채)의 잔여보장부채 변동분과 발생사고부채 변동분의 차이조정, 보험료배분적용접근법 (일반)"
entity00159102_DisclosureOfReconciliationOfChangesInReinsuranceContractsByRemainingCoverageAndIncurredClaimsPremiumAllocationApproachGeneralTextBlock,재보험계약자산(부채)의 잔여보장부채 변동분과 발생사고부채 변동분의 차이조정_보험료배분적용접근법 (일반)[ 문장영역 ]
entity00159102_DisclosureOfRentalIncomeExpenseFromInvestmentPropertyTable,투자부동산으로부터 발생한 손익
entity00159102_DisclosureOfRentalIncomeExpenseFromInvestmentPropertyTextBlock,투자부동산으로부터 발생한 손익[ 문장영역 ]
entity00159102_DisclosureOfReserveOfGainsAndLossesOnFinancialAssetsAtFairValueThroughOtherComprehensiveIncomeAttributableToOwnersOfParentAndNonControllingInterestsTable,"기타포괄손익인식금융자산의 평가손익 적립금의 지배,비지배지분 귀속내역 공시"
entity00159102_DisclosureOfReserveOfGainsAndLossesOnFinancialAssetsAtFairValueThroughOtherComprehensiveIncomeAttributableToOwnersOfParentAndNonControllingInterestsTextBlock,지배주주와 비지배지분에 귀속되는 기타포괄손익인식금융자산의 평가손익 적립금 공시[ 문장영역 ]
entity00159102_DisclosureOfRevenueFromDividendsTable,배당수익에 대한 공시
entity00159102_DisclosureOfRevenueFromDividendsTextBlock,배당수익에 대한 공시[ 문장영역 ]
entity00159102_DisclosureOfSalesPartnershipAgreementTable,판매제휴계약에 대한 공시
entity00159102_DisclosureOfSalesPartnershipAgreementTextBlock,판매제휴계약에 대한 공시 [표][ 문장영역 ]
entity00159102_DisclosureOfSignificantTransactionWithoutCashFlowTable,현금의 유입과 유출이 없는 중요한 거래에 대한 공시
entity00159102_DisclosureOfSignificantTransactionWithoutCashFlowTextBlock,현금의 유입과 유출이 없는 중요한 거래에 대한 공시[ 문장영역 ]
entity00159102_DisclosureOfSignificantTransactionsWithoutCashFlowIncludedInSegmentOperatingProfitTable,부문영업이익에 포함된 중요한 비현금항목
entity00159102_DisclosureOfSignificantTransactionsWithoutCashFlowIncludedInSegmentOperatingProfitTextBlock,부문영업이익에 포함된 중요한 비현금항목[ 문장영역 ]
entity00159102_DisclosureOfTotalAssetsPledgedAsSecurityTable,담보로 제공된 총 자산에 대한 공시
entity00159102_DisclosureOfTotalAssetsPledgedAsSecurityTextBlock,담보로 제공된 총 자산에 대한 공시 [표][ 문장영역 ]
entity00159102_DisclosureOfTotalIntangibleAssetsAndGoodwillTable,무형자산 합계에 대한 공시
entity00159102_DisclosureOfTotalIntangibleAssetsAndGoodwillTextBlock,무형자산 합계에 대한 공시[ 문장영역 ]
entity00159102_DisclosureOfTotalInvestmentPropertyTable,투자부동산 합계에 대한 공시
entity00159102_DisclosureOfTotalInvestmentPropertyTextBlock,투자부동산 합계에 대한 공시[ 문장영역 ]
entity00159102_DisclosureOfTotalPropertyPlantAndEquipmentTable,유형자산 합계에 대한 공시
entity00159102_DisclosureOfTotalPropertyPlantAndEquipmentTextBlock,유형자산 합계에 대한 공시[ 문장영역 ]
entity00159102_DisclosureOnAgreementsRelatedToFundingArrangementsTable,자금조달 관련 약정에 대한 공시
entity00159102_DisclosureOnAgreementsRelatedToFundingArrangementsTextBlock,자금조달 관련 약정에 대한 공시[ 문장영역 ]
entity00159102_DisclosureOnShareAcquisitionAgreement,지분인수 약정에 대한 공시
entity00159102_DisclosureOnShareAcquisitionAgreementConsolidated,지분인수 약정에 대한 공시
entity00159102_DiscountOnHybridBondsIssuedOfDisclosureOfHybridBondsLineitemsOfDisclosureOfHybridBondsTableOfItems,신종자본증권할인발행차금
entity00159102_DistributionIncomeOfGainsLossesOnFinancialInstrumentsByCategoriesLineItemsOfGainsLossesFinancialInstrumentsByCategoryTableOfItems,분배금수익
entity00159102_DistributionIncomeOfInvestmentIncomeExpensesRecognizedInProfitOrLossExcludingInsuranceFinanceIncomeExpensesOfInvestmentIncomeExpensesExcludingInsuranceFinanceIncomeExpensesTableOfItems,분배금수익
entity00159102_DistributionIncomeOfInvestmentIncomeExpensesRecognizedInProfitOrLossExcludingInsuranceFinanceIncomeExpensesOfInvestmentReturnOnAssetsRelatedToInsuranceFinanceIncomeExpensesTableOfItems,분배금수익
entity00159102_DividendInsuranceContractsIssuedThatAreAssetsOfInsuranceContractsIssuedThatAreAssets,유배당보험계약자산
entity00159102_DividendInsuranceContractsIssuedThatAreLiabilitiesOfInsuranceContractsIssuedThatAreLiabilities,유배당보험계약부채
entity00159102_DividendInsuranceContractsMemberOfNatureOfInsuranceContractsMemberOfDetailsOfInsuranceContractLiabilityAssetTableOfMember,유배당 [구성요소]
entity00159102_DividendInsuranceContractsMemberOfNatureOfInsuranceContractsMemberOfDisclosureOfReconciliationOfChangesInInsuranceContractsByRemainingCoverageAndIncurredClaimsLifeTableOfMember,유배당 [구성요소]
entity00159102_DividendInsuranceContractsMemberOfNatureOfInsuranceContractsMemberOfDisclosureOfReconciliationOfChangesInInsuranceContractsIssuedByComponentsLifeTableOfMember,유배당 [구성요소]
entity00159102_DividendInsuranceContractsMemberOfNatureOfInsuranceContractsMemberOfDisclosureOfReconciliationOfChangesInInsuranceContractsIssuedByComponentsTableOfMember,유배당 [구성요소]
entity00159102_DividendInsuranceContractsMemberOfNatureOfInsuranceContractsMemberOfDisclosureOfReconciliationOfChangesInInsuranceContractsIssuedByRemainingCoverageAndIncurredClaimsTableOfMember,유배당 [구성요소]
entity00159102_DividendPensionSavingsInsuranceIparMemberOfIndirectParticipatingContractMemberOfDetailsOfInsuranceContractLiabilityAssetByPortfolioOtherThanThoseToWhichPremiumAllocationApproachHasBeenAppliedTableOfMember,"유배당연금저축, 간접 참가적 [구성요소]"
entity00159102_DividendsRecognisedForInvestmentsInEquityInstrumentsDesignatedAsMeasuredAtFairValueThroughOtherComprehensiveIncomeTable,기타포괄손익-공정가치측정 항목으로 지정한 지분상품으로 인해 인식한 배당금수익
entity00159102_DividendsRecognisedForInvestmentsInEquityInstrumentsDesignatedAsMeasuredAtFairValueThroughOtherComprehensiveIncomeTextBlock,기타포괄손익-공정가치측정 항목으로 지정한 지분상품으로 인해 인식한 배당금수익 [표][ 문장영역 ]
entity00159102_EffectOfChangeInExchangeRateMemberOfClassesOfInsuranceFinanceIncomeExpensesMemberOfDisclosureOfAnalysisOfInsuranceFinanceIncomeExpensesTableOfMember,환율변동효과 [구성요소]
entity00159102_EffectOfChangesInDiscountRateOfClassesOfInsuranceFinanceIncomeExpensesMemberOfDisclosureOfAnalysisOfInsuranceFinanceIncomeExpensesTableOfMember,할인율 변동효과 [구성요소]
entity00159102_EffectOfChangesInIssuerDefaultRiskMemberOfClassesOfInsuranceFinanceIncomeExpensesMemberOfDisclosureOfAnalysisOfInsuranceFinanceIncomeExpensesTableOfMember,발행자 불이행위험 변동효과 [구성요소]
entity00159102_EquitySecuritiesInForeignCurrencyMemberOfEquitySecuritiesMemberOfDetailOfFinancialAssetsAtFairValueThroughOtherComprehensiveIncomeTableOfMember,외화지분증권 [구성요소]
entity00159102_EquitySecuritiesInForeignCurrencyMemberOfHedgedItemsMemberOfDisclosureOfDetailedInformationAboutHedgedItemsTableOfMember,외화지분증권 [구성요소]
entity00159102_EquitySecuritiesInForeignCurrencyMemberOfHedgedItemsMemberOfDisclosureOfGainLossOnChangeInFairValueOfHedgedItemUsedAsBasisForRecognisingHedgeIneffectivenessTableOfMember,외화지분증권 [구성요소]
entity00159102_ExecutedCommitmentsOfDisclosureOfCommitmentsWithRelatedPartiesLineitemsOfDisclosureOfCommitmentsWithRelatedPartiesTableOfItems,실행된 약정 금액
entity00159102_ExpectedPurchaseTransactionOfBondsMemberOfHedgedItemsMemberOfDisclosureOfDetailedInformationAboutHedgedItemsTableOfMember,채권예상매입거래 [구성요소]
entity00159102_ExpectedPurchaseTransactionOfBondsMemberOfHedgedItemsMemberOfDisclosureOfGainLossOnChangeInFairValueOfHedgedItemUsedAsBasisForRecognisingHedgeIneffectivenessTableOfMember,채권예상매입거래 [구성요소]
entity00159102_ExpenseRelatedPartyTransactionsOfDisclosureOfTransactionsBetweenRelatedPartiesLineItemsOfDisclosureOfTransactionsBetweenRelatedPartiesTableOfItems,"비용, 특수관계자거래"
entity00159102_ExpenseRelatedToFinancialInstrumentsOfOperatingExpenseOfDisclosureOfOperatingSegmentsTableOfItems,금융상품관련비용
entity00159102_ExpenseRelatedToInsuranceOfOperatingExpenseOfDisclosureOfOperatingSegmentsTableOfItems,보험관련비용
entity00159102_ExpensesRecognisedInComprehensiveIncomeUnderDefinedBenefitPlansTable,확정급여제도에 따라 총포괄손익에 인식한 비용
entity00159102_ExpensesRecognisedInComprehensiveIncomeUnderDefinedBenefitPlansTextBlock,확정급여제도에 따라 총포괄손익에 인식한 비용 [표][ 문장영역 ]
entity00159102_ExplanationOfChangesInShareCapitalDueToCancellationOfTreasurySharesOfDisclosureOfClassesOfShareCapitalLineItemsOfDisclosureOfClassesOfShareCapitalTableOfItems,자기주식 소각에 따른 자본금 변동에 대한 설명
entity00159102_FairValueOfFinancialAssetsSubjectToSensitivityAnalysisOfDisclosureOfSensitivityAnalysisOfFairValueMeasurementToChangesInUnobservableInputsAssetsLineItemsOfDisclosureOfSensitivityAnalysisOfFairValueMeasurementToChangesInUnobservableInputsAssetsTableOfItems,민감도 분석 대상 금융자산의 공정가치
entity00159102_FinancialInstitutionFinancialAssetsOfDisclosureOfRestrictedFinancialAssetsLineItemsOfDisclousureOfRestrictedFinancialAssetsTableOfItems,금융기관
entity00159102_FinancialLiabilitiesAndLeaseLiabilitiesOfDisclosureOfFinancialLiabilitiesByCategoriesLineItemsOfDisclosureOfFinancialLiabilitiesByCategoryTableOfItems,금융부채와 리스부채
entity00159102_FootnoteOnSubordinatedBonds,후순위사채에 대한 각주
entity00159102_FootnotesOnAdjustedProfitLossNetOrRegulatoryReserve,감독목적상 적립금 전입 후 조정이익에 대한 각주
entity00159102_FootnotesOnAdjustedProfitLossNetOrRegulatoryReserveConsolidated,감독목적상 적립금 전입 후 조정이익에 대한 각주
entity00159102_FootnotesOnDetailedInformationAboutInvestmentProperty,투자부동산에 대한 세부 정보 공시에 대한 각주
entity00159102_FootnotesOnDetailedInformationAboutInvestmentPropertyConsolidated,투자부동산에 대한 세부 정보 공시에 대한 각주
entity00159102_FootnotesOnEarningsPerShare,주당이익에 대한 각주
entity00159102_FootnotesOnEarningsPerShareConsolidated,주당이익에 대한 각주
entity00159102_FootnotesOnFinancialAssetsAtFairValueThroughOtherComprehensiveIncome,기타포괄손익-공정가치측정금융자산에 대한 각주
entity00159102_FootnotesOnReconciliationOfChangesInIntangibleAssets,무형자산의 변동내역에 대한 공시에 대한 각주
entity00159102_FootnotesOnReconciliationOfChangesInIntangibleAssetsAndGoodwillConsolidated,무형자산 및 영업권의 변동내역에 대한 공시에 대한 각주
entity00159102_FootnotesOnReconciliationOfChangesInPropertyPlantAndEquipmentIncludingRightOfUseAsset,유형자산 변동내역에 대한 각주
entity00159102_FootnotesOnReconciliationOfChangesInPropertyPlantAndEquipmentIncludingRightOfUseAssets,유형자산 변동내역에 대한 각주
entity00159102_FootnotesOnReserveOfCashFlowHedgesConsolidatedFinancialStatements,현금흐름위험회피적립금에 대한 각주
entity00159102_FootnotesOnReserveOfCashFlowHedgesSeparateFinancialStatements,현금흐름위험회피적립금에 대한 각주
entity00159102_FootnotesOnSubordinatedBonds,후순위사채에 대한 각주
entity00159102_FootnotesOnTransactionsBetweenRelatedParties,특수관계자 거래에 대한 각주
entity00159102_FootnotesOnTransactionsBetweenRelatedPartiesConsolidated,특수관계자 거래에 대한 각주
entity00159102_FootnotesToInterestExpenseOnShareCapitalRepayableOnDemand,요구불상환증권 이자비용에 대한 각주
entity00159102_GainsLossesBeneficiaryCertificateTableTable,수익증권 관련 평가손익
entity00159102_GainsLossesBeneficiaryCertificateTableTextBlock,수익증권 관련 평가손익 [표][ 문장영역 ]
entity00159102_GainsOnForeignCurrencyTransactionsNonOperatingIncomeOfNonOperatingIncomeOfNonoperatingIncomeExpenseTableOfItems,"외환차익, 영업외수익"
entity00159102_GainsOnValuationOfDerivativesBeforeCreditRiskAdjustmentOfGainsLossesOnChangeInFairValueOfDerivativesLineItemsOfGainsLossesOnChangeInFairValueOfDerivativesTableOfItems,"파생상품평가이익, 신용위험조정 전"
entity00159102_GainsOnValuationOfDerivativesCreditRiskAdjustmentOfGainsLossesOnChangeInFairValueOfDerivativesLineItemsOfGainsLossesOnChangeInFairValueOfDerivativesTableOfItems,"파생상품평가이익, 신용위험조정액"
entity00159102_GuaranteeDepositRentRelatedPartyTransactionsOfLiabilitiesRelatedPartyTransactionsOfDisclosureOfOutstandingBalancesForRelatedPartyTransactionsTableOfItems,"임대보증금, 특수관계자거래"
entity00159102_GuaranteeDepositsRentMemberOfLiabilitiesArisingFromFinancingActivitiesMemberOfDisclosureOfReconciliationOfLiabilitiesArisingFromFinancingActivitiesTableOfMember,임대보증금 [구성요소]
entity00159102_IncomeRelatedPartyTransactionsOfDisclosureOfTransactionsBetweenRelatedPartiesLineItemsOfDisclosureOfTransactionsBetweenRelatedPartiesTableOfItems,"수익, 특수관계자거래"
entity00159102_IncreaseDecreaseDueToAcquisitionAndRecoveryFinancialAssetsOfDisclosureOfChangesInSecuritiesAtAmortisedCostLineitemsOfDisclosureOfChangesInSecuritiesAtAmortisedCostTableOfItems,"취득 및 회수에 따른 증가(감소), 금융자산"
entity00159102_IncreaseDecreaseDueToExecutionAndRecoveryFinancialAssetsOfDisclosureOfChangesInFinancialAssetsAtAmortisedCostLineItemsOfDisclosureOfChangesInFinancialAssetsAtAmortisedCostTableOfItems,"실행 및 회수에 따른 증가(감소), 금융자산"
entity00159102_IncreaseDecreaseDueToExecutionAndRecoveryFinancialAssetsOfDisclosureOfChangesInOtherFinancialAssetsAtAmortisedCostLineitemsOfDisclosureOfChangesInOtherFinancialAssetsAtAmortisedCostTableOfItems,"실행 및 회수에 따른 증가(감소), 금융자산"
entity00159102_IncreaseDecreaseThroughAcquisitionAndDisposalFinancialAssetsOfDisclosureOfChangesInFinancialAssetsAtFairValueThroughOtherComprehensiveIncomeLineItemsOfDisclosureOfChangesInFinancialAssetsAtFairValueThroughOtherComprehensiveIncomeTableOfItems,"취득 및 처분에 따른 증가(감소), 금융자산"
entity00159102_IncreaseDecreaseThroughAdditionsAndReversalsOtherProvisionsOfDisclosureOfChangesInProvisionForCreditCommitmentsLineitemsOfDisclosureOfChangesInProvisionForCreditCommitmentsTableOfItems,"당기 전입(환입)으로 인한 증가(감소), 기타충당부채"
entity00159102_IncreaseDecreaseThroughAdjustmentsToAssetsForIncurredClaimsInsuranceContractsLiabilityAssetOfIncreaseDecreaseThroughInsuranceServiceExpensesInsuranceContractsLiabilityAssetOfDisclosureOfReconciliationOfChangesInReinsuranceContractsByRemainingCoverageAndIncurredClaimsTableOfItems,"발생사고자산 조정에 따른 증가분(감소분), 보험계약부채(자산)"
entity00159102_IncreaseDecreaseThroughAdjustmentsToLiabilitiesForIncurredClaimsInsuranceContractsLiabilityAssetOfIncreaseDecreaseThroughInsuranceServiceExpensesInsuranceContractsLiabilityAssetOfDisclosureOfReconciliationOfChangesInInsuranceContractsByRemainingCoverageAndIncurredClaimsLifeTableOfItems,"발생사고부채 조정에 따른 증가분(감소분), 보험계약부채(자산)"
entity00159102_IncreaseDecreaseThroughAllocationOfLossComponentInsuranceContractsOfIncreaseDecreaseThroughInsuranceServiceExpensesInsuranceContractsLiabilityAssetOfDisclosureOfReconciliationOfChangesInInsuranceContractsByRemainingCoverageAndIncurredClaimsLifeTableOfItems,"손실요소 배분에 따른 증가분(감소분), 보험계약부채(자산)"
entity00159102_IncreaseDecreaseThroughAllocationOfLossComponentInsuranceContractsOfIncreaseDecreaseThroughInsuranceServiceExpensesInsuranceContractsLiabilityAssetOfDisclosureOfReconciliationOfChangesInInsuranceContractsIssuedByRemainingCoverageAndIncurredClaimsTableOfItems,"손실요소 배분에 따른 증가분(감소분), 보험계약부채(자산)"
entity00159102_IncreaseDecreaseThroughAmortisationOfInsuranceAcquisitionCashFlowsNotRelatedToContractsThatExistedAtTransitionDateToWhichModifiedRetrospectiveApproachOrFairValueApproachHasBeenAppliedInsuranceContractsLiabilityAssetOfIncreaseDecreaseThroughInsuranceRevenueNotRelatedToContractsThatExistedAtTransitionDateToWhichModifiedRetrospectiveApproachOrFairValueApproachHasBeenAppliedInsuranceContractsLiabilityAssetOfDisclosureOfReconciliationOfChangesInInsuranceContractsByRemainingCoverageAndIncurredClaimsLifeTableOfItems,"전환일에 존재했던 계약 중 수정소급법 또는 공정가치법을 적용한 보험계약과 관련되지 않은 보험취득현금흐름상각의 증가분(감소분), 보험계약부채(자산)"
entity00159102_IncreaseDecreaseThroughAmortisationOfInsuranceAcquisitionCashFlowsNotRelatedToContractsThatExistedAtTransitionDateToWhichModifiedRetrospectiveApproachOrFairValueApproachHasBeenAppliedInsuranceContractsLiabilityAssetOfIncreaseDecreaseThroughInsuranceRevenueNotRelatedToContractsThatExistedAtTransitionDateToWhichModifiedRetrospectiveApproachOrFairValueApproachHasBeenAppliedInsuranceContractsLiabilityAssetOfDisclosureOfReconciliationOfChangesInInsuranceContractsIssuedByRemainingCoverageAndIncurredClaimsTableOfItems,"전환일에 존재했던 계약 중 수정소급법 또는 공정가치법을 적용한 보험계약과 관련되지 않은 보험취득현금흐름상각의 증가분(감소분), 보험계약부채(자산)"
entity00159102_IncreaseDecreaseThroughAmortisationOfInsuranceAcquisitionCashFlowsRelatedToContractsThatExistedAtTransitionDateToWhichFairValueApproachHasBeenAppliedInsuranceContractsLiabilityAssetOfIncreaseDecreaseThroughInsuranceRevenueRelatedToContractsThatExistedAtTransitionDateToWhichFairValueApproachHasBeenAppliedInsuranceContractsLiabilityAssetOfDisclosureOfReconciliationOfChangesInInsuranceContractsByRemainingCoverageAndIncurredClaimsLifeTableOfItems,"전환일에 존재했던 계약 중 공정가치법을 적용한 보험계약과 관련된 보험취득현금흐름상각의 증가분(감소분), 보험계약부채(자산)"
entity00159102_IncreaseDecreaseThroughAmortisationOfInsuranceAcquisitionCashFlowsRelatedToContractsThatExistedAtTransitionDateToWhichFairValueApproachHasBeenAppliedInsuranceContractsLiabilityAssetOfIncreaseDecreaseThroughInsuranceRevenueRelatedToContractsThatExistedAtTransitionDateToWhichFairValueApproachHasBeenAppliedInsuranceContractsLiabilityAssetOfDisclosureOfReconciliationOfChangesInInsuranceContractsIssuedByRemainingCoverageAndIncurredClaimsTableOfItems,"전환일에 존재했던 계약 중 공정가치법을 적용한 보험계약과 관련된 보험취득현금흐름상각의 증가분(감소분), 보험계약부채(자산)"
entity00159102_IncreaseDecreaseThroughAmortisationOfInsuranceAcquisitionCashFlowsRelatedToContractsThatExistedAtTransitionDateToWhichModifiedRetrospectiveApproachHasBeenAppliedInsuranceContractsLiabilityAssetOfIncreaseDecreaseThroughInsuranceRevenueRelatedToContractsThatExistedAtTransitionDateToWhichModifiedRetrospectiveApproachHasBeenAppliedInsuranceContractsLiabilityAssetOfDisclosureOfReconciliationOfChangesInInsuranceContractsByRemainingCoverageAndIncurredClaimsLifeTableOfItems,"전환일에 존재했던 계약 중 수정소급법을 적용한 보험계약과 관련된 보험취득현금흐름상각의 증가분(감소분), 보험계약부채(자산)"
entity00159102_IncreaseDecreaseThroughAmortisationOfInsuranceAcquisitionCashFlowsRelatedToContractsThatExistedAtTransitionDateToWhichModifiedRetrospectiveApproachHasBeenAppliedInsuranceContractsLiabilityAssetOfIncreaseDecreaseThroughInsuranceRevenueRelatedToContractsThatExistedAtTransitionDateToWhichModifiedRetrospectiveApproachHasBeenAppliedInsuranceContractsLiabilityAssetOfDisclosureOfReconciliationOfChangesInInsuranceContractsIssuedByRemainingCoverageAndIncurredClaimsTableOfItems,"전환일에 존재했던 계약 중 수정소급법을 적용한 보험계약과 관련된 보험취득현금흐름상각의 증가분(감소분), 보험계약부채(자산)"
entity00159102_IncreaseDecreaseThroughCedingCommissionReinsuranceContractsLiabilityAssetOfIncreaseDecreaseThroughCashFlowsInsuranceContractsLiabilityAssetOfDisclosureOfReconciliationOfChangesInReinsuranceContractsByRemainingCoverageAndIncurredClaimsPremiumAllocationApproachAutomobileTableOfItems,"출재이익수수료에 따른 증가분(감소분), 재보험계약부채(자산)"
entity00159102_IncreaseDecreaseThroughCedingCommissionReinsuranceContractsLiabilityAssetOfIncreaseDecreaseThroughCashFlowsInsuranceContractsLiabilityAssetOfDisclosureOfReconciliationOfChangesInReinsuranceContractsByRemainingCoverageAndIncurredClaimsPremiumAllocationApproachGeneralTableOfItems,"출재이익수수료에 따른 증가분(감소분), 재보험계약부채(자산)"
entity00159102_IncreaseDecreaseThroughChangesInForeignExchangeRatesInsuranceContractsLiabilityAssetOfDisclosureOfReconciliationOfChangesInInsuranceContractsByRemainingCoverageAndIncurredClaimsPremiumAllocationApproachGeneralLineitemsOfDisclosureOfReconciliationOfChangesInInsuranceContractsByRemainingCoverageAndIncurredClaimsPremiumAllocationApproachGeneralTableOfItems,"환율변동효과로 인한 증가분(감소분), 보험계약부채(자산)"
entity00159102_IncreaseDecreaseThroughChangesInForeignExchangeRatesInsuranceContractsLiabilityAssetOfDisclosureOfReconciliationOfChangesInReinsuranceContractsByRemainingCoverageAndIncurredClaimsPremiumAllocationApproachGeneralLineitemsOfDisclosureOfReconciliationOfChangesInReinsuranceContractsByRemainingCoverageAndIncurredClaimsPremiumAllocationApproachGeneralTableOfItems,"환율변동효과로 인한 증가분(감소분), 보험계약부채(자산)"
entity00159102_IncreaseDecreaseThroughChangesInForeignExchangeRatesInsuranceContractsLiabilityAssetRecognisedInOtherComprehensiveIncomeOfIncreaseDecreaseThroughChangesInForeignExchangeRatesInsuranceContractsLiabilityAssetOfDisclosureOfReconciliationOfChangesInInsuranceContractsByRemainingCoverageAndIncurredClaimsPremiumAllocationApproachGeneralTableOfItems,기타포괄손익인식 환율변동효과
entity00159102_IncreaseDecreaseThroughChangesInForeignExchangeRatesInsuranceContractsLiabilityAssetRecognisedInOtherComprehensiveIncomeOfIncreaseDecreaseThroughChangesInForeignExchangeRatesInsuranceContractsLiabilityAssetOfDisclosureOfReconciliationOfChangesInReinsuranceContractsByRemainingCoverageAndIncurredClaimsPremiumAllocationApproachGeneralTableOfItems,"기타포괄손익으로 인식된 환율변동효과로 인한 증가분(감소분), 보험계약부채(자산)"
entity00159102_IncreaseDecreaseThroughChangesInForeignExchangeRatesInsuranceContractsLiabilityAssetRecognisedInProfitOrLossOfIncreaseDecreaseThroughChangesInForeignExchangeRatesInsuranceContractsLiabilityAssetOfDisclosureOfReconciliationOfChangesInInsuranceContractsByRemainingCoverageAndIncurredClaimsPremiumAllocationApproachGeneralTableOfItems,"당기손익인식 환율변동효과로 인한 증가분(감소분), 보험계약부채(자산)"
entity00159102_IncreaseDecreaseThroughChangesInForeignExchangeRatesInsuranceContractsLiabilityAssetRecognisedInProfitOrLossOfIncreaseDecreaseThroughChangesInForeignExchangeRatesInsuranceContractsLiabilityAssetOfDisclosureOfReconciliationOfChangesInReinsuranceContractsByRemainingCoverageAndIncurredClaimsPremiumAllocationApproachGeneralTableOfItems,"당기손익으로 인식된 환율변동효과로 인한 증가분(감소분), 보험계약부채(자산)"
entity00159102_IncreaseDecreaseThroughChangesInTheScopeOfConsolidationFinancialAssetsOfDisclosureOfChangesInFinancialAssetsAtFairValueThroughOtherComprehensiveIncomeLineItemsOfDisclosureOfChangesInFinancialAssetsAtFairValueThroughOtherComprehensiveIncomeTableOfItems,"연결범위 변동에 따른 증가(감소), 금융자산"
entity00159102_IncreaseDecreaseThroughContractualServiceMarginNotRelatedToContractsThatExistedAtTransitionDateToWhichFullRetrospectiveApproachOrFairValueApproachHasBeenAppliedInsuranceContractsLiabilityAssetOfIncreaseDecreaseThroughInsuranceRevenueNotRelatedToContractsThatExistedAtTransitionDateToWhichModifiedRetrospectiveApproachOrFairValueApproachHasBeenAppliedInsuranceContractsLiabilityAssetOfDisclosureOfReconciliationOfChangesInReinsuranceContractsByRemainingCoverageAndIncurredClaimsLifeTableOfItems,"전환일에 존재했던 계약 중 완전소급법 또는 공정가치법을 적용한 보유재보험계약과 관련되지 않은 보험계약마진의 증가분(감소분), 보험계약부채(자산)"
entity00159102_IncreaseDecreaseThroughContractualServiceMarginNotRelatedToContractsThatExistedAtTransitionDateToWhichModifiedRetrospectiveApproachOrFairValueApproachHasBeenAppliedInsuranceContractsLiabilityAssetOfIncreaseDecreaseThroughInsuranceRevenueNotRelatedToContractsThatExistedAtTransitionDateToWhichModifiedRetrospectiveApproachOrFairValueApproachHasBeenAppliedInsuranceContractsLiabilityAssetOfDisclosureOfReconciliationOfChangesInInsuranceContractsByRemainingCoverageAndIncurredClaimsLifeTableOfItems,"전환일에 존재했던 계약 중 수정소급법 또는 공정가치법을 적용한 보험계약과 관련되지 않은 보험계약마진의 증가분(감소분), 보험계약부채(자산)"
entity00159102_IncreaseDecreaseThroughContractualServiceMarginNotRelatedToContractsThatExistedAtTransitionDateToWhichModifiedRetrospectiveApproachOrFairValueApproachHasBeenAppliedInsuranceContractsLiabilityAssetOfIncreaseDecreaseThroughInsuranceRevenueNotRelatedToContractsThatExistedAtTransitionDateToWhichModifiedRetrospectiveApproachOrFairValueApproachHasBeenAppliedInsuranceContractsLiabilityAssetOfDisclosureOfReconciliationOfChangesInInsuranceContractsIssuedByRemainingCoverageAndIncurredClaimsTableOfItems,"전환일에 존재했던 계약 중 수정소급법 또는 공정가치법을 적용한 보험계약과 관련되지 않은 보험계약마진의 증가분(감소분), 보험계약부채(자산)"
entity00159102_IncreaseDecreaseThroughContractualServiceMarginNotRelatedToContractsThatExistedAtTransitionDateToWhichModifiedRetrospectiveApproachOrFairValueApproachHasBeenAppliedInsuranceContractsLiabilityAssetOfIncreaseDecreaseThroughInsuranceRevenueNotRelatedToContractsThatExistedAtTransitionDateToWhichModifiedRetrospectiveApproachOrFairValueApproachHasBeenAppliedInsuranceContractsLiabilityAssetOfDisclosureOfReconciliationOfChangesInReinsuranceContractsByRemainingCoverageAndIncurredClaimsTableOfItems,"전환일에 존재했던 계약 중 수정소급법 또는 공정가치법을 적용한 보유재보험계약과 관련되지 않은 보험계약마진의 증가분(감소분), 보험계약부채(자산)"
entity00159102_IncreaseDecreaseThroughContractualServiceMarginRelatedToContractsThatExistedAtTransitionDateToWhichFairValueApproachHasBeenAppliedInsuranceContractsLiabilityAssetOfIncreaseDecreaseThroughInsuranceRevenueRelatedToContractsThatExistedAtTransitionDateToWhichFairValueApproachHasBeenAppliedInsuranceContractsLiabilityAssetOfDisclosureOfReconciliationOfChangesInInsuranceContractsByRemainingCoverageAndIncurredClaimsLifeTableOfItems,"전환일에 존재했던 계약 중 공정가치법을 적용한 보험계약과 관련된 보험계약마진의 증가분(감소분), 보험계약부채(자산)"
entity00159102_IncreaseDecreaseThroughContractualServiceMarginRelatedToContractsThatExistedAtTransitionDateToWhichFairValueApproachHasBeenAppliedInsuranceContractsLiabilityAssetOfIncreaseDecreaseThroughInsuranceRevenueRelatedToContractsThatExistedAtTransitionDateToWhichFairValueApproachHasBeenAppliedInsuranceContractsLiabilityAssetOfDisclosureOfReconciliationOfChangesInInsuranceContractsIssuedByRemainingCoverageAndIncurredClaimsTableOfItems,"전환일에 존재했던 계약 중 공정가치법을 적용한 보험계약과 관련된 보험계약마진의 증가분(감소분), 보험계약부채(자산)"
entity00159102_IncreaseDecreaseThroughContractualServiceMarginRelatedToContractsThatExistedAtTransitionDateToWhichFairValueApproachHasBeenAppliedInsuranceContractsLiabilityAssetOfIncreaseDecreaseThroughInsuranceRevenueRelatedToContractsThatExistedAtTransitionDateToWhichFairValueApproachHasBeenAppliedInsuranceContractsLiabilityAssetOfDisclosureOfReconciliationOfChangesInReinsuranceContractsByRemainingCoverageAndIncurredClaimsLifeTableOfItems,"전환일에 존재했던 계약 중 공정가치법을 적용한 보유재보험계약과 관련된 보험계약마진의 증가분(감소분), 보험계약부채(자산)"
entity00159102_IncreaseDecreaseThroughContractualServiceMarginRelatedToContractsThatExistedAtTransitionDateToWhichFairValueApproachHasBeenAppliedInsuranceContractsLiabilityAssetOfIncreaseDecreaseThroughInsuranceRevenueRelatedToContractsThatExistedAtTransitionDateToWhichFairValueApproachHasBeenAppliedInsuranceContractsLiabilityAssetOfDisclosureOfReconciliationOfChangesInReinsuranceContractsByRemainingCoverageAndIncurredClaimsTableOfItems,"전환일에 존재했던 계약 중 공정가치법을 적용한 보유재보험계약과 관련된 보험계약마진의 증가분(감소분), 보험계약부채(자산)"
entity00159102_IncreaseDecreaseThroughContractualServiceMarginRelatedToContractsThatExistedAtTransitionDateToWhichFullRetrospectiveApproachHasBeenAppliedInsuranceContractsLiabilityAssetOfIncreaseDecreaseThroughInsuranceRevenueRelatedToContractsThatExistedAtTransitionDateToWhichModifiedRetrospectiveApproachHasBeenAppliedInsuranceContractsLiabilityAssetOfDisclosureOfReconciliationOfChangesInReinsuranceContractsByRemainingCoverageAndIncurredClaimsLifeTableOfItems,"전환일에 존재했던 계약 중 완전소급법을 적용한 보험계약과 관련된  보험계약마진의 증가분(감소분),보험계약부채(자산)"
entity00159102_IncreaseDecreaseThroughContractualServiceMarginRelatedToContractsThatExistedAtTransitionDateToWhichModifiedRetrospectiveApproachHasBeenAppliedReinsuranceContractsLiabilityAssetOfIncreaseDecreaseThroughInsuranceRevenueRelatedToContractsThatExistedAtTransitionDateToWhichModifiedRetrospectiveApproachHasBeenAppliedInsuranceContractsLiabilityAssetOfDisclosureOfReconciliationOfChangesInInsuranceContractsByRemainingCoverageAndIncurredClaimsLifeTableOfItems,"전환일에 존재했던 계약 중 수정소급법을 적용한 보험계약과 관련된 보험계약마진의 증가분(감소분), 보험계약부채(자산)"
entity00159102_IncreaseDecreaseThroughContractualServiceMarginRelatedToContractsThatExistedAtTransitionDateToWhichModifiedRetrospectiveApproachHasBeenAppliedReinsuranceContractsLiabilityAssetOfIncreaseDecreaseThroughInsuranceRevenueRelatedToContractsThatExistedAtTransitionDateToWhichModifiedRetrospectiveApproachHasBeenAppliedInsuranceContractsLiabilityAssetOfDisclosureOfReconciliationOfChangesInInsuranceContractsIssuedByRemainingCoverageAndIncurredClaimsTableOfItems,"전환일에 존재했던 계약 중 수정소급법을 적용한 보험계약과 관련된 보험계약마진의 증가분(감소분), 보험계약부채(자산)"
entity00159102_IncreaseDecreaseThroughContractualServiceMarginRelatedToContractsThatExistedAtTransitionDateToWhichModifiedRetrospectiveApproachHasBeenAppliedReinsuranceContractsLiabilityAssetOfIncreaseDecreaseThroughInsuranceRevenueRelatedToContractsThatExistedAtTransitionDateToWhichModifiedRetrospectiveApproachHasBeenAppliedInsuranceContractsLiabilityAssetOfDisclosureOfReconciliationOfChangesInReinsuranceContractsByRemainingCoverageAndIncurredClaimsTableOfItems,"전환일에 존재했던 계약 중 수정소급법을 적용한 보험계약과 관련된 보험계약마진의 증가분(감소분), 보험계약부채(자산)"
entity00159102_IncreaseDecreaseThroughEffectsExcludingGroupsOfOnerousContractsInitiallyRecognisedInPeriodInsuranceContractsLiabilityAssetOfDisclosureOfEffectOfInsuranceContractsInitiallyRecognisedLineItemsOfDisclosureOfEffectOfInsuranceContractsInitiallyRecognisedTableOfItems,"보고기간에 처음 인식한 손실부담계약 집합을 제외한 영향에 따른 증가분(감소분), 보험계약부채(자산)"
entity00159102_IncreaseDecreaseThroughEffectsExcludingGroupsOfOnerousContractsInitiallyRecognisedInPeriodInsuranceContractsLiabilityAssetOfDisclosureOfEffectOfInsuranceContractsInitiallyRecognisedReinsuranceContractsHeldLineItemsOfDisclosureOfEffectOfInsuranceContractsInitiallyRecognisedReinsuranceContractsHeldTableOfItems,"보고기간에 처음 인식한 손실부담계약 집합을 제외한 영향에 따른 증가분(감소분), 보험계약부채(자산)"
entity00159102_IncreaseDecreaseThroughExperienceAdjustmentsOfInsuranceAcquisitionCashFlowsInsuranceContractsLiabilityAssetOfIncreaseDecreaseThroughInsuranceServiceExpensesInsuranceContractsLiabilityAssetOfDisclosureOfReconciliationOfChangesInInsuranceContractsIssuedByRemainingCoverageAndIncurredClaimsTableOfItems,"보험취득 현금흐름의 경험조정에 따른 증가분(감소분), 보험계약부채(자산)"
entity00159102_IncreaseDecreaseThroughFinanceExpensesIncomeFromReinsuranceContractsHeldRecognisedInProfitOrLossAdjustmentsForCertainItemsReinsuranceContractsLiabilityAssetOfIncreaseDecreaseThroughReinsuranceFinanceExpensesIncomeAdjustmentsForCertainItemsReinsuranceContractsLiabilityAssetOfDisclosureOfReconciliationOfChangesInReinsuranceContractsByComponentsLifeTableTableOfItems,"당기손익으로 인식된 보유재보험계약 금융비용(수익) (일부 조정)에 따른 증가분(감소분), 재보험계약부채(자산)"
entity00159102_IncreaseDecreaseThroughFinanceExpensesIncomeFromReinsuranceContractsHeldRecognisedInProfitOrLossAdjustmentsForCertainItemsReinsuranceContractsLiabilityAssetOfIncreaseDecreaseThroughReinsuranceFinanceExpensesIncomeAdjustmentsForCertainItemsReinsuranceContractsLiabilityAssetOfDisclosureOfReconciliationOfChangesInReinsuranceContractsByComponentsTableOfItems,"당기손익으로 인식된 보유재보험계약 금융비용(수익) (일부 조정)에 따른 증가분(감소분), 재보험계약부채(자산)"
entity00159102_IncreaseDecreaseThroughFinanceExpensesIncomeFromReinsuranceContractsHeldRecognisedInProfitOrLossAdjustmentsForCertainItemsReinsuranceContractsLiabilityAssetOfIncreaseDecreaseThroughReinsuranceFinanceExpensesIncomeAdjustmentsForCertainItemsReinsuranceContractsLiabilityAssetOfDisclosureOfReconciliationOfChangesInReinsuranceContractsByRemainingCoverageAndIncurredClaimsLifeTableOfItems,"당기손익으로 인식된 보유재보험계약 금융비용(수익) (일부 조정)에 따른 증가분(감소분), 재보험계약부채(자산)"
entity00159102_IncreaseDecreaseThroughFinanceExpensesIncomeFromReinsuranceContractsHeldRecognisedInProfitOrLossAdjustmentsForCertainItemsReinsuranceContractsLiabilityAssetOfIncreaseDecreaseThroughReinsuranceFinanceExpensesIncomeAdjustmentsForCertainItemsReinsuranceContractsLiabilityAssetOfDisclosureOfReconciliationOfChangesInReinsuranceContractsByRemainingCoverageAndIncurredClaimsPremiumAllocationApproachAutomobileTableOfItems,"당기손익으로 인식된 보유재보험계약 금융비용(수익) (일부 조정)에 따른 증가분(감소분), 재보험계약부채(자산)"
entity00159102_IncreaseDecreaseThroughFinanceExpensesIncomeFromReinsuranceContractsHeldRecognisedInProfitOrLossAdjustmentsForCertainItemsReinsuranceContractsLiabilityAssetOfIncreaseDecreaseThroughReinsuranceFinanceExpensesIncomeAdjustmentsForCertainItemsReinsuranceContractsLiabilityAssetOfDisclosureOfReconciliationOfChangesInReinsuranceContractsByRemainingCoverageAndIncurredClaimsPremiumAllocationApproachGeneralTableOfItems,"당기손익으로 인식된 보유재보험계약 금융비용(수익) (일부 조정)에 따른 증가분(감소분), 재보험계약부채(자산)"
entity00159102_IncreaseDecreaseThroughFinanceExpensesIncomeFromReinsuranceContractsHeldRecognisedInProfitOrLossAdjustmentsForCertainItemsReinsuranceContractsLiabilityAssetOfIncreaseDecreaseThroughReinsuranceFinanceExpensesIncomeAdjustmentsForCertainItemsReinsuranceContractsLiabilityAssetOfDisclosureOfReconciliationOfChangesInReinsuranceContractsByRemainingCoverageAndIncurredClaimsTableOfItems,"당기손익으로 인식된 보유재보험계약 금융비용(수익) (일부 조정)에 따른 증가분(감소분), 재보험계약부채(자산)"
entity00159102_IncreaseDecreaseThroughForeignExchangeDeferredLoanOriginationFeeCostOfChangeOfDeferredLoanOriginationFeeCostLineItemsOfChangeOfDeferredLoanOriginationFeeCostTableOfItems,"외화환산에 따른 증가(감소), 이연대출부대수익(비용)"
entity00159102_IncreaseDecreaseThroughIncurredClaimsInsuranceContractsLiabilityAssetOfIncreaseDecreaseThroughInsuranceServiceExpensesInsuranceContractsLiabilityAssetOfDisclosureOfReconciliationOfChangesInReinsuranceContractsByRemainingCoverageAndIncurredClaimsLifeTableOfItems,"발생한 보험금에 따른 증가분(감소분), 보험계약부채(자산)"
entity00159102_IncreaseDecreaseThroughIncurredClaimsInsuranceContractsLiabilityAssetOfIncreaseDecreaseThroughInsuranceServiceExpensesInsuranceContractsLiabilityAssetOfDisclosureOfReconciliationOfChangesInReinsuranceContractsByRemainingCoverageAndIncurredClaimsTableOfItems,"발생한 보험금에 따른 증가분(감소분), 보험계약부채(자산)"
entity00159102_IncreaseDecreaseThroughIncurredLossAdjustmentExpensesInsuranceContractsLiabilityAssetOfIncreaseDecreaseThroughInsuranceServiceExpensesInsuranceContractsLiabilityAssetOfDisclosureOfReconciliationOfChangesInReinsuranceContractsByRemainingCoverageAndIncurredClaimsLifeTableOfItems,"발생한 손해조사비에 따른 증가분(감소분), 보험계약부채(자산)"
entity00159102_IncreaseDecreaseThroughIncurredLossAdjustmentExpensesInsuranceContractsLiabilityAssetOfIncreaseDecreaseThroughInsuranceServiceExpensesInsuranceContractsLiabilityAssetOfDisclosureOfReconciliationOfChangesInReinsuranceContractsByRemainingCoverageAndIncurredClaimsTableOfItems,"발생한 손해조사비에 따른 증가분(감소분), 보험계약부채(자산)"
entity00159102_IncreaseDecreaseThroughInsuranceExpensesRelatedToContractsThatExistedAtTransitionDateToWhichFairValueApproachHasBeenAppliedInsuranceContractsLiabilityAssetOfIncreaseDecreaseThroughInsuranceRevenueRelatedToContractsThatExistedAtTransitionDateToWhichFairValueApproachHasBeenAppliedInsuranceContractsLiabilityAssetOfDisclosureOfReconciliationOfChangesInReinsuranceContractsByRemainingCoverageAndIncurredClaimsLifeTableOfItems,"전환일에 존재했던 계약 중 공정가치법을 적용한 보유재보험계약과 관련된 보험서비스비용의 증가분(감소분), 보험계약부채(자산)"
entity00159102_IncreaseDecreaseThroughInsuranceFinanceExpensesIncomeAdjustmentsForCertainItemsInsuranceContractsLiabilityAssetOfDisclosureOfReconciliationOfChangesInInsuranceContractsByRemainingCoverageAndIncurredClaimsLifeLineitemsOfDisclosureOfReconciliationOfChangesInInsuranceContractsByRemainingCoverageAndIncurredClaimsLifeTableOfItems,"보험금융비용(수익) (일부 조정)에 따른 증가분(감소분), 보험계약부채(자산)"
entity00159102_IncreaseDecreaseThroughInsuranceFinanceExpensesIncomeAdjustmentsForCertainItemsInsuranceContractsLiabilityAssetOfDisclosureOfReconciliationOfChangesInInsuranceContractsByRemainingCoverageAndIncurredClaimsPremiumAllocationApproachAutomobileLineitemsOfDisclosureOfReconciliationOfChangesInInsuranceContractsByRemainingCoverageAndIncurredClaimsPremiumAllocationApproachAutomobileTableOfItems,"보험금융비용(수익) (일부 조정)에 따른 증가분(감소분), 보험계약부채(자산)"
entity00159102_IncreaseDecreaseThroughInsuranceFinanceExpensesIncomeAdjustmentsForCertainItemsInsuranceContractsLiabilityAssetOfDisclosureOfReconciliationOfChangesInInsuranceContractsByRemainingCoverageAndIncurredClaimsPremiumAllocationApproachGeneralLineitemsOfDisclosureOfReconciliationOfChangesInInsuranceContractsByRemainingCoverageAndIncurredClaimsPremiumAllocationApproachGeneralTableOfItems,"보험금융비용(수익) (일부 조정)에 따른 증가분(감소분), 보험계약부채(자산)"
entity00159102_IncreaseDecreaseThroughInsuranceFinanceExpensesIncomeAdjustmentsForCertainItemsInsuranceContractsLiabilityAssetOfDisclosureOfReconciliationOfChangesInInsuranceContractsIssuedByComponentsLifeLineitemsOfDisclosureOfReconciliationOfChangesInInsuranceContractsIssuedByComponentsLifeTableOfItems,"보험금융비용(수익) (일부 조정)에 따른 증가분(감소분), 보험계약부채(자산)"
entity00159102_IncreaseDecreaseThroughInsuranceFinanceExpensesIncomeAdjustmentsForCertainItemsInsuranceContractsLiabilityAssetOfDisclosureOfReconciliationOfChangesInInsuranceContractsIssuedByComponentsLineItemsOfDisclosureOfReconciliationOfChangesInInsuranceContractsIssuedByComponentsTableOfItems,"보험금융비용(수익) (일부 조정)에 따른 증가분(감소분), 보험계약부채(자산)"
entity00159102_IncreaseDecreaseThroughInsuranceFinanceExpensesIncomeAdjustmentsForCertainItemsInsuranceContractsLiabilityAssetOfDisclosureOfReconciliationOfChangesInInsuranceContractsIssuedByRemainingCoverageAndIncurredClaimsLineItemsOfDisclosureOfReconciliationOfChangesInInsuranceContractsIssuedByRemainingCoverageAndIncurredClaimsTableOfItems,"보험금융비용(수익) (일부 조정)에 따른 증가분(감소분), 보험계약부채(자산)"
entity00159102_IncreaseDecreaseThroughInsuranceFinanceExpensesIncomeFromInsuranceContractsIssuedRecognisedInProfitOrLossAdjustmentsForCertainItemsInsuranceContractsLiabilityAssetOfIncreaseDecreaseThroughInsuranceFinanceExpensesIncomeAdjustmentsForCertainItemsInsuranceContractsLiabilityAssetOfDisclosureOfReconciliationOfChangesInInsuranceContractsByRemainingCoverageAndIncurredClaimsLifeTableOfItems,"당기손익으로 인식한 발행보험계약의 보험금융비용(수익) (일부 조정)에 따른 증가분(감소분), 보험계약부채(자산)"
entity00159102_IncreaseDecreaseThroughInsuranceFinanceExpensesIncomeFromInsuranceContractsIssuedRecognisedInProfitOrLossAdjustmentsForCertainItemsInsuranceContractsLiabilityAssetOfIncreaseDecreaseThroughInsuranceFinanceExpensesIncomeAdjustmentsForCertainItemsInsuranceContractsLiabilityAssetOfDisclosureOfReconciliationOfChangesInInsuranceContractsByRemainingCoverageAndIncurredClaimsPremiumAllocationApproachAutomobileTableOfItems,"당기손익으로 인식한 발행보험계약의 보험금융비용(수익) (일부 조정)에 따른 증가분(감소분), 보험계약부채(자산)"
entity00159102_IncreaseDecreaseThroughInsuranceFinanceExpensesIncomeFromInsuranceContractsIssuedRecognisedInProfitOrLossAdjustmentsForCertainItemsInsuranceContractsLiabilityAssetOfIncreaseDecreaseThroughInsuranceFinanceExpensesIncomeAdjustmentsForCertainItemsInsuranceContractsLiabilityAssetOfDisclosureOfReconciliationOfChangesInInsuranceContractsByRemainingCoverageAndIncurredClaimsPremiumAllocationApproachGeneralTableOfItems,"당기손익으로 인식한 발행보험계약의 보험금융비용(수익) (일부 조정)에 따른 증가분(감소분), 보험계약부채(자산)"
entity00159102_IncreaseDecreaseThroughInsuranceFinanceExpensesIncomeFromInsuranceContractsIssuedRecognisedInProfitOrLossAdjustmentsForCertainItemsInsuranceContractsLiabilityAssetOfIncreaseDecreaseThroughInsuranceFinanceExpensesIncomeAdjustmentsForCertainItemsInsuranceContractsLiabilityAssetOfDisclosureOfReconciliationOfChangesInInsuranceContractsIssuedByComponentsLifeTableOfItems,"당기손익으로 인식한 발행보험계약의 보험금융비용(수익) (일부 조정)에 따른 증가분(감소분), 보험계약부채(자산)"
entity00159102_IncreaseDecreaseThroughInsuranceFinanceExpensesIncomeFromInsuranceContractsIssuedRecognisedInProfitOrLossAdjustmentsForCertainItemsInsuranceContractsLiabilityAssetOfIncreaseDecreaseThroughInsuranceFinanceExpensesIncomeAdjustmentsForCertainItemsInsuranceContractsLiabilityAssetOfDisclosureOfReconciliationOfChangesInInsuranceContractsIssuedByComponentsTableOfItems,"당기손익으로 인식한 발행보험계약의 보험금융비용(수익) (일부 조정)에 따른 증가분(감소분), 보험계약부채(자산)"
entity00159102_IncreaseDecreaseThroughInsuranceFinanceExpensesIncomeFromInsuranceContractsIssuedRecognisedInProfitOrLossAdjustmentsForCertainItemsInsuranceContractsLiabilityAssetOfIncreaseDecreaseThroughInsuranceFinanceExpensesIncomeAdjustmentsForCertainItemsInsuranceContractsLiabilityAssetOfDisclosureOfReconciliationOfChangesInInsuranceContractsIssuedByRemainingCoverageAndIncurredClaimsTableOfItems,"당기손익으로 인식한 발행보험계약의 보험금융비용(수익) (일부 조정)에 따른 증가분(감소분), 보험계약부채(자산)"
entity00159102_IncreaseDecreaseThroughInsuranceServiceExpenseRelatedToContractsThatExistedAtTransitionDateToWhichFullRetrospectiveApproachHasBeenAppliedInsuranceContractsLiabilityAssetOfIncreaseDecreaseThroughInsuranceRevenueRelatedToContractsThatExistedAtTransitionDateToWhichModifiedRetrospectiveApproachHasBeenAppliedInsuranceContractsLiabilityAssetOfDisclosureOfReconciliationOfChangesInReinsuranceContractsByRemainingCoverageAndIncurredClaimsLifeTableOfItems,"전환일에 존재했던 계약 중 완전소급법을 적용한 보험계약과 관련된 보험서비스비용의 증가분(감소분),보험계약부채(자산)"
entity00159102_IncreaseDecreaseThroughInsuranceServiceExpensesNotRelatedToContractsThatExistedAtTransitionDateToWhichFullRetrospectiveApproachOrFairValueApproachHasBeenAppliedInsuranceContractsLiabilityAssetOfIncreaseDecreaseThroughInsuranceRevenueNotRelatedToContractsThatExistedAtTransitionDateToWhichModifiedRetrospectiveApproachOrFairValueApproachHasBeenAppliedInsuranceContractsLiabilityAssetOfDisclosureOfReconciliationOfChangesInReinsuranceContractsByRemainingCoverageAndIncurredClaimsLifeTableOfItems,"전환일에 존재했던 계약 중 완전소급법 또는 공정가치법을 적용한 보유재보험계약과 관련되지 않은 보험서비스비용의 증가분(감소분), 보험계약부채(자산)"
entity00159102_IncreaseDecreaseThroughInsuranceServiceExpensesNotRelatedToContractsThatExistedAtTransitionDateToWhichModifiedRetrospectiveApproachOrFairValueApproachHasBeenAppliedInsuranceContractsLiabilityAssetOfIncreaseDecreaseThroughInsuranceRevenueNotRelatedToContractsThatExistedAtTransitionDateToWhichModifiedRetrospectiveApproachOrFairValueApproachHasBeenAppliedInsuranceContractsLiabilityAssetOfDisclosureOfReconciliationOfChangesInInsuranceContractsByRemainingCoverageAndIncurredClaimsLifeTableOfItems,"전환일에 존재했던 계약 중 수정소급법 또는 공정가치법을 적용한 보험계약과 관련되지 않은 보험서비스비용의 증가분(감소분), 보험계약부채(자산)"
entity00159102_IncreaseDecreaseThroughInsuranceServiceExpensesNotRelatedToContractsThatExistedAtTransitionDateToWhichModifiedRetrospectiveApproachOrFairValueApproachHasBeenAppliedInsuranceContractsLiabilityAssetOfIncreaseDecreaseThroughInsuranceRevenueNotRelatedToContractsThatExistedAtTransitionDateToWhichModifiedRetrospectiveApproachOrFairValueApproachHasBeenAppliedInsuranceContractsLiabilityAssetOfDisclosureOfReconciliationOfChangesInInsuranceContractsIssuedByRemainingCoverageAndIncurredClaimsTableOfItems,"전환일에 존재했던 계약 중 수정소급법 또는 공정가치법을 적용한 보험계약과 관련되지 않은 보험서비스비용의 증가분(감소분), 보험계약부채(자산)"
entity00159102_IncreaseDecreaseThroughInsuranceServiceExpensesNotRelatedToContractsThatExistedAtTransitionDateToWhichModifiedRetrospectiveApproachOrFairValueApproachHasBeenAppliedInsuranceContractsLiabilityAssetOfIncreaseDecreaseThroughInsuranceRevenueNotRelatedToContractsThatExistedAtTransitionDateToWhichModifiedRetrospectiveApproachOrFairValueApproachHasBeenAppliedInsuranceContractsLiabilityAssetOfDisclosureOfReconciliationOfChangesInReinsuranceContractsByRemainingCoverageAndIncurredClaimsTableOfItems,"전환일에 존재했던 계약 중 수정소급법 또는 공정가치법을 적용한 보유재보험계약과 관련되지 않은 보험서비스비용의 증가분(감소분), 보험계약부채(자산)"
entity00159102_IncreaseDecreaseThroughInsuranceServiceExpensesRelatedToContractsThatExistedAtTransitionDateToWhichFairValueApproachHasBeenAppliedInsuranceContractsLiabilityAssetOfIncreaseDecreaseThroughInsuranceRevenueRelatedToContractsThatExistedAtTransitionDateToWhichFairValueApproachHasBeenAppliedInsuranceContractsLiabilityAssetOfDisclosureOfReconciliationOfChangesInInsuranceContractsByRemainingCoverageAndIncurredClaimsLifeTableOfItems,"전환일에 존재했던 계약 중 공정가치법을 적용한 보험계약과 관련된 보험서비스비용의 증가분(감소분), 보험계약부채(자산)"
entity00159102_IncreaseDecreaseThroughInsuranceServiceExpensesRelatedToContractsThatExistedAtTransitionDateToWhichFairValueApproachHasBeenAppliedInsuranceContractsLiabilityAssetOfIncreaseDecreaseThroughInsuranceRevenueRelatedToContractsThatExistedAtTransitionDateToWhichFairValueApproachHasBeenAppliedInsuranceContractsLiabilityAssetOfDisclosureOfReconciliationOfChangesInInsuranceContractsIssuedByRemainingCoverageAndIncurredClaimsTableOfItems,"전환일에 존재했던 계약 중 공정가치법을 적용한 보험계약과 관련된 보험서비스비용의 증가분(감소분), 보험계약부채(자산)"
entity00159102_IncreaseDecreaseThroughInsuranceServiceExpensesRelatedToContractsThatExistedAtTransitionDateToWhichFairValueApproachHasBeenAppliedInsuranceContractsLiabilityAssetOfIncreaseDecreaseThroughInsuranceRevenueRelatedToContractsThatExistedAtTransitionDateToWhichFairValueApproachHasBeenAppliedInsuranceContractsLiabilityAssetOfDisclosureOfReconciliationOfChangesInReinsuranceContractsByRemainingCoverageAndIncurredClaimsTableOfItems,"전환일에 존재했던 계약 중 공정가치법을 적용한 보유재보험계약과 관련된 보험서비스비용의 증가분(감소분), 보험계약부채(자산)"
entity00159102_IncreaseDecreaseThroughInsuranceServiceExpensesRelatedToContractsThatExistedAtTransitionDateToWhichModifiedRetrospectiveApproachHasBeenAppliedInsuranceContractsLiabilityAssetOfIncreaseDecreaseThroughInsuranceRevenueRelatedToContractsThatExistedAtTransitionDateToWhichModifiedRetrospectiveApproachHasBeenAppliedInsuranceContractsLiabilityAssetOfDisclosureOfReconciliationOfChangesInInsuranceContractsByRemainingCoverageAndIncurredClaimsLifeTableOfItems,"전환일에 존재했던 계약 중 수정소급법을 적용한 보험계약과 관련된 보험서비스비용의 증가분(감소분), 보험계약부채(자산)"
entity00159102_IncreaseDecreaseThroughInsuranceServiceExpensesRelatedToContractsThatExistedAtTransitionDateToWhichModifiedRetrospectiveApproachHasBeenAppliedInsuranceContractsLiabilityAssetOfIncreaseDecreaseThroughInsuranceRevenueRelatedToContractsThatExistedAtTransitionDateToWhichModifiedRetrospectiveApproachHasBeenAppliedInsuranceContractsLiabilityAssetOfDisclosureOfReconciliationOfChangesInInsuranceContractsIssuedByRemainingCoverageAndIncurredClaimsTableOfItems,"전환일에 존재했던 계약 중 수정소급법을 적용한 보험계약과 관련된 보험서비스비용의 증가분(감소분), 보험계약부채(자산)"
entity00159102_IncreaseDecreaseThroughInsuranceServiceExpensesRelatedToContractsThatExistedAtTransitionDateToWhichModifiedRetrospectiveApproachHasBeenAppliedInsuranceContractsLiabilityAssetOfIncreaseDecreaseThroughInsuranceRevenueRelatedToContractsThatExistedAtTransitionDateToWhichModifiedRetrospectiveApproachHasBeenAppliedInsuranceContractsLiabilityAssetOfDisclosureOfReconciliationOfChangesInReinsuranceContractsByRemainingCoverageAndIncurredClaimsTableOfItems,"전환일에 존재했던 계약 중 수정소급법을 적용한 보험계약과 관련된 보험서비스비용의 증가분(감소분), 보험계약부채(자산)"
entity00159102_IncreaseDecreaseThroughInvestmentComponentsOtherCashFlowsInsuranceContractsLiabilityAssetOfIncreaseDecreaseThroughCashFlowsInsuranceContractsLiabilityAssetOfDisclosureOfReconciliationOfChangesInInsuranceContractsByRemainingCoverageAndIncurredClaimsLifeTableOfItems,"투자요소 및 기타 현금흐름에 따른 증가분(감소분), 보험계약부채(자산)"
entity00159102_IncreaseDecreaseThroughInvestmentComponentsOtherCashFlowsInsuranceContractsLiabilityAssetOfIncreaseDecreaseThroughCashFlowsInsuranceContractsLiabilityAssetOfDisclosureOfReconciliationOfChangesInInsuranceContractsByRemainingCoverageAndIncurredClaimsPremiumAllocationApproachGeneralTableOfItems,"투자요소 및 기타 현금흐름에 따른 증가분(감소분), 보험계약부채(자산)"
entity00159102_IncreaseDecreaseThroughInvestmentComponentsOtherCashFlowsInsuranceContractsLiabilityAssetOfIncreaseDecreaseThroughCashFlowsInsuranceContractsLiabilityAssetOfDisclosureOfReconciliationOfChangesInInsuranceContractsIssuedByComponentsLifeTableOfItems,"투자요소 및 기타 현금흐름에 따른 증가분(감소분), 보험계약부채(자산)"
entity00159102_IncreaseDecreaseThroughInvestmentComponentsOtherCashFlowsInsuranceContractsLiabilityAssetOfIncreaseDecreaseThroughCashFlowsInsuranceContractsLiabilityAssetOfDisclosureOfReconciliationOfChangesInInsuranceContractsIssuedByComponentsTableOfItems,"투자요소 및 기타 현금흐름에 따른 증가분(감소분), 보험계약부채(자산)"
entity00159102_IncreaseDecreaseThroughInvestmentComponentsOtherCashFlowsInsuranceContractsLiabilityAssetOfIncreaseDecreaseThroughCashFlowsInsuranceContractsLiabilityAssetOfDisclosureOfReconciliationOfChangesInInsuranceContractsIssuedByRemainingCoverageAndIncurredClaimsTableOfItems,"투자요소 및 기타 현금흐름에 따른 증가분(감소분), 보험계약부채(자산)"
entity00159102_IncreaseDecreaseThroughInvestmentComponentsOtherCashFlowsInsuranceContractsLiabilityAssetOfIncreaseDecreaseThroughCashFlowsInsuranceContractsLiabilityAssetOfDisclosureOfReconciliationOfChangesInReinsuranceContractsByComponentsLifeTableTableOfItems,"투자요소 및 기타 현금흐름에 따른 증가분(감소분), 보험계약부채(자산)"
entity00159102_IncreaseDecreaseThroughInvestmentComponentsOtherCashFlowsInsuranceContractsLiabilityAssetOfIncreaseDecreaseThroughCashFlowsInsuranceContractsLiabilityAssetOfDisclosureOfReconciliationOfChangesInReinsuranceContractsByComponentsTableOfItems,"투자요소 및 기타 현금흐름에 따른 증가분(감소분), 보험계약부채(자산)"
entity00159102_IncreaseDecreaseThroughInvestmentComponentsOtherCashFlowsInsuranceContractsLiabilityAssetOfIncreaseDecreaseThroughCashFlowsInsuranceContractsLiabilityAssetOfDisclosureOfReconciliationOfChangesInReinsuranceContractsByRemainingCoverageAndIncurredClaimsLifeTableOfItems,"투자요소 및 기타 현금흐름에 따른 증가분(감소분), 보험계약부채(자산)"
entity00159102_IncreaseDecreaseThroughInvestmentComponentsOtherCashFlowsInsuranceContractsLiabilityAssetOfIncreaseDecreaseThroughCashFlowsInsuranceContractsLiabilityAssetOfDisclosureOfReconciliationOfChangesInReinsuranceContractsByRemainingCoverageAndIncurredClaimsPremiumAllocationApproachGeneralTableOfItems,"투자요소 및 기타 현금흐름에 따른 증가분(감소분), 보험계약부채(자산)"
entity00159102_IncreaseDecreaseThroughInvestmentComponentsOtherCashFlowsInsuranceContractsLiabilityAssetOfIncreaseDecreaseThroughCashFlowsInsuranceContractsLiabilityAssetOfDisclosureOfReconciliationOfChangesInReinsuranceContractsByRemainingCoverageAndIncurredClaimsTableOfItems,"투자요소 및 기타 현금흐름에 따른 증가분(감소분), 보험계약부채(자산)"
entity00159102_IncreaseDecreaseThroughLossComponentNotRelatedToContractsThatExistedAtTransitionDateToWhichModifiedRetrospectiveApproachOrFairValueApproachHasBeenAppliedInsuranceContractsLiabilityAssetOfIncreaseDecreaseThroughInsuranceRevenueNotRelatedToContractsThatExistedAtTransitionDateToWhichModifiedRetrospectiveApproachOrFairValueApproachHasBeenAppliedInsuranceContractsLiabilityAssetOfDisclosureOfReconciliationOfChangesInInsuranceContractsByRemainingCoverageAndIncurredClaimsLifeTableOfItems,"전환일에 존재했던 계약 중 수정소급법 또는 공정가치법을 적용한 보험계약과 관련되지 않은 손실요소배분액의 증가분(감소분), 보험계약부채(자산)"
entity00159102_IncreaseDecreaseThroughLossComponentNotRelatedToContractsThatExistedAtTransitionDateToWhichModifiedRetrospectiveApproachOrFairValueApproachHasBeenAppliedInsuranceContractsLiabilityAssetOfIncreaseDecreaseThroughInsuranceRevenueNotRelatedToContractsThatExistedAtTransitionDateToWhichModifiedRetrospectiveApproachOrFairValueApproachHasBeenAppliedInsuranceContractsLiabilityAssetOfDisclosureOfReconciliationOfChangesInInsuranceContractsIssuedByRemainingCoverageAndIncurredClaimsTableOfItems,"전환일에 존재했던 계약 중 수정소급법 또는 공정가치법을 적용한 보험계약과 관련되지 않은 손실요소배분액의 증가분(감소분), 보험계약부채(자산)"
entity00159102_IncreaseDecreaseThroughLossComponentRelatedToContractsThatExistedAtTransitionDateToWhichFairValueApproachHasBeenAppliedInsuranceContractsLiabilityAssetOfIncreaseDecreaseThroughInsuranceRevenueRelatedToContractsThatExistedAtTransitionDateToWhichFairValueApproachHasBeenAppliedInsuranceContractsLiabilityAssetOfDisclosureOfReconciliationOfChangesInInsuranceContractsByRemainingCoverageAndIncurredClaimsLifeTableOfItems,"전환일에 존재했던 계약 중 공정가치법을 적용한 보험계약과 관련된 손실요소배분액의 증가분(감소분), 보험계약부채(자산)"
entity00159102_IncreaseDecreaseThroughLossComponentRelatedToContractsThatExistedAtTransitionDateToWhichFairValueApproachHasBeenAppliedInsuranceContractsLiabilityAssetOfIncreaseDecreaseThroughInsuranceRevenueRelatedToContractsThatExistedAtTransitionDateToWhichFairValueApproachHasBeenAppliedInsuranceContractsLiabilityAssetOfDisclosureOfReconciliationOfChangesInInsuranceContractsIssuedByRemainingCoverageAndIncurredClaimsTableOfItems,"전환일에 존재했던 계약 중 공정가치법을 적용한 보험계약과 관련된 손실요소배분액의 증가분(감소분), 보험계약부채(자산)"
entity00159102_IncreaseDecreaseThroughLossComponentRelatedToContractsThatExistedAtTransitionDateToWhichModifiedRetrospectiveApproachHasBeenAppliedInsuranceContractsLiabilityAssetOfIncreaseDecreaseThroughInsuranceRevenueRelatedToContractsThatExistedAtTransitionDateToWhichModifiedRetrospectiveApproachHasBeenAppliedInsuranceContractsLiabilityAssetOfDisclosureOfReconciliationOfChangesInInsuranceContractsByRemainingCoverageAndIncurredClaimsLifeTableOfItems,"전환일에 존재했던 계약 중 수정소급법을 적용한 보험계약과 관련된 손실요소배분액의 증가분(감소분), 보험계약부채(자산)"
entity00159102_IncreaseDecreaseThroughLossComponentRelatedToContractsThatExistedAtTransitionDateToWhichModifiedRetrospectiveApproachHasBeenAppliedInsuranceContractsLiabilityAssetOfIncreaseDecreaseThroughInsuranceRevenueRelatedToContractsThatExistedAtTransitionDateToWhichModifiedRetrospectiveApproachHasBeenAppliedInsuranceContractsLiabilityAssetOfDisclosureOfReconciliationOfChangesInInsuranceContractsIssuedByRemainingCoverageAndIncurredClaimsTableOfItems,"전환일에 존재했던 계약 중 수정소급법을 적용한 보험계약과 관련된 손실요소배분액의 증가분(감소분), 보험계약부채(자산)"
entity00159102_IncreaseDecreaseThroughLossRecoveryComponentAllocatedToReinsuranceIncomeInsuranceContractsLiabilityAssetOfIncreaseDecreaseThroughInsuranceServiceExpensesInsuranceContractsLiabilityAssetOfDisclosureOfReconciliationOfChangesInReinsuranceContractsByRemainingCoverageAndIncurredClaimsLifeTableOfItems,"재보험수익에 배분된 손실회수요소에 따른 증가분(감소분), 보험계약부채(자산)"
entity00159102_IncreaseDecreaseThroughLossRecoveryComponentAllocatedToReinsuranceIncomeInsuranceContractsLiabilityAssetOfIncreaseDecreaseThroughInsuranceServiceExpensesInsuranceContractsLiabilityAssetOfDisclosureOfReconciliationOfChangesInReinsuranceContractsByRemainingCoverageAndIncurredClaimsTableOfItems,"재보험수익에 배분된 손실회수요소에 따른 증가분(감소분), 보험계약부채(자산)"
entity00159102_IncreaseDecreaseThroughLossRecoveryComponentNotRelatedToContractsThatExistedAtTransitionDateToWhichFullRetrospectiveApproachOrFairValueApproachHasBeenAppliedInsuranceContractsLiabilityAssetOfIncreaseDecreaseThroughInsuranceRevenueNotRelatedToContractsThatExistedAtTransitionDateToWhichModifiedRetrospectiveApproachOrFairValueApproachHasBeenAppliedInsuranceContractsLiabilityAssetOfDisclosureOfReconciliationOfChangesInReinsuranceContractsByRemainingCoverageAndIncurredClaimsLifeTableOfItems,"전환일에 존재했던 계약 중 완전소급법 또는 공정가치법을 적용한 보유재보험계약과 관련되지 않은 손실회수요소배분액의 증가분(감소분), 보험계약부채(자산)"
entity00159102_IncreaseDecreaseThroughLossRecoveryComponentNotRelatedToContractsThatExistedAtTransitionDateToWhichModifiedRetrospectiveApproachOrFairValueApproachHasBeenAppliedInsuranceContractsLiabilityAssetOfIncreaseDecreaseThroughInsuranceRevenueNotRelatedToContractsThatExistedAtTransitionDateToWhichModifiedRetrospectiveApproachOrFairValueApproachHasBeenAppliedInsuranceContractsLiabilityAssetOfDisclosureOfReconciliationOfChangesInReinsuranceContractsByRemainingCoverageAndIncurredClaimsTableOfItems,"전환일에 존재했던 계약 중 수정소급법 또는 공정가치법을 적용한 보유재보험계약과 관련되지 않은 손실회수요소배분액의 증가분(감소분), 보험계약부채(자산)"
entity00159102_IncreaseDecreaseThroughLossRecoveryComponentRelatedToContractsThatExistedAtTransitionDateToWhichFairValueApproachHasBeenAppliedInsuranceContractsLiabilityAssetOfIncreaseDecreaseThroughInsuranceRevenueRelatedToContractsThatExistedAtTransitionDateToWhichFairValueApproachHasBeenAppliedInsuranceContractsLiabilityAssetOfDisclosureOfReconciliationOfChangesInReinsuranceContractsByRemainingCoverageAndIncurredClaimsLifeTableOfItems,"전환일에 존재했던 계약 중 공정가치법을 적용한 보유재보험계약과 관련된 손실회수요소배분액의 증가분(감소분), 보험계약부채(자산)"
entity00159102_IncreaseDecreaseThroughLossRecoveryComponentRelatedToContractsThatExistedAtTransitionDateToWhichFairValueApproachHasBeenAppliedInsuranceContractsLiabilityAssetOfIncreaseDecreaseThroughInsuranceRevenueRelatedToContractsThatExistedAtTransitionDateToWhichFairValueApproachHasBeenAppliedInsuranceContractsLiabilityAssetOfDisclosureOfReconciliationOfChangesInReinsuranceContractsByRemainingCoverageAndIncurredClaimsTableOfItems,"전환일에 존재했던 계약 중 공정가치법을 적용한 보유재보험계약과 관련된 손실회수요소배분액의 증가분(감소분), 보험계약부채(자산)"
entity00159102_IncreaseDecreaseThroughLossRecoveryComponentRelatedToContractsThatExistedAtTransitionDateToWhichFullRetrospectiveApproachHasBeenAppliedInsuranceContractsLiabilityAssetOfIncreaseDecreaseThroughInsuranceRevenueRelatedToContractsThatExistedAtTransitionDateToWhichModifiedRetrospectiveApproachHasBeenAppliedInsuranceContractsLiabilityAssetOfDisclosureOfReconciliationOfChangesInReinsuranceContractsByRemainingCoverageAndIncurredClaimsLifeTableOfItems,"전환일에 존재했던 계약 중 완전소급법을 적용한 보험계약과 관련된 손실회수요소배분액의 증가분(감소분),보험계약부채(자산)"
entity00159102_IncreaseDecreaseThroughLossRecoveryComponentRelatedToContractsThatExistedAtTransitionDateToWhichModifiedRetrospectiveApproachHasBeenAppliedReinsuranceContractsLiabilityAssetOfIncreaseDecreaseThroughInsuranceRevenueRelatedToContractsThatExistedAtTransitionDateToWhichModifiedRetrospectiveApproachHasBeenAppliedInsuranceContractsLiabilityAssetOfDisclosureOfReconciliationOfChangesInReinsuranceContractsByRemainingCoverageAndIncurredClaimsTableOfItems,"전환일에 존재했던 계약 중 수정소급법을 적용한 보험계약과 관련된 손실회수요소배분액의 증가분(감소분), 보험계약부채(자산)"
entity00159102_IncreaseDecreaseThroughOtherComprehensiveIncomeBeforeTaxFinanceExpensesIncomeFromReinsuranceContractsHeldExcludedFromProfitOrLossAdjustmentsForCertainItemsReinsuranceContractsLiabilityAssetOfIncreaseDecreaseThroughReinsuranceFinanceExpensesIncomeAdjustmentsForCertainItemsReinsuranceContractsLiabilityAssetOfDisclosureOfReconciliationOfChangesInReinsuranceContractsByComponentsLifeTableTableOfItems,"세전기타포괄손익, 당기손익에서 제외되는 보유재보험계약의 금융비용(수익) (일부 조정)에 따른 증가분(감소분), 재보험계약부채(자산)"
entity00159102_IncreaseDecreaseThroughOtherComprehensiveIncomeBeforeTaxFinanceExpensesIncomeFromReinsuranceContractsHeldExcludedFromProfitOrLossAdjustmentsForCertainItemsReinsuranceContractsLiabilityAssetOfIncreaseDecreaseThroughReinsuranceFinanceExpensesIncomeAdjustmentsForCertainItemsReinsuranceContractsLiabilityAssetOfDisclosureOfReconciliationOfChangesInReinsuranceContractsByComponentsTableOfItems,"세전기타포괄손익, 당기손익에서 제외되는 보유재보험계약의 금융비용(수익) (일부 조정)에 따른 증가분(감소분), 재보험계약부채(자산)"
entity00159102_IncreaseDecreaseThroughOtherComprehensiveIncomeBeforeTaxFinanceExpensesIncomeFromReinsuranceContractsHeldExcludedFromProfitOrLossAdjustmentsForCertainItemsReinsuranceContractsLiabilityAssetOfIncreaseDecreaseThroughReinsuranceFinanceExpensesIncomeAdjustmentsForCertainItemsReinsuranceContractsLiabilityAssetOfDisclosureOfReconciliationOfChangesInReinsuranceContractsByRemainingCoverageAndIncurredClaimsLifeTableOfItems,"세전기타포괄손익, 당기손익에서 제외되는 보유재보험계약의 금융비용(수익) (일부 조정)에 따른 증가분(감소분), 재보험계약부채(자산)"
entity00159102_IncreaseDecreaseThroughOtherComprehensiveIncomeBeforeTaxFinanceExpensesIncomeFromReinsuranceContractsHeldExcludedFromProfitOrLossAdjustmentsForCertainItemsReinsuranceContractsLiabilityAssetOfIncreaseDecreaseThroughReinsuranceFinanceExpensesIncomeAdjustmentsForCertainItemsReinsuranceContractsLiabilityAssetOfDisclosureOfReconciliationOfChangesInReinsuranceContractsByRemainingCoverageAndIncurredClaimsPremiumAllocationApproachAutomobileTableOfItems,"세전기타포괄손익, 당기손익에서 제외되는 보유재보험계약의 금융비용(수익) (일부 조정)에 따른 증가분(감소분), 재보험계약부채(자산)"
entity00159102_IncreaseDecreaseThroughOtherComprehensiveIncomeBeforeTaxFinanceExpensesIncomeFromReinsuranceContractsHeldExcludedFromProfitOrLossAdjustmentsForCertainItemsReinsuranceContractsLiabilityAssetOfIncreaseDecreaseThroughReinsuranceFinanceExpensesIncomeAdjustmentsForCertainItemsReinsuranceContractsLiabilityAssetOfDisclosureOfReconciliationOfChangesInReinsuranceContractsByRemainingCoverageAndIncurredClaimsPremiumAllocationApproachGeneralTableOfItems,"세전기타포괄손익, 당기손익에서 제외되는 보유재보험계약의 금융비용(수익) (일부 조정)에 따른 증가분(감소분), 재보험계약부채(자산)"
entity00159102_IncreaseDecreaseThroughOtherComprehensiveIncomeBeforeTaxFinanceExpensesIncomeFromReinsuranceContractsHeldExcludedFromProfitOrLossAdjustmentsForCertainItemsReinsuranceContractsLiabilityAssetOfIncreaseDecreaseThroughReinsuranceFinanceExpensesIncomeAdjustmentsForCertainItemsReinsuranceContractsLiabilityAssetOfDisclosureOfReconciliationOfChangesInReinsuranceContractsByRemainingCoverageAndIncurredClaimsTableOfItems,"세전기타포괄손익, 당기손익에서 제외되는 보유재보험계약의 금융비용(수익) (일부 조정)에 따른 증가분(감소분), 재보험계약부채(자산)"
entity00159102_IncreaseDecreaseThroughOtherComprehensiveIncomeBeforeTaxInsuranceFinanceExpensesIncomeFromInsuranceContractsIssuedExcludedFromProfitOrLossThatWillBeReclassifiedToProfitOrLossAdjustmentsForCertainItemsInsuranceContractsLiabilityAssetOfIncreaseDecreaseThroughInsuranceFinanceExpensesIncomeAdjustmentsForCertainItemsInsuranceContractsLiabilityAssetOfDisclosureOfReconciliationOfChangesInInsuranceContractsByRemainingCoverageAndIncurredClaimsLifeTableOfItems,"세전기타포괄손익, 당기손익에서 제외되나 당기손익으로 재분류될 발행보험계약의 보험금융비용(수익) (일부 조정)에 따른 증가분(감소분), 보험계약부채(자산)"
entity00159102_IncreaseDecreaseThroughOtherComprehensiveIncomeBeforeTaxInsuranceFinanceExpensesIncomeFromInsuranceContractsIssuedExcludedFromProfitOrLossThatWillBeReclassifiedToProfitOrLossAdjustmentsForCertainItemsInsuranceContractsLiabilityAssetOfIncreaseDecreaseThroughInsuranceFinanceExpensesIncomeAdjustmentsForCertainItemsInsuranceContractsLiabilityAssetOfDisclosureOfReconciliationOfChangesInInsuranceContractsByRemainingCoverageAndIncurredClaimsPremiumAllocationApproachAutomobileTableOfItems,"세전기타포괄손익, 당기손익에서 제외되나 당기손익으로 재분류될 발행보험계약의 보험금융비용(수익) (일부 조정)에 따른 증가분(감소분), 보험계약부채(자산)"
entity00159102_IncreaseDecreaseThroughOtherComprehensiveIncomeBeforeTaxInsuranceFinanceExpensesIncomeFromInsuranceContractsIssuedExcludedFromProfitOrLossThatWillBeReclassifiedToProfitOrLossAdjustmentsForCertainItemsInsuranceContractsLiabilityAssetOfIncreaseDecreaseThroughInsuranceFinanceExpensesIncomeAdjustmentsForCertainItemsInsuranceContractsLiabilityAssetOfDisclosureOfReconciliationOfChangesInInsuranceContractsByRemainingCoverageAndIncurredClaimsPremiumAllocationApproachGeneralTableOfItems,"세전기타포괄손익, 당기손익에서 제외되나 당기손익으로 재분류될 발행보험계약의 보험금융비용(수익) (일부 조정)에 따른 증가분(감소분), 보험계약부채(자산)"
entity00159102_IncreaseDecreaseThroughOtherComprehensiveIncomeBeforeTaxInsuranceFinanceExpensesIncomeFromInsuranceContractsIssuedExcludedFromProfitOrLossThatWillBeReclassifiedToProfitOrLossAdjustmentsForCertainItemsInsuranceContractsLiabilityAssetOfIncreaseDecreaseThroughInsuranceFinanceExpensesIncomeAdjustmentsForCertainItemsInsuranceContractsLiabilityAssetOfDisclosureOfReconciliationOfChangesInInsuranceContractsIssuedByComponentsLifeTableOfItems,"세전기타포괄손익, 당기손익에서 제외되나 당기손익으로 재분류될 발행보험계약의 보험금융비용(수익) (일부 조정)에 따른 증가분(감소분), 보험계약부채(자산)"
entity00159102_IncreaseDecreaseThroughOtherComprehensiveIncomeBeforeTaxInsuranceFinanceExpensesIncomeFromInsuranceContractsIssuedExcludedFromProfitOrLossThatWillBeReclassifiedToProfitOrLossAdjustmentsForCertainItemsInsuranceContractsLiabilityAssetOfIncreaseDecreaseThroughInsuranceFinanceExpensesIncomeAdjustmentsForCertainItemsInsuranceContractsLiabilityAssetOfDisclosureOfReconciliationOfChangesInInsuranceContractsIssuedByComponentsTableOfItems,"세전기타포괄손익, 당기손익에서 제외되나 당기손익으로 재분류될 발행보험계약의 보험금융비용(수익) (일부 조정)에 따른 증가분(감소분), 보험계약부채(자산)"
entity00159102_IncreaseDecreaseThroughOtherComprehensiveIncomeBeforeTaxInsuranceFinanceExpensesIncomeFromInsuranceContractsIssuedExcludedFromProfitOrLossThatWillBeReclassifiedToProfitOrLossAdjustmentsForCertainItemsInsuranceContractsLiabilityAssetOfIncreaseDecreaseThroughInsuranceFinanceExpensesIncomeAdjustmentsForCertainItemsInsuranceContractsLiabilityAssetOfDisclosureOfReconciliationOfChangesInInsuranceContractsIssuedByRemainingCoverageAndIncurredClaimsTableOfItems,"세전기타포괄손익, 당기손익에서 제외되나 당기손익으로 재분류될 발행보험계약의 보험금융비용(수익) (일부 조정)에 따른 증가분(감소분), 보험계약부채(자산)"
entity00159102_IncreaseDecreaseThroughOtherInsuranceServiceExpensesInsuranceContractsOfIncreaseDecreaseThroughInsuranceServiceExpensesInsuranceContractsLiabilityAssetOfDisclosureOfReconciliationOfChangesInInsuranceContractsByRemainingCoverageAndIncurredClaimsLifeTableOfItems,"기타 보험서비스 비용에 따른 증가분(감소분), 보험계약부채(자산)"
entity00159102_IncreaseDecreaseThroughOtherMovementsOtherProvisionsOfDisclosureOfChangesInProvisionForCreditCommitmentsLineitemsOfDisclosureOfChangesInProvisionForCreditCommitmentsTableOfItems,"기타 변동에 따른 증가(감소), 기타충당부채"
entity00159102_IncreaseDecreaseThroughOtherOperatingExpensesInsuranceContractsLiabilityAssetOfIncreaseDecreaseThroughInsuranceServiceExpensesInsuranceContractsLiabilityAssetOfDisclosureOfReconciliationOfChangesInInsuranceContractsByRemainingCoverageAndIncurredClaimsLifeTableOfItems,"기타 사업비용에 따른 증가분(감소분), 보험계약부채(자산)"
entity00159102_IncreaseDecreaseThroughOtherOperatingExpensesInsuranceContractsLiabilityAssetOfIncreaseDecreaseThroughInsuranceServiceExpensesInsuranceContractsLiabilityAssetOfDisclosureOfReconciliationOfChangesInInsuranceContractsIssuedByRemainingCoverageAndIncurredClaimsTableOfItems,"기타 사업비용에 따른 증가분(감소분), 보험계약부채(자산)"
entity00159102_IncreaseDecreaseThroughOtherReinsuranceIncomeInsuranceContractsLiabilityAssetOfIncreaseDecreaseThroughInsuranceServiceExpensesInsuranceContractsLiabilityAssetOfDisclosureOfReconciliationOfChangesInReinsuranceContractsByRemainingCoverageAndIncurredClaimsTableOfItems,"기타 재보험수익에 따른 증가분(감소분), 보험계약부채(자산)"
entity00159102_IncreaseDecreaseThroughReinsuranceFinanceExpensesIncomeAdjustmentsForCertainItemsReinsuranceContractsLiabilityAssetOfDisclosureOfReconciliationOfChangesInReinsuranceContractsByComponentsLifeLineitemsOfDisclosureOfReconciliationOfChangesInReinsuranceContractsByComponentsLifeTableTableOfItems,"재보험금융비용(수익) (일부 조정)에 따른 증가분(감소분), 재보험계약부채(자산)"
entity00159102_IncreaseDecreaseThroughReinsuranceFinanceExpensesIncomeAdjustmentsForCertainItemsReinsuranceContractsLiabilityAssetOfDisclosureOfReconciliationOfChangesInReinsuranceContractsByComponentsLineItemsOfDisclosureOfReconciliationOfChangesInReinsuranceContractsByComponentsTableOfItems,"재보험금융비용(수익) (일부 조정)에 따른 증가분(감소분), 재보험계약부채(자산)"
entity00159102_IncreaseDecreaseThroughReinsuranceFinanceExpensesIncomeAdjustmentsForCertainItemsReinsuranceContractsLiabilityAssetOfDisclosureOfReconciliationOfChangesInReinsuranceContractsByRemainingCoverageAndIncurredClaimsLifeLineitemsOfDisclosureOfReconciliationOfChangesInReinsuranceContractsByRemainingCoverageAndIncurredClaimsLifeTableOfItems,"재보험금융비용(수익) (일부 조정)에 따른 증가분(감소분), 재보험계약부채(자산)"
entity00159102_IncreaseDecreaseThroughReinsuranceFinanceExpensesIncomeAdjustmentsForCertainItemsReinsuranceContractsLiabilityAssetOfDisclosureOfReconciliationOfChangesInReinsuranceContractsByRemainingCoverageAndIncurredClaimsLineItemsOfDisclosureOfReconciliationOfChangesInReinsuranceContractsByRemainingCoverageAndIncurredClaimsTableOfItems,"재보험금융비용(수익) (일부 조정)에 따른 증가분(감소분), 재보험계약부채(자산)"
entity00159102_IncreaseDecreaseThroughReinsuranceFinanceExpensesIncomeAdjustmentsForCertainItemsReinsuranceContractsLiabilityAssetOfDisclosureOfReconciliationOfChangesInReinsuranceContractsByRemainingCoverageAndIncurredClaimsPremiumAllocationApproachAutomobileLineitemsOfDisclosureOfReconciliationOfChangesInReinsuranceContractsByRemainingCoverageAndIncurredClaimsPremiumAllocationApproachAutomobileTableOfItems,"재보험금융비용(수익) (일부 조정)에 따른 증가분(감소분), 재보험계약부채(자산)"
entity00159102_IncreaseDecreaseThroughReinsuranceFinanceExpensesIncomeAdjustmentsForCertainItemsReinsuranceContractsLiabilityAssetOfDisclosureOfReconciliationOfChangesInReinsuranceContractsByRemainingCoverageAndIncurredClaimsPremiumAllocationApproachGeneralLineitemsOfDisclosureOfReconciliationOfChangesInReinsuranceContractsByRemainingCoverageAndIncurredClaimsPremiumAllocationApproachGeneralTableOfItems,"재보험금융비용(수익) (일부 조정)에 따른 증가분(감소분), 재보험계약부채(자산)"
entity00159102_IncreaseDecreaseThroughRiskAdjustmentForNonfinancialRiskNotRelatedToContractsThatExistedAtTransitionDateToWhichFullRetrospectiveApproachOrFairValueApproachHasBeenAppliedInsuranceContractsLiabilityAssetOfIncreaseDecreaseThroughInsuranceRevenueNotRelatedToContractsThatExistedAtTransitionDateToWhichModifiedRetrospectiveApproachOrFairValueApproachHasBeenAppliedInsuranceContractsLiabilityAssetOfDisclosureOfReconciliationOfChangesInReinsuranceContractsByRemainingCoverageAndIncurredClaimsLifeTableOfItems,"전환일에 존재했던 계약 중 완전소급법 또는 공정가치법을 적용한 보유재보험계약과 관련되지 않은 비금융위험의 위험조정상각의 증가분(감소분), 보험계약부채(자산)"
entity00159102_IncreaseDecreaseThroughRiskAdjustmentForNonfinancialRiskNotRelatedToContractsThatExistedAtTransitionDateToWhichModifiedRetrospectiveApproachOrFairValueApproachHasBeenAppliedInsuranceContractsLiabilityAssetOfIncreaseDecreaseThroughInsuranceRevenueNotRelatedToContractsThatExistedAtTransitionDateToWhichModifiedRetrospectiveApproachOrFairValueApproachHasBeenAppliedInsuranceContractsLiabilityAssetOfDisclosureOfReconciliationOfChangesInInsuranceContractsByRemainingCoverageAndIncurredClaimsLifeTableOfItems,"전환일에 존재했던 계약 중 수정소급법 또는 공정가치법을 적용한 보험계약과 관련되지 않은 비금융위험의 위험조정상각의 증가분(감소분), 보험계약부채(자산)"
entity00159102_IncreaseDecreaseThroughRiskAdjustmentForNonfinancialRiskNotRelatedToContractsThatExistedAtTransitionDateToWhichModifiedRetrospectiveApproachOrFairValueApproachHasBeenAppliedInsuranceContractsLiabilityAssetOfIncreaseDecreaseThroughInsuranceRevenueNotRelatedToContractsThatExistedAtTransitionDateToWhichModifiedRetrospectiveApproachOrFairValueApproachHasBeenAppliedInsuranceContractsLiabilityAssetOfDisclosureOfReconciliationOfChangesInInsuranceContractsIssuedByRemainingCoverageAndIncurredClaimsTableOfItems,"전환일에 존재했던 계약 중 수정소급법 또는 공정가치법을 적용한 보험계약과 관련되지 않은 비금융위험의 위험조정상각의 증가분(감소분), 보험계약부채(자산)"
entity00159102_IncreaseDecreaseThroughRiskAdjustmentForNonfinancialRiskNotRelatedToContractsThatExistedAtTransitionDateToWhichModifiedRetrospectiveApproachOrFairValueApproachHasBeenAppliedInsuranceContractsLiabilityAssetOfIncreaseDecreaseThroughInsuranceRevenueNotRelatedToContractsThatExistedAtTransitionDateToWhichModifiedRetrospectiveApproachOrFairValueApproachHasBeenAppliedInsuranceContractsLiabilityAssetOfDisclosureOfReconciliationOfChangesInReinsuranceContractsByRemainingCoverageAndIncurredClaimsTableOfItems,"전환일에 존재했던 계약 중 수정소급법 또는 공정가치법을 적용한 보유재보험계약과 관련되지 않은 비금융위험의 위험조정상각의 증가분(감소분), 보험계약부채(자산)"
entity00159102_IncreaseDecreaseThroughRiskAdjustmentForNonfinancialRiskRelatedToContractsThatExistedAtTransitionDateToWhichFairValueApproachHasBeenAppliedInsuranceContractsLiabilityAssetOfIncreaseDecreaseThroughInsuranceRevenueRelatedToContractsThatExistedAtTransitionDateToWhichFairValueApproachHasBeenAppliedInsuranceContractsLiabilityAssetOfDisclosureOfReconciliationOfChangesInInsuranceContractsByRemainingCoverageAndIncurredClaimsLifeTableOfItems,"전환일에 존재했던 계약 중 공정가치법을 적용한 보험계약과 관련된 비금융위험의 위험조정상각의 증가분(감소분), 보험계약부채(자산)"
entity00159102_IncreaseDecreaseThroughRiskAdjustmentForNonfinancialRiskRelatedToContractsThatExistedAtTransitionDateToWhichFairValueApproachHasBeenAppliedInsuranceContractsLiabilityAssetOfIncreaseDecreaseThroughInsuranceRevenueRelatedToContractsThatExistedAtTransitionDateToWhichFairValueApproachHasBeenAppliedInsuranceContractsLiabilityAssetOfDisclosureOfReconciliationOfChangesInInsuranceContractsIssuedByRemainingCoverageAndIncurredClaimsTableOfItems,"전환일에 존재했던 계약 중 공정가치법을 적용한 보험계약과 관련된 비금융위험의 위험조정상각의 증가분(감소분), 보험계약부채(자산)"
entity00159102_IncreaseDecreaseThroughRiskAdjustmentForNonfinancialRiskRelatedToContractsThatExistedAtTransitionDateToWhichFairValueApproachHasBeenAppliedInsuranceContractsLiabilityAssetOfIncreaseDecreaseThroughInsuranceRevenueRelatedToContractsThatExistedAtTransitionDateToWhichFairValueApproachHasBeenAppliedInsuranceContractsLiabilityAssetOfDisclosureOfReconciliationOfChangesInReinsuranceContractsByRemainingCoverageAndIncurredClaimsLifeTableOfItems,"전환일에 존재했던 계약 중 공정가치법을 적용한 보유재보험계약과 관련된 비금융위험의 위험조정상각의 증가분(감소분), 보험계약부채(자산)"
entity00159102_IncreaseDecreaseThroughRiskAdjustmentForNonfinancialRiskRelatedToContractsThatExistedAtTransitionDateToWhichFairValueApproachHasBeenAppliedInsuranceContractsLiabilityAssetOfIncreaseDecreaseThroughInsuranceRevenueRelatedToContractsThatExistedAtTransitionDateToWhichFairValueApproachHasBeenAppliedInsuranceContractsLiabilityAssetOfDisclosureOfReconciliationOfChangesInReinsuranceContractsByRemainingCoverageAndIncurredClaimsTableOfItems,"전환일에 존재했던 계약 중 공정가치법을 적용한 보유재보험계약과 관련된 비금융위험의 위험조정상각의 증가분(감소분), 보험계약부채(자산)"
entity00159102_IncreaseDecreaseThroughRiskAdjustmentForNonfinancialRiskRelatedToContractsThatExistedAtTransitionDateToWhichFullRetrospectiveApproachHasBeenAppliedInsuranceContractsLiabilityAssetOfIncreaseDecreaseThroughInsuranceRevenueRelatedToContractsThatExistedAtTransitionDateToWhichModifiedRetrospectiveApproachHasBeenAppliedInsuranceContractsLiabilityAssetOfDisclosureOfReconciliationOfChangesInReinsuranceContractsByRemainingCoverageAndIncurredClaimsLifeTableOfItems,"전환일에 존재했던 계약 중 완전소급법을 적용한 보험계약과 관련된 비금융위험의 위험조정상각의 증가분(감소분),보험계약부채(자산)"
entity00159102_IncreaseDecreaseThroughRiskAdjustmentForNonfinancialRiskRelatedToContractsThatExistedAtTransitionDateToWhichModifiedRetrospectiveApproachHasBeenAppliedInsuranceContractsLiabilityAssetOfIncreaseDecreaseThroughInsuranceRevenueRelatedToContractsThatExistedAtTransitionDateToWhichModifiedRetrospectiveApproachHasBeenAppliedInsuranceContractsLiabilityAssetOfDisclosureOfReconciliationOfChangesInInsuranceContractsByRemainingCoverageAndIncurredClaimsLifeTableOfItems,"전환일에 존재했던 계약 중 수정소급법을 적용한 보험계약과 관련된 비금융위험의 위험조정상각의 증가분(감소분), 보험계약부채(자산)"
entity00159102_IncreaseDecreaseThroughRiskAdjustmentForNonfinancialRiskRelatedToContractsThatExistedAtTransitionDateToWhichModifiedRetrospectiveApproachHasBeenAppliedInsuranceContractsLiabilityAssetOfIncreaseDecreaseThroughInsuranceRevenueRelatedToContractsThatExistedAtTransitionDateToWhichModifiedRetrospectiveApproachHasBeenAppliedInsuranceContractsLiabilityAssetOfDisclosureOfReconciliationOfChangesInInsuranceContractsIssuedByRemainingCoverageAndIncurredClaimsTableOfItems,"전환일에 존재했던 계약 중 수정소급법을 적용한 보험계약과 관련된 비금융위험의 위험조정상각의 증가분(감소분), 보험계약부채(자산)"
entity00159102_IncreaseDecreaseThroughRiskAdjustmentForNonfinancialRiskRelatedToContractsThatExistedAtTransitionDateToWhichModifiedRetrospectiveApproachHasBeenAppliedInsuranceContractsLiabilityAssetOfIncreaseDecreaseThroughInsuranceRevenueRelatedToContractsThatExistedAtTransitionDateToWhichModifiedRetrospectiveApproachHasBeenAppliedInsuranceContractsLiabilityAssetOfDisclosureOfReconciliationOfChangesInReinsuranceContractsByRemainingCoverageAndIncurredClaimsTableOfItems,"전환일에 존재했던 계약 중 수정소급법을 적용한 보험계약과 관련된 비금융위험의 위험조정상각의 증가분(감소분), 보험계약부채(자산)"
entity00159102_IncreaseThroughChangeOfConsolidatedScopeAssetsOfReconciliationOfChangesInFairValueMeasurementAssetsLineItemsOfReconciliationOfChangesInFairValueMeasurementAssetsTableOfItems,"연결범위 변동에 따른 증가, 자산"
entity00159102_IndirectParticipatingContractMemberOfLongTermInsuranceMemberOfDetailsOfInsuranceContractLiabilityAssetByPortfolioOtherthanthosetowhichpremiumallocationapproachhasbeenappliedTableOfMember,간접참가적 특성 계약 [구성요소]
entity00159102_InstallmentFinanceSegmentMemberOfReportableSegmentsMemberOfDisclosureOfOperatingSegmentsTableOfMember,할부금융부문 [구성요소]
entity00159102_InstallmentFinanceSegmentMemberOfSegmentsMemberOfDisclosureOfReceivedPaymentGuaranteeTableOfMember,할부금융부문 [구성요소]
entity00159102_InstallmentFinanceSegmentMemberOfSegmentsMemberOfDisclosureOnAgreementsRelatedToFundingArrangementsTableOfMember,할부금융부문 [구성요소]
entity00159102_InsuranceServiceExpensesAmountsThroughInsuranceAcquisitionCashFlowsOfDisclosureOfAnalysisOfInsuranceServiceExpensesFromInsuranceContractsIssuedLineItemsOfDisclosureOfAnalysisOfInsuranceServiceExpensesFromInsuranceContractsIssuedTableOfItems,"보험서비스비용, 보험취득 현금흐름에서 발생한 비용"
entity00159102_InsuranceServiceExpensesInsuranceAcquisitionExperienceAdjustmentOfDisclosureOfAnalysisOfInsuranceServiceExpensesFromInsuranceContractsIssuedLineItemsOfDisclosureOfAnalysisOfInsuranceServiceExpensesFromInsuranceContractsIssuedTableOfItems,"보험서비스비용, 보험취득 현금흐름 경험조정"
entity00159102_InsuranceServiceExpensesOtherAmountsOfDisclosureOfAnalysisOfInsuranceServiceExpensesFromInsuranceContractsIssuedLineItemsOfDisclosureOfAnalysisOfInsuranceServiceExpensesFromInsuranceContractsIssuedTableOfItems,"보험서비스비용, 기타"
entity00159102_InsuranceServiceExpensesProfitCommissionOfDisclosureOfAnalysisOfInsuranceServiceExpensesFromInsuranceContractsIssuedLineItemsOfDisclosureOfAnalysisOfInsuranceServiceExpensesFromInsuranceContractsIssuedTableOfItems,"보험서비스비용, 이익수수료"
entity00159102_InterestExpenseOnGuaranteeDepositsRentOfInterestExpenseOfDisclosureOfInterestIncomeExpenseTableOfItems,임대보증금 이자비용
entity00159102_InterestExpenseOnInvestmentContractsLiabilitiesOfInterestExpenseOfDisclosureOfInterestIncomeExpenseTableOfItems,투자계약부채 이자비용
entity00159102_InterestExpenseOnShareCapitalRepayableOnDemandOfInterestExpenseOfDisclosureOfInterestIncomeExpenseTableOfItems,요구불상환증권 이자비용
entity00159102_InterestIncomeOnDepositsOfInterestIncomeOfDisclosureOfInterestIncomeExpenseTableOfItems,예치금 이자수익
entity00159102_InterestIncomeOnLoansAtAmortisedCostOfInterestIncomeOfDisclosureOfInterestIncomeExpenseTableOfItems,상각후원가측정대출채권으로부터의 이자수익
entity00159102_InterestIncomeOnSecuritiesAtAmortisedCostOfInterestIncomeOfDisclosureOfInterestIncomeExpenseTableOfItems,상각후원가측정유가증권으로부터의 이자수익
entity00159102_InterestRateHybridBondsOfDisclosureOfHybridBondsLineitemsOfDisclosureOfHybridBondsTableOfItems,"이자율, 신종자본증권"
entity00159102_IntradayOverdraftAgreementMemberOfTypesOfCommitmentsMemberOfDisclosureOnAgreementsRelatedToFundingArrangementsTableOfMember,일중당좌차월 약정 [구성요소]
entity00159102_InvestmentContractsLiabilitiesMemberOfFinancialLiabilitiesClassMemberOfFairValueAndBookValueOfLiabilitiesTableOfMember,투자계약부채 [구성요소]
entity00159102_InvestmentContractsLiabilitiesRelatedPartyTransactionsOfLiabilitiesRelatedPartyTransactionsOfDisclosureOfOutstandingBalancesForRelatedPartyTransactionsTableOfItems,"투자계약부채, 특수관계자거래"
entity00159102_InvestmentIncomeExpensesRecognizedInOtherComprehensiveIncomeExcludingInsuranceFinanceIncomeExpensesOfInvestmentReturnOnAssetsRelatedToInsuranceFinanceIncomeExpensesLineitemsOfInvestmentReturnOnAssetsRelatedToInsuranceFinanceIncomeExpensesTableOfItems,기타포괄손익으로 인식된 투자손익
entity00159102_InvestmentIncomeExpensesRecognizedInProfitOrLossExcludingInsuranceFinanceIncomeExpensesOfInvestmentReturnOnAssetsRelatedToInsuranceFinanceIncomeExpensesLineitemsOfInvestmentReturnOnAssetsRelatedToInsuranceFinanceIncomeExpensesTableOfItems,당기손익으로 인식된 투자손익
entity00159102_InvestmentPropertyPledgedAsSecurityOfNonFinancialAssetsPledgedAsSecurityLineitemsOfDisclosureOfNonFinancialAssetsPledgedAsSecurityTableOfItems,담보로 제공된 투자부동산
entity00159102_InvestmentReturnOnAssetsRelatedToInsuranceFinanceIncomeExpensesTable,보험금융수익(비용)과 관련된 자산의 투자수익
entity00159102_InvestmentReturnOnAssetsRelatedToInsuranceFinanceIncomeExpensesTextBlock,보험금융수익(비용)과 관련된 자산의 투자수익[ 문장영역 ]
entity00159102_InvestmentsInAssociatesMemberOfFinancialAssetsClassMemberOfDisclosureOfRevenueFromDividendsTableOfMember,관계기업투자주식 [구성요소]
entity00159102_InwardReinsuranceMemberOfInsuranceContractsIssuedMemberOfDisclosureOfAnalysisOfInsuranceRevenueFromInsuranceContractsIssuedTableOfMember,수재보험 [구성요소]
entity00159102_InwardReinsuranceMemberOfInsuranceContractsIssuedMemberOfDisclosureOfAnalysisOfInsuranceServiceExpensesFromInsuranceContractsIssuedTableOfMember,수재보험 [구성요소]
entity00159102_IssueDateHybridBondsOfDisclosureOfHybridBondsLineitemsOfDisclosureOfHybridBondsTableOfItems,"발행일, 신종자본증권"
entity00159102_JohnMullenCoIncMemberOfSubsidiariesMemberOfDisclosureOfOutstandingBalancesForRelatedPartyTransactionsTableOfMember,"John Mullen & Co., Inc. [구성요소]"
entity00159102_JohnMullenCoIncMemberOfSubsidiariesMemberOfDisclosureOfTransactionsBetweenRelatedPartiesTableOfMember,"John Mullen & Co., Inc. [구성요소]"
entity00159102_KangwonExpressMemberOfOtherRelatedPartiesMemberOfDisclosureOfOutstandingBalancesForRelatedPartyTransactionsTableOfMember,강원여객자동차㈜ [구성요소]
entity00159102_KbSecuritiesCoLtdAndOthersMemberOfNameOfSecuredCreditorMemberOfDisclosureOfFinancialAssetsPledgedAsSecurityTableOfMember,KB증권 외 [구성요소]
entity00159102_KdbCapitalCorporationMemberOfNameOfSecuredCreditorMemberOfDisclosureOfFinancialAssetsPledgedAsSecurityTableOfMember,산은캐피탈 [구성요소]
entity00159102_KebHanaBankMemberOfCounterpartiesMemberOfDisclosureOnAgreementsRelatedToFundingArrangementsTableOfMember,하나은행 [구성요소]
entity00159102_KookminBankMemberOfCounterpartiesMemberOfDisclosureOnAgreementsRelatedToFundingArrangementsTableOfMember,KB국민은행 [구성요소]
entity00159102_LaterThanFourYearsMemberOfAggregatedTimeBandsMemberOfDisclosureOfMaturityAnalysisForBorrowingsTableOfMember,4년 초과 [구성요소]
entity00159102_LaterThanTenYearsAndNotLaterThanTwentyYearsMemberOfAggregatedTimeBandsMemberOfDisclosureOfInformationAboutExpectedRecognitionOfContractualServiceMarginInProfitOrLossReinsuranceContractsHeldLifeInsuranceContractsTableOfMember,10년 초과 20년 이내 [구성요소]
entity00159102_LaterThanTenYearsAndNotLaterThanTwentyYearsMemberOfAggregatedTimeBandsMemberOfDisclosureOfInformationAboutExpectedRecognitionOfContractualServiceMarginInProfitOrLossReinsuranceContractsHeldTableOfMember,10년 초과 20년 이내 [구성요소]
entity00159102_LaterThanTenYearsAndNotLaterThanTwentyYearsMemberOfAggregatedTimeBandsMemberOfDisclosureOfInformationAboutExpectedRecognitionOfContractualServiceMarginInProfitOrLossTableOfMember,10년 초과 20년 이내 [구성요소]
entity00159102_LaterThanThirtyYearsMemberOfAggregatedTimeBandsMemberOfDisclosureOfExpectedInsuranceBenefitsAndRiskInsurancePremiumByPortfolioTableOfMember,30년 초과 [구성요소]
entity00159102_LaterThanThirtyYearsMemberOfAggregatedTimeBandsMemberOfDisclosureOfInformationAboutExpectedRecognitionOfContractualServiceMarginInProfitOrLossReinsuranceContractsHeldLifeInsuranceContractsTableOfMember,30년 초과 [구성요소]
entity00159102_LaterThanThirtyYearsMemberOfAggregatedTimeBandsMemberOfDisclosureOfInformationAboutExpectedRecognitionOfContractualServiceMarginInProfitOrLossReinsuranceContractsHeldTableOfMember,30년 초과 [구성요소]
entity00159102_LaterThanTwentyYearsAndNotLaterThanThirtyYearsMemberOfAggregatedTimeBandsMemberOfDisclosureOfInformationAboutExpectedRecognitionOfContractualServiceMarginInProfitOrLossReinsuranceContractsHeldLifeInsuranceContractsTableOfMember,20년 초과 30년 이내 [구성요소]
entity00159102_LaterThanTwentyYearsAndNotLaterThanThirtyYearsMemberOfAggregatedTimeBandsMemberOfDisclosureOfInformationAboutExpectedRecognitionOfContractualServiceMarginInProfitOrLossReinsuranceContractsHeldTableOfMember,20년 초과 30년 이내 [구성요소]
entity00159102_LaterThanTwentyYearsAndNotLaterThanThirtyYearsMemberOfAggregatedTimeBandsMemberOfDisclosureOfInformationAboutExpectedRecognitionOfContractualServiceMarginInProfitOrLossTableOfMember,20년 초과 30년 이내 [구성요소]
entity00159102_LaterThanTwoYearsAndNotLaterThanFourYearsMemberOfAggregatedTimeBandsMemberOfDisclosureOfMaturityAnalysisForBorrowingsTableOfMember,2년 초과 4년 이내 [구성요소]
entity00159102_LiabilitiesRelatedPartyTransactionsOfDisclosureOfOutstandingBalancesForRelatedPartyTransactionsLineItemsOfDisclosureOfOutstandingBalancesForRelatedPartyTransactionsTableOfItems,"부채, 특수관계자거래 [개요]"
entity00159102_LifeInsuranceSegmentMemberOfReportableSegmentsMemberOfDisclosureOfOperatingSegmentsTableOfMember,생명보험부문 [구성요소]
entity00159102_LifeInsuranceSegmentMemberOfSegmentsMemberOfDetailsOfReinsuranceContractAssetLiabilityTableOfMember,생명보험부문 [구성요소]
entity00159102_LoanSecuredBySharesMemberOfBorrowingsByNameMemberOfDisclosureOfDetailedInformationAboutBorrowingsTableOfMember,주식담보차입 [구성요소]
entity00159102_LoanSecuredBySharesMemberOfBorrowingsByNameMemberOfDisclosureOfMaturityAnalysisForBorrowingsTableOfMember,주식담보차입 [구성요소]
entity00159102_LoansInForeignCurrencyMemberOfHedgedItemsMemberOfDisclosureOfDetailedInformationAboutHedgedItemsTableOfMember,외화대출채권 [구성요소]
entity00159102_LoansInForeignCurrencyMemberOfHedgedItemsMemberOfDisclosureOfGainLossOnChangeInFairValueOfHedgedItemUsedAsBasisForRecognisingHedgeIneffectivenessTableOfMember,외화대출채권 [구성요소]
entity00159102_LoansOnSecuritiesMemberOfLoansMemberOfDetailsOfFinancialAssetsAtAmortisedCostTableOfMember,유가증권담보대출금 [구성요소]
entity00159102_LoansRelatedPartyTransactionsOfAssetsRelatedPartyTransactionsAbstractOfDisclosureOfOutstandingBalancesForRelatedPartyTransactionsTableOfItems,"대출채권, 특수관계자거래"
entity00159102_LossComponentAllocatedToInsuranceRevenueOfDisclosureOfAnalysisOfInsuranceRevenueFromInsuranceContractsIssuedLineItemsOfDisclosureOfAnalysisOfInsuranceRevenueFromInsuranceContractsIssuedTableOfItems,보험수익에 배분된 손실요소
entity00159102_LossComponentAllocatedToInsuranceServiceExpenseOfDisclosureOfAnalysisOfInsuranceServiceExpensesFromInsuranceContractsIssuedLineItemsOfDisclosureOfAnalysisOfInsuranceServiceExpensesFromInsuranceContractsIssuedTableOfItems,보험비용에 배분된 손실요소
entity00159102_LossRecoveryComponentAllocatedToReinsuranceExpenseOfDisclosureOfAnalysisOfExpensesFromReinsuranceContractsLineItemsOfDisclosureOfAnalysisOfExpensesFromReinsuranceContractsTableOfItems,재보험비용에 배분된 손실회수요소
entity00159102_LossRecoveryComponentAllocatedToReinsuranceRevenueOfDisclosureOfAnalysisOfInsuranceServiceExpensesFromReinsuranceContractsLineItemsOfDisclosureOfAnalysisOfInsuranceServiceExpensesFromReinsuranceContractsTableOfItems,재보험수익에 배분된 손실회수요소
entity00159102_LossesOnForeignCurrencyTransactionsNonOperatingExpenseOfNonOperatingExpenseOfNonoperatingIncomeExpenseTableOfItems,"외환차손, 영업외손실"
entity00159102_LossesOnValuationOfDerivativesBeforeCreditRiskAdjustmentOfGainsLossesOnChangeInFairValueOfDerivativesLineItemsOfGainsLossesOnChangeInFairValueOfDerivativesTableOfItems,"파생상품평가손실, 신용위험조정 전"
entity00159102_LossesOnValuationOfDerivativesCreditRiskAdjustmentOfGainsLossesOnChangeInFairValueOfDerivativesLineItemsOfGainsLossesOnChangeInFairValueOfDerivativesTableOfItems,"파생상품평가손실, 신용위험조정액"
entity00159102_MarginDepositsForFuturesTradingOfDetailsOfDepositsAtAmortisedCostLineitemsOfDetailsOfDepositAtAmortisedCostTableOfItems,선물거래예치금
entity00159102_MaterialNonCashTransactionsAdditionsToRightOfUseAssetsOfDisclosureOfSignificantTransactionWithoutCashFlowLineitemsOfDisclosureOfSignificantTransactionWithoutCashFlowTableOfItems,"중요한 비현금 거래, 리스 사용권자산의 증가"
entity00159102_MaterialNonCashTransactionsAdjustmentsBetweenAcquisitionCostOfPropertyPlantAndEquipmentAndPayablesOfDisclosureOfSignificantTransactionWithoutCashFlowLineitemsOfDisclosureOfSignificantTransactionWithoutCashFlowTableOfItems,"중요한 비현금 거래, 유형자산 취득대금과 미지급금의 조정"
entity00159102_MaterialNonCashTransactionsChangeOfConsolidatedScopeOfDisclosureOfSignificantTransactionWithoutCashFlowLineitemsOfDisclosureOfSignificantTransactionWithoutCashFlowTableOfItems,"중요한 비현금거래, 연결범위 변동"
entity00159102_MaterialNonCashTransactionsDecreaseThroughWriteoffFinancialAssetsOfDisclosureOfSignificantTransactionWithoutCashFlowLineitemsOfDisclosureOfSignificantTransactionWithoutCashFlowTableOfItems,"중요한 비현금 거래, 대출채권및수취채권의 제각 등"
entity00159102_MaterialNonCashTransactionsFairValueGainsOnFinancialAssetsAtFairValueThroughOtherComprehensiveIncomeOfDisclosureOfSignificantTransactionWithoutCashFlowLineitemsOfDisclosureOfSignificantTransactionWithoutCashFlowTableOfItems,"중요한 비현금 거래, 기타포괄손익-공정가치측정금융자산평가이익"
entity00159102_MaterialNonCashTransactionsFairValueLossesOnHedgingDerivativesOfDisclosureOfSignificantTransactionWithoutCashFlowLineitemsOfDisclosureOfSignificantTransactionWithoutCashFlowTableOfItems,"중요한 비현금 거래, 위험회피목적파생상품평가손실"
entity00159102_MaterialNonCashTransactionsIncreaseInPropertyPlantAndEquipmentDueToProvisionForDecommissioningRestorationAndRehabilitationCostsOfDisclosureOfSignificantTransactionWithoutCashFlowLineitemsOfDisclosureOfSignificantTransactionWithoutCashFlowTableOfItems,"중요한 비현금 거래, 복구충당부채로 인한 유형자산 증가"
entity00159102_MaterialNonCashTransactionsIncreaseInShareOfOtherComprehensiveIncomeOfAssociatesOfDisclosureOfSignificantTransactionWithoutCashFlowLineitemsOfDisclosureOfSignificantTransactionWithoutCashFlowTableOfItems,"중요한 비현금 거래, 관계기업 기타포괄에 대한 지분변동의 증가"
entity00159102_MaterialNonCashTransactionsRecognitionOfPresentValueOfGuaranteeDepositsRentAndLeaseholdDepositsOfDisclosureOfSignificantTransactionWithoutCashFlowLineitemsOfDisclosureOfSignificantTransactionWithoutCashFlowTableOfItems,"중요한 비현금거래, 임대보증금 및 임차보증금의 현재가치 계상"
entity00159102_MaterialNonCashTransactionsTransferOfAdvancePaymentsToPropertyPlantAndEquipmentOfDisclosureOfSignificantTransactionWithoutCashFlowLineitemsOfDisclosureOfSignificantTransactionWithoutCashFlowTableOfItems,"중요한 비현금 거래, 선급금의 유형자산 대체"
entity00159102_MaturityDateHybridBondsOfDisclosureOfHybridBondsLineitemsOfDisclosureOfHybridBondsTableOfItems,"만기일, 신종자본증권"
entity00159102_MaximumSecuredAmountsUnderMortgagesAndLeaseholdRightsOfNonFinancialAssetsPledgedAsSecurityLineitemsOfDisclosureOfNonFinancialAssetsPledgedAsSecurityTableOfItems,근저당 및 전세권에 대한 채권최고액
entity00159102_MiscellaneousOtherFinancialLiabilitiesOfOtherFinancialLiabilitiesLineItemsOfOtherFinancialLiabilitiesTableOfItems,그밖의 기타금융부채
entity00159102_MiscellaneousOtherInvestmentExpenseOfOtherOperatingExpenseInvestmentOfDisclosureOfOtherOperatingIncomeExpenseTableOfItems,그밖의 기타투자비용
entity00159102_MiscellaneousOtherInvestmentIncomeOfOtherOperatingIncomeInvestmentOfDisclosureOfOtherOperatingIncomeExpenseTableOfItems,그밖의 기타투자수익
entity00159102_NatureOfInsuranceContractsAxisOfDetailsOfInsuranceContractLiabilityAssetOfAxis,보험계약의 성격 [축]
entity00159102_NatureOfInsuranceContractsAxisOfDisclosureOfReconciliationOfChangesInInsuranceContractsByRemainingCoverageAndIncurredClaimsLifeOfAxis,보험계약의 성격 [축]
entity00159102_NatureOfInsuranceContractsAxisOfDisclosureOfReconciliationOfChangesInInsuranceContractsIssuedByComponentsLifeOfAxis,보험계약의 성격 [축]
entity00159102_NatureOfInsuranceContractsAxisOfDisclosureOfReconciliationOfChangesInInsuranceContractsIssuedByComponentsTableOfAxis,보험계약의 성격 [축]
entity00159102_NatureOfInsuranceContractsAxisOfDisclosureOfReconciliationOfChangesInInsuranceContractsIssuedByRemainingCoverageAndIncurredClaimsTableOfAxis,보험계약의 성격 [축]
entity00159102_NatureOfInsuranceContractsMemberOfNatureOfInsuranceContractsAxisOfDetailsOfInsuranceContractLiabilityAssetTableOfMember,보험계약의 성격 [구성요소]
entity00159102_NatureOfInsuranceContractsMemberOfNatureOfInsuranceContractsAxisOfDisclosureOfReconciliationOfChangesInInsuranceContractsByRemainingCoverageAndIncurredClaimsLifeTableOfMember,보험계약의 성격 [구성요소]
entity00159102_NatureOfInsuranceContractsMemberOfNatureOfInsuranceContractsAxisOfDisclosureOfReconciliationOfChangesInInsuranceContractsIssuedByComponentsLifeTableOfMember,보험계약의 성격 [구성요소]
entity00159102_NatureOfInsuranceContractsMemberOfNatureOfInsuranceContractsAxisOfDisclosureOfReconciliationOfChangesInInsuranceContractsIssuedByComponentsTableOfMember,보험계약의 성격 [구성요소]
entity00159102_NatureOfInsuranceContractsMemberOfNatureOfInsuranceContractsAxisOfDisclosureOfReconciliationOfChangesInInsuranceContractsIssuedByRemainingCoverageAndIncurredClaimsTableOfMember,보험계약의 성격 [구성요소]
entity00159102_NonControllingInterestsClassifiedAsLiabilityMemberOfLiabilitiesArisingFromFinancingActivitiesMemberOfDisclosureOfReconciliationOfLiabilitiesArisingFromFinancingActivitiesTableOfMember,비지배지분 부채 [구성요소]
entity00159102_NonControllingInterestsClassifiedAsLiabilityOfOtherFinancialLiabilitiesLineItemsOfOtherFinancialLiabilitiesTableOfItems,비지배지분 부채
entity00159102_NonDividendAccidentInsuranceIparMemberOfIndirectParticipatingContractMemberOfDetailsOfInsuranceContractLiabilityAssetByPortfolioOtherThanThoseToWhichPremiumAllocationApproachHasBeenAppliedTableOfMember,"무배당상해, 간접 참가적 [구성요소]"
entity00159102_NonDividendAccidentInsuranceNparMemberOfNonParticipatingContractMemberOfDetailsOfInsuranceContractLiabilityAssetByPortfolioOtherThanThoseToWhichPremiumAllocationApproachHasBeenAppliedTableOfMember,"무배당상해, 비참가적 [구성요소]"
entity00159102_NonDividendHealthInsuranceIparMemberOfIndirectParticipatingContractMemberOfDetailsOfInsuranceContractLiabilityAssetByPortfolioOtherThanThoseToWhichPremiumAllocationApproachHasBeenAppliedTableOfMember,"무배당질병, 간접 참가적 [구성요소]"
entity00159102_NonDividendHealthInsuranceNparMemberOfNonParticipatingContractMemberOfDetailsOfInsuranceContractLiabilityAssetByPortfolioOtherThanThoseToWhichPremiumAllocationApproachHasBeenAppliedTableOfMember,"무배당질병, 비참가적 [구성요소]"
entity00159102_NonDividendInsuranceContractsIssuedThatAreAssetsOfInsuranceContractsIssuedThatAreAssets,무배당보험계약자산
entity00159102_NonDividendInsuranceContractsIssuedThatAreLiabilitiesOfInsuranceContractsIssuedThatAreLiabilities,무배당보험계약부채
entity00159102_NonDividendOtherInsuranceIparMemberOfIndirectParticipatingContractMemberOfDetailsOfInsuranceContractLiabilityAssetByPortfolioOtherThanThoseToWhichPremiumAllocationApproachHasBeenAppliedTableOfMember,"무배당기타, 간접 참가적 [구성요소]"
entity00159102_NonDividendPensionSavingsInsuranceIparMemberOfIndirectParticipatingContractMemberOfDetailsOfInsuranceContractLiabilityAssetByPortfolioOtherThanThoseToWhichPremiumAllocationApproachHasBeenAppliedTableOfMember,"무배당연금저축, 간접 참가적 [구성요소]"
entity00159102_NonDividendPensionSavingsInsuranceNparMemberOfNonParticipatingContractMemberOfDetailsOfInsuranceContractLiabilityAssetByPortfolioOtherThanThoseToWhichPremiumAllocationApproachHasBeenAppliedTableOfMember,"무배당연금저축, 비참가적 [구성요소]"
entity00159102_NonDividendPropertyInsuranceIparMemberOfIndirectParticipatingContractMemberOfDetailsOfInsuranceContractLiabilityAssetByPortfolioOtherThanThoseToWhichPremiumAllocationApproachHasBeenAppliedTableOfMember,"무배당재물, 간접 참가적 [구성요소]"
entity00159102_NonDvidendInsuranceContractsMemberOfNatureOfInsuranceContractsMemberOfDetailsOfInsuranceContractLiabilityAssetTableOfMember,무배당 [구성요소]
entity00159102_NonDvidendInsuranceContractsMemberOfNatureOfInsuranceContractsMemberOfDisclosureOfReconciliationOfChangesInInsuranceContractsByRemainingCoverageAndIncurredClaimsLifeTableOfMember,무배당 [구성요소]
entity00159102_NonDvidendInsuranceContractsMemberOfNatureOfInsuranceContractsMemberOfDisclosureOfReconciliationOfChangesInInsuranceContractsIssuedByComponentsLifeTableOfMember,무배당 [구성요소]
entity00159102_NonDvidendInsuranceContractsMemberOfNatureOfInsuranceContractsMemberOfDisclosureOfReconciliationOfChangesInInsuranceContractsIssuedByComponentsTableOfMember,무배당 [구성요소]
entity00159102_NonDvidendInsuranceContractsMemberOfNatureOfInsuranceContractsMemberOfDisclosureOfReconciliationOfChangesInInsuranceContractsIssuedByRemainingCoverageAndIncurredClaimsTableOfMember,무배당 [구성요소]
entity00159102_NonLifeInsuranceSegmentMemberOfReportableSegmentsMemberOfDisclosureOfOperatingSegmentsTableOfMember,손해보험부문 [구성요소]
entity00159102_NonLifeInsuranceSegmentMemberOfSegmentsMemberOfDetailsOfReinsuranceContractAssetLiabilityTableOfMember,손해보험부문 [구성요소]
entity00159102_NonParticipatingContractMemberOfLongTermInsuranceMemberOfDetailsOfInsuranceContractLiabilityAssetByPortfolioOtherthanthosetowhichpremiumallocationapproachhasbeenappliedTableOfMember,비참가적 특성 계약 [구성요소]
entity00159102_NotesReceivableMemberOfFinancialAssetsClassMemberOfDetailsOfOtherFinancialAssetsAtAmortisedCostTableOfMember,받을어음 [구성요소]
entity00159102_NumberOfTreasurySharesCancelledOfChangesInTreasurySharesLineitemsOfChangesInTreasurySharesTableOfItems,소각한 자기주식 수
entity00159102_One5CashAndCashEquivalents,현금및현금성자산
entity00159102_OneStHybridBondsMemberOfHybridBondsMemberOfDisclosureOfHybridBondsTableOfMember,제1회 신종자본증권 [구성요소]
entity00159102_OtherComprehensiveIncomeBeforeTaxFinancialAssetsAtFairValueThroughOtherComprehensiveIncomeOfDisclosureOfChangesInGainsAndLossesOnFinancialAssetsAtFairValueThroughOtherComprehensiveIncomeLineitemsOfDisclosureOfChangesInGainsAndLossesOnFinancialAssetsAtFairValueThroughOtherComprehensiveIncomeTableTableOfItems,"세전기타포괄손익, 기타포괄손익인식금융자산"
entity00159102_OtherComprehensiveIncomeNetOfTaxGainsAndLossesOnHedgingDerivativesOfOtherComprehensiveIncomeAbstract,위험회피목적파생상품 평가손익
entity00159102_OtherComprehensiveIncomeNetOfTaxGainsAndLossesOnHedgingDerivativesOfOtherComprehensiveIncomeThatWillBeReclassifiedToProfitOrLossNetOfTax,위험회피목적파생상품평가손익
entity00159102_OtherDebtRelatedPartyTransactionsOfLiabilitiesRelatedPartyTransactionsOfDisclosureOfOutstandingBalancesForRelatedPartyTransactionsTableOfItems,"기타채무, 특수관계자거래"
entity00159102_OtherDepositsOtherOfDetailsOfDepositsAtAmortisedCostLineitemsOfDetailsOfDepositAtAmortisedCostTableOfItems,기타 예치금- 기타
entity00159102_OtherDepositsSpecialAccountOfDetailsOfDepositsAtAmortisedCostLineitemsOfDetailsOfDepositAtAmortisedCostTableOfItems,기타 예치금- 별단 예금
entity00159102_OtherInterestRevenueOfInterestIncomeOfDisclosureOfInterestIncomeExpenseTableOfItems,기타이자수익
entity00159102_OtherInterestRevenueOfRevenueFromInterest,기타이자수익
entity00159102_OtherInvestmentIncomeExpensesExcludingInsuranceFinanceIncomeExpensesOfInvestmentIncomeExpensesRecognizedInProfitOrLossExcludingInsuranceFinanceIncomeExpensesOfInvestmentReturnOnAssetsRelatedToInsuranceFinanceIncomeExpensesTableOfItems,기타투자손익
entity00159102_OtherLongtermEmployeeBenefitLiabilitiesOfDisclosureOfOtherLiabilitiesLineItemsOfDisclosureOfOtherLiabilitiesTableOfItems,장기종업원급여부채
entity00159102_OtherMiscellaneousNonFinancialAssetsOfDisclosureOfOtherAssetsLineItemsOfDisclosureOfOtherAssetsTableOfItems,그 밖의 기타 비금융자산
entity00159102_OtherMiscellaneousNonFinancialLiabilitiesOfDisclosureOfOtherLiabilitiesLineItemsOfDisclosureOfOtherLiabilitiesTableOfItems,그밖의 기타 비금융부채
entity00159102_OtherReceivablesRelatedPartyTransactionsOfDisclosureOfOutstandingBalancesForRelatedPartyTransactionsTableOfItems,"기타채권, 특수관계자거래"
entity00159102_OtherRightOfUseAssetsMemberOfRightOfUseAssetsMemberOfDisclosureOfCarryingAmountsOnPropertyPlantAndEquipmentTableOfMember,기타 사용권자산 [구성요소]
entity00159102_OtherRightOfUseAssetsMemberOfRightOfUseAssetsMemberOfDisclosureOfPropertyPlantAndEquipmentTableOfMember,기타 사용권자산 [구성요소]
entity00159102_OverdraftAgreementMemberOfTypesOfCommitmentsMemberOfDisclosureOnAgreementsRelatedToFundingArrangementsTableOfMember,당좌차월 약정 [구성요소]
entity00159102_OverseasDepositsMemberOfRestrictedDepositsMemberOfDisclousureOfRestrictedFinancialAssetsTableOfMember,해외제예금 [구성요소]
entity00159102_OverseasDepositsOfDetailsOfDepositsAtAmortisedCostLineitemsOfDetailsOfDepositAtAmortisedCostTableOfItems,해외제예금
entity00159102_ParValueHybridBondsOfDisclosureOfHybridBondsLineitemsOfDisclosureOfHybridBondsTableOfItems,신종자본증권 액면가액
entity00159102_PostAndTelecommunicationJointStockInsuranceCorporationMemberOfAssociatesMemberOfDisclosureOfTransactionsBetweenRelatedPartiesTableOfMember,Post and Telecommunication Joint Stock Insurance Corporation [구성요소]
entity00159102_ProfitLossForThePeriodAfterAdjustmentsOfDisclosureOfAdjustedProfitLossNetOrRegulatoryReserveLineItemsOfDisclosureOfAdjustedProfitLossNetOfRegulatoryReserveTableOfItems,조정 후 당기순이익(손실)
entity00159102_PromissoryNoteDiscountingAgreementMemberOfTypesOfCommitmentsMemberOfDisclosureOnAgreementsRelatedToFundingArrangementsTableOfMember,어음할인약정 [구성요소]
entity00159102_ProvisionForCardssuranceMemberOfOtherProvisionsMemberOfDisclosureOfOtherProvisionsTableOfMember,카드슈랑스충당부채 [구성요소]
entity00159102_ProvisionForCardssuranceOfDisclosureOfOtherLiabilitiesLineItemsOfDisclosureOfOtherLiabilitiesTableOfItems,카드슈랑스충당부채
entity00159102_ProvisionForCreditCommitmentsOfDisclosureOfOtherLiabilitiesLineItemsOfDisclosureOfOtherLiabilitiesTableOfItems,미사용약정충당부채
entity00159102_ProvisionForDormantInsuranceClaimsMemberOfOtherProvisionsMemberOfTitle202541131246187TableOfMember,휴면보험금 충당부채 [구성요소]
entity00159102_ProvisionForDormantInsuranceClaimsOfDisclosureOfOtherLiabilitiesLineItemsOfDisclosureOfOtherLiabilitiesTableOfItems,휴면보험금충당부채
entity00159102_PurchasesOfDebtSecuritiesThroughRelatedPartiesOfDisclosureOfDebtSecuritiesTransactionsThroughKeyRelatedPartiesLineitemsOfDisclosureOfDebtSecuritiesTransactionsThroughKeyRelatedPartiesTableOfItems,"매수, 채무증권, 특수관계자거래"
entity00159102_RationaleForTheClassificationOfHybridBondsAsEquityOfDisclosureOfHybridBondsLineitemsOfDisclosureOfHybridBondsTableOfItems,신종자본증권을 자본으로 분류한 사유
entity00159102_RealEstateRightOfUseAssetsMemberOfRightOfUseAssetsMemberOfDisclosureOfCarryingAmountsOnPropertyPlantAndEquipmentTableOfMember,부동산 사용권자산 [구성요소]
entity00159102_RealEstateRightOfUseAssetsMemberOfRightOfUseAssetsMemberOfDisclosureOfPropertyPlantAndEquipmentTableOfMember,부동산 사용권자산 [구성요소]
entity00159102_ReclassificationAdjustmentsAndTransferOfAmountRecognisedInOtherComprehensiveIncomeAndAccumulatedArisingFromFinancialAssetsAtFairValueThroughOtherComprehensiveIncomeOfDisclosureOfChangesInGainsAndLossesOnFinancialAssetsAtFairValueThroughOtherComprehensiveIncomeLineitemsOfDisclosureOfChangesInGainsAndLossesOnFinancialAssetsAtFairValueThroughOtherComprehensiveIncomeTableTableOfItems,기타포괄손익인식금융자산에서 발생한 재분류 조정 및 이익잉여금 대체
entity00159102_ReinsuranceRevenueOtherAmountsOfDisclosureOfAnalysisOfInsuranceServiceExpensesFromReinsuranceContractsLineItemsOfDisclosureOfAnalysisOfInsuranceServiceExpensesFromReinsuranceContractsTableOfItems,"재보험수익, 기타"
entity00159102_ReserveOfGainsAndLossesOnFinancialAssetsAtFairValueThroughOtherComprehensiveIncomeOfAdjustmentsToGainsAndLossesOnFinancialAssetsAtFairValueThroughOtherComprehensiveIncomeLineitemsOfAdjustmentsToGainsAndLossesOnFinancialAssetsAtFairValueThroughOtherComprehensiveIncomeTableTableOfItems,기타포괄손익-공정가치로 측정되는 금융자산의 평가손익 적립금
entity00159102_ReserveOfGainsAndLossesOnHedgingDerivativesOfDisclosureOfReservesWithinEquityLineItemsOfDisclosureOfReservesWithinEquityTableOfItems,위험회피파생상품평가손익 적립금
entity00159102_ReserveOfGainsOnCashFlowHedgeDerivativesBeforeTaxOfAccumulatedOtherComprehensiveIncomeLossBeforeTaxOfDerivativesLineitemsOfAccumulatedOtherComprehensiveIncomeLossBeforeTaxOfDerivativesTableOfItems,"현금흐름위험회피파생상품평가이익 적립금, 세전"
entity00159102_ReserveOfLossesOnCashFlowHedgeDerivativesBeforeTaxOfAccumulatedOtherComprehensiveIncomeLossBeforeTaxOfDerivativesLineitemsOfAccumulatedOtherComprehensiveIncomeLossBeforeTaxOfDerivativesTableOfItems,"현금흐름위험회피파생상품평가손실 적립금, 세전"
entity00159102_ReserveOfLossesOnHedgesOfNetInvestmentsInForeignOperationsBeforeTaxOfAccumulatedOtherComprehensiveIncomeLossBeforeTaxOfDerivativesLineitemsOfAccumulatedOtherComprehensiveIncomeLossBeforeTaxOfDerivativesTableOfItems,"해외사업장순투자의 위험회피 평가손실 적립금, 세전"
entity00159102_ReserveOfLossesOnHedgingInstrumentsThatHedgeInvestmentsInEquityInstrumentsBeforeTaxOfAccumulatedOtherComprehensiveIncomeLossBeforeTaxOfDerivativesLineitemsOfAccumulatedOtherComprehensiveIncomeLossBeforeTaxOfDerivativesTableOfItems,"지분상품투자에 대한 위험회피수단 평가손실 적립금, 세전"
entity00159102_RevaluationReserveOfCapitalSurplusOfDisclosureOfCapitalSurplusTableOfItems,자산재평가적립금
entity00159102_RevenueDetailsFromExternalCustomersAndInterSegmentTransactionsByBusinessSegmentTable,영업부문별 외부고객 및 부문간 거래로부터의 수익내역
entity00159102_RevenueDetailsFromExternalCustomersAndInterSegmentTransactionsByBusinessSegmentTextBlock,영업부문별 외부고객 및 부문간 거래로부터의 수익내역[ 문장영역 ]
entity00159102_RevenueRelatedToFinancialInstrumentsOfRevenueOfDisclosureOfOperatingSegmentsTableOfItems,금융상품관련수익
entity00159102_RevenueRelatedToInsuranceOfRevenueOfDisclosureOfOperatingSegmentsTableOfItems,보험관련수익
entity00159102_RpSaleMemberOfBorrowingsByNameMemberOfDisclosureOfDetailedInformationAboutBorrowingsTableOfMember,RP매도 [구성요소]
entity00159102_RpSaleMemberOfBorrowingsByNameMemberOfDisclosureOfMaturityAnalysisForBorrowingsTableOfMember,RP매도 [구성요소]
entity00159102_SaiGonHanoiInsuranceCorporationMemberOfSubsidiariesMemberOfDisclosureOfTransactionsBetweenRelatedPartiesTableOfMember,Sai Gon Hanoi Insurance Corporation [구성요소]
entity00159102_SalesOfDebtSecuritiesThroughRelatedPartiesOfDisclosureOfDebtSecuritiesTransactionsThroughKeyRelatedPartiesLineitemsOfDisclosureOfDebtSecuritiesTransactionsThroughKeyRelatedPartiesTableOfItems,"매도, 채무증권, 특수관계자거래"
entity00159102_SalesPartnershipAgreementMemberOfTypesOfCommitmentsMemberOfDisclosureOfSalesPartnershipAgreementTableOfMember,판매제휴계약 [구성요소]
entity00159102_SamDongEnterpriseCoLtdMemberOfOtherRelatedPartiesMemberOfDisclosureOfTransactionsBetweenRelatedPartiesTableOfMember,삼동흥산㈜ [구성요소]
entity00159102_SellingGeneralAndAdministrativeExpenseRelatedToRealEstateOfOperatingExpenseInvestment,부동산관리비
entity00159102_ShareOfProfitLossRelatedToEquityMethodInvestmentsTable,관계기업투자자산관련손익
entity00159102_ShareOfProfitLossRelatedToEquityMethodInvestmentsTextBlock,관계기업투자자산관련손익[ 문장영역 ]
entity00159102_ShinhanBankAndOthersMemberOfNameOfSecuredCreditorMemberOfDisclosureOfFinancialAssetsPledgedAsSecurityTableOfMember,신한은행 외 [구성요소]
entity00159102_ShinhanBankAndOthersMemberOfNameOfSecuredCreditorMemberOfDisclosureOfNonFinancialAssetsPledgedAsSecurityTableOfMember,신한은행 외［구성요소］
entity00159102_ShinhanBankMemberOfCounterpartiesMemberOfDisclosureOnAgreementsRelatedToFundingArrangementsTableOfMember,신한은행 [구성요소]
entity00159102_ShinhanBankMemberOfNameOfSecuredCreditorMemberOfDisclosureOfNonFinancialAssetsPledgedAsSecurityTableOfMember,신한은행 [구성요소]
entity00159102_SubordinatedBondsMemberOfBorrowingsByNameMemberOfDisclosureOfDetailedInformationAboutBorrowingsTableOfMember,후순위사채 [구성요소]
entity00159102_SubordinatedBondsMemberOfBorrowingsByNameMemberOfDisclosureOfMaturityAnalysisForBorrowingsTableOfMember,후순위사채 [구성요소]
entity00159102_TaxEffectsMemberOfCarryingAmountMemberOfDisclosureOfChangesInGainsAndLossesOnFinancialAssetsAtFairValueThroughOtherComprehensiveIncomeTableTableOfMember,법인세효과 [구성요소]
entity00159102_TheKoreaSecuritiesFinanceCorporationAndOthersMemberOfNameOfSecuredCreditorMemberOfDisclosureOfFinancialAssetsPledgedAsSecurityTableOfMember,한국증권금융(주) 외 [구성요소]
entity00159102_ThreeRdHybridBondsMemberOfHybridBondsOfDisclosureOfHybridBondsTableOfMember,제3회 신종자본증권 [구성요소]
entity00159102_Title2025102715716902Abstract,신종자본증권에 대한 공시[ 개요 ]
entity00159102_Title202510271571819LineItems,신종자본증권에 대한 공시 [항목]
entity00159102_Title2025121520266557Abstract,확정기여제도 공시[ 개요 ]
entity00159102_Title2025121520267622LineItems,확정기여제도 공시 [항목]
entity00159102_Title202541010155486Abstract,약정에 대한 공시[ 개요 ]
entity00159102_Title2025410101554908LineItems,약정에 대한 공시 [항목]
entity00159102_Title2025410102022912Abstract,자금조달 관련 약정에 대한 공시[ 개요 ]
entity00159102_Title2025410102023745LineItems,자금조달 관련 약정에 대한 공시 [항목]
entity00159102_Title202541010464401Abstract,제공받은 지급보증에 대한 공시[ 개요 ]
entity00159102_Title202541010465268LineItems,제공받은 지급보증 [항목]
entity00159102_Title202541011172023Abstract,자본잉여금에 대한 공시[ 개요 ]
entity00159102_Title2025410111720867LineItems,자본잉여금에 대한 공시 [항목]
entity00159102_Title2025410112015976Abstract,자본조정에 대한 공시[ 개요 ]
entity00159102_Title2025410112016738LineItems,자본조정에 대한 공시 [항목]
entity00159102_Title202541013230715Abstract,영업활동으로 인한 현금흐름 산출시 반영된 수익 및 비용의 조정내역[ 개요 ]
entity00159102_Title202541013231592LineItems,영업활동으로 인한 현금흐름 산출시 반영된 수익 및 비용의 조정내역 [항목]
entity00159102_Title2025411104929730Abstract,영업활동으로 인한 자산 부채의 변동 내역에 대한 공시[ 개요 ]
entity00159102_Title2025411104930843LineItems,영업활동으로 인한 자산 부채의 변동 내역에 대한 공시 [항목]
entity00159102_Title2025411105754478Abstract,현금의 유입과 유출이 없는 중요한 거래에 대한 공시[ 개요 ]
entity00159102_Title2025411105755333LineItems,현금의 유입과 유출이 없는 중요한 거래에 대한 공시 [항목]
entity00159102_Title202541111651696Abstract,주요 경영진에 대한 보상에 대한 공시[ 개요 ]
entity00159102_Title202541111652793LineItems,주요 경영진에 대한 보상에 대한 공시 [항목]
entity00159102_Title2025411162159746Abstract,공정가치측정 분류내의 공정가치 서열체계의 수준에 대한 공시[ 개요 ]
entity00159102_Title202541116220847LineItems,공정가치측정 분류내의 공정가치 서열체계의 수준에 대한 공시 [항목]
entity00159102_Title202548134842212Abstract,영업부문별 외부고객 및 부문간 거래로부터의 수익내역[ 개요 ]
entity00159102_Title202548134844250LineItems,영업부문별 외부고객 및 부문간 거래로부터의 수익내역 [항목]
entity00159102_Title202548135817290Abstract,부문영업이익에 포함된 중요한 비현금항목[ 개요 ]
entity00159102_Title202548135818137LineItems,부문영업이익에 포함된 중요한 비현금항목 [항목]
entity00159102_Title202548152343476Abstract,배당수익에 대한 공시[ 개요 ]
entity00159102_Title202548152344265LineItems,배당수익에 대한 공시 [항목]
entity00159102_Title20254816324460Abstract,가중평균유통주식수 산정[ 개요 ]
entity00159102_Title202548163244885LineItems,가중평균유통보통주식수 [항목]
entity00159102_Title2025481826537Abstract,기타포괄손익-공정가치측정금융자산 중 채무상품의 만기분석 공시[ 개요 ]
entity00159102_Title2025481827350LineItems,기타포괄손익-공정가치측정금융자산 중 채무상품의 만기분석 공시 [항목]
entity00159102_Title20254910116976Abstract,제거한 기타포괄손익-공정가치측정금융자산 중 지분상품의 내역[ 개요 ]
entity00159102_Title20254910117821LineItems,제거한 기타포괄손익-공정가치측정금융자산 중 지분상품의 내역 [항목]
entity00159102_Title202549103144628Abstract,상각후원가측정기타수취채권에 대한 변동내역[ 개요 ]
entity00159102_Title202549103145471LineItems,상각후원가측정기타수취채권에 대한 변동내역 [항목]
entity00159102_Title202549103738568Abstract,상각후원가측정유가증권의 내역[ 개요 ]
entity00159102_Title202549103739672LineItems,상각후원가측정유가증권의 내역 [항목]
entity00159102_Title202549103934948Abstract,상각후원가측정유가증권의 만기분석 공시[ 개요 ]
entity00159102_Title202549103935718LineItems,상각후원가측정유가증권의 만기분석 공시[항목]
entity00159102_Title20254910494917Abstract,상각후원가측정유가증권에 대한 변동내역[ 개요 ]
entity00159102_Title20254910495806LineItems,상각후원가측정유가증권에 대한 변동내역 [항목]
entity00159102_Title2025491093267Abstract,상각후원가측정기타수취채권의 내역[ 개요 ]
entity00159102_Title2025491094102LineItems,상각후원가측정기타수취채권의 내역 [항목]
entity00159102_Title202549132034572Abstract,담보로 제공된 비금융자산에 대한 공시[ 개요 ]
entity00159102_Title202549132035383LineItems,담보로 제공된 비금융자산 [항목]
entity00159102_Title20254914137207Abstract,투자부동산으로부터 발생한 손익[ 개요 ]
entity00159102_Title20254914137975LineItems,투자부동산으로부터 발생한 손익 [항목]
entity00159102_Title202549143121159Abstract,재보험계약자산 및 부채의 세부내역[ 개요 ]
entity00159102_Title202549143121975LineItems,재보험계약자산 및 부채의 세부내역 [항목]
entity00159102_Title202549151839207Abstract,"재보험계약자산(부채)의 잔여보장부채 변동분과 발생사고부채 변동분의 차이조정, 보험료배분적용접근법 (일반)[ 개요 ]"
entity00159102_Title20254915184069LineItems,"재보험계약자산(부채)의 잔여보장부채 변동분과 발생사고부채 변동분의 차이조정, 보험료배분적용접근법 (일반) [항목]"
entity00159102_Title202549154349521Abstract,"재보험계약자산(부채)의 잔여보장부채 변동분과 발생사고부채 변동분의 차이조정, 보험료배분적용접근법 (자동차)[ 개요 ]"
entity00159102_Title202549154350371LineItems,재보험계약자산(부채)의 잔여보장부채 변동분과 발생사고부채 변동분의 차이조정_보험료배분적용접근법 (자동차) [항목]
entity00159102_Title202549162025330Abstract,재보험계약자산(부채)의 잔여보장부채 변동분과 발생사고부채 변동분의 차이조정에 대한 공시 (생명)[ 개요 ]
entity00159102_Title202549162026296LineItems,재보험계약자산(부채)의 잔여보장부채 변동분과 발생사고부채 변동분의 차이조정에 대한 공시 (생명) [항목]
entity00159102_Title202549172419790Abstract,리스부채의 만기분석 공시[ 개요 ]
entity00159102_Title202549172420621LineItems,리스부채의 만기분석 공시 [항목]
entity00159102_Title202549173636989Abstract,차입금의 만기분석에 대한 공시[ 개요 ]
entity00159102_Title202549173637851LineItems,차입금의 만기분석에 대한 공시 [항목]
entity00159102_Title202549174228962Abstract,보험계약자산 및 부채의 세부내역[ 개요 ]
entity00159102_Title202549174229796LineItems,보험계약자산 및 부채의 세부내역 [항목]
entity00159102_Title20254918201065Abstract,보험계약부채(자산)의 잔여보장부채 변동분과 발생사고부채 변동분_보험료배분접근법적용계약 (자동차)[ 개요 ]
entity00159102_Title202549182010879LineItems,보험계약부채(자산)의 잔여보장부채 변동분과 발생사고부채 변동분_보험료배분접근법적용계약 (자동차) [항목]
entity00159102_Title202549182816112Abstract,보험계약부채(자산)의 잔여보장부채 변동분과 발생사고부채 변동분의 차이조정 공시 (생명)[ 개요 ]
entity00159102_Title202549182816961LineItems,보험계약부채(자산)의 잔여보장부채 변동분과 발생사고부채 변동분의 차이조정에 대한 공시 (생명) [항목]
entity00159102_Title20254918748977Abstract,보험계약부채(자산)의 잔여보장부채 변동분과 발생사고부채 변동분_보험료배분접근법적용계약 (일반)[ 개요 ]
entity00159102_Title20254918749798LineItems,보험계약부채(자산)의 잔여보장부채 변동분과 발생사고부채 변동분_보험료배분접근법적용계약 (일반) [항목]
entity00159102_Title202549194853846Abstract,위험회피유형에 대한 상세한 정보의 공시[ 개요 ]
entity00159102_Title202549194854709LineItems,위험회피유형에 대한 상세한 정보의 공시 [항목]
entity00159102_Title202549211816788Abstract,복구충당부채의 변동내역에 대한 공시[ 개요 ]
entity00159102_Title202549211817659LineItems,복구충당부채의 변동내역에 대한 공시 [항목]
entity00159102_Title202549212856289Abstract,미사용한도충당부채에 대한 변동내역[ 개요 ]
entity00159102_Title202549212857157LineItems,미사용한도충당부채에 대한 변동내역 [항목]
entity00159102_Title202552311206399Abstract,기타포괄손익-공정가치측정채무상품 기대신용손실누계액 내역[ 개요 ]
entity00159102_Title202552311207271LineItems,기타포괄손익-공정가치측정채무상품 기대신용손실누계액 내역 [항목]
entity00159102_Title2025523113748364Abstract,공정가치평가를 기타포괄손익으로 인식하는 금융자산 평가손익의 변동내역[ 개요 ]
entity00159102_Title2025523113749242LineItems,공정가치평가를 기타포괄손익으로 인식하는 금융자산 평가손익의 변동내역 [항목]
entity00159102_Title202552312428242Abstract,기타포괄손익-공정가치측정 항목으로 지정한 지분상품으로 인해 인식한 배당금수익[ 개요 ]
entity00159102_Title20255231242996LineItems,기타포괄손익-공정가치측 항목으로 지정한 지분상품으로 인해 인식한 배당금수익 [항목]
entity00159102_Title2025523124729527Abstract,담보로 제공된 총 자산에 대한 공시[ 개요 ]
entity00159102_Title2025523124730376LineItems,담보로 제공된 총 자산에 대한 공시 [항목]
entity00159102_Title2025523133558550Abstract,리스이용자의 리스에 대한 양적 정보 공시[ 개요 ]
entity00159102_Title2025523133559447LineItems,리스이용자의 리스에 대한 양적 정보 공시 [항목]
entity00159102_Title2025523151917507Abstract,재보험계약자산(부채)의 보험계약 구성요소별 변동분에 대한 차이조정 공시(생명)[ 개요 ]
entity00159102_Title2025523151918387LineItems,재보험계약자산(부채)의 보험계약 구성요소별 변동분에 대한 차이조정 공시(생명) [항목]
entity00159102_Title2025523171832604Abstract,보험계약부채(자산)의 보험계약 구성요소별 변동분에 대한 차이조정 공시(생명)[ 개요 ]
entity00159102_Title202552317183433LineItems,보험계약부채(자산)의 보험계약 구성요소별 변동분에 대한 차이조정 공시(생명) [항목]
entity00159102_Title2025523184619269Abstract,파생상품 관련 세전 기타포괄손익누계액 공시[ 개요 ]
entity00159102_Title2025523184620419LineItems,파생상품 관련 세전 기타포괄손익누계액 공시 [항목]
entity00159102_Title2025525191256754Abstract,확정급여제도에 따라 총포괄손익에 인식한 비용[ 개요 ]
entity00159102_Title2025525191257606LineItems,확정급여제도에 따라 총포괄손익에 인식한 비용 [항목]
entity00159102_Title202552522597370Abstract,판매제휴계약에 대한 공시[ 개요 ]
entity00159102_Title202552522598211LineItems,판매제휴계약에 대한 공시 [항목]
entity00159102_Title2025527222416939Abstract,수익증권 관련 평가손익[ 개요 ]
entity00159102_Title2025527222417773LineItems,수익증권 관련 평가손익 [항목]
entity00159102_Title202561316181318Abstract,"당기손익 인식이 예상되는 보험계약마진에 대한 정보 공시, 출재보험[ 개요 ]"
entity00159102_Title202561316181467LineItems,"당기손익 인식이 예상되는 보험계약마진에 대한 정보 공시, 출재보험 [항목]"
entity00159102_Title2025616102329273Abstract,"포트폴리오별 보험계약부채(자산)에 대한 세부 공시, 보험료배분접근법 외[ 개요 ]"
entity00159102_Title2025616102330289LineItems,"포트폴리오별 보험계약부채(자산)에 대한 세부 공시, 보험료배분접근법 외 [항목]"
entity00159102_Title2025616103340199Abstract,"포트폴리오별 보험계약부채(자산)에 대한 세부 공시, 보험료배분접근법[ 개요 ]"
entity00159102_Title2025616103341147LineItems,"포트폴리오별 보험계약부채(자산)에 대한 세부 공시, 보험료배분접근법 [항목]"
entity00159102_Title2025616145479Abstract,특수관계자와의 약정에 대한 공시[ 개요 ]
entity00159102_Title202561614548194LineItems,특수관계자와의 약정에 대한 공시 [항목]
entity00159102_Title202572216360651Abstract,보험금융수익(비용)과 관련된 자산의 투자수익[ 개요 ]
entity00159102_Title202572216361494LineItems,보험금융수익(비용)과 관련된 자산의 투자수익[항목]
entity00159102_Title2025722165049362Abstract,유형자산의 장부금액에 대한 공시[ 개요 ]
entity00159102_Title2025722165050354LineItems,유형자산의 장부금액에 대한 공시 [항목]
entity00159102_Title2025722171618199Abstract,리스부채 장부금액에 대한 공시[ 개요 ]
entity00159102_Title2025722171619151LineItems,리스부채 장부금액에 대한 공시 [항목]
entity00159102_Title202573104750142Abstract,투자부동산의 장부금액에 대한 공시[ 개요 ]
entity00159102_Title202573104751135LineItems,투자부동산의 장부금액에 대한 공시 [항목]
entity00159102_Title202573105843109Abstract,투자부동산의 공정가치 측정에 대한 공시[ 개요 ]
entity00159102_Title202573105844183LineItems,투자부동산의 공정가치 측정에 대한 공시 [항목]
entity00159102_Title202573119733657Abstract,상각후원가측정예치금의 내역[ 개요 ]
entity00159102_Title202573119734548LineItems,상각후원가측정예치금의 내역 [항목]
entity00159102_Title202579143350847Abstract,기타포괄손익-공정가치측정금융자산 기대신용손실의 변동내역[ 개요 ]
entity00159102_Title202579143351691LineItems,기타포괄손익-공정가치측정금융자산 기대신용손실의 변동내역 [항목]
entity00159102_Title202581104828348Abstract,상각후원가측정유가증권 손실충당금의 변동내역[ 개요 ]
entity00159102_Title202581104829129LineItems,상각후원가측정유가증권 손실충당금의 변동내역 [항목]
entity00159102_Title202581111025100Abstract,상각후원가측정기타수취채권 손실충당금의 변동내역[ 개요 ]
entity00159102_Title2025811110264LineItems,상각후원가측정기타수취채권 손실충당금의 변동내역
entity00159102_Title20258111439343Abstract,상각후원가측정대출채권 손실충당금의 변동내역[ 개요 ]
entity00159102_Title20258111440140LineItems,상각후원가측정대출채권 손실충당금의 변동내역 [항목]
entity00159102_Title202581173946581Abstract,"처음 인식한 보험계약의 영향 공시, 출재보험[ 개요 ]"
entity00159102_Title202581173947402LineItems,"처음 인식한 보험계약의 영향 공시, 출재보험 [항목]"
entity00159102_Title20258118120235Abstract,현금및현금성자산 공시[ 개요 ]
entity00159102_Title2025811812170LineItems,현금및현금성자산 공시 [항목]
entity00159102_Title202581182629989Abstract,이익잉여금 세부내역[ 개요 ]
entity00159102_Title202581182630903LineItems,이익잉여금 세부내역 [항목]
entity00159102_Title2025812234811862Abstract,"발행보험의 보험수익 분석 공시, 합계[ 개요 ]"
entity00159102_Title2025812234812798LineItems,"발행보험의 보험수익 분석 공시, 합계 [항목]"
entity00159102_Title2025812235326455Abstract,"발행보험의 보험서비스비용 분석 공시, 합계[ 개요 ]"
entity00159102_Title2025812235327363LineItems,"발행보험의 보험서비스비용 분석 공시, 합계 [항목]"
entity00159102_Title2025813121752357Abstract,주요 특수관계자를 통한 채권 매매 내역 공시[ 개요 ]
entity00159102_Title2025813121753132LineItems,특수관계자 채권 거래에 관한 공시 [항목]
entity00159102_Title20258131513727Abstract,위험회피의 비효과적인 부분을 인식하기 위해 사용된 위험회피대상항목의 평가손익 공시[ 개요 ]
entity00159102_Title20258131514854LineItems,위험회피의 비효과적인 부분을 인식하기 위해 사용된 위험회피대상항목의 평가손익 공시 [항목]
entity00159102_Title202581424518106Abstract,유형자산 합계에 대한 공시[ 개요 ]
entity00159102_Title202581424519417LineItems,유형자산 합계에 대한 공시 [항목]
entity00159102_Title202581424927956Abstract,투자부동산 합계에 대한 공시[ 개요 ]
entity00159102_Title202581424928867LineItems,투자부동산 합계에 대한 공시 [항목]
entity00159102_Title202581425046288Abstract,무형자산 합계에 대한 공시[ 개요 ]
entity00159102_Title202581425047147LineItems,무형자산 합계에 대한 공시 [항목]
entity00159102_Title202583222235225Abstract,직접참가특성계약에 대한 기초항목의 공정가치[ 개요 ]
entity00159102_Title20258322223675LineItems,직접참가특성계약에 대한 기초항목의 공정가치 [항목]
entity00159102_Title20258517277499Abstract,관계기업투자자산관련손익[ 개요 ]
entity00159102_Title20258517278833LineItems,관계기업투자자산관련손익 [항목]
entity00159102_Title202586211853991Abstract,"기타포괄손익인식금융자산의 평가손익 적립금의 지배,비지배지분 귀속내역 공시[ 개요 ]"
entity00159102_Title202586211855965LineItems,"기타포괄손익인식금융자산의 평가손익 적립금의 지배,비지배지분 귀속내역 공시 [항목]"
entity00159102_ToolsAndEquipmentMemberOfPropertyPlantAndEquipmentMemberOfDisclosureOfCarryingAmountsOnPropertyPlantAndEquipmentTableOfMember,공기구비품 [구성요소]
entity00159102_ToolsAndEquipmentMemberOfPropertyPlantAndEquipmentMemberOfDisclosureOfReconciliationOfChangesInPropertyPlantAndEquipmentIncludingRightOfUseAssetsTableOfMember,공기구비품 [구성요소]
entity00159102_TransferFromToInventoriesAndOwnerOccupiedPropertyInvestmentPropertyOfDisclosureOfSignificantTransactionWithoutCashFlowLineitemsOfDisclosureOfSignificantTransactionWithoutCashFlowTableOfItems,"중요한 비현금 거래, 유형자산과 투자부동산 간의 대체"
entity00159102_TransferToImpairedOtherProvisionsOfDisclosureOfChangesInProvisionForCreditCommitmentsLineitemsOfDisclosureOfChangesInProvisionForCreditCommitmentsTableOfItems,신용이 손상된 기타충당부채로 대체
entity00159102_TransferToLifetimeExpectedCreditLossesOtherProvisionsOfDisclosureOfChangesInProvisionForCreditCommitmentsLineitemsOfDisclosureOfChangesInProvisionForCreditCommitmentsTableOfItems,"전체기간 기대신용측정으로 대체, 기타충당부채"
entity00159102_TransferToTwelveMonthExpectedCreditLossesOtherProvisionsOfDisclosureOfChangesInProvisionForCreditCommitmentsLineitemsOfDisclosureOfChangesInProvisionForCreditCommitmentsTableOfItems,"12개월 기대신용손실측정으로 대체, 기타충당부채"
entity00159102_TwoNdHybridBondsMemberOfHybridBondsMemberOfDisclosureOfHybridBondsTableOfMember,제2회 신종자본증권 [구성요소]
entity00159102_UnsecuredSubordinatedBondsSeries12MemberOfSubordinatedBondsMemberOfDisclosureOfDetailedInformationAboutBorrowingsTableOfMember,무보증후순위사채 제1-2회 [구성요소]
entity00159102_UnsecuredSubordinatedBondsSeries2MemberOfSubordinatedBondsMemberOfDisclosureOfDetailedInformationAboutBorrowingsTableOfMember,무보증후순위사채 제2회 [구성요소]
entity00159102_UnsecuredSubordinatedBondsSeries3MemberOfSubordinatedBondsMemberOfDisclosureOfDetailedInformationAboutBorrowingsTableOfMember,무보증후순위사채 제3회 [구성요소]
entity00159102_VariableInsuranceContractsIssuedThatAreLiabilitiesOfInsuranceContractsIssuedThatAreLiabilities,변액보험계약부채
entity00159102_VariableInsuranceContractsMemberOfNatureOfInsuranceContractsMemberOfDetailsOfInsuranceContractLiabilityAssetTableOfMember,변액 [구성요소]
entity00159102_VariableInsuranceContractsMemberOfNatureOfInsuranceContractsMemberOfDisclosureOfReconciliationOfChangesInInsuranceContractsIssuedByComponentsLifeTableOfMember,변액 [구성요소]
entity00159102_WeightedAverageSharesTable,가중평균유통보통주식수
entity00159102_WeightedAverageSharesTextBlock,가중평균유통보통주식수[ 문장영역 ]
entity00159102_WeightedAverageTotalSharesOutstandingOfWeightedAverageSharesLineitemsOfWeightedAverageSharesTableOfItems,가중평균 총발행 주식수
entity00159102_WeightedAverageTreasurySharesOfWeightedAverageSharesLineitemsOfWeightedAverageSharesTableOfItems,가중평균 자기주식수
entity00159102_WooriBankAndOthersMemberOfNameOfSecuredCreditorMemberOfDisclosureOfFinancialAssetsPledgedAsSecurityTableOfMember,우리은행 외 [구성요소]
entity00159102_WooriInvestmentSecuritiesCoLtdMemberOfCounterpartiesMemberOfDisclosureOnAgreementsRelatedToFundingArrangementsTableOfMember,우리투자증권 [구성요소]
entity00159102_udf_CE_2025721225050582OfOtherComprehensiveIncomeAbstract,위험회피목적파생상품 평가손익
entity00159102_udf_IS_2025228185049481OfRevenueFromInterest,기타이자수익
entity00159102_udf_IS_2025228185337724OfOperatingExpenseInvestment,부동산관리비
entity00159102_udf_IS_202578105940121OfOtherComprehensiveIncomeThatWillBeReclassifiedToProfitOrLossNetOfTax,위험회피목적파생상품평가손익
entity00160393_InsuranceContractLiabilitiesWithParticipationFeaturesOfLiabilitiesAbstract,배당 요소가 있는 보험계약부채
entity00160393_InsuranceContractLiabilitiesWithoutParticipationFeaturesOfLiabilitiesAbstract,배당 요소가 없는 보험계약부채
entity00160393_LossFromAssociatesAndSubsidiariesOfOperatingExpenseInvestment,관계및종속기업투자주식관련손실
entity00160393_LossFromAssociatesOfOperatingExpenseInvestment,관계기업투자주식관련손실
entity00160393_OtherCashFlowsFromUsedInFinancingActivitiesOfCashFlowsFromUsedInFinancingActivities,기타 재무활동현금흐름
entity00160393_OtherCashFlowsFromUsedInInvestingActivitiesOfCashFlowsFromUsedInInvestingActivities,기타 투자활동현금흐름
entity00164973_AccrualsRelatedPartyTransactionsOfDisclosureOfOutstandingBalancesForRelatedPartyTransactionsLineItemsOfDisclosureOfOutstandingBalancesForRelatedPartyTransactionsTableOfItems,"미지급비용, 특수관계자거래"
entity00164973_AccruedIncomeRelatedPartyTransactionsOfDisclosureOfOutstandingBalancesForRelatedPartyTransactionsLineItemsOfDisclosureOfOutstandingBalancesForRelatedPartyTransactionsTableOfItems,"미수수익, 특수관계자거래"
entity00164973_AdditionalInformationAboutAmountOfAssetsAndLiabilitiesOfReportableSegmentsOfDisclosureOfOperatingSegmentsLineItemsOfDisclosureOfOperatingSegmentsTableOfItems,보고부문의 자산금액과 부채금액에 대한 추가 정보
entity00164973_AdjustmentsForExpensesFromAllocationOfPremiumsPaidToReinsurerOfDisclosureOfDetailsOfCashFlowsFromUsedInOperationsLineItemsOfDisclosureOfDetailsOfCashFlowsFromUsedInOperationsTableOfItems,재보험서비스비용 조정
entity00164973_AdjustmentsForFinanceExpensesFromReinsuranceContractsHeldRecognisedInProfitOrLossOfDisclosureOfDetailsOfCashFlowsFromUsedInOperationsLineItemsOfDisclosureOfDetailsOfCashFlowsFromUsedInOperationsTableOfItems,재보험금융비용 조정
entity00164973_AdjustmentsForFinanceIncomeFromReinsuranceContractsHeldRecognisedInProfitOrLossOfDisclosureOfDetailsOfCashFlowsFromUsedInOperationsLineItemsOfDisclosureOfDetailsOfCashFlowsFromUsedInOperationsTableOfItems,재보험금융수익 조정
entity00164973_AdjustmentsForIncomeFromAmountsRecoveredFromReinsurerOfDisclosureOfDetailsOfCashFlowsFromUsedInOperationsLineItemsOfDisclosureOfDetailsOfCashFlowsFromUsedInOperationsTableOfItems,재보험수익 조정
entity00164973_AdjustmentsForIncreaseDecreaseInFinancialLiabilitiesAtAmortisedCostClassifiedAsOperatingActivitiesOfDisclosureOfDetailsOfCashFlowsFromUsedInOperationsLineItemsOfDisclosureOfDetailsOfCashFlowsFromUsedInOperationsTableOfItems,상각후원가측정금융부채의 증가 - 영업활동
entity00164973_AdjustmentsForIncreaseDecreaseInInvestmentContractLiabilitiesOfDisclosureOfDetailsOfCashFlowsFromUsedInOperationsLineItemsOfDisclosureOfDetailsOfCashFlowsFromUsedInOperationsTableOfItems,투자계약부채의 증가(감소)
entity00164973_AdjustmentsForInsuranceFinanceExpensesFromInsuranceContractsIssuedRecognisedInProfitOrLossOfDisclosureOfDetailsOfCashFlowsFromUsedInOperationsLineItemsOfDisclosureOfDetailsOfCashFlowsFromUsedInOperationsTableOfItems,보험금융비용 조정
entity00164973_AdjustmentsForInsuranceFinanceIncomeFromInsuranceContractsIssuedRecognisedInProfitOrLossOfDisclosureOfDetailsOfCashFlowsFromUsedInOperationsLineItemsOfDisclosureOfDetailsOfCashFlowsFromUsedInOperationsTableOfItems,보험금융수익 조정
entity00164973_AdjustmentsForInsuranceRevenueOfDisclosureOfDetailsOfCashFlowsFromUsedInOperationsLineItemsOfDisclosureOfDetailsOfCashFlowsFromUsedInOperationsTableOfItems,보험수익 조정
entity00164973_AdjustmentsForInsuranceServiceExpensesFromInsuranceContractsIssuedOfDisclosureOfDetailsOfCashFlowsFromUsedInOperationsLineItemsOfDisclosureOfDetailsOfCashFlowsFromUsedInOperationsTableOfItems,보험서비스비용 조정
entity00164973_AdjustmentsForOtherOperatingExpenseInvestmentOfDisclosureOfDetailsOfCashFlowsFromUsedInOperationsLineItemsOfDisclosureOfDetailsOfCashFlowsFromUsedInOperationsTableOfItems,기타투자비용 조정
entity00164973_AmortizationRelatingToLiabilitiesArisingFromFinancingActivitiesNonCashChangesInLiabilitiesArisingFromFinancingActivitiesOfDisclosureOfReconciliationOfLiabilitiesArisingFromFinancingActivitiesLineItemsOfDisclosureOfReconciliationOfLiabilitiesArisingFromFinancingActivitiesTableOfItems,"재무활동에서 생기는 부채 관련 상각, 현금의 유입과 유출이 없는 변동, 재무활동에서 생기는 부채의 증가(감소)"
entity00164973_AmortizationUsingTheEffectiveInterestRateOfDisclosureOfChangesInGrossCarryingAmountOfFinancialAssetsAtFairValueThroughOtherComprehensiveIncomeOfDisclosureOfChangesInGrossCarryingAmountOfFinancialAssetsAtFairValueThroughOtherComprehensiveIncomeTableOfItems,유효이자율 상각
entity00164973_AmountPledgedAsCollateralOfDisclosureOfDetailedInformationAboutSecuredBankLoansReceivedOfDisclosureOfDetailedInformationAboutSecuredBankLoansReceivedTableOfItems,담보설정금액
entity00164973_AmountPledgedAsCollateralOfDisclosureOfPropertyPlantAndEquipmentAndInvestmentPropertyProvidedAsCollateralOrSubjectToLeaseholdRightsOfDisclosureOfPropertyPlantAndEquipmentAndInvestmentPropertyProvidedAsCollateralOrSubjectToLeaseholdRightsTableOfItems,담보설정금액
entity00164973_B2bPaymemtMemberOfTypesOfCommitmentsMemberOfDisclosureOfCommitmentsOfFinancialInstitutionsDenominatedInKrwTableOfMember,B2B 결제 [구성요소]
entity00164973_BondForwardContractMemberOfHedgedItemsMemberOfDisclosureOfDetailedInformationAboutCashFlowHedgedItemsTableOfMember,채권선도계약 [구성요소]
entity00164973_BorrowingsIssuanceDateOfDisclosureOfDetailedInformationAboutBondsIssuedOfDisclosureOfDetailedInformationAboutBondsIssuedTableOfItems,"차입금, 발행일"
entity00164973_CapitalCallBasedCapitalCommitmentOfTypesOfCommitmentsMemberOfDisclosureOfCommitmentsBetweenRelatedPartiesTableOfMember,Capital Call 방식 출자 약정
entity00164973_CashAndCashEquivalentMemberOfFinancialAssetsAtAmortisedCostCategoryMemberOfDisclosureOfGainsLossesOnForeignCurrencyTranslationFinancialInstrumentByCategoryTableOfMember,현금 및 현금성자산 [구성요소]
entity00164973_CashAndCashEquivalentMemberOfFinancialAssetsAtAmortisedCostCategoryMemberOfGainsLossesFinancialInstrumentsByCategoryTableOfMember,현금 및 현금성자산 [구성요소]
entity00164973_CashAndCashEquivalentMemberOfFinancialAssetsClassMemberOfFairValueAndBookValueOfAssetsTableOfMember,현금 및 현금성자산 [구성요소]
entity00164973_ChangesInAccountsPayableRelatedToSecuritiesAtFairValueThroughOtherComprehensiveIncomeOfDisclosureOfSignificantTransactionWithoutCashFlowLineItemsOfDisclosureOfSignificantTransactionWithoutCashFlowTableOfItems,기타포괄손익-공정가치측정유가증권 취득 관련 미지급금의 변동
entity00164973_ChangesInAccountsReceivableRelatedToSecuritiesAtFairValueThroughOtherComprehensiveIncomeOfDisclosureOfSignificantTransactionWithoutCashFlowLineItemsOfDisclosureOfSignificantTransactionWithoutCashFlowTableOfItems,기타포괄손익-공정가치측정유가증권 처분 관련 미수금의 변동
entity00164973_ChangesInGainOrLossOfValuationRelatedToSecuritiesAtFairValueThroughOtherComprehensiveIncomeOfDisclosureOfSignificantTransactionWithoutCashFlowLineItemsOfDisclosureOfSignificantTransactionWithoutCashFlowTableOfItems,기타포괄손익-공정가치측정유가증권 평가손익의 변동
entity00164973_ChangesInInsuranceContractAssetLiabilitesNetFinancialProfitOrLossOfDisclosureOfSignificantTransactionWithoutCashFlowLineItemsOfDisclosureOfSignificantTransactionWithoutCashFlowTableOfItems,보험계약자산(부채) 순금융손익의 변동
entity00164973_ChangesInReinsuranceContractAssetLiabilitesNetFinancialProfitOrLossOfDisclosureOfSignificantTransactionWithoutCashFlowLineItemsOfDisclosureOfSignificantTransactionWithoutCashFlowTableOfItems,재보험계약자산(부채) 순금융손익의 변동
entity00164973_CommitmentsAmountDenominatedInForeignCurrencyOriginalCurrencyUsdOfDisclosureOfCommitmentsOfFinancialInstitutionsDenominatedInForeignCurrencyOfDisclosureOfCommitmentsOfFinancialInstitutionsDenominatedInForeignCurrencyTableOfItems,"외화 약정 금액, 기초통화금액 USD"
entity00164973_CurrencyForwardContractMemberOfHedgingInstrumentsMemberOfDisclosureOfDetailedInformationAboutHedgingInstrumentsTableOfMember,통화선도계약 [구성요소]
entity00164973_CurrencyRiskAndInterestRateRiskMemberOfRisksMemberOfDisclosureOfDetailedInformationAboutCashFlowHedgingInstrumentsTableOfMember,환위험 및 이자율위험 [구성요소]
entity00164973_CurrencyRiskAndInterestRateRiskMemberOfRisksMemberOfDisclosureOfInformationAboutAmountsThatAffectedStatementOfComprehensiveIncomeAsResultOfHedgeAccountingTableOfMember,환위험 및 이자율위험 [구성요소]
entity00164973_DaolAzaleaAltriumGrowth1MemberOfSubsidiariesMemberOfDisclosureOfFinancialTransactionsBetweenRelatedPartiesTableOfMember,이지스아시아인프라일반사모투자신탁제1호 [구성요소]
entity00164973_DdunguaranteedSubordinatedBonds7MemberOfBorrowingsByNameMemberOfDisclosureOfDetailedInformationAboutBondsIssuedTableOfMember,무보증후순위사채7 [구성요소]
entity00164973_DebtSecuritiesForwardContractMemberOfHedgingInstrumentsMemberOfDisclosureOfDetailedInformationAboutCashFlowHedgingInstrumentsTableOfMember,채권선도계약 [구성요소]
entity00164973_DebtSecuritiesForwardContractMemberOfHedgingInstrumentsMemberOfDisclosureOfInformationAboutAmountsThatAffectedStatementOfComprehensiveIncomeAsResultOfHedgeAccountingTableOfMember,채권선도계약 [구성요소]
entity00164973_DebtSecuritiesInForeignCurrencyJapanBranchMemberOfDebtSecuritiesInForeignCurrencyMemberOfDisclosureOfFinancialAssetsPledgedAsSecurityTableOfMember,일본지점 외화채무증권[구성요소]
entity00164973_DebtSecuritiesInForeignCurrencyUSBranchMemberOfDebtSecuritiesInForeignCurrencyMemberOfDisclosureOfFinancialAssetsPledgedAsSecurityTableOfMember,미국지점 외화채무증권 [구성요소]
entity00164973_DepositsAtFairValueThroughProfitOrLossMemberOfFinancialAssetsAtFairValueThroughProfitOrLossCategoryMemberOfGainsLossesFinancialInstrumentsByCategoryTableOfMember,당기손익-공정가치측정예치금 [구성요소]
entity00164973_DepositsAtFairValueThroughProfitOrLossMemberOfFinancialAssetsAtFairValueThroughProfitOrLossCategoryMemberOfValuationTechniquesAndInputsUsedInFairValueMeasurementOfLevel2AssetsTableOfMember,당기손익-공정가치측정예치금 [구성요소]
entity00164973_DepositsInUSBranchMemberOfOtherFinancialAssetsMemberOfDisclosureOfFinancialAssetsPledgedAsSecurityTableOfMember,미국지점 예치금 [구성요소]
entity00164973_DepositsInUSBranchOfOtherFinancialAssetsMemberOfDisclosureOfFinancialAssetsPledgedAsSecurityTableOfMember,미국지점 예치금
entity00164973_DepositsOtherFinancialAssetsMemberOfOtherFinancialAssetsMemberOfDetailsOfOtherFinancialAssetsAtAmortisedCostGrossCarryingAmountTableOfMember,"예치금, 기타금융자산 [구성요소]"
entity00164973_DepositsUnderLetterOfCreditForLeaseDepositOfOtherFinancialAssetsMemberOfDisclosureOfFinancialAssetsPledgedAsSecurityTableOfMember,임차보증금 관련 L/C 예치금 [구성요소]
entity00164973_Depositsatfairvaluethroughprofitorlossmemberoffinancialassetsatfairvalueclassmemberofvaluationtechniquesandinputsusedinfairvaluemeasurementoflevel2assetstableofmemberOfFinancialAssetsAtFairValueThroughProfitOrLossCategoryMemberOfValuationTechniquesAndInputsUsedInFairValueMeasurementOfLevel2AssetsTableOfMember,당기손익-공정가치측정예치금 [구성요소]
entity00164973_Derivatives,파생상품
entity00164973_DescriptionOfClassifyingBasisForLevelOfFairValueHierarchyBasedOnTheInputsUsedToFairValueMeasurementOfDisclosureOfLevelOfFairValueHierarchyWithinWhichFairValueMeasurementIsCategorisedOfDisclosureOfLevelOfFairValueHierarchyWithinWhichFairValueMeasurementIsCategorisedTableOfItems,공정가치를 측정하기 위하여 사용하는 가치평가기법의 투입변수에 따라 공정가치 서열체계를 분류한 기준에 대한 기술
entity00164973_DescriptionOfPostemploymentBenefitExpense,퇴직급여
entity00164973_DescriptionOfReasonsForClassificationOfLevel3OfFairValueHierarchyAssetsOfValuationTechniquesAndInputsUsedInFairValueMeasurementOfLevel3AssetsLineItemsOfValuationTechniquesAndInputsUsedInFairValueMeasurementOfLevel3AssetsTableOfItems,"공정가치 서열체계의 수준 3으로의 분류 이유에 대한 기술, 자산"
entity00164973_DetailOfDisposalOfInvestmentsInEquityInstrumentsDesignatedAtFairValueThroughOtherComprehensiveIncome,처분한 기타포괄손익-공정가치측정금융자산 지정 지분증권
entity00164973_DetailOfDisposalOfInvestmentsInEquityInstrumentsDesignatedAtFairValueThroughOtherComprehensiveIncomeAbstract,처분한 기타포괄손익-공정가치측정금융자산 지정 지분증권의 내역[ 개요 ]
entity00164973_DetailOfDisposalOfInvestmentsInEquityInstrumentsDesignatedAtFairValueThroughOtherComprehensiveIncomeOfDetailOfDisposalOfInvestmentsInEquityInstrumentsDesignatedAtFairValueThroughOtherComprehensiveIncomeTableOfLineItems,처분한 기타포괄손익-공정가치측정금융자산 지정 지분증권의 내역
entity00164973_DetailOfDisposalOfInvestmentsInEquityInstrumentsDesignatedAtFairValueThroughOtherComprehensiveIncomeTable,처분한 기타포괄손익-공정가치측정금융자산 지정 지분증권의 내역
entity00164973_DetailOfDisposalOfInvestmentsInEquityInstrumentsDesignatedAtFairValueThroughOtherComprehensiveIncomeTextBlock,처분한 기타포괄손익-공정가치측정금융자산 지정 지분증권의 내역[ 문장영역 ]
entity00164973_DetailOfRelatedParty,특수관계자 내역
entity00164973_DetailsOfCarryingAmountOfFinancialAssetsAtAmortisedCostTable,상각후원가측정금융자산 장부금액의 세부내역
entity00164973_DetailsOfCarryingAmountOfFinancialAssetsAtAmortisedCostTextBlock,상각후원가측정금융자산 장부금액의 세부내역[ 문장영역 ]
entity00164973_DetailsOfCarryingAmountOfOtherFinancialAssetsAtAmortisedCostTable,상각후원가측정기타금융자산 장부금액의 세부내역
entity00164973_DetailsOfCarryingAmountOfOtherFinancialAssetsAtAmortisedCostTextBlock,상각후원가측정기타금융자산 장부금액의 세부내역[ 문장영역 ]
entity00164973_DetailsOfDisposalOfInvestmentsInEquityInstrumentsDesignatedAtFairValueThroughOtherComprehensiveIncome,처분한 기타포괄손익-공정가치측정금융자산 지정 지분증권
entity00164973_DetailsOfDisposalOfInvestmentsInEquityInstrumentsDesignatedAtFairValueThroughOtherComprehensiveIncomeAbstract,처분한 기타포괄손익-공정가치측정금융자산 지정 지분증권의 내역[ 개요 ]
entity00164973_DetailsOfDisposalOfInvestmentsInEquityInstrumentsDesignatedAtFairValueThroughOtherComprehensiveIncomeOfDetailsOfDisposalOfInvestmentsInEquityInstrumentsDesignatedAtFairValueThroughOtherComprehensiveIncomeTableOfLineItems,처분한 기타포괄손익-공정가치측정금융자산 지정 지분증권의 내역
entity00164973_DetailsOfDisposalOfInvestmentsInEquityInstrumentsDesignatedAtFairValueThroughOtherComprehensiveIncomeTable,처분한 기타포괄손익-공정가치측정금융자산 지정 지분증권의 내역
entity00164973_DetailsOfDisposalOfInvestmentsInEquityInstrumentsDesignatedAtFairValueThroughOtherComprehensiveIncomeTextBlock,처분한 기타포괄손익-공정가치측정금융자산 지정 지분증권의 내역[ 문장영역 ]
entity00164973_DetailsOfInsuranceContractLiabilityAssetByPortfolioInsuranceContractsToWhichPremiumAllocationApproachHasBeenAppliedTable,"포트폴리오별 보험계약부채(자산)에 대한 세부 공시, 보험료배분접근법을 적용한 보험계약"
entity00164973_DetailsOfInsuranceContractLiabilityAssetByPortfolioInsuranceContractsToWhichPremiumAllocationApproachHasBeenAppliedTextBlock,"포트폴리오별 보험계약부채(자산)에 대한 세부 공시, 보험료배분접근법을 적용한 보험계약[ 문장영역 ]"
entity00164973_DetailsOfInsuranceContractLiabilityAssetByPortfolioOtherThanThoseToWhichPremiumAllocationApproachHasBeenAppliedTable,"포트폴리오별 보험계약부채(자산)에 대한 세부 공시, 보험료배분접근법을 적용한 보험계약 외의 보험계약"
entity00164973_DetailsOfInsuranceContractLiabilityAssetByPortfolioOtherThanThoseToWhichPremiumAllocationApproachHasBeenAppliedTextBlock,"포트폴리오별 보험계약부채(자산)에 대한 세부 공시, 보험료배분접근법을 적용한 보험계약 외의 보험계약[ 문장영역 ]"
entity00164973_DetailsOfInsuranceContractLiabilityAssetByPortfolioOtherThanThoseToWhichPremiumAllocationApproachHasBeenAppliedTotalTable,"포트폴리오별 보험계약부채(자산)에 대한 세부 공시, 보험료배분접근법을 적용한 보험계약 외의 보험계약, 합계"
entity00164973_DetailsOfInsuranceContractLiabilityAssetByPortfolioOtherThanThoseToWhichPremiumAllocationApproachHasBeenAppliedTotalTextBlock,"포트폴리오별 보험계약부채(자산)에 대한 세부 공시, 보험료배분접근법을 적용한 보험계약 외의 보험계약, 합계[ 문장영역 ]"
entity00164973_DetailsOfInsuranceContractLiabilityAssetInsuranceContractsOtherThanThoseToWhichPremiumAllocationApproachHasBeenAppliedTable,"보험계약부채(자산)에 대한 세부내역, 보험료배분접근법을 적용한 보험계약 외의 보험계약"
entity00164973_DetailsOfInsuranceContractLiabilityAssetInsuranceContractsOtherThanThoseToWhichPremiumAllocationApproachHasBeenAppliedTextBlock,"보험계약부채(자산)에 대한 세부내역, 보험료배분접근법을 적용한 보험계약 외의 보험계약[ 문장영역 ]"
entity00164973_DetailsOfInsuranceContractLiabilityAssetInsuranceContractsToWhichPremiumAllocationApproachHasBeenAppliedTable,"보험계약부채(자산)에 대한 세부내역, 보험료배분접근법을 적용한 보험계약"
entity00164973_DetailsOfInsuranceContractLiabilityAssetInsuranceContractsToWhichPremiumAllocationApproachHasBeenAppliedTextBlock,"보험계약부채(자산)에 대한 세부내역, 보험료배분접근법을 적용한 보험계약[ 문장영역 ]"
entity00164973_DetailsOfOtherFinancialAssetsAtAmortisedCostGrossCarryingAmountTable,상각후원가측정기타금융자산의 내역 (총장부금액)
entity00164973_DetailsOfOtherFinancialAssetsAtAmortisedCostGrossCarryingAmountTextBlock,상각후원가측정기타금융자산의 내역 (총장부금액)[ 문장영역 ]
entity00164973_DetailsOfReinsuranceContractLiabilityAssetInsuranceContractsOtherThanThoseToWhichPremiumAllocationApproachHasBeenAppliedTable,"재보험계약부채(자산)에 대한 세부내역, 보험료배분접근법을 적용한 보험계약 외의 보험계약"
entity00164973_DetailsOfReinsuranceContractLiabilityAssetInsuranceContractsOtherThanThoseToWhichPremiumAllocationApproachHasBeenAppliedTextBlock,"재보험계약부채(자산)에 대한 세부내역, 보험료배분접근법을 적용한 보험계약 외의 보험계약[ 문장영역 ]"
entity00164973_DetailsOfReinsuranceContractLiabilityAssetInsuranceContractsToWhichPremiumAllocationApproachHasBeenAppliedTable,"재보험계약부채(자산)에 대한 세부내역, 보험료배분접근법을 적용한 보험계약"
entity00164973_DetailsOfReinsuranceContractLiabilityAssetInsuranceContractsToWhichPremiumAllocationApproachHasBeenAppliedTextBlock,"재보험계약부채(자산)에 대한 세부내역, 보험료배분접근법을 적용한 보험계약[ 문장영역 ]"
entity00164973_DetailsOfRelatedParties,특수관계자 내역
entity00164973_DisclosureOfAnalysisOfExpensesFromReinsuranceContractsInsuranceContractsToWhichPremiumAllocationApproachHasBeenAppliedTable,"재보험비용 분석 공시, 보험료배분접근법을 적용한 보험계약"
entity00164973_DisclosureOfAnalysisOfExpensesFromReinsuranceContractsInsuranceContractsToWhichPremiumAllocationApproachHasBeenAppliedTextBlock,"재보험비용 분석 공시, 보험료배분접근법을 적용한 보험계약[ 문장영역 ]"
entity00164973_DisclosureOfAnalysisOfExpensesFromReinsuranceContractsTotalTable,"재보험비용 분석 공시, 합계"
entity00164973_DisclosureOfAnalysisOfExpensesFromReinsuranceContractsTotalTextBlock,"재보험비용 분석 공시, 합계[ 문장영역 ]"
entity00164973_DisclosureOfAnalysisOfInsuranceFinanceIncomeExpensesTotalTable,"보험금융수익(비용) 분석 공시, 합계"
entity00164973_DisclosureOfAnalysisOfInsuranceFinanceIncomeExpensesTotalTextBlock,"보험금융수익(비용) 분석 공시, 합계[ 문장영역 ]"
entity00164973_DisclosureOfAnalysisOfInsuranceRevenueFromInsuranceContractsIssuedInsuranceContractsToWhichPremiumAllocationApproachHasBeenAppliedTable,"발행보험의 보험수익 분석 공시, 보험료배분접근법을 적용한 보험계약"
entity00164973_DisclosureOfAnalysisOfInsuranceRevenueFromInsuranceContractsIssuedInsuranceContractsToWhichPremiumAllocationApproachHasBeenAppliedTextBlock,"발행보험의 보험수익 분석 공시, 보험료배분접근법을 적용한 보험계약[ 문장영역 ]"
entity00164973_DisclosureOfAnalysisOfInsuranceRevenueFromInsuranceContractsIssuedTotalTable,"발행보험의 보험수익 분석 공시, 합계"
entity00164973_DisclosureOfAnalysisOfInsuranceRevenueFromInsuranceContractsIssuedTotalTextBlock,"발행보험의 보험수익 분석 공시, 합계[ 문장영역 ]"
entity00164973_DisclosureOfAssetsPledgedAsCollateralForSalesAndDerivativeTransactionsTable,영업 및 파생상품 계약 등을 위하여 담보로 제공된 자산에 대한 공시
entity00164973_DisclosureOfAssetsPledgedAsCollateralForSalesAndDerivativeTransactionsTextBlock,영업 및 파생상품 계약 등을 위하여 담보로 제공된 자산에 대한 공시[ 문장영역 ]
entity00164973_DisclosureOfChangesInGainsAndLossesOnFinancialAssetsAtFairValueThroughOtherComprehensiveIncomeTable,기타포괄손익누계액에 계상된 기타포괄손익-공정가치측정금융자산평가손익의 변동내역
entity00164973_DisclosureOfChangesInGainsAndLossesOnFinancialAssetsAtFairValueThroughOtherComprehensiveIncomeTextBlock,기타포괄손익누계액에 계상된 기타포괄손익-공정가치측정금융자산평가손익의 변동내역[ 문장영역 ]
entity00164973_DisclosureOfChangesInGrossCarryingAmountOfFinancialAssetsAtFairValueThroughOtherComprehensiveIncomeTable,기타포괄손익-공정가치측정금융자산 총장부금액 변동내역
entity00164973_DisclosureOfChangesInGrossCarryingAmountOfFinancialAssetsAtFairValueThroughOtherComprehensiveIncomeTextBlock,기타포괄손익-공정가치측정금융자산 총장부금액 변동내역[ 문장영역 ]
entity00164973_DisclosureOfChangesInGrossCarryingAmountOfLoansAtAmortisedCostTable,상각후원가측정대출채권 총장부금액 변동내역
entity00164973_DisclosureOfChangesInGrossCarryingAmountOfLoansAtAmortisedCostTextBlock,상각후원가측정대출채권 총장부금액 변동내역[ 문장영역 ]
entity00164973_DisclosureOfChangesInOtherFinancialAssetsAtAmortisedCostTable,상각후원가측정기타금융자산의 변동내역
entity00164973_DisclosureOfChangesInOtherFinancialAssetsAtAmortisedCostTextBlock,상각후원가측정기타금융자산의 변동내역[ 문장영역 ]
entity00164973_DisclosureOfCommitmentsBetweenRelatedPartiesTable,특수관계자 약정에 관한 공시
entity00164973_DisclosureOfCommitmentsBetweenRelatedPartiesTextBlock,특수관계자 약정에 관한 공시[ 문장영역 ]
entity00164973_DisclosureOfCommitmentsOfFinancialInstitutionsDenominatedInForeignCurrencyTable,"금융기관 약정에 대한 공시, 외화"
entity00164973_DisclosureOfCommitmentsOfFinancialInstitutionsDenominatedInForeignCurrencyTextBlock,"금융기관 약정에 대한 공시, 외화[ 문장영역 ]"
entity00164973_DisclosureOfCommitmentsOfFinancialInstitutionsDenominatedInKrwTable,"금융기관 약정에 대한 공시, 원화"
entity00164973_DisclosureOfCommitmentsOfFinancialInstitutionsDenominatedInKrwTextBlock,"금융기관 약정에 대한 공시, 원화[ 문장영역 ]"
entity00164973_DisclosureOfCommitmentsTable,약정에 대한 공시
entity00164973_DisclosureOfCommitmentsTextBlock,약정에 대한 공시[ 문장영역 ]
entity00164973_DisclosureOfDetailedInformationAboutBondsIssuedTable,사채에 대한 세부 정보 공시
entity00164973_DisclosureOfDetailedInformationAboutBondsIssuedTextBlock,사채에 대한 세부 정보 공시[ 문장영역 ]
entity00164973_DisclosureOfDetailedInformationAboutCashFlowHedgedItemsTable,현금흐름 위험회피대상항목에 대한 상세한 정보의 공시
entity00164973_DisclosureOfDetailedInformationAboutCashFlowHedgedItemsTextBlock,현금흐름 위험회피대상항목에 대한 상세한 정보의 공시[ 문장영역 ]
entity00164973_DisclosureOfDetailedInformationAboutCashFlowHedgingInstrumentsTable,현금흐름 위험회피수단에 대한 세부 정보 공시
entity00164973_DisclosureOfDetailedInformationAboutCashFlowHedgingInstrumentsTextBlock,현금흐름 위험회피수단에 대한 세부 정보 공시[ 문장영역 ]
entity00164973_DisclosureOfDetailedInformationAboutOtherBorrowingsTable,기타차입금에 대한 세부 정보 공시
entity00164973_DisclosureOfDetailedInformationAboutOtherBorrowingsTextBlock,기타차입금에 대한 세부 정보 공시[ 문장영역 ]
entity00164973_DisclosureOfDetailedInformationAboutSecuredBankLoansReceivedTable,담보부 금융기관 차입금에 대한 세부 정보 공시
entity00164973_DisclosureOfDetailedInformationAboutSecuredBankLoansReceivedTextBlock,담보부 금융기관 차입금에 대한 세부 정보 공시[ 문장영역 ]
entity00164973_DisclosureOfDetailsOfCashFlowsFromUsedInOperationsTable,영업에서 창출된 현금흐름 내역에 대한 공시
entity00164973_DisclosureOfDetailsOfCashFlowsFromUsedInOperationsTextBlock,영업에서 창출된 현금흐름 내역에 대한 공시[ 문장영역 ]
entity00164973_DisclosureOfDetailsOfEmployeeBenefitsExpenseTable,종업원급여의 내역에 대한 공시
entity00164973_DisclosureOfDetailsOfEmployeeBenefitsExpenseTextBlock,종업원급여의 내역에 대한 공시[ 문장영역 ]
entity00164973_DisclosureOfDetailsOfLetterOfCreditRelatedToPaymentGuaranteesTable,지급보증 관련 이행보증신용장의 내역에 대한 공시
entity00164973_DisclosureOfDetailsOfLetterOfCreditRelatedToPaymentGuaranteesTextBlock,지급보증 관련 이행보증신용장의 내역에 대한 공시[ 문장영역 ]
entity00164973_DisclosureOfFairValueOfEachInvestmentInEquityInstrumentsDesignatedAsMeasuredAtFairValueThroughOtherComprehensiveIncomeTable,기타포괄손익-공정가치 측정 항목으로 지정된 지분상품 투자의 공정가치에 대한 공시
entity00164973_DisclosureOfFairValueOfEachInvestmentInEquityInstrumentsDesignatedAsMeasuredAtFairValueThroughOtherComprehensiveIncomeTextBlock,기타포괄손익-공정가치 측정 항목으로 지정된 지분상품 투자의 공정가치에 대한 공시[ 문장영역 ]
entity00164973_DisclosureOfFairValueOfLevel2And3ByHierarchyAssetsNotMeasuredAtFairValueInStatementOfFinancialPositionButForWhichFairValueIsDisclosedTable,"공정가치로 측정되지 않으나 공정가치가 공시되는 자산,부채의 서열체계별 공정가치, 수준 2와 3 자산"
entity00164973_DisclosureOfFairValueOfLevel2And3ByHierarchyAssetsNotMeasuredAtFairValueInStatementOfFinancialPositionButForWhichFairValueIsDisclosedTextBlock,"공정가치로 측정되지 않으나 공정가치가 공시되는 자산,부채의 서열체계별 공정가치, 수준 2와 3 자산[ 문장영역 ]"
entity00164973_DisclosureOfFairValueOfLevel2And3ByHierarchyLiabilitiesNotMeasuredAtFairValueInStatementOfFinancialPositionButForWhichFairValueIsDisclosedTable,"공정가치로 측정되지 않으나 공정가치가 공시되는 자산,부채의 서열체계별 공정가치, 수준 2와 3 부채"
entity00164973_DisclosureOfFairValueOfLevel2And3ByHierarchyLiabilitiesNotMeasuredAtFairValueInStatementOfFinancialPositionButForWhichFairValueIsDisclosedTextBlock,"공정가치로 측정되지 않으나 공정가치가 공시되는 자산,부채의 서열체계별 공정가치, 수준 2와 3 부채[ 문장영역 ]"
entity00164973_DisclosureOfGainsAndLossesOnForeignCurrencyTranslationRecognisedInOtherComprehensiveIncomeTable,기타포괄손익으로 인식한 외환차이 내역에 대한 공시
entity00164973_DisclosureOfGainsAndLossesOnForeignCurrencyTranslationRecognisedInOtherComprehensiveIncomeTextBlock,기타포괄손익으로 인식한 외환차이 내역에 대한 공시[ 문장영역 ]
entity00164973_DisclosureOfGainsLossesOnForeignCurrencyTranslationFinancialInstrumentByCategoryTable,금융상품의 범주별 외화관련 손익의 공시
entity00164973_DisclosureOfGainsLossesOnForeignCurrencyTranslationFinancialInstrumentByCategoryTextBlock,금융상품의 범주별 외화관련 손익의 공시[ 문장영역 ]
entity00164973_DisclosureOfGeographicalAreasTotalTable,"지역에 대한 공시, 합계"
entity00164973_DisclosureOfGeographicalAreasTotalTextBlock,"지역에 대한 공시, 합계[ 문장영역 ]"
entity00164973_DisclosureOfLevelOfFairValueHierarchyWithinWhichFairValueMeasurementIsCategorisedTable,공정가치측정 분류내의 공정가치 서열체계의 수준에 대한 공시
entity00164973_DisclosureOfLevelOfFairValueHierarchyWithinWhichFairValueMeasurementIsCategorisedTextBlock,공정가치측정 분류내의 공정가치 서열체계의 수준에 대한 공시[ 문장영역 ]
entity00164973_DisclosureOfNetDefinedBenefitLiabilityAssetReportedAmountTable,순확정급여부채(자산)에 대한 공시(공시금액)
entity00164973_DisclosureOfNetDefinedBenefitLiabilityAssetReportedAmountTextBlock,순확정급여부채(자산)에 대한 공시(공시금액)[ 문장영역 ]
entity00164973_DisclosureOfNonFinancialAssetsPledgedAsCollateralForSalesAndDerivativeTransactionTable,영업 및 파생상품 계약 등을 위하여 담보로 제공된 비금융자산에 대한 공시
entity00164973_DisclosureOfNonFinancialAssetsPledgedAsCollateralForSalesAndDerivativeTransactionTextBlock,영업 및 파생상품 계약 등을 위하여 담보로 제공된 비금융자산에 대한 공시[ 문장영역 ]
entity00164973_DisclosureOfNonFinancialAssetsPledgedAsCollateralForSalesAndDerivativeTransactionsTable,영업 및 파생상품 계약 등을 위하여 담보로 제공된 비금융자산에 대한 공시
entity00164973_DisclosureOfNonFinancialAssetsPledgedAsCollateralForSalesAndDerivativeTransactionsTextBlock,영업 및 파생상품 계약 등을 위하여 담보로 제공된 비금융자산에 대한 공시[ 문장영역 ]
entity00164973_DisclosureOfOperatingSegmentsProfitOrLossTable,"영업부문에 대한 공시, 손익"
entity00164973_DisclosureOfOperatingSegmentsProfitOrLossTextBlock,"영업부문에 대한 공시, 손익[ 문장영역 ]"
entity00164973_DisclosureOfPropertyPlantAndEquipmentAndInvestmentPropertyProvidedAsCollateralOrSubjectToLeaseholdRightsTable,"담보 제공 및 전세권 등이 설정된 유형자산, 투자부동산의 내역"
entity00164973_DisclosureOfPropertyPlantAndEquipmentAndInvestmentPropertyProvidedAsCollateralOrSubjectToLeaseholdRightsTextBlock,"담보 제공 및 전세권 등이 설정된 유형자산, 투자부동산의 내역[ 문장영역 ]"
entity00164973_DisclosureOfReceivedPaymentGuaranteesTable,지급보증에 대한 공시
entity00164973_DisclosureOfReceivedPaymentGuaranteesTextBlock,지급보증에 대한 공시[ 문장영역 ]
entity00164973_DisclosureOfReconciliationOfChangesInInsuranceContractsIssuedByRemainingCoverageAndIncurredClaimsAutomobileInsuranceTable,"보험계약부채(자산)의 잔여보장부채 변동분과 발생사고부채 변동분의 차이조정 공시, 자동차보험"
entity00164973_DisclosureOfReconciliationOfChangesInInsuranceContractsIssuedByRemainingCoverageAndIncurredClaimsAutomobileInsuranceTextBlock,"보험계약부채(자산)의 잔여보장부채 변동분과 발생사고부채 변동분의 차이조정 공시, 자동차보험[ 문장영역 ]"
entity00164973_DisclosureOfReconciliationOfChangesInInsuranceContractsIssuedByRemainingCoverageAndIncurredClaimsGeneralInsuranceTable,"보험계약부채(자산)의 잔여보장부채 변동분과 발생사고부채 변동분의 차이조정 공시, 일반보험"
entity00164973_DisclosureOfReconciliationOfChangesInInsuranceContractsIssuedByRemainingCoverageAndIncurredClaimsGeneralInsuranceTextBlock,"보험계약부채(자산)의 잔여보장부채 변동분과 발생사고부채 변동분의 차이조정 공시, 일반보험[ 문장영역 ]"
entity00164973_DisclosureOfReconciliationOfChangesInReinsuranceContractsByRemainingCoverageAndIncurredClaimsAutombileInsureanceTable,"재보험계약자산(부채)의 잔여보장부채 변동분과 발생사고부채 변동분의 차이조정 공시, 자동차보험"
entity00164973_DisclosureOfReconciliationOfChangesInReinsuranceContractsByRemainingCoverageAndIncurredClaimsAutombileInsureanceTextBlock,"재보험계약자산(부채)의 잔여보장부채 변동분과 발생사고부채 변동분의 차이조정 공시, 자동차보험[ 문장영역 ]"
entity00164973_DisclosureOfReconciliationOfChangesInReinsuranceContractsByRemainingCoverageAndIncurredClaimsGeneralInsuranceTable,"재보험계약자산(부채)의 잔여보장부채 변동분과 발생사고부채 변동분의 차이조정 공시, 일반보험"
entity00164973_DisclosureOfReconciliationOfChangesInReinsuranceContractsByRemainingCoverageAndIncurredClaimsGeneralInsuranceTextBlock,"재보험계약자산(부채)의 잔여보장부채 변동분과 발생사고부채 변동분의 차이조정 공시, 일반보험[ 문장영역 ]"
entity00164973_DisclosureOfRiskManagementStrategyRelatedToHedgeAccountingTable,위험회피회계에 관련된 위험관리전략에 대한 공시
entity00164973_DisclosureOfRiskManagementStrategyRelatedToHedgeAccountingTextBlock,위험회피회계에 관련된 위험관리전략에 대한 공시[ 문장영역 ]
entity00164973_DisclosureOfSignificantTransactionWithoutCashFlowTable,현금의 유입과 유출이 없는 중요한 거래내용에 대한 공시
entity00164973_DisclosureOfSignificantTransactionWithoutCashFlowTextBlock,현금의 유입과 유출이 없는 중요한 거래내용에 대한 공시[ 문장영역 ]
entity00164973_DisclosureOnFinancialRiskManagementStatus,재무위험관리 현황에 대한 공시
entity00164973_DisclosuresOfTheAmountOfInsuranceRevenueSeparatelyForContractsUnderTheTransitionApproachesTable,전환방법 별 보험수익에 미치는 효과에 대한 공시
entity00164973_DisclosuresOfTheAmountOfInsuranceRevenueSeparatelyForContractsUnderTheTransitionApproachesTextBlock,전환방법 별 보험수익에 미치는 효과에 대한 공시[ 문장영역 ]
entity00164973_DisclosuresOfTheReconciliationOfTheContractualServiceMarginUnderTheTransitionApproachesTotalTable,"전환방법 별 보험계약마진의 변동에 대한 공시, 합계"
entity00164973_DisclosuresOfTheReconciliationOfTheContractualServiceMarginUnderTheTransitionApproachesTotalTextBlock,"전환방법 별 보험계약마진의 변동에 대한 공시, 합계[ 문장영역 ]"
entity00164973_DistributionIncomeRelatedPartyTransactionsOfDisclosureOfTransactionsBetweenRelatedPartiesLineItemsOfDisclosureOfTransactionsBetweenRelatedPartiesTableOfItems,"분배금수익, 특수관계자거래"
entity00164973_DividendAndDistributionIncome,배당수익 및 분배금수익
entity00164973_DividendOfAnnuitySavingFixedInterestPortfolioMemberOfFixedInterestPortfolioMemberOfDetailsOfInsuranceContractLiabilityAssetByPortfolioOtherThanThoseToWhichPremiumAllocationApproachHasBeenAppliedTableOfMember,"유배당연금저축, 금리고정형 [구성요소]"
entity00164973_DividendOfAnnuitySavingnonDividendOfInjuryFloatingInterestPortfolioMemberOfFloatingInterestPortfolioMemberOfDisclosureOfInformationAboutExpectedRecognitionOfContractualServiceMarginInProfitOrlossByPortfolioTableOfMember,"유배당연금저축, 금리연동형 [구성요소]"
entity00164973_DividendOfOthersnonDividendOfInjuryFloatingInterestPortfolioMemberOfFloatingInterestPortfolioMemberOfDetailsOfInsuranceContractLiabilityAssetByPortfolioOtherThanThoseToWhichPremiumAllocationApproachHasBeenAppliedTableOfMember,"유배당기타, 금리연동형 [구성요소]"
entity00164973_DividendinsurancecontractsissuedthatareliabilitiesofinsurancecontractsissuedthatareliabilitiesOfInsuranceContractsIssuedThatAreLiabilities,배당요소가 있는 보험계약부채
entity00164973_DlECCoLtdOfPublicStocksMemberOfDetailsOfDisposalOfInvestmentsInEquityInstrumentsDesignatedAtFairValueThroughOtherComprehensiveIncomeTableOfMember,DL이앤씨
entity00164973_DonationsRelatedPartyTransactionsOfDisclosureOfTransactionsBetweenRelatedPartiesLineItemsOfDisclosureOfTransactionsBetweenRelatedPartiesTableOfItems,"기부금, 특수관계자거래"
entity00164973_EquityPriceMeasurementInputMemberOfUnobservableInputsMemberOfDisclosureOfSensitivityAnalysisOfFairValueMeasurementToChangesInUnobservableInputsAssetsTableOfMember,"지분가격, 측정 투입변수 [구성요소]"
entity00164973_EquityPriceMeasurementInputMemberOfUnobservableInputsMemberOfDisclosureOfSignificantUnobservableInputsUsedInFairValueMeasurementOfAssetsTableOfMember,"지분가격, 측정 투입변수 [구성요소]"
entity00164973_ExplanationOfUsingTheCarryingAmountAsApproximateForFairValueOfDisclosureOfFairValueByHierarchyAssetsNotMeasuredAtFairValueInStatementOfFinancialPositionButForWhichFairValueIsDisclosedLineItemsOfDisclosureOfFairValueByHierarchyAssetsNotMeasuredAtFairValueInStatementOfFinancialPositionButForWhichFairValueIsDisclosedTableOfItems,장부금액을 공정가치의 대용치로 사용한 사실에 대한 기술
entity00164973_ExplanationOfUsingTheCarryingAmountAsApproximateForFairValueOfDisclosureOfFairValueByHierarchyLiabilitiesNotMeasuredAtFairValueInStatementOfFinancialPositionButForWhichFairValueIsDisclosedLineItemsOfDisclosureOfFairValueByHierarchyLiabilitiesNotMeasuredAtFairValueInStatementOfFinancialPositionButForWhichFairValueIsDisclosedTableOfItems,장부금액을 공정가치의 대용치로 사용한 사실에 대한 기술
entity00164973_ExplanationOfUsingTheCarryingAmountAsApproximateForFairValueOfFairValueAndBookValueOfAssetsLineItemsOfFairValueAndBookValueOfAssetsTableOfItems,장부금액을 공정가치의 대용치로 사용한 사실에 대한 기술
entity00164973_ExplanationOfUsingTheCarryingAmountAsApproximateForFairValueOfFairValueAndBookValueOfLiabilitiesLineItemsOfFairValueAndBookValueOfLiabilitiesTableOfItems,장부금액을 공정가치의 대용치로 사용한 사실에 대한 기술
entity00164973_FairValueOfAssetsAndLiabilitiesThatAreNotTradedInActiveMarkets,활성시장에서 거래되지 않는 자산 및 부채의 공정가치
entity00164973_FinancialAssetsDesignatedAtFairValueThroughProfitOrLoss,당기손익-공정가치지정금융자산
entity00164973_FinancialAssetsDesignatedAtFairValueThroughProfitOrLossTextBlock,당기손익-공정가치지정금융자산
entity00164973_FinancialSegmentMemberOfReportableSegmentsMemberOfDisclosureOfOperatingSegmentsProfitOrLossTableOfMember,금융업 [구성요소]
entity00164973_FinancialSegmentMemberOfReportableSegmentsMemberOfDisclosureOfOperatingSegmentsTableOfMember,금융업 [구성요소]
entity00164973_FixedInterestPortfolioMemberOfLongTermInsuranceMemberOfDisclosureOfInformationAboutExpectedRecognitionOfContractualServiceMarginInProfitOrlossByPortfolioTableOfMember,금리고정형 포트폴리오 [구성요소]
entity00164973_FloatingInterestPortfolioMemberOfLongTermInsuranceMemberOfDisclosureOfInformationAboutExpectedRecognitionOfContractualServiceMarginInProfitOrlossByPortfolioTableOfMember,금리연동형 포트폴리오 [구성요소]
entity00164973_GainsLossesDerivativesByCategoryTable,파생상품 손익의 공시
entity00164973_GainsLossesDerivativesByCategoryTextBlock,파생상품 손익의 공시[ 문장영역 ]
entity00164973_GainsLossesFinancialLiabilitiesByCategoryTable,금융부채의 범주별 손익의 공시
entity00164973_GainsLossesFinancialLiabilitiesByCategoryTextBlock,금융부채의 범주별 손익의 공시[ 문장영역 ]
entity00164973_GeneralLoanMemberOfTypesOfCommitmentsMemberOfDisclosureOfCommitmentsOfFinancialInstitutionsDenominatedInKrwTableOfMember,일반한도대출약정 [구성요소]
entity00164973_GrossCarryingAmountBeforePresentValueDiscountAndDeferredMiscellaneousGainsLossMemberOfCarryingAmountMemberOfDetailsOfCarryingAmountOfFinancialAssetsAtAmortisedCostTableOfMember,현재가치할인차금 및 이연부대손익 반영 전 총장부금액 [구성요소]
entity00164973_GrossCarryingAmountBeforePresentValueDiscountAndDeferredMiscellaneousGainsLossMemberOfCarryingAmountMemberOfDetailsOfFinancialAssetsAtAmortisedCostTableOfMember,현재가치할인차금 및 이연부대손익 반영 전 총장부금액 [구성요소]
entity00164973_GuaranteeCommencementDateOfDisclosureOfDetailsOfLetterOfCreditRelatedToPaymentGuaranteesLineItemsOfDisclosureOfDetailsOfLetterOfCreditRelatedToPaymentGuaranteesTableOfItems,보증 개시일
entity00164973_GuaranteeDepositsReceivedMemberOfFinancialLiabilitiesClassMemberOfOtherFinancialLiabilitiesTableOfMember,임대보증금 [구성요소]
entity00164973_GuaranteeDepositsReceivedRelatedPartyTransactionsOfDisclosureOfOutstandingBalancesForRelatedPartyTransactionsLineItemsOfDisclosureOfOutstandingBalancesForRelatedPartyTransactionsTableOfItems,"임대보증금, 특수관계자거래"
entity00164973_GuaranteeDepositsRentMemberOfLiabilitiesArisingFromFinancingActivitiesMemberOfDisclosureOfReconciliationOfLiabilitiesArisingFromFinancingActivitiesTableOfMember,임대보증금 [구성요소]
entity00164973_GuaranteeMaturityDateOfDisclosureOfDetailsOfLetterOfCreditRelatedToPaymentGuaranteesLineItemsOfDisclosureOfDetailsOfLetterOfCreditRelatedToPaymentGuaranteesTableOfItems,보증 만기일
entity00164973_HanaBankMemberOfCounterpartiesMemberOfDisclosureOfCommitmentsOfFinancialInstitutionsDenominatedInForeignCurrencyTableOfMember,하나은행 [구성요소]
entity00164973_HanaBankMemberOfCounterpartiesMemberOfDisclosureOfCommitmentsOfFinancialInstitutionsDenominatedInKrwTableOfMember,하나은행 [구성요소]
entity00164973_HgInitiativeGlobalHealthCareFund1MemberOfAssociatesMemberOfDisclosureOfTransactionsBetweenRelatedPartiesTableOfMember,에이치지이니셔티브 글로벌 헬스케어 펀드 1호 [구성요소]
entity00164973_HgInitiativeInvestmentPartnershipMemberOfAssociatesMemberOfDisclosureOfTransactionsBetweenRelatedPartiesTableOfMember,에이치지이니셔티브 포용적기술 투자조합 [구성요소]
entity00164973_HgInitiativeSimoneImpactNo1PrivateEquityInvestmentJointStockCompanySpecializingInStartUpVenturesMemberOfAssociatesMemberOfDisclosureOfTransactionsBetweenRelatedPartiesTableOfMember,에이치지이니셔티브 시몬느 임팩트 제1호 창업벤처전문 사모투자합자회사 [구성요소]
entity00164973_HgiOfAssociatesMemberOfDisclosureOfTransactionsBetweenRelatedPartiesTableOfMember,스타트업 코리아 HGI 데모테크 펀드 [구성요소]
entity00164973_HoneyPotHgiNewInvestmentAssociationMemberOfAssociatesMemberOfDisclosureOfTransactionsBetweenRelatedPartiesTableOfMember,허니팟 HGI 뉴 투자조합 [구성요소]
entity00164973_HyundaiCRIncMemberOfSubsidiariesMemberOfDisclosureOfOutstandingBalancesForRelatedPartyTransactionsTableOfMember,현대씨앤알 [구성요소]
entity00164973_HyundaiCRIncMemberOfSubsidiariesMemberOfDisclosureOfTransactionsBetweenRelatedPartiesTableOfMember,현대씨앤알 [구성요소]
entity00164973_HyundaiHaimSeniorHousingPrivateRealEstateInvestmentTrustNo1OfSubsidiariesMemberOfDisclosureOfFinancialTransactionsBetweenRelatedPartiesTableOfMember,현대하임시니어하우징일반사모부동산투자신탁제1호
entity00164973_HyundaiHdsCoLtdMemberOfSubsidiariesMemberOfDisclosureOfTransactionsBetweenRelatedPartiesTableOfMember,현대에이치디에스 [구성요소]
entity00164973_HyundaiHicarClaimsServiceMemberOfSubsidiariesMemberOfDisclosureOfOutstandingBalancesForRelatedPartyTransactionsTableOfMember,현대하이카손해사정 [구성요소]
entity00164973_HyundaiHicarClaimsServiceMemberOfSubsidiariesMemberOfDisclosureOfTransactionsBetweenRelatedPartiesTableOfMember,현대하이카손해사정 [구성요소]
entity00164973_HyundaiHilifeClaimsServiceCoLtdMemberOfSubsidiariesMemberOfDisclosureOfTransactionsBetweenRelatedPartiesTableOfMember,현대하이라이프손해사정 [구성요소]
entity00164973_HyundaiInsuranceChinaCompanyLtdMemberOfAssociatesMemberOfDisclosureOfOutstandingBalancesForRelatedPartyTransactionsTableOfMember,현대재산보험(중국)유한공사 [구성요소]
entity00164973_HyundaiInsuranceChinaCompanyLtdMemberOfAssociatesMemberOfDisclosureOfTransactionsBetweenRelatedPartiesTableOfMember,현대재산보험(중국)유한공사 [구성요소]
entity00164973_HyundaiInvestmentGlobalProfessionalInvestmentNo16MemberOfSubsidiariesMemberOfDisclosureOfFinancialTransactionsBetweenRelatedPartiesTableOfMember,현대인베글로벌전문투자형사모부동산16호 [구성요소]
entity00164973_HyundaiInvestmentGlobalProfessionalInvestmentNo17MemberOfSubsidiariesMemberOfDisclosureOfFinancialTransactionsBetweenRelatedPartiesTableOfMember,현대인베글로벌전문투자형사모부동산17호 [구성요소]
entity00164973_HyundaiInvestmentHemiltonRainSpecializedInvestmentNo12MemberOfSubsidiariesMemberOfDisclosureOfFinancialTransactionsBetweenRelatedPartiesTableOfMember,현대인베스트해밀턴레인인프라일반사모특별자산투자신탁12호 [구성요소]
entity00164973_HyundaiInvestmentNorthAmericaLoanSpecializedInvestmentNo19MemberOfSubsidiariesMemberOfDisclosureOfFinancialTransactionsBetweenRelatedPartiesTableOfMember,현대인베스트북미대출채권일반사모특별자산19호 [구성요소]
entity00164973_HyundaiInvestmentNorthEuropeLoanSpecializedInvestmentNo32MemberOfSubsidiariesMemberOfDisclosureOfFinancialTransactionsBetweenRelatedPartiesTableOfMember,현대인베스트유럽사모대출일반사모특별자산투자신탁32호 [구성요소]
entity00164973_HyundaiPeReit15MemberOfSubsidiariesMemberOfDisclosureOfTransactionsBetweenRelatedPartiesTableOfMember,현대사모부동산투자신탁15호 [구성요소]
entity00164973_IbkAssetManagementCoLtdRepurchaseAgreementsMemberOfBorrowingsByNameMemberOfDisclosureOfDetailedInformationAboutOtherBorrowingsTableOfMember,IBK자산운용 환매조건부채권매도 [구성요소]
entity00164973_ImmGlobalIndirectGeneralInvestmentTrust1MemberOfSubsidiariesMemberOfDisclosureOfFinancialTransactionsBetweenRelatedPartiesTableOfMember,IMM해외재간접일반사모투자신탁제1호 [구성요소]
entity00164973_ImpactInclusivePartnershipInvestmentAssociationMemberOfAssociatesMemberOfDisclosureOfTransactionsBetweenRelatedPartiesTableOfMember,임팩트 약자동행 투자조합 [구성요소]
entity00164973_ImportLetterOfCreditMemberOfTypesOfCommitmentsMemberOfDisclosureOfCommitmentsOfFinancialInstitutionsDenominatedInForeignCurrencyTableOfMember,수입신용장 [구성요소]
entity00164973_IncreaseDecreaseThroughAdjustmentsArisingFromPassageOfTimeFinancialAssetsOfDisclosureOfChangesInFinancialAssetsAtAmortisedCostLineItemsOfDisclosureOfChangesInFinancialAssetsAtAmortisedCostTableOfItems,"기간의 경과에 따른 조정의 증가(감소), 금융자산"
entity00164973_IncreaseDecreaseThroughCashFlowsFromLoansToPolicyholdersInsuranceContractsLiabilityAssetOfDisclosureOfReconciliationOfChangesInInsuranceContractsIssuedByComponentsLineItemsOfDisclosureOfReconciliationOfChangesInInsuranceContractsIssuedByComponentsTableOfItems,"보험계약자에 대한 대출금에서의 현금흐름으로 인한 증가분(감소분), 보험계약부채(자산)"
entity00164973_IncreaseDecreaseThroughCashFlowsFromLoansToPolicyholdersInsuranceContractsLiabilityAssetOfDisclosureOfReconciliationOfChangesInInsuranceContractsIssuedByRemainingCoverageAndIncurredClaimsLineItemsOfDisclosureOfReconciliationOfChangesInInsuranceContractsIssuedByRemainingCoverageAndIncurredClaimsTableOfItems,"보험계약자에 대한 대출금에서의 현금흐름으로 인한 증가분(감소분), 보험계약부채"
entity00164973_IncreaseDecreaseThroughOtherEffectsExcludingEffectsOfGroupsOfOnerousContractsInitiallyRecognisedInPeriodInsuranceContractsLiabilityAssetOfDisclosureOfEffectOfInsuranceContractsInitiallyRecognisedLineItemsOfDisclosureOfEffectOfInsuranceContractsInitiallyRecognisedTableOfItems,"보고기간에 처음 인식한 손실부담계약 집합 외의 영향에 따른 증가분(감소분), 보험계약부채(자산)"
entity00164973_IncreaseDecreaseThroughOtherEffectsExcludingEffectsOfGroupsOfOnerousContractsInitiallyRecognisedInPeriodInsuranceContractsLiabilityAssetOfDisclosureOfReconciliationOfChangesInInsuranceContractsIssuedByComponentsLineItemsOfDisclosureOfReconciliationOfChangesInInsuranceContractsIssuedByComponentsTableOfItems,"보고기간에 처음 인식한 손실부담계약 집합 외의 영향에 따른 증가분(감소분), 보험계약부채(자산)"
entity00164973_InsuranceContractsLiabilityAndOtherLiabilitiesRelatedPartyTransactionsOfDisclosureOfOutstandingBalancesForRelatedPartyTransactionsLineItemsOfDisclosureOfOutstandingBalancesForRelatedPartyTransactionsTableOfItems,"보험계약부채 등, 특수관계자거래"
entity00164973_InsuranceFinanceIncomeExpense,보험금융손익
entity00164973_InsuranceFinanceIncomeExpenses,보험금융손익
entity00164973_InsuranceRevenue,보험수익
entity00164973_InsuranceRevenueConsolidated,보험수익
entity00164973_InvestmentContractsLiabilitiesMemberOfFinancialLiabilitiesClassMemberOfFairValueAndBookValueOfLiabilitiesTableOfMember,투자계약부채 [구성요소]
entity00164973_InvestmentPropertyPledgedAsSecurityOfDisclosureOfDetailedInformationAboutSecuredBankLoansReceivedOfDisclosureOfDetailedInformationAboutSecuredBankLoansReceivedTableOfItems,담보로 제공된 투자부동산
entity00164973_InvestmentPropertyPledgedAsSecurityOfDisclosureOfNonFinancialAssetsPledgedAsCollateralForSalesAndDerivativeTransactionOfDisclosureOfNonFinancialAssetsPledgedAsCollateralForSalesAndDerivativeTransactionTableOfItems,담보로 제공된 투자부동산
entity00164973_InvestmentPropertyPledgedAsSecurityOfDisclosureOfNonFinancialAssetsPledgedAsCollateralForSalesAndDerivativeTransactionsOfDisclosureOfNonFinancialAssetsPledgedAsCollateralForSalesAndDerivativeTransactionsTableOfItems,담보로 제공된 투자부동산
entity00164973_InvestmentPropertyPledgedAsSecurityOfDisclosureOfPropertyPlantAndEquipmentAndInvestmentPropertyProvidedAsCollateralOrSubjectToLeaseholdRightsOfDisclosureOfPropertyPlantAndEquipmentAndInvestmentPropertyProvidedAsCollateralOrSubjectToLeaseholdRightsTableOfItems,담보로 제공된 투자부동산
entity00164973_IrrMemberOfUnobservableInputsMemberOfDisclosureOfSignificantUnobservableInputsUsedInFairValueMeasurementOfAssetsTableOfMember,IRR [구성요소]
entity00164973_KbKookminBankMemberOfCounterpartiesMemberOfDisclosureOfCommitmentsOfFinancialInstitutionsDenominatedInKrwTableOfMember,KB국민은행 [구성요소]
entity00164973_KdbHgiGreenImpactInvestmentAssociationMemberOfAssociatesMemberOfDisclosureOfTransactionsBetweenRelatedPartiesTableOfMember,케이디비 대성-HGI 그린 임팩트 투자조합 [구성요소]
entity00164973_KeyManagementPersonnelCompensationTable,주요 경영진에 대한 보상
entity00164973_KeyManagementPersonnelCompensationTextBlock,주요 경영진에 대한 보상[ 문장영역 ]
entity00164973_KoreaCommunicationsFinancialAgencyAndOthersMemberOfCounterpartiesMemberOfDisclosureOfPropertyPlantAndEquipmentAndInvestmentPropertyProvidedAsCollateralOrSubjectToLeaseholdRightsTableOfMember,한국방송통신전파진흥원 등 [구성요소]
entity00164973_KoreaCommunicationsFinancialAgencyAndOthersMemberOfNameOfSecuredCreditorMemberOfDisclosureOfDetailedInformationAboutSecuredBankLoansReceivedTableOfMember,한국방송통신전파진흥원 등 [구성요소]
entity00164973_LawsuitsRelatedToAutomobileInsuranceDefendantInLawsuitsMemberOfDefendantInLawsuitsMemberOfDisclosureOfLegalProceedingsContingentLiabilityTableOfMember,"자동차보험, 피소 [구성요소]"
entity00164973_LawsuitsRelatedToAutomobileInsurancePlaintiffInLawsuitsMemberOfPlaintiffInLawsuitsMemberOfDisclosureOfLegalProceedingsContingentLiabilityTableOfMember,"자동차보험, 제소 [구성요소]"
entity00164973_LawsuitsRelatedToGeneralInsuranceAndOtherDefendantInLawsuitsMemberOfDefendantInLawsuitsMemberOfDisclosureOfLegalProceedingsContingentLiabilityTableOfMember,"일반보험 등, 피소 [구성요소]"
entity00164973_LawsuitsRelatedToGeneralInsuranceAndOtherPlaintiffInLawsuitsMemberOfPlaintiffInLawsuitsMemberOfDisclosureOfLegalProceedingsContingentLiabilityTableOfMember,"일반보험 등, 제소 [구성요소]"
entity00164973_LfMultimmoWorkingCapitalLoanMemberOfBorrowingsByNameMemberOfDisclosureOfDetailedInformationAboutOtherBorrowingsTableOfMember,LF Multimmo 영업자금대출 [구성요소]
entity00164973_LoansAtAmortisedCostRelatedPartyTransactionsOfDisclosureOfOutstandingBalancesForRelatedPartyTransactionsLineItemsOfDisclosureOfOutstandingBalancesForRelatedPartyTransactionsTableOfItems,"상각후원가측정대출채권, 특수관계자거래"
entity00164973_LoansReceivedDenominatedInForeignCurrencyOriginalCurrencyUsdOfDisclosureOfCommitmentsOfFinancialInstitutionsDenominatedInForeignCurrencyOfDisclosureOfCommitmentsOfFinancialInstitutionsDenominatedInForeignCurrencyTableOfItems,"금융기관 차입금(사채 제외), 기초통화금액 USD"
entity00164973_LoansUnderInsuranceTerms,보험약관대출금
entity00164973_LongTermInsuranceExcludingPensionAndSavingsInsuranceMemberOfLongTermInsuranceMemberOfDisclosureOfGeographicalAreasTableOfMember,연금저축이 제외된 장기보험 [구성요소]
entity00164973_LongTermInsuranceExcludingPensionAndSavingsInsuranceMemberOfLongTermInsuranceMemberOfDisclosureOfGeographicalAreasTotalTableOfMember,연금저축이 제외된 장기보험 [구성요소]
entity00164973_LongTermInsuranceNonParticipatingMemberOfLongTermInsuranceMemberOfDisclosureOfReconciliationOfChangesInInsuranceContractsIssuedByComponentsTableOfMember,장기보험(무배당) [구성요소]
entity00164973_LongTermInsuranceNonParticipatingOfLongTermInsuranceMemberOfDisclosureOfReconciliationOfChangesInInsuranceContractsIssuedByRemainingCoverageAndIncurredClaimsTableOfMember,장기보험(무배당)
entity00164973_LongTermInsuranceParticipatingMemberOfLongTermInsuranceMemberOfDisclosureOfReconciliationOfChangesInInsuranceContractsIssuedByComponentsTableOfMember,장기보험(유배당) [구성요소]
entity00164973_LongTermInsuranceParticipatingOfLongTermInsuranceMemberOfDisclosureOfReconciliationOfChangesInInsuranceContractsIssuedByRemainingCoverageAndIncurredClaimsTableOfMember,장기보험(유배당)
entity00164973_LossAdjustmentExpensesRelatedPartyTransactionsOfDisclosureOfTransactionsBetweenRelatedPartiesLineItemsOfDisclosureOfTransactionsBetweenRelatedPartiesTableOfItems,"손해조사비, 특수관계자거래"
entity00164973_MegaHgiDoubleImpactInvestmentAssociationMemberOfAssociatesMemberOfDisclosureOfTransactionsBetweenRelatedPartiesTableOfMember,메가-HGI 더블임팩트 투자조합 [구성요소]
entity00164973_MeritzHyundaiInvestmentRealEstateStrategyNo1PrivateEquityFundMemberOfAssociatesMemberOfDisclosureOfFinancialTransactionsBetweenRelatedPartiesTableOfMember,메리츠현대인베스트먼트리얼에스테이트스트레티지제1호사모투자합자회사 [구성요소]
entity00164973_MeritzHyundaiInvestmentRealEstateStrategyNo1PrivateEquityFundMemberOfAssociatesMemberOfDisclosureOfOutstandingBalancesForRelatedPartyTransactionsTableOfMember,메리츠현대인베스트먼트리얼에스테이트스트레티지제1호사모투자합자회사 [구성요소]
entity00164973_MiscellaneousFinancialAssetsMemberOfOtherFinancialAssetsMemberOfDetailsOfOtherFinancialAssetsAtAmortisedCostGrossCarryingAmountTableOfMember,그밖의 기타금융자산 [구성요소]
entity00164973_MunchenerHypothekenbankMemberOfCounterpartiesMemberOfDisclosureOfCommitmentsOfFinancialInstitutionsDenominatedInKrwTableOfMember,Munchener Hypothekenbank [구성요소]
entity00164973_MunchenerHypothekenbankMemberOfNameOfSecuredCreditorMemberOfDisclosureOfDetailedInformationAboutSecuredBankLoansReceivedTableOfMember,Munchener Hypothekenbank [구성요소]
entity00164973_MunchenerHypothekenbankWorkingCapitalLoanMemberOfBorrowingsByNameMemberOfDisclosureOfDetailedInformationAboutOtherBorrowingsTableOfMember,Munchener Hypothekenbank 영업자금대출 [구성요소]
entity00164973_NonControllingInterestsClassifiedFinancialLiabilitiesMemberOfFinancialLiabilitiesClassMemberOfOtherFinancialLiabilitiesTableOfMember,금융부채로 분류된 비지배지분 [구성요소]
entity00164973_NonControllingInterestsClassifiedFinancialLiabilitiesMemberOfLiabilitiesArisingFromFinancingActivitiesMemberOfDisclosureOfReconciliationOfLiabilitiesArisingFromFinancingActivitiesTableOfMember,금융부채로 분류된 비지배지분 [구성요소]
entity00164973_NonDividendOfAnnuitySavingFixedInterestPortfolioMemberOfFixedInterestPortfolioMemberOfDisclosureOfInformationAboutExpectedRecognitionOfContractualServiceMarginInProfitOrlossByPortfolioTableOfMember,"무배당연금저축, 금리고정형 [구성요소]"
entity00164973_NonDividendOfAnnuitySavingFloatingInterestPortfolioMemberOfFloatingInterestPortfolioMemberOfDisclosureOfInformationAboutExpectedRecognitionOfContractualServiceMarginInProfitOrlossByPortfolioTableOfMember,"무배당연금저축, 금리연동형 [구성요소]"
entity00164973_NonDividendOfDiseaseFixedInterestPortfolioMemberOfFixedInterestPortfolioMemberOfDisclosureOfInformationAboutExpectedRecognitionOfContractualServiceMarginInProfitOrlossByPortfolioTableOfMember,"무배당질병, 금리고정형 [구성요소]"
entity00164973_NonDividendOfDiseaseFloatingInterestPortfolioMemberOfFloatingInterestPortfolioMemberOfDisclosureOfInformationAboutExpectedRecognitionOfContractualServiceMarginInProfitOrlossByPortfolioTableOfMember,"무배당질병, 금리연동형 [구성요소]"
entity00164973_NonDividendOfInjuryFixedInterestPortfolioMemberOfFixedInterestPortfolioMemberOfDisclosureOfInformationAboutExpectedRecognitionOfContractualServiceMarginInProfitOrlossByPortfolioTableOfMember,"무배당상해, 금리고정형 [구성요소]"
entity00164973_NonDividendOfInjuryFloatingInterestPortfolioMemberOfFloatingInterestPortfolioMemberOfDisclosureOfInformationAboutExpectedRecognitionOfContractualServiceMarginInProfitOrlossByPortfolioTableOfMember,"무배당상해, 금리연동형 [구성요소]"
entity00164973_NonDividendOfWealthFixedInterestPortfolioMemberOfFixedInterestPortfolioMemberOfDisclosureOfInformationAboutExpectedRecognitionOfContractualServiceMarginInProfitOrlossByPortfolioTableOfMember,"무배당재물, 금리고정형 [구성요소]"
entity00164973_NonDividendOfWealthFloatingInterestPortfolioMemberOfFloatingInterestPortfolioMemberOfDisclosureOfInformationAboutExpectedRecognitionOfContractualServiceMarginInProfitOrlossByPortfolioTableOfMember,"무배당재물, 금리연동형 [구성요소]"
entity00164973_NonFinancialSegmentMemberOfReportableSegmentsMemberOfDisclosureOfOperatingSegmentsProfitOrLossTableOfMember,비금융업 [구성요소]
entity00164973_NonFinancialSegmentMemberOfReportableSegmentsMemberOfDisclosureOfOperatingSegmentsTableOfMember,비금융업 [구성요소]
entity00164973_NonOperatingIncomeRelatedPartyTransactionsOfDisclosureOfTransactionsBetweenRelatedPartiesLineItemsOfDisclosureOfTransactionsBetweenRelatedPartiesTableOfItems,"영업외수익, 특수관계자거래"
entity00164973_NondividendinsurancecontractsissuedthatareliabilitiesofinsurancecontractsissuedthatareliabilitiesOfInsuranceContractsIssuedThatAreLiabilities,배당요소가 없는 보험계약부채
entity00164973_NotesPayableMemberOfFinancialLiabilitiesClassMemberOfOtherFinancialLiabilitiesTableOfMember,지급어음 [구성요소]
entity00164973_OperatingExpensesRelatedPartyTransactionsOfDisclosureOfTransactionsBetweenRelatedPartiesLineItemsOfDisclosureOfTransactionsBetweenRelatedPartiesTableOfItems,"사업비, 특수관계자거래"
entity00164973_OtherComprehensiveIncomeBeforeTaxInsuranceFinanceIncomeExpensesFromInsuranceContractsOfDisclosureOfAnalysisOfInsuranceFinanceIncomeExpensesTotalOfDisclosureOfAnalysisOfInsuranceFinanceIncomeExpensesTotalTableOfItems,"세전기타포괄손익, 당기손익에서 제외되는 보험계약의 금융수익(비용)"
entity00164973_OtherSubsidiariesMemberOfSubsidiariesMemberOfDisclosureOfOutstandingBalancesForRelatedPartyTransactionsTableOfMember,기타 종속기업 [구성요소]
entity00164973_OtherSubsidiariesMemberOfSubsidiariesMemberOfDisclosureOfTransactionsBetweenRelatedPartiesTableOfMember,기타 종속기업 [구성요소]
entity00164973_OverdraftMemberOfTypesOfCommitmentsMemberOfDisclosureOfCommitmentsOfFinancialInstitutionsDenominatedInKrwTableOfMember,당좌차월약정 [구성요소]
entity00164973_PayablesRelatedPartyTransactionsOfDisclosureOfOutstandingBalancesForRelatedPartyTransactionsLineItemsOfDisclosureOfOutstandingBalancesForRelatedPartyTransactionsTableOfItems,"미지급금, 특수관계자거래"
entity00164973_PaymentGuaranteesRelatedToDepositsAndOthersMemberOfReceivedPaymentGuaranteeMemberOfDisclosureOfReceivedPaymentGuaranteesTableOfMember,공탁금 등 관련 지급보증 [구성요소]
entity00164973_PinestreetGlobalCorporateFinanceFund103MemberOfSubsidiariesMemberOfDisclosureOfFinancialTransactionsBetweenRelatedPartiesTableOfMember,파인스트리트글로벌기업금융일반사모투자신탁10-3호 [구성요소]
entity00164973_PlannedDonationAmountThrough2029OfDisclosureOfTransactionsBetweenRelatedPartiesLineItemsOfDisclosureOfTransactionsBetweenRelatedPartiesTableOfItems,2029년까지 기부 예정금액
entity00164973_PopulationVitalityHgiMyscInvestmentAssociationMemberOfAssociatesMemberOfDisclosureOfTransactionsBetweenRelatedPartiesTableOfMember,인구활력 HGI-MYSC 투자조합 [구성요소]
entity00164973_PostemploymentBenefitExpense,퇴직급여
entity00164973_PresentValueDiscountAndGrossCarryingAmountBeforeDeferredMiscellaneousGainsLossMemberOfCarryingAmountMemberOfDetailsOfFinancialAssetsAtAmortisedCostTableOfMember,현재가치할인차금 및 이연부대손익 반영 전 총장부금액 [구성요소]
entity00164973_PropertyManagementExpensesRelatedPartyTransactionsOfDisclosureOfTransactionsBetweenRelatedPartiesLineItemsOfDisclosureOfTransactionsBetweenRelatedPartiesTableOfItems,"재산관리비, 특수관계자거래"
entity00164973_ProvidedPaymentGuarantee1MemberOfProvidedPaymentGuaranteeMemberOfDisclosureOfDetailsOfLetterOfCreditRelatedToPaymentGuaranteesTableOfMember,제공한 지급보증 1 [구성요소]
entity00164973_ProvidedPaymentGuarantee2MemberOfProvidedPaymentGuaranteeMemberOfDisclosureOfDetailsOfLetterOfCreditRelatedToPaymentGuaranteesTableOfMember,제공한 지급보증 2 [구성요소]
entity00164973_ProvidedPaymentGuarantee3MemberOfProvidedPaymentGuaranteeMemberOfDisclosureOfDetailsOfLetterOfCreditRelatedToPaymentGuaranteesTableOfMember,제공한 지급보증 3 [구성요소]
entity00164973_ProvisionOfGuaranteesByEntityDenominatedInForeignCurrencyOriginalCurrencyUsdOfDisclosureOfDetailsOfLetterOfCreditRelatedToPaymentGuaranteesLineItemsOfDisclosureOfDetailsOfLetterOfCreditRelatedToPaymentGuaranteesTableOfItems,"보증금액, 기초통화금액 USD"
entity00164973_RealEstateManagementExpensesRelatedPartyTransactionsOfDisclosureOfTransactionsBetweenRelatedPartiesLineItemsOfDisclosureOfTransactionsBetweenRelatedPartiesTableOfItems,"부동산관리비, 특수관계자거래"
entity00164973_RealEstateMortgageLoan,보험약관대출금
entity00164973_RealEstateSecuredLoanToExecutivesEtcAbstract,임원에 대한 부동산담보대출 등[ 개요 ]
entity00164973_RealEstateSecuredLoanToExecutivesEtcOfRealEstateSecuredLoanToExecutivesEtcTableOfLineItems,임원에 대한 부동산담보대출 등
entity00164973_RealEstateSecuredLoanToExecutivesEtcRepaymentAbstract,"임원에 대한 부동산담보대출 등, 상환[ 개요 ]"
entity00164973_RealEstateSecuredLoanToExecutivesEtcRepaymentOfRealEstateSecuredLoanToExecutivesEtcRepaymentTableOfLineItems,"임원에 대한 부동산담보대출 등, 상환"
entity00164973_RealEstateSecuredLoanToExecutivesEtcRepaymentTable,"임원에 대한 부동산담보대출 등, 상환"
entity00164973_RealEstateSecuredLoanToExecutivesEtcRepaymentTextBlock,"임원에 대한 부동산담보대출 등, 상환[ 문장영역 ]"
entity00164973_RealEstateSecuredLoanToExecutivesEtcTable,임원에 대한 부동산담보대출 등
entity00164973_RealEstateSecuredLoanToExecutivesEtcTextBlock,임원에 대한 부동산담보대출 등[ 문장영역 ]
entity00164973_RealEstateSecuredLoansToExecutivesEtcAbstract,임원에 대한 부동산담보대출 등[ 개요 ]
entity00164973_RealEstateSecuredLoansToExecutivesEtcOfTitle202654144522398TableOfLineItems,임원에 대한 부동산담보대출 등
entity00164973_RealEstateSecuredLoansToExecutivesEtcRepaymentAbstract,"임원에 대한 부동산담보대출 등, 상환[ 개요 ]"
entity00164973_RealEstateSecuredLoansToExecutivesEtcRepaymentOfRealEstateSecuredLoansToExecutivesEtcRepaymentTableOfLineItems,"임원에 대한 부동산담보대출 등, 상환"
entity00164973_RealEstateSecuredLoansToExecutivesEtcRepaymentTable,"임원에 대한 부동산담보대출 등, 상환"
entity00164973_RealEstateSecuredLoansToExecutivesEtcRepaymentTextBlock,"임원에 대한 부동산담보대출 등, 상환[ 문장영역 ]"
entity00164973_RealEstateSecuredLoansToExecutivesEtcTable,임원에 대한 부동산담보대출 등
entity00164973_RealEstateSecuredLoansToExecutivesEtcTextBlock,임원에 대한 부동산담보대출 등[ 문장영역 ]
entity00164973_ReceivablesRelatedPartyTransactionsOfDisclosureOfOutstandingBalancesForRelatedPartyTransactionsLineItemsOfDisclosureOfOutstandingBalancesForRelatedPartyTransactionsTableOfItems,"미수금, 특수관계자거래"
entity00164973_RefundsOfReinsurancePremiumsCededOfDisclosureOfReconciliationOfChangesInReinsuranceContractsByRemainingCoverageAndIncurredClaimsLineItemsOfDisclosureOfReconciliationOfChangesInReinsuranceContractsByRemainingCoverageAndIncurredClaimsTableOfItems,출재환급금
entity00164973_ReplacementOfAccountsPayableForIntangibleAssetOfDisclosureOfSignificantTransactionWithoutCashFlowLineItemsOfDisclosureOfSignificantTransactionWithoutCashFlowTableOfItems,무형자산의 취득 관련 미지급금의 대체
entity00164973_ReplacementOfAccountsPayableForPropertyPlantAndEquipmentOfDisclosureOfSignificantTransactionWithoutCashFlowLineItemsOfDisclosureOfSignificantTransactionWithoutCashFlowTableOfItems,유형자산의 취득 관련 미지급금의 대체
entity00164973_ReplacementOfAdvancedPaymentForIntangibleAssetOfDisclosureOfSignificantTransactionWithoutCashFlowLineItemsOfDisclosureOfSignificantTransactionWithoutCashFlowTableOfItems,무형자산의 취득 관련 선급금의 대체
entity00164973_ReplacementOfAdvancedPaymentForPropertyPlantAndEquipmentOfDisclosureOfSignificantTransactionWithoutCashFlowLineItemsOfDisclosureOfSignificantTransactionWithoutCashFlowTableOfItems,유형자산의 취득 관련 선급금의 대체
entity00164973_ReserveOfCreditLossesOfFinancialAssetsMeasuredAtFairValueThroughOtherComprehensiveIncomeOfDisclosureOfReservesWithinEquityLineItemsOfDisclosureOfReservesWithinEquityTableOfItems,기타포괄손익-공정가치 측정 금융자산 신용손실 적립금
entity00164973_ReserveOfGainsAndLossesOnFinancialAssetsAtFairValueThroughOtherComprehensiveIncomeOfDisclosureOfReservesWithinEquityLineItemsOfDisclosureOfReservesWithinEquityTableOfItems,공정가치평가를 기타포괄손익으로 인식하는 금융자산 차손익 적립금
entity00164973_ReserveOfShareOfOtherComprehensiveIncomeOfAssociatesAndJointVenturesAccountedForUsingEquityMethodOfDisclosureOfReservesWithinEquityLineItemsOfDisclosureOfReservesWithinEquityTableOfItems,지분법자본변동 적립금
entity00164973_RevenueFromInterestRelatedPartyTransactionsOfDisclosureOfTransactionsBetweenRelatedPartiesLineItemsOfDisclosureOfTransactionsBetweenRelatedPartiesTableOfItems,"이자수익, 특수관계자거래"
entity00164973_RootImpactMemberOfOtherRelatedPartiesMemberOfDisclosureOfTransactionsBetweenRelatedPartiesTableOfMember,사단법인루트임팩트 [구성요소]
entity00164973_SamsungAssetManagementRepurchaseAgreementsMemberOfBorrowingsByNameMemberOfDisclosureOfDetailedInformationAboutOtherBorrowingsTableOfMember,삼성자산운용 환매조건부채권매도 [구성요소]
entity00164973_SecuritiesDenominatedInForeignCurrencyAtFairValueThroughProfitOrLossMemberOfFinancialAssetsAtFairValueThroughProfitOrLossCategoryMemberOfValuationTechniquesAndInputsUsedInFairValueMeasurementOfLevel2AssetsTableOfMember,당기손익-공정가치측정외화유가증권 [구성요소]
entity00164973_SecuritiesDenominatedInForeignCurrencyAtFairValueThroughProfitOrLossMemberOfFinancialAssetsAtFairValueThroughProfitOrLossCategoryMemberOfValuationTechniquesAndInputsUsedInFairValueMeasurementOfLevel3AssetsTableOfMember,당기손익-공정가치측정외화유가증권 [구성요소]
entity00164973_SecuritiesDenominatedInForeignCurrencyMeasuredAtFairValueThroughOtherComprehensiveIncomeCategoryMemberOfFinancialAssetsAtFairValueThroughOtherComprehensiveIncomeCategoryMemberOfValuationTechniquesAndInputsUsedInFairValueMeasurementOfLevel2AssetsTableOfMember,기타포괄손익-공정가치측정외화유가증권 [구성요소]
entity00164973_Securitiesdenominatedinforeigncurrencyatfairvaluethroughprofitorlossmemberoffinancialassetsatfairvalueclassmemberofvaluationtechniquesandinputsusedinfairvaluemeasurementoflevel2assetstableofmemberOfFinancialAssetsAtFairValueThroughProfitOrLossCategoryMemberOfValuationTechniquesAndInputsUsedInFairValueMeasurementOfLevel2AssetsTableOfMember,당기손익-공정가치측정외화유가증권 [구성요소]
entity00164973_Securitiesdenominatedinforeigncurrencyatfairvaluethroughprofitorlossmemberoffinancialassetsatfairvalueclassmemberofvaluationtechniquesandinputsusedinfairvaluemeasurementoflevel3assetstableofmemberOfFinancialAssetsAtFairValueThroughProfitOrLossCategoryMemberOfValuationTechniquesAndInputsUsedInFairValueMeasurementOfLevel3AssetsTableOfMember,당기손익-공정가치측정외화유가증권 [구성요소]
entity00164973_Securitiesdenominatedinforeigncurrencymeasuredatfairvaluethroughothercomprehensiveincomecategorymemberoffinancialassetsatfairvalueclassmemberofvaluationtechniquesandinputsusedinfairvaluemeasurementoflevel2assetstableofmemberOfFinancialAssetsAtFairValueThroughOtherComprehensiveIncomeCategoryMemberOfValuationTechniquesAndInputsUsedInFairValueMeasurementOfLevel2AssetsTableOfMember,기타포괄손익-공정가치측정외화유가증권 [구성요소]
entity00164973_SeoulBroadcastingSystemAndOthersMemberOfCounterpartiesMemberOfDisclosureOfPropertyPlantAndEquipmentAndInvestmentPropertyProvidedAsCollateralOrSubjectToLeaseholdRightsTableOfMember,에스비에스 등 [구성요소]
entity00164973_SeoulBroadcastingSystemAndOthersMemberOfNameOfSecuredCreditorMemberOfDisclosureOfDetailedInformationAboutSecuredBankLoansReceivedTableOfMember,에스비에스 등 [구성요소]
entity00164973_ShinhanBankMemberOfCounterpartiesMemberOfDisclosureOfCommitmentsOfFinancialInstitutionsDenominatedInKrwTableOfMember,신한은행 [구성요소]
entity00164973_ShinhanHgiCorpInvestmentAssociationMemberOfAssociatesMemberOfDisclosureOfTransactionsBetweenRelatedPartiesTableOfMember,신한-HGI 사회적기업 투자조합 [구성요소]
entity00164973_SignificanceOfInputsUsedInTheFairValueMeasurementOfDisclosureOfLevelOfFairValueHierarchyWithinWhichFairValueMeasurementIsCategorisedOfDisclosureOfLevelOfFairValueHierarchyWithinWhichFairValueMeasurementIsCategorisedTableOfItems,투입변수의 유의성
entity00164973_SsOfAssociatesMemberOfDisclosureOfFinancialTransactionsBetweenRelatedPartiesTableOfMember,케이디비 대성-HGI 그린 임팩트 투자조합 [구성요소]
entity00164973_StadsparkasseDusseldorfMemberOfCounterpartiesMemberOfDisclosureOfCommitmentsOfFinancialInstitutionsDenominatedInKrwTableOfMember,Stadsparkasse Dusseldorf [구성요소]
entity00164973_StadsparkasseDusseldorfMemberOfNameOfSecuredCreditorMemberOfDisclosureOfDetailedInformationAboutSecuredBankLoansReceivedTableOfMember,Stadsparkasse Dusseldorf [구성요소]
entity00164973_StadsparkasseDusseldorfWorkingCapitalLoanMemberOfBorrowingsByNameMemberOfDisclosureOfDetailedInformationAboutOtherBorrowingsTableOfMember,Stadsparkasse Dusseldorf 영업자금대출 [구성요소]
entity00164973_StandardCharteredBankKoreaLimtedMemberOfCounterpartiesMemberOfDisclosureOfCommitmentsOfFinancialInstitutionsDenominatedInKrwTableOfMember,SC제일은행 [구성요소]
entity00164973_StartupKoreaHgiDemoTechFundOfAssociatesMemberOfDisclosureOfFinancialTransactionsBetweenRelatedPartiesTableOfMember,스타트업코리아HGI데모테크펀드
entity00164973_TermsAndConditionsOfCollateralProvidedOfDisclosureOfDetailedInformationAboutSecuredBankLoansReceivedOfDisclosureOfDetailedInformationAboutSecuredBankLoansReceivedTableOfItems,담보제공조건
entity00164973_TermsAndConditionsOfCollateralProvidedOfDisclosureOfPropertyPlantAndEquipmentAndInvestmentPropertyProvidedAsCollateralOrSubjectToLeaseholdRightsOfDisclosureOfPropertyPlantAndEquipmentAndInvestmentPropertyProvidedAsCollateralOrSubjectToLeaseholdRightsTableOfItems,담보제공조건
entity00164973_TigerAlternativeGeneralPrivateRealEstateInvestmentTrustNo73MemberOfSubsidiariesMemberOfDisclosureOfFinancialTransactionsBetweenRelatedPartiesTableOfMember,플랫폼파트너스 BETP IV 일반사모특별자산투자신탁제1호 [구성요소]
entity00164973_Title2025113153512243Abstract,영업 및 파생상품 계약 등을 위하여 담보로 제공된 비금융자산에 대한 공시[ 개요 ]
entity00164973_Title2025113153513240LineItems,영업 및 파생상품 계약 등을 위하여 담보로 제공된 비금융자산에 대한 공시 [ 항목 ]
entity00164973_Title202511315445789Abstract,"담보 제공 및 전세권 등이 설정된 유형자산, 투자부동산의 내역[ 개요 ]"
entity00164973_Title2025113154458357LineItems,"담보 제공 및 전세권 등이 설정된 유형자산, 투자부동산의 내역 [ 항목 ]"
entity00164973_Title2025113171415341Abstract,"지역에 대한 공시, 합계[ 개요 ]"
entity00164973_Title2025113171416526LineItems,"지역에 대한 공시, 합계 [ 항목 ]"
entity00164973_Title2025514163447466Abstract,기타포괄손익-공정가치 측정 항목으로 지정된 지분상품 투자의 공정가치에 대한 공시[ 개요 ]
entity00164973_Title202551416344871LineItems,기타포괄손익-공정가치 측정 항목으로 지정된 지분상품 투자의 공정가치에 대한 공시 [ 항목 ]
entity00164973_Title2025514171341641Abstract,기타포괄손익-공정가치측정금융자산 총장부금액 변동내역[ 개요 ]
entity00164973_Title2025514171342253LineItems,기타포괄손익-공정가치측정금융자산 총장부금액 변동내역 [ 항목 ]
entity00164973_Title2025514174526405Abstract,상각후원가측정대출채권 총장부금액 변동내역[ 개요 ]
entity00164973_Title2025514174527272LineItems,상각후원가측정대출채권 총장부금액 변동내역 [ 항목 ]
entity00164973_Title202551417538588Abstract,상각후원가측정기타금융자산의 내역 (총장부금액)[ 개요 ]
entity00164973_Title202551417539180LineItems,상각후원가측정기타금융자산의 내역 (총장부금액) [ 항목 ]
entity00164973_Title2025514175914710LineItems,상각후원가측정기타금융자산의 변동내역 [ 항목 ]
entity00164973_Title202551417591471Abstract,상각후원가측정기타금융자산에 대한 손실충당금 변동내역[ 개요 ]
entity00164973_Title2025515175510629Abstract,기타차입금에 대한 세부 정보 공시[ 개요 ]
entity00164973_Title2025515175511262LineItems,기타차입금에 대한 세부 정보 공시 [ 항목 ]
entity00164973_Title202551518534684Abstract,사채에 대한 세부 정보 공시[ 개요 ]
entity00164973_Title202551518535309LineItems,사채에 대한 세부 정보 공시 [ 항목 ]
entity00164973_Title2025516115854644Abstract,지급보증에 대한 공시[ 개요 ]
entity00164973_Title2025516115855266LineItems,지급보증에 대한 공시 [ 항목 ]
entity00164973_Title2025516142841538Abstract,"영업부문에 대한 공시, 손익[ 개요 ]"
entity00164973_Title2025516142842158LineItems,"영업부문에 대한 공시, 손익 [ 항목 ]"
entity00164973_Title202551614355616Abstract,순확정급여부채(자산)에 대한 공시(공시금액)[ 개요 ]
entity00164973_Title2025516143556671LineItems,순확정급여부채(자산)에 대한 공시(공시금액) [ 항목 ]
entity00164973_Title202551911334520Abstract,공정가치측정 분류내의 공정가치 서열체계의 수준에 대한 공시[ 개요 ]
entity00164973_Title202551911335190LineItems,공정가치측정 분류내의 공정가치 서열체계의 수준에 대한 공시 [ 항목 ]
entity00164973_Title2025519113448945Abstract,비파생금융자산 공정가치측정에 사용된 평가기법[ 개요 ]
entity00164973_Title2025519113449674LineItems,비파생금융자산 공정가치측정에 사용된 평가기법 [ 항목 ]
entity00164973_Title2025519113650380Abstract,파생상품 공정가치측정에 사용된 평가기법[ 개요 ]
entity00164973_Title202551911365129LineItems,파생상품 공정가치측정에 사용된 평가기법 [ 항목 ]
entity00164973_Title2025519113829882Abstract,비파생금융부채 공정가치측정에 사용된 평가기법[ 개요 ]
entity00164973_Title2025519113830561LineItems,비파생금융부채 공정가치측정에 사용된 평가기법 [ 항목 ]
entity00164973_Title2025519141648376Abstract,금융부채의 범주별 손익의 공시[ 개요 ]
entity00164973_Title202551914164954LineItems,금융부채의 범주별 손익의 공시 [ 항목 ]
entity00164973_Title2025519142055420Abstract,파생상품 손익의 공시[ 개요 ]
entity00164973_Title202551914205655LineItems,파생상품 손익의 공시 [ 항목 ]
entity00164973_Title2025521152310328Abstract,상각후원가측정기타금융자산 장부금액의 세부내역[ 개요 ]
entity00164973_Title2025521152311412LineItems,상각후원가측정기타금융자산 장부금액의 세부내역 [ 항목 ]
entity00164973_Title202552115819266Abstract,상각후원가측정금융자산 장부금액의 세부내역[ 개요 ]
entity00164973_Title202552115820133LineItems,상각후원가측정금융자산 장부금액의 세부내역 [ 항목 ]
entity00164973_Title2025529103410513LineItems,기타포괄손익누계액에 계상된 기타포괄손익-공정가치측정금융자산평가손익의 변동내역 [ 항목 ]
entity00164973_Title202552910349893Abstract,기타포괄손익누계액에 계상된 기타포괄손익-공정가치측정금융자산평가손익의 변동내역[ 개요 ]
entity00164973_Title2025529112128995Abstract,"담보제공 및 전세권 등이 설정된 유형자산, 투자부동산의 내역[ 개요 ]"
entity00164973_Title2025529112129737LineItems,담보부 금융기관 차입금에 대한 세부 정보 공시 [ 항목 ]
entity00164973_Title2025529112852122Abstract,영업 및 파생상품 계약 등을 위하여 담보로 제공된 자산에 대한 공시[ 개요 ]
entity00164973_Title2025529112852770LineItems,영업 및 파생상품 계약 등을 위하여 담보로 제공된 자산에 대한 공시 [ 항목 ]
entity00164973_Title2025529114414507Abstract,위험회피회계에 관련된 위험관리전략에 대한 공시[ 개요 ]
entity00164973_Title2025529114415157LineItems,위험회피회계에 관련된 위험관리전략에 대한 공시 [ 항목 ]
entity00164973_Title2025529125415735Abstract,"보험계약부채(자산)에 대한 세부내역, 보험료배분접근법을 적용한 보험계약 외의 보험계약[ 개요 ]"
entity00164973_Title2025529125416424LineItems,"보험계약부채(자산)에 대한 세부내역, 보험료배분접근법을 적용한 보험계약 외의 보험계약 [ 항목 ]"
entity00164973_Title2025529125955223Abstract,"보험계약부채(자산)에 대한 세부내역, 보험료배분접근법을 적용한 보험계약[ 개요 ]"
entity00164973_Title2025529125955879LineItems,"보험계약부채(자산)에 대한 세부내역, 보험료배분접근법을 적용한 보험계약 [ 항목 ]"
entity00164973_Title2025529131058623Abstract,"재보험계약부채(자산)에 대한 세부내역, 보험료배분접근법을 적용한 보험계약[ 개요 ]"
entity00164973_Title2025529131059284LineItems,"재보험계약부채(자산)에 대한 세부내역, 보험료배분접근법을 적용한 보험계약 [ 항목 ]"
entity00164973_Title202552913642954Abstract,"재보험계약부채(자산)에 대한 세부내역, 보험료배분접근법을 적용한 보험계약 외의 보험계약[ 개요 ]"
entity00164973_Title202552913643579LineItems,"재보험계약부채(자산)에 대한 세부내역, 보험료배분접근법을 적용한 보험계약 외의 보험계약 [ 항목 ]"
entity00164973_Title202552914264371Abstract,"발행보험의 보험수익 분석 공시, 보험료배분접근법을 적용한 보험계약[ 개요 ]"
entity00164973_Title20255291426525LineItems,"발행보험의 보험수익 분석 공시, 보험료배분접근법을 적용한 보험계약 [ 항목 ]"
entity00164973_Title2025529144915209Abstract,"재보험비용 분석 공시, 보험료배분접근법을 적용한 보험계약[ 개요 ]"
entity00164973_Title202552914491631LineItems,"재보험비용 분석 공시, 보험료배분접근법을 적용한 보험계약 [ 항목 ]"
entity00164973_Title202552915431462Abstract,"보험계약부채(자산)의 잔여보장부채 변동분과 발생사고부채 변동분의 차이조정 공시, 자동차보험[ 개요 ]"
entity00164973_Title202552915432155LineItems,"보험계약부채(자산)의 잔여보장부채 변동분과 발생사고부채 변동분의 차이조정 공시, 자동차보험 [ 항목 ]"
entity00164973_Title2025529155150377Abstract,"보험계약부채(자산)의 잔여보장부채 변동분과 발생사고부채 변동분의 차이조정 공시, 일반보험[ 개요 ]"
entity00164973_Title202552915515110LineItems,"보험계약부채(자산)의 잔여보장부채 변동분과 발생사고부채 변동분의 차이조정 공시, 일반보험 [ 항목 ]"
entity00164973_Title202552916302811Abstract,"재보험계약자산(부채)의 잔여보장부채 변동분과 발생사고부채 변동분의 차이조정 공시, 자동차보험[ 개요 ]"
entity00164973_Title2025529163028638LineItems,"재보험계약자산(부채)의 잔여보장부채 변동분과 발생사고부채 변동분의 차이조정 공시, 자동차보험 [ 항목 ]"
entity00164973_Title2025529163652134Abstract,"재보험계약자산(부채)의 잔여보장부채 변동분과 발생사고부채 변동분의 차이조정 공시, 일반보험[ 개요 ]"
entity00164973_Title2025529163652758LineItems,"재보험계약자산(부채)의 잔여보장부채 변동분과 발생사고부채 변동분의 차이조정 공시, 일반보험 [ 항목 ]"
entity00164973_Title202552917123765Abstract,"금융기관 약정에 대한 공시, 원화[ 개요 ]"
entity00164973_Title202552917124473LineItems,"금융기관 약정에 대한 공시, 원화 [ 항목 ]"
entity00164973_Title202552917207793LineItems,"금융기관 약정에 대한 공시, 외화 [ 항목 ]"
entity00164973_Title20255291720785Abstract,"금융기관 약정에 대한 공시, 외화[ 개요 ]"
entity00164973_Title2025529172358945Abstract,약정에 대한 공시[ 개요 ]
entity00164973_Title2025529172359571LineItems,약정에 대한 공시 [ 항목 ]
entity00164973_Title2025529202536586Abstract,현금흐름 위험회피수단에 대한 세부 정보 공시[ 개요 ]
entity00164973_Title2025529202537212LineItems,현금흐름 위험회피수단에 대한 세부 정보 공시 [ 항목 ]
entity00164973_Title2025529203534514Abstract,현금흐름 위험회피대상항목에 대한 상세한 정보의 공시[ 개요 ]
entity00164973_Title2025529203535156LineItems,현금흐름 위험회피대상항목에 대한 상세한 정보의 공시 [ 항목 ]
entity00164973_Title2025530142219314Abstract,"포트폴리오별 보험계약부채(자산)에 대한 세부 공시, 보험료배분접근법을 적용한 보험계약 외의 보험계약[ 개요 ]"
entity00164973_Title2025530142219962LineItems,"포트폴리오별 보험계약부채(자산)에 대한 세부 공시, 보험료배분접근법을 적용한 보험계약 외의 보험계약 [ 항목 ]"
entity00164973_Title202553014329100Abstract,"포트폴리오별 보험계약부채(자산)에 대한 세부 공시, 보험료배분접근법을 적용한 보험계약[ 개요 ]"
entity00164973_Title202553014329772LineItems,"포트폴리오별 보험계약부채(자산)에 대한 세부 공시, 보험료배분접근법을 적용한 보험계약 [ 항목 ]"
entity00164973_Title2025530171322799Abstract,"공정가치로 측정되지 않으나 공정가치가 공시되는 자산,부채의 서열체계별 공정가치, 수준 2와 3 자산[ 개요 ]"
entity00164973_Title2025530171323732LineItems,"공정가치로 측정되지 않으나 공정가치가 공시되는 자산,부채의 서열체계별 공정가치, 수준 2와 3 자산 [ 항목 ]"
entity00164973_Title2025530174724849Abstract,"공정가치로 측정되지 않으나 공정가치가 공시되는 자산,부채의 서열체계별 공정가치, 수준 2와 3 부채[ 개요 ]"
entity00164973_Title2025530174725514LineItems,"공정가치로 측정되지 않으나 공정가치가 공시되는 자산,부채의 서열체계별 공정가치, 수준 2와 3 부채 [ 항목 ]"
entity00164973_Title2025617155237230Abstract,영업 및 파생상품 계약 등을 위하여 담보로 제공된 비금융자산에 대한 공시[ 개요 ]
entity00164973_Title2025617155237926LineItems,영업 및 파생상품 계약 등을 위하여 담보로 제공된 비금융자산에 대한 공시[ 항목 ]
entity00164973_Title2025617175124105Abstract,기타포괄손익으로 인식한 외환차이 내역에 대한 공시[ 개요 ]
entity00164973_Title2025617175124816LineItems,기타포괄손익으로 인식한 외환차이 내역에 대한 공시 [ 항목 ]
entity00164973_Title2025618143955986Abstract,전환방법 별 보험수익에 미치는 효과에 대한 공시[ 개요 ]
entity00164973_Title2025618143957398LineItems,전환방법 별 보험수익에 미치는 효과에 대한 공시 [ 항목 ]
entity00164973_Title2025625155313583Abstract,특수관계자 약정에 관한 공시[ 개요 ]
entity00164973_Title2025625155314381LineItems,특수관계자 약정에 관한 공시 [ 항목 ]
entity00164973_Title2025626142045425Abstract,금융상품의 범주별 외화관련 손익의 공시[ 개요 ]
entity00164973_Title2025626142046183LineItems,금융상품의 범주별 외화관련 손익의 공시 [ 항목 ]
entity00164973_Title20256410183185Abstract,종업원급여의 내역에 대한 공시[ 개요 ]
entity00164973_Title20256410183843LineItems,종업원급여의 내역에 대한 공시 [ 항목 ]
entity00164973_Title202564131827779Abstract,영업에서 창출된 현금흐름 내역에 대한 공시[ 개요 ]
entity00164973_Title202564131828612LineItems,영업에서 창출된 현금흐름 내역에 대한 공시 [ 항목 ]
entity00164973_Title202564142347804Abstract,지급보증 관련 이행보증신용장의 내역에 대한 공시[ 개요 ]
entity00164973_Title202564142348467LineItems,지급보증 관련 이행보증신용장의 내역에 대한 공시 [ 항목 ]
entity00164973_Title2025641435836Abstract,현금의 유입과 유출이 없는 중요한 거래내용에 대한 공시[ 개요 ]
entity00164973_Title2025641436602LineItems,현금의 유입과 유출이 없는 중요한 거래내용에 대한 공시 [ 항목 ]
entity00164973_Title20256913336724Abstract,주요 경영진에 대한 보상[ 개요 ]
entity00164973_Title20256913337712LineItems,주요 경영진에 대한 보상 [ 항목 ]
entity00164973_Title202569155538165Abstract,평가기법 및 투입변수 수준2 파생상품자산[ 개요 ]
entity00164973_Title202569155538822LineItems,평가기법 및 투입변수 수준2 파생상품자산 [항목]
entity00164973_Title20258140112352Abstract,"전환방법 별 보험계약마진의 변동에 대한 공시, 합계[ 개요 ]"
entity00164973_Title20258140113165LineItems,"전환방법 별 보험계약마진의 변동에 대한 공시, 합계 [항목]"
entity00164973_Title202581402517917Abstract,"포트폴리오별 보험계약부채(자산)에 대한 세부 공시, 보험료배분접근법을 적용한 보험계약 외의 보험계약, 합계[ 개요 ]"
entity00164973_Title2025814025199LineItems,"포트폴리오별 보험계약부채(자산)에 대한 세부 공시, 보험료배분접근법을 적용한 보험계약 외의 보험계약, 합계 [항목]"
entity00164973_Title20258141454778Abstract,"발행보험의 보험수익 분석 공시, 합계[ 개요 ]"
entity00164973_Title20258141454880LineItems,"발행보험의 보험수익 분석 공시, 합계 [항목]"
entity00164973_Title202581415021776Abstract,"재보험비용 분석 공시, 합계[ 개요 ]"
entity00164973_Title202581415022660LineItems,"재보험비용 분석 공시, 합계 [항목]"
entity00164973_Title2025814281835Abstract,"보험금융수익(비용) 분석 공시, 합계[ 개요 ]"
entity00164973_Title202581428333LineItems,"보험금융수익(비용) 분석 공시, 합계 [항목]"
entity00164973_TransferFromCapitalSurplusToRetainedEarningsOfIncreaseDecreaseThroughTransactionsWithOwnersAbstract,자본잉여금의 대체
entity00164973_TransferFromCapitalSurplustoretainedearningsOfIncreaseDecreaseThroughTransactionsWithOwnersAbstract,자본잉여금의 대체
entity00164973_TransferFromPropertyPlantAndEquipmentToInvestmentPropertyOfDisclosureOfSignificantTransactionWithoutCashFlowLineItemsOfDisclosureOfSignificantTransactionWithoutCashFlowTableOfItems,투자부동산의 유형자산 대체
entity00164973_UnguaranteedSubordinatedBonds21MemberOfBorrowingsByNameMemberOfDisclosureOfDetailedInformationAboutBondsIssuedTableOfMember,무보증후순위사채7 [구성요소]
entity00164973_UnguaranteedSubordinatedBonds22MemberOfBorrowingsByNameMemberOfDisclosureOfDetailedInformationAboutBondsIssuedTableOfMember,무보증후순위사채2-2 [구성요소]
entity00164973_UnguaranteedSubordinatedBonds3MemberOfBorrowingsByNameMemberOfDisclosureOfDetailedInformationAboutBondsIssuedTableOfMember,무보증후순위사채3 [구성요소]
entity00164973_UnguaranteedSubordinatedBonds4MemberOfBorrowingsByNameMemberOfDisclosureOfDetailedInformationAboutBondsIssuedTableOfMember,무보증후순위사채4 [구성요소]
entity00164973_UnguaranteedSubordinatedBonds5MemberOfBorrowingsByNameMemberOfDisclosureOfDetailedInformationAboutBondsIssuedTableOfMember,무보증후순위사채5 [구성요소]
entity00164973_UnguaranteedSubordinatedBonds6MemberOfBorrowingsByNameMemberOfDisclosureOfDetailedInformationAboutBondsIssuedTableOfMember,무보증후순위사채6 [구성요소]
entity00164973_ValuationTechniquesAndInputsUsedInFairValueMeasurementOfLevel2DerivativeAssetsTable,평가기법 및 투입변수 수준2 파생상품자산
entity00164973_ValuationTechniquesAndInputsUsedInFairValueMeasurementOfLevel2DerivativeAssetsTextBlock,평가기법 및 투입변수 수준2 파생상품자산[ 문장영역 ]
entity00164973_ValuationTechniquesUsedInFairValueMeasurementOfDerivativesTable,파생상품 공정가치측정에 사용된 평가기법
entity00164973_ValuationTechniquesUsedInFairValueMeasurementOfDerivativesTextBlock,파생상품 공정가치측정에 사용된 평가기법[ 문장영역 ]
entity00164973_ValuationTechniquesUsedInFairValueMeasurementOfNonDerivativeFinancialAssetsTable,비파생금융자산 공정가치측정에 사용된 평가기법
entity00164973_ValuationTechniquesUsedInFairValueMeasurementOfNonDerivativeFinancialAssetsTextBlock,비파생금융자산 공정가치측정에 사용된 평가기법[ 문장영역 ]
entity00164973_ValuationTechniquesUsedInFairValueMeasurementOfNonDerivativeFinancialLiabilitiesTable,비파생금융부채 공정가치측정에 사용된 평가기법
entity00164973_ValuationTechniquesUsedInFairValueMeasurementOfNonDerivativeFinancialLiabilitiesTextBlock,비파생금융부채 공정가치측정에 사용된 평가기법[ 문장영역 ]
entity00164973_VolatilityOfUnobservableInputsMemberOfDisclosureOfSensitivityAnalysisOfFairValueMeasurementToChangesInUnobservableInputsAssetsTableOfMember,변동성
entity00164973_VolatilityOfUnobservableInputsMemberOfDisclosureOfSignificantUnobservableInputsUsedInFairValueMeasurementOfAssetsTableOfMember,변동성
entity00164973_WeightedAverageShares,가중평균유통보통주식수
entity00164973_WooriBankMemberOfCounterpartiesMemberOfDisclosureOfCommitmentsOfFinancialInstitutionsDenominatedInKrwTableOfMember,우리은행 [구성요소]
entity00164973_WooriBankMemberOfNameOfSecuredCreditorMemberOfDisclosureOfDetailedInformationAboutSecuredBankLoansReceivedTableOfMember,우리은행 [구성요소]
entity00164973_WooriBankWorkingCapitalLoanMemberOfBorrowingsByNameMemberOfDisclosureOfDetailedInformationAboutOtherBorrowingsTableOfMember,우리은행 영업자금대출 [구성요소]
entity00164973_WorkingCapitalLoan1MemberOfTypesOfCommitmentsMemberOfDisclosureOfCommitmentsOfFinancialInstitutionsDenominatedInKrwTableOfMember,영업자금대출약정 1 [구성요소]
ifrs-full_Accruals,미지급비용
ifrs-full_AccumulatedDepreciationAmortisationAndImpairmentMember,"감가상각누계액, 상각누계액 및 손상차손누계액 [구성요소]"
ifrs-full_AccumulatedDepreciationAndAmortisationMember,감가상각누계액 및 상각누계액 [구성요소]
ifrs-full_AccumulatedFairValueHedgeAdjustmentOnHedgedItemIncludedInCarryingAmountAssets,"위험회피대상항목의 장부가액에 포함된 공정가치위험회피 누적조정액, 자산"
ifrs-full_AccumulatedFairValueHedgeAdjustmentOnHedgedItemIncludedInCarryingAmountLiabilities,"위험회피대상항목의 장부가액에 포함된 공정가치위험회피 누적조정액, 부채"
ifrs-full_AccumulatedImpairmentMember,손상차손누계액 [구성요소]
ifrs-full_AccumulatedOtherComprehensiveIncome,기타포괄손익누적액
ifrs-full_AccumulatedOtherComprehensiveIncomeMember,기타포괄손익누적액 [구성요소]
ifrs-full_AcquisitionsThroughBusinessCombinationsIntangibleAssetsAndGoodwill,"사업결합을 통한 취득, 무형자산 및 영업권"
ifrs-full_AcquisitionsThroughBusinessCombinationsInvestmentProperty,"사업결합을 통한 취득, 투자부동산"
ifrs-full_AcquisitionsThroughBusinessCombinationsPropertyPlantAndEquipment,"사업결합을 통한 취득, 유형자산"
ifrs-full_ActuarialAssumptionOfDiscountRates,할인율에 대한 보험수리적 가정
ifrs-full_ActuarialAssumptionOfDiscountRatesMember,할인율에 대한 보험수리적 가정 [구성요소]
ifrs-full_ActuarialAssumptionOfExpectedRatesOfSalaryIncreases,미래임금상승률에 대한 보험수리적 가정
ifrs-full_ActuarialAssumptionOfExpectedRatesOfSalaryIncreasesMember,미래임금상승률에 대한 보험수리적 가정 [구성요소]
ifrs-full_ActuarialAssumptionsAxis,보험수리적 가정 [축]
ifrs-full_ActuarialAssumptionsMember,보험수리적 가정 [구성요소]
ifrs-full_ActuarialGainsLossesArisingFromChangesInDemographicAssumptionsNetDefinedBenefitLiabilityAsset,"인구통계적가정의 변동에서 발생하는 보험수리적이익(손실), 순 확정급여부채(자산)"
ifrs-full_ActuarialGainsLossesArisingFromChangesInFinancialAssumptionsNetDefinedBenefitLiabilityAsset,"재무적 가정의 변동에서 발생하는 보험수리적이익(손실), 순 확정급여부채(자산)"
ifrs-full_ActuarialGainsLossesArisingFromExperienceAdjustmentsNetDefinedBenefitLiabilityAsset,"경험조정에서 발생하는 보험수리적 이익(손실), 순확정급여부채(자산)"
ifrs-full_AdditionalAllowanceRecognisedInProfitOrLossAllowanceAccountForCreditLossesOfFinancialAssets,손익으로 인식된 추가적인 충당금
ifrs-full_AdditionalPaidinCapital,추가납입자본
ifrs-full_AdditionalPaidinCapitalMember,추가납입자본 [구성요소]
ifrs-full_AdditionalProvisionsOtherProvisions,"당기에 추가된 충당부채, 기타충당부채"
ifrs-full_AdditionsFromSubsequentExpenditureRecognisedAsAssetInvestmentProperty,"자산으로 인식한 후속지출로 인한 증가, 투자부동산"
ifrs-full_AdditionsOtherThanThroughBusinessCombinationsIntangibleAssetsOtherThanGoodwill,"사업결합을 통한 취득 이외의 증가, 영업권 이외의 무형자산"
ifrs-full_AdditionsOtherThanThroughBusinessCombinationsInvestmentProperty,"사업결합을 통한 취득 이외의 증가, 투자부동산"
ifrs-full_AdditionsOtherThanThroughBusinessCombinationsPropertyPlantAndEquipment,"사업결합을 통한 취득 이외의 증가, 유형자산"
ifrs-full_AdditionsToRightofuseAssets,사용권자산의 추가
ifrs-full_AdjustedWeightedAverageShares,조정된 가중평균유통보통주식수
ifrs-full_AdjustmentsForAmortisationExpense,무형자산상각비에 대한 조정
ifrs-full_AdjustmentsForCurrentTaxOfPriorPeriod,과거기간의 당기법인세 조정
ifrs-full_AdjustmentsForDecreaseIncreaseInDerivativeFinancialAssets,파생금융자산 감소(증가)
ifrs-full_AdjustmentsForDecreaseIncreaseInOtherAssets,기타자산의 감소(증가)
ifrs-full_AdjustmentsForDecreaseIncreaseInPrepaidExpenses,선급비용의 감소 (증가)
ifrs-full_AdjustmentsForDepreciationExpense,감가상각비에 대한 조정
ifrs-full_AdjustmentsForDividendIncome,배당수익에 대한 조정
ifrs-full_AdjustmentsForGainLossOnDisposalsPropertyPlantAndEquipment,유형자산처분이익(손실)에 대한 조정
ifrs-full_AdjustmentsForIncomeTaxExpense,법인세비용 조정
ifrs-full_AdjustmentsForIncreaseDecreaseInEmployeeBenefitLiabilities,종업원급여부채의 증가(감소)
ifrs-full_AdjustmentsForIncreaseDecreaseInInsuranceReinsuranceAndInvestmentContractLiabilities,"보험, 재보험 및 투자계약부채의 증가(감소)"
ifrs-full_AdjustmentsForIncreaseDecreaseInOtherLiabilities,기타부채의 증가(감소)
ifrs-full_AdjustmentsForInterestExpense,이자비용에 대한 조정
ifrs-full_AdjustmentsForInterestIncome,이자수익에 대한 조정
ifrs-full_AdjustmentsForReconcileProfitLoss,당기순이익조정을 위한 가감
ifrs-full_AdjustmentsForSharebasedPayments,주식기준보상에 대한 조정
ifrs-full_Advances,선수금
ifrs-full_AggregateDifferenceBetweenFairValueAtInitialRecognitionAndAmountDeterminedUsingValuationTechniqueYetToBeRecognised,아직 인식하지 아니한 최초인식시점의 공정가치와 거래가격의 총 손익차이
ifrs-full_AggregatedMeasurementMember,측정 전체 [구성요소]
ifrs-full_AggregatedTimeBandsMember,합계 구간 [구성요소]
ifrs-full_AllLevelsOfFairValueHierarchyMember,공정가치 서열체계의 모든 수준 [구성요소]
ifrs-full_AllOtherSegmentsMember,기타부문 [구성요소]
ifrs-full_AllowanceForCreditLossesMember,대손충당금 [구성요소]
ifrs-full_AmortisationExpense,무형자산상각비
ifrs-full_AmortisationIntangibleAssetsOtherThanGoodwill,"기타 상각비, 영업권 이외의 무형자산"
ifrs-full_AmountsPayableRelatedPartyTransactions,"채무액, 특수관계자거래"
ifrs-full_AmountsReceivableRelatedPartyTransactions,"수취채권, 특수관계자거래"
ifrs-full_AmountsSubjectToEnforceableMasterNettingArrangementOrSimilarAgreementNotSetOffAgainstFinancialAssetsAbstract,금융자산과 상계되지 않는 구속력 있는 일괄상계계약 또는 유사한 계약을 조건으로 하는 금액 [개요]
ifrs-full_AmountsSubjectToEnforceableMasterNettingArrangementOrSimilarAgreementNotSetOffAgainstFinancialLiabilitiesAbstract,금융부채와 상계되지 않는 구속력 있는 일괄상계계약 또는 유사한 계약을 조건으로하는 총금액 [개요]
ifrs-full_ApplicableTaxRate,적용세율
ifrs-full_AssetbackedFinancingsMember,자산유동화 자금조달 [구성요소]
ifrs-full_Assets,자산
ifrs-full_AssetsAbstract,자산 [개요]
ifrs-full_AssetsAndLiabilitiesAxis,자산과 부채 [축]
ifrs-full_AssetsAndLiabilitiesMember,자산과 부채 [구성요소]
ifrs-full_AssetsThatEntityContinuesToRecognise,기업이 계속하여 인식하는 자산
ifrs-full_AssociatedLiabilitiesThatEntityContinuesToRecognise,기업이 계속하여 인식하는 관련 부채
ifrs-full_AssociatesMember,관계기업 [구성요소]
ifrs-full_AtCostMember,취득원가 [구성요소]
ifrs-full_AtFairValueMember,공정가치 [구성요소]
ifrs-full_AttributionOfExpensesByNatureToTheirFunctionAxis,성격별 비용의 기능별 배분 [축]
ifrs-full_AverageEffectiveTaxRate,평균유효세율
ifrs-full_BalancesOnDemandDepositsFromCustomers,고객으로부터의 요구불예금 잔고
ifrs-full_BalancesOnOtherDepositsFromCustomers,고객으로부터의 기타 예치금 잔고
ifrs-full_BalancesOnTermDepositsFromCustomers,고객으로부터의 기한부 예치금 잔고
ifrs-full_BalancesWithBanks,예금잔액
ifrs-full_BankingArrangementsClassifiedAsCashEquivalents,현금성자산으로 분류된 은행거래약정
ifrs-full_BasicEarningsLossPerInstrumentParticipatingEquityInstrumentsOtherThanOrdinaryShares,"기본주당이익(손실), 보통주 외의 참가적 지분상품"
ifrs-full_BasicEarningsLossPerShare,기본주당이익(손실)
ifrs-full_BasicEarningsLossPerShareFromContinuingOperations,계속영업기본주당이익(손실)
ifrs-full_BasicEarningsPerShareAbstract,기본주당이익 [개요]
ifrs-full_BondsIssued,사채
ifrs-full_BondsIssuedUndiscountedCashFlows,"사채, 미할인현금흐름"
ifrs-full_Borrowings,차입금(사채 포함)
ifrs-full_BorrowingsAdjustmentToInterestRateBasis,"차입금, 기준이자율 조정"
ifrs-full_BorrowingsByNameAxis,차입금명칭 [축]
ifrs-full_BorrowingsByNameMember,차입금명칭 [구성요소]
ifrs-full_BorrowingsInterestRate,"차입금, 이자율"
ifrs-full_BorrowingsInterestRateBasis,"차입금, 기준이자율"
ifrs-full_BorrowingsMaturity,"차입금, 만기"
ifrs-full_BorrowingsOriginalCurrency,"차입금, 발행통화"
ifrs-full_BottomOfRangeMember,하위범위 [구성요소]
ifrs-full_BuildingsMember,건물 [구성요소]
ifrs-full_CancellationOfTreasuryShares,자기주식 소각
ifrs-full_CapitalCommitments,출자약정금액
ifrs-full_CapitalisedDevelopmentExpenditureMember,자본화된 개발비 지출액 [구성요소]
ifrs-full_CarryingAmountAccumulatedDepreciationAmortisationAndImpairmentAndGrossCarryingAmountAxis,"장부금액, 감가상각누계액, 상각누계액 및 손상차손누계액 및 총장부금액 [축]"
ifrs-full_CarryingAmountMember,장부금액 [구성요소]
ifrs-full_Cash,현금
ifrs-full_CashAdvancesAndLoansMadeToOtherPartiesClassifiedAsInvestingActivities,투자활동으로 분류된 제3자에 대한 선급금 및 대여금
ifrs-full_CashAndCashEquivalents,현금및현금성자산
ifrs-full_CashCollateralPledgedSubjectToEnforceableMasterNettingArrangementOrSimilarAgreementNotSetOffAgainstFinancialLiabilities,금융부채와 상계되지 않는 구속력 있는 일괄상계계약 또는 유사한 계약을 조건으로 받은 현금담보
ifrs-full_CashCollateralReceivedSubjectToEnforceableMasterNettingArrangementOrSimilarAgreementNotSetOffAgainstFinancialAssets,금융자산과 상계되지 않는 구속력 있는 일괄상계계약 또는 유사한 계약을 조건으로 받은 현금담보
ifrs-full_CashFlowHedgesMember,현금흐름위험회피 [구성요소]
ifrs-full_CashFlowsFromUsedInFinancingActivities,재무활동현금흐름
ifrs-full_CashFlowsFromUsedInFinancingActivitiesAbstract,재무활동현금흐름 [개요]
ifrs-full_CashFlowsFromUsedInInsuranceContracts,보험계약으로부터의 현금흐름
ifrs-full_CashFlowsFromUsedInInvestingActivities,투자활동현금흐름
ifrs-full_CashFlowsFromUsedInInvestingActivitiesAbstract,투자활동현금흐름 [개요]
ifrs-full_CashFlowsFromUsedInOperatingActivities,영업활동현금흐름
ifrs-full_CashFlowsFromUsedInOperatingActivitiesAbstract,영업활동현금흐름 [개요]
ifrs-full_CashFlowsFromUsedInOperations,영업에서 창출된 현금흐름
ifrs-full_CashFlowsUsedInObtainingControlOfSubsidiariesOrOtherBusinessesClassifiedAsInvestingActivities,투자활동으로 분류된 종속기업과 기타 사업의 지배력 획득에 따른 현금흐름
ifrs-full_CashOnHand,보유현금
ifrs-full_CashOutflowForLeases,리스 현금유출
ifrs-full_CashPaymentsForFutureContractsForwardContractsOptionContractsAndSwapContractsClassifiedAsInvestingActivities,"선물계약, 선도계약, 옵션계약, 스왑계약에 따른 현금지급, 투자활동"
ifrs-full_CashReceiptsFromFutureContractsForwardContractsOptionContractsAndSwapContractsClassifiedAsInvestingActivities,"선물계약, 선도계약, 옵션계약, 스왑계약에 따른 현금수취, 투자활동"
ifrs-full_CategoriesOfFinancialAssetsAxis,금융자산의 범주 [축]
ifrs-full_CategoriesOfFinancialLiabilitiesAxis,금융부채의 범주 [축]
ifrs-full_CategoriesOfRelatedPartiesAxis,특수관계자의 범주 [축]
ifrs-full_ChangesInAggregateDifferenceBetweenFairValueAtInitialRecognitionAndAmountDeterminedUsingValuationTechniqueYetToBeRecognisedAbstract,아직 인식하지 아니한 최초인식시점의 공정가치와 거래가격의 총 손익차이의 변동 [개요]
ifrs-full_ChangesInEquity,자본의 증가(감소)
ifrs-full_ChangesInEquityAbstract,자본의 변동 [개요]
ifrs-full_ChangesInExposureToRisk,위험에 대한 노출정도의 변동에 대한 기술
ifrs-full_ChangesInFairValueMeasurementAssetsAbstract,"공정가치측정의 변경, 자산 [개요]"
ifrs-full_ChangesInFairValueMeasurementLiabilitiesAbstract,"공정가치측정의 변경, 부채 [개요]"
ifrs-full_ChangesInInsuranceContractsForReconciliationByComponentsAbstract,구성요소별 차이조정을 위한 보험계약의 변동분 [개요]
ifrs-full_ChangesInInsuranceContractsForReconciliationByRemainingCoverageAndIncurredClaimsAbstract,잔여보장부채의 차이조정과 발생사고부채의 차이조정을 위한 보험계약의 변동분 [개요]
ifrs-full_ChangesInIntangibleAssetsOtherThanGoodwillAbstract,영업권 이외의 무형자산의 변동 [개요]
ifrs-full_ChangesInInvestmentPropertyAbstract,투자부동산의 변동 [개요]
ifrs-full_ChangesInLiabilitiesArisingFromFinancingActivitiesAbstract,재무활동에서 생기는 부채의 변동 [개요]
ifrs-full_ChangesInNetDefinedBenefitLiabilityAssetAbstract,순확정급여채무(자산)의 변동 [개요]
ifrs-full_ChangesInNetDefinedBenefitLiabilityAssetResultingFromExpenseIncomeInProfitOrLossAbstract,당기손익의 비용(수익)으로 인한 순확정급여부채(자산)의 변동 [개요]
ifrs-full_ChangesInNetDefinedBenefitLiabilityAssetResultingFromMiscellaneousOtherChangesAbstract,그 밖의 다양한 변동으로 인한 순확정급여부채(자산)의 변동 [개요]
ifrs-full_ChangesInObjectivesPoliciesAndProcessesForManagingRisk,"위험관리의 목적, 정책 및 절차의 변동에 대한 기술"
ifrs-full_ChangesInOtherProvisions,기타충당부채의 증가(감소)
ifrs-full_ChangesInPropertyPlantAndEquipmentAbstract,유형자산의 변동 [개요]
ifrs-full_ClassesOfAssetsAxis,자산의 분류 [축]
ifrs-full_ClassesOfAssetsMember,자산 [구성요소]
ifrs-full_ClassesOfContingentLiabilitiesAxis,우발부채의 분류 [축]
ifrs-full_ClassesOfFinancialAssetsAxis,금융자산의 종류 [축]
ifrs-full_ClassesOfFinancialInstrumentsAxis,금융상품의 종류 [축]
ifrs-full_ClassesOfFinancialInstrumentsMember,금융상품 [구성요소]
ifrs-full_ClassesOfFinancialLiabilitiesAxis,금융부채의 종류 [축]
ifrs-full_ClassesOfIntangibleAssetsAndGoodwillAxis,무형자산 및 영업권의 분류 [축]
ifrs-full_ClassesOfIntangibleAssetsOtherThanGoodwillAxis,영업권 이외의 무형자산의 분류 [축]
ifrs-full_ClassesOfLiabilitiesAxis,부채의 분류 [축]
ifrs-full_ClassesOfPlanAssetsFairValueMonetaryAmountsAbstract,"사외적립자산의 종류, 공정가치 화폐금액 [개요]"
ifrs-full_ClassesOfPlanAssetsFairValuePercentageAmountsAbstract,"사외적립자산의 종류, 공정가치 금액비율 [개요]"
ifrs-full_ClassesOfPropertyPlantAndEquipmentAxis,유형자산의 분류 [축]
ifrs-full_ClassesOfProvisionsAxis,기타충당부채의 분류 [축]
ifrs-full_ClassesOfShareCapitalAxis,주식의 종류 [축]
ifrs-full_ClassesOfShareCapitalMember,주식 [구성요소]
ifrs-full_ClosingForeignExchangeRate,마감환율
ifrs-full_CommitmentsMadeByEntityRelatedPartyTransactions,"기업이 체결한 약정, 특수관계자거래"
ifrs-full_CommunicationExpense,통신비
ifrs-full_ComponentsOfEquityAxis,자본의 구성요소 [축]
ifrs-full_ComprehensiveIncome,포괄손익
ifrs-full_ComprehensiveIncomeAbstract,포괄손익 [개요]
ifrs-full_ComprehensiveIncomeAttributableToAbstract,포괄손익의 귀속
ifrs-full_ComprehensiveIncomeAttributableToNoncontrollingInterests,"포괄손익, 비지배지분"
ifrs-full_ComprehensiveIncomeAttributableToOwnersOfParent,"포괄손익, 지배기업의 소유주에게 귀속되는 지분"
ifrs-full_ComprehensiveIncomeFromContinuingOperationsAttributableToNoncontrollingInterests,비지배지분에 귀속되는 계속영업포괄손익
ifrs-full_ComprehensiveIncomeFromContinuingOperationsAttributableToOwnersOfParent,지배기업의 소유주에게 귀속되는 계속영업포괄손익
ifrs-full_ComputerSoftwareMember,컴퓨터소프트웨어 [구성요소]
ifrs-full_ConsolidatedAndSeparateFinancialStatementsAxis,연결재무제표와 별도재무제표 [축]
ifrs-full_ConsolidatedMember,연결재무제표 [구성요소]
ifrs-full_ConstantPrepaymentRateMeasurementInputMember,"일정한 조기상환율, 측정 투입변수 [구성요소]"
ifrs-full_ConstructionInProgressMember,건설중인자산 [구성요소]
ifrs-full_ConsumerLoans,소매대출채권
ifrs-full_ConsumerLoansMember,가계대출 [구성요소]
ifrs-full_ContingentLiabilitiesMember,우발부채 [구성요소]
ifrs-full_ContinuingInvolvementInDerecognisedFinancialAssetsByTypeOfTransferAxis,양도의 유형별 제거된 금융자산의 지속적 관여 [축]
ifrs-full_ContractualServiceMargin,보험계약마진
ifrs-full_ContractualServiceMarginMember,보험계약마진 [구성요소]
ifrs-full_ContractualServiceMarginNotRelatedToContractsThatExistedAtTransitionDateToWhichModifiedRetrospectiveApproachOrFairValueApproachHasBeenAppliedMember,전환일에 존재했던 계약 중 수정소급법이나 공정가치법을 적용하지 아니한 계약의 보험계약마진 [구성요소]
ifrs-full_ContractualServiceMarginRelatedToContractsThatExistedAtTransitionDateToWhichFairValueApproachHasBeenAppliedMember,전환일에 존재했던 계약 중 공정가치법을 적용한 계약의 보험계약마진 [구성요소]
ifrs-full_ContractualServiceMarginRelatedToContractsThatExistedAtTransitionDateToWhichModifiedRetrospectiveApproachHasBeenAppliedMember,전환일에 존재했던 계약 중 수정소급법을 적용한 계약의 보험계약마진 [구성요소]
ifrs-full_ContributionsToPlanByEmployerNetDefinedBenefitLiabilityAsset,"기업이 제도에 납입한 기여금, 순확정급여부채(자산)"
ifrs-full_CorporateLoans,기업대출
ifrs-full_CorporateLoansMember,기업대출 [구성요소]
ifrs-full_CounterpartiesAxis,거래상대방 [축]
ifrs-full_CounterpartiesMember,거래상대방 [구성요소]
ifrs-full_CountryOfDomicileMember,본사 소재지 국가 [구성요소]
ifrs-full_CreditDerivativeNominalAmount,"신용파생상품, 명목금액"
ifrs-full_CreditImpairmentOfFinancialInstrumentsAxis,금융상품의 신용손상 [축]
ifrs-full_CreditImpairmentOfFinancialInstrumentsMember,금융상품의 신용손상 [구성요소]
ifrs-full_CreditSpreadMeasurementInputMember,"신용스프레드, 측정 투입변수 [구성요소]"
ifrs-full_CreditrelatedFeeAndCommissionIncome,신용관련 수수료 수익
ifrs-full_CumulativeGainLossOnDisposalOfInvestmentsInEquityInstrumentsDesignatedAsMeasuredAtFairValueThroughOtherComprehensiveIncome,기타포괄손익-공정가치 측정 항목으로 지정된 지분상품에 대한 투자의 처분시점의 누적 이익(손실)
ifrs-full_CurrencyInWhichInformationIsDisplayedAxis,정보를 표시하는 통화 [축]
ifrs-full_CurrencyRiskMember,환위험 [구성요소]
ifrs-full_CurrencySwapContractMember,통화스왑계약 [구성요소]
ifrs-full_CurrentLeaseLiabilities,유동 리스부채
ifrs-full_CurrentServiceCostDefinedBenefitPlans,"당기근무원가, 확정급여제도"
ifrs-full_CurrentServiceCostNetDefinedBenefitLiabilityAsset,"당기근무원가, 순확정급여부채(자산)"
ifrs-full_CurrentTaxAssets,당기법인세자산
ifrs-full_CurrentTaxExpenseIncome,당기법인세비용(수익)
ifrs-full_CurrentTaxLiabilities,당기법인세부채
ifrs-full_CurrentTaxRelatingToItemsChargedOrCreditedDirectlyToEquity,자본에 직접 가감되는 항목과 관련된 당기법인세
ifrs-full_DateOfGrantOfSharebasedPaymentArrangement,주식기준보상약정의 부여일
ifrs-full_DebtInstrumentsAmountContributedToFairValueOfPlanAssets,"채무상품, 전체 사외적립자산에서 차지하는 금액"
ifrs-full_DebtInstrumentsPercentageContributedToFairValueOfPlanAssets,"채무상품, 사외적립자산의 공정가치에서 차지하는 비율"
ifrs-full_DebtSecuritiesMember,채무증권 [구성요소]
ifrs-full_DecreaseInFairValueMeasurementDueToChangeInMultipleUnobservableInputsToReflectReasonablyPossibleAlternativeAssumptionsRecognisedInOtherComprehensiveIncomeBeforeTaxAssets,"기타포괄손익(세전)으로 인식된, 가능성이 어느 정도 있고 대체할 수 있는 가정을 반영하기 위한 하나 이상의 관측할 수 없는 투입변수의 변동으로 인한 공정가치 측정치의 감소, 자산"
ifrs-full_DecreaseInFairValueMeasurementDueToChangeInMultipleUnobservableInputsToReflectReasonablyPossibleAlternativeAssumptionsRecognisedInProfitOrLossBeforeTaxAssets,"당기손익(세전)으로 인식된, 가능성이 어느 정도 있고 대체할 수 있는 가정을 반영하기 위한 하나 이상의 관측할 수 없는 투입변수의 변동으로 인한 공정가치 측정치의 감소, 자산"
ifrs-full_DecreaseInFairValueMeasurementDueToChangeInMultipleUnobservableInputsToReflectReasonablyPossibleAlternativeAssumptionsRecognisedInProfitOrLossBeforeTaxLiabilities,"당기손익(세전)으로 인식된, 가능성이 어느 정도 있고 대체할 수 있는 가정을 반영하기 위한 하나 이상의 관측할 수 없는 투입변수의 변동으로 인한 공정가치 측정치의 감소, 부채"
ifrs-full_DecreaseThroughDerecognitionFinancialAssets,"제거에 따른 감소, 금융자산"
ifrs-full_DecreaseThroughWriteoffFinancialAssets,"제각을 통한 감소, 금융자산"
ifrs-full_DeferredIncomeIncludingContractLiabilities,계약부채를 포함한 선수수익
ifrs-full_DeferredIncomeOtherThanContractLiabilities,계약부채 외의 이연수익
ifrs-full_DeferredTaxAssets,이연법인세자산
ifrs-full_DeferredTaxExpenseIncomeRelatingToOriginationAndReversalOfTemporaryDifferences,일시적차이의 발생과 소멸로 인한 이연법인세비용(수익)
ifrs-full_DeferredTaxLiabilities,이연법인세부채
ifrs-full_DeferredTaxRelatingToItemsChargedOrCreditedDirectlyToEquity,자본에 직접 가감되는 항목과 관련된 이연법인세
ifrs-full_DefinedBenefitObligationAtPresentValue,"확정급여채무, 현재가치"
ifrs-full_DefinedBenefitPlansAxis,확정급여제도 [축]
ifrs-full_DefinedBenefitPlansMember,확정급여제도 [구성요소]
ifrs-full_DefinedBenefitPlansOtherThanMultiemployerPlansStatePlansAndPlansThatShareRisksBetweenEntitiesUnderCommonControlMember,"복수사용자제도, 공공제도, 동일 지배 아래에 있는 기업이 위험을 공유하는 제도를 제외한 확정급여제도 [구성요소]"
ifrs-full_DepositsFromCustomers,고객으로부터의 예치금
ifrs-full_DepreciationAndAmortisationExpense,감가상각비와 상각비
ifrs-full_DepreciationExpense,감가상각비
ifrs-full_DepreciationInvestmentProperty,"감가상각비, 투자부동산"
ifrs-full_DepreciationPropertyPlantAndEquipment,"감가상각비, 유형자산"
ifrs-full_DepreciationRightofuseAssets,"감가상각비, 사용권자산"
ifrs-full_DerivativeFinancialAssets,파생상품 금융자산
ifrs-full_DerivativeFinancialAssetsHeldForHedging,위험회피 파생금융자산
ifrs-full_DerivativeFinancialAssetsHeldForTrading,단기매매 파생금융자산
ifrs-full_DerivativeFinancialLiabilities,파생상품 금융부채
ifrs-full_DerivativeFinancialLiabilitiesHeldForHedging,위험회피 파생금융부채
ifrs-full_DerivativeFinancialLiabilitiesHeldForTrading,단기매매 파생금융부채
ifrs-full_DerivativesMember,파생상품 [구성요소]
ifrs-full_DescriptionAndCarryingAmountOfIntangibleAssetsWithIndefiniteUsefulLife,내용연수가 비한정인 무형자산에 대하여 비한정 내용연수에 대한 평가를 정당화하는 근거 기술
ifrs-full_DescriptionOfExposureToRisk,위험에 대한 노출정도에 대한 기술
ifrs-full_DescriptionOfExtentToWhichFairValueOfInvestmentPropertyIsBasedOnValuationByIndependentValuer,투자부동산의 공정가치가 독립된 평가인의 가치평가에 근거한 정도에 대한 기술
ifrs-full_DescriptionOfFinancialInstrumentsDesignatedAsHedgingInstrument,위험회피수단으로 지정된 금융상품에 대한 기술
ifrs-full_DescriptionOfHedgingInstrumentsUsedToHedgeRiskExposuresAndHowTheyAreUsed,노출된 위험을 회피하기 위하여 사용된 위험회피수단과 사용한 방법에 대한 기술
ifrs-full_DescriptionOfInputsUsedInFairValueMeasurementAssets,"공정가치측정에 사용된 투입변수에 대한 기술, 자산"
ifrs-full_DescriptionOfInputsUsedInFairValueMeasurementLiabilities,"공정가치측정에 사용된 투입변수에 대한 기술, 부채"
ifrs-full_DescriptionOfInterrelationshipsBetweenUnobservableInputsAndOfHowTheyMightMagnifyOrMitigateEffectOfChangesInUnobservableInputsOnFairValueMeasurementAssets,"공정가치측정에 사용된 관측가능하지 않은 투입변수간 상호관계가 있는 경우에는 그러한 상호관계에 대해서도 설명하고 관측가능하지 않은 투입변수의 변동이 공정가치에 미치는 효과를 그러한 상호관계가 어떻게 확대 혹은 축소시키는지에 대한 기술, 자산"
ifrs-full_DescriptionOfInvestmentsInEquityDesignatedAsMeasuredAtFairThroughOtherComprehensiveIncome,기타포괄손익-공정가치 측정 항목으로 지정된 지분상품 투자에 대한 설명
ifrs-full_DescriptionOfLevelOfFairValueHierarchyWithinWhichFairValueMeasurementIsCategorised,공정가치측정 분류내의 공정가치 서열체계의 수준에 대한 기술
ifrs-full_DescriptionOfLineItemInStatementOfComprehensiveIncomeThatIncludesReclassificationAdjustments,재분류조정을 포함한 포괄손익계산서 항목의 기술
ifrs-full_DescriptionOfLineItemInStatementOfComprehensiveIncomeThatIncludesRecognisedHedgeIneffectiveness,위험회피의 비효과적인 부분을 포함한 포괄손익계산서의 항목을 기술
ifrs-full_DescriptionOfLineItemInStatementOfFinancialPositionThatIncludesHedgedItem,위험회피대상항목이 포함된 재무상태표 항목에 대한 기술
ifrs-full_DescriptionOfLineItemInStatementOfFinancialPositionThatIncludesHedgingInstrument,위험회피수단이 포함된 재무상태표 항목에 대한 기술
ifrs-full_DescriptionOfLineItemsInOtherComprehensiveIncomeWhereGainsLossesAreRecognisedFairValueMeasurementAssets,"기타포괄손익으로 인식된 당해 기간 동안의 총손익과 그 손익이 인식된 기타포괄손익의 개별항목에 대한 기술, 자산"
ifrs-full_DescriptionOfLineItemsInProfitOrLossWhereGainsLossesAreRecognisedFairValueMeasurementAssets,"당기손익으로 인식된 당해 기간 동안의 총손익과 그 손익이 인식된 당기손익의 개별항목에 대한 기술, 자산"
ifrs-full_DescriptionOfMaximumTermOfOptionsGrantedForSharebasedPaymentArrangement,주식기준보상약정에 따라 부여된 주식선택권의 최장만기에 대한 기술
ifrs-full_DescriptionOfMethodOfSettlementForSharebasedPaymentArrangement,주식기준보상약정의 결제방식에 대한 기술
ifrs-full_DescriptionOfMethodsUsedToMeasureContractsWithinScopeOfIFRS17AndProcessesForEstimatingInputsToThoseMethods,IFRS 17 적용범위에 포함되는 보험계약 측정에 사용한 방법과 그 방법의 투입변수 추정 과정 기술
ifrs-full_DescriptionOfNatureAndPurposeOfReservesWithinEquity,자본을 구성하는 각 적립금의 성격과 목적에 대한 기술
ifrs-full_DescriptionOfNatureOfNonadjustingEventAfterReportingPeriod,수정을 요하지 않는 보고기간후사건의 성격에 대한 기술
ifrs-full_DescriptionOfNatureOfObligationContingentLiabilities,"의무의 성격에 대한 기술, 우발부채"
ifrs-full_DescriptionOfNatureOfObligationOtherProvisions,충당부채의 성격에 대한 기술
ifrs-full_DescriptionOfNatureOfRelatedPartyRelationship,특수관계의 성격에 대한 기술
ifrs-full_DescriptionOfNatureOfRisksBeingHedged,회피대상위험의 성격에 대한 기술
ifrs-full_DescriptionOfObjectivesPoliciesAndProcessesForManagingRisk,"위험관리의 목적, 정책 및 절차에 대한 기술"
ifrs-full_DescriptionOfObjectivesPoliciesAndProcessesForManagingRisksThatAriseFromContractsWithinScopeOfIFRS17,"IFRS 17의 적용범위에 포함되는 계약에서 생기는 위험을 관리하는 목적, 정책, 절차 기술"
ifrs-full_DescriptionOfPolicyForDeterminingWhenTransfersBetweenLevelsAreDeemedToHaveOccurredAssets,"수준 간 이동이 이루어졌다고 간주되는 시점을 결정하는 기업의 정책에 대한 기술, 자산"
ifrs-full_DescriptionOfReasonForDisposingOfInvestmentsInEquityInstrumentsMeasuredAtFairValueThroughOtherComprehensiveIncome,기타포괄손익-공정가치 측정 항목으로 지정된 지분상품에 대한 투자의 처분 이유에 대한 기술
ifrs-full_DescriptionOfReasonsForTransfersOutOfLevel3OfFairValueHierarchyAssets,"공정가치 서열체계의 수준 3으로부터의 이동 이유에 대한 기술, 자산"
ifrs-full_DescriptionOfRightsOfSetoffAssociatedWithFinancialAssetsSubjectToEnforceableMasterNettingArrangementOrSimilarAgreement,구속력 있는 일괄상계계약 또는 유사한 계약을 조건으로하는 금융자산과 관련된 상계의 권리에 대한 기술
ifrs-full_DescriptionOfRightsOfSetoffAssociatedWithFinancialLiabilitiesSubjectToEnforceableMasterNettingArrangementOrSimilarAgreement,일괄상계계약 또는 유사한 계약을 조건으로하는 금융부채와 관련된 상계권에 대한 기술
ifrs-full_DescriptionOfSensitivityOfFairValueMeasurementToChangesInUnobservableInputsAssets,"관측가능하지 않은 투입변수의 변동으로 인한 공정가치측정치의 민감도에 대한 기술, 자산"
ifrs-full_DescriptionOfSensitivityOfFairValueMeasurementToChangesInUnobservableInputsLiabilities,"관측가능하지 않은 투입변수의 변동으로 인한 공정가치측정치의 민감도에 대한 서술적 기술, 부채"
ifrs-full_DescriptionOfTermAndConditionsOfFinancialAssetsPledgedAsCollateralForLiabilitiesOrContingentLiabilities,부채나 우발부채에 대한 담보로 제공된 금융자산의 조건
ifrs-full_DescriptionOfTransactionsWithRelatedParty,특수관계자거래에 대한 기술
ifrs-full_DescriptionOfTypesOfProductsAndServicesFromWhichEachReportableSegmentDerivesItsRevenues,각 보고부문이 수익을 창출하는 제품과 용역의 유형에 대한 기술
ifrs-full_DescriptionOfValuationProcessesUsedInFairValueMeasurementAssets,"공정가치측정에 사용된 평가과정에 대한 기술, 자산"
ifrs-full_DescriptionOfValuationProcessesUsedInFairValueMeasurementLiabilities,"공정가치측정에 사용된 평가과정에 대한 기술, 부채"
ifrs-full_DescriptionOfValuationTechniquesUsedInFairValueMeasurementAssets,"공정가치측정에 사용된 평가기법에 대한 기술, 자산"
ifrs-full_DescriptionOfValuationTechniquesUsedInFairValueMeasurementLiabilities,"공정가치측정에 사용된 평가기법에 대한 기술, 부채"
ifrs-full_DescriptionOfVestingRequirementsForSharebasedPaymentArrangement,주식기준보상약정의 가득조건에 대한 기술
ifrs-full_DescriptionOfWhetherThereArePotentialIncomeTaxConsequencesNotPracticablyDeterminable,실무적으로 결정하기 어려운 잠재적인 법인세효과가 있는지 여부에 대한 기술
ifrs-full_DifferenceBetweenCarryingAmountOfFinancialLiabilityAndAmountContractuallyRequiredToPayAtMaturityToHolderOfObligation,금융부채의 장부금액과 계약조건에 따라 채권자에게 만기에 상환하여야 할 금액의 차이
ifrs-full_DilutedEarningsLossPerShare,희석주당이익(손실)
ifrs-full_DilutedEarningsLossPerShareFromContinuingOperations,계속영업희석주당이익(손실)
ifrs-full_DirectOperatingExpenseFromInvestmentProperty,투자부동산과 직접 관련된 운영비용
ifrs-full_DirectOperatingExpenseFromInvestmentPropertyGeneratingRentalIncome,임대수익이 발생한 투자부동산과 직접 관련된 운영비용
ifrs-full_DirectOperatingExpenseFromInvestmentPropertyNotGeneratingRentalIncome,임대수익이 발생하지 않은 투자부동산과 직접 관련된 운영비용
ifrs-full_DisaggregationOfInsuranceContractsAxis,보험계약의 세분 [축]
ifrs-full_DisaggregationOfInsuranceContractsMember,보험계약의 세분 [구성요소]
ifrs-full_DisclosureOfAttributionOfExpensesByNatureToTheirFunctionAbstract,성격별 비용의 기능별 배분 공시 [개요]
ifrs-full_DisclosureOfAttributionOfExpensesByNatureToTheirFunctionLineItems,성격별 비용의 기능별 배분 공시 [항목]
ifrs-full_DisclosureOfAttributionOfExpensesByNatureToTheirFunctionTable,성격별 비용의 기능별 배분 공시 [표]
ifrs-full_DisclosureOfBorrowingsExplanatory,차입금에 대한 공시 [문장영역]
ifrs-full_DisclosureOfCashFlowStatementExplanatory,현금흐름표에 대한 공시 [문장영역]
ifrs-full_DisclosureOfClassesOfShareCapitalAbstract,주식의 분류에 대한 공시 [개요]
ifrs-full_DisclosureOfClassesOfShareCapitalExplanatory,주식의 분류에 대한 공시 [문장영역]
ifrs-full_DisclosureOfClassesOfShareCapitalLineItems,주식의 분류에 대한 공시 [항목]
ifrs-full_DisclosureOfClassesOfShareCapitalTable,주식의 분류에 대한 공시 [표]
ifrs-full_DisclosureOfContingentLiabilitiesAbstract,우발부채에 대한 공시 [개요]
ifrs-full_DisclosureOfContingentLiabilitiesExplanatory,우발부채에 대한 공시 [문장영역]
ifrs-full_DisclosureOfContingentLiabilitiesLineItems,우발부채에 대한 공시 [항목]
ifrs-full_DisclosureOfContingentLiabilitiesTable,우발부채에 대한 공시 [표]
ifrs-full_DisclosureOfContinuingInvolvementInDerecognisedFinancialAssetsAbstract,제거된 금융자산의 지속적 관여에 대한 공시 [개요]
ifrs-full_DisclosureOfContinuingInvolvementInDerecognisedFinancialAssetsExplanatory,제거된 금융자산의 지속적 관여에 대한 공시 [문장영역]
ifrs-full_DisclosureOfContinuingInvolvementInDerecognisedFinancialAssetsLineItems,제거된 금융자산의 지속적 관여에 대한 공시 [항목]
ifrs-full_DisclosureOfContinuingInvolvementInDerecognisedFinancialAssetsTable,제거된 금융자산의 지속적 관여에 대한 공시 [표]
ifrs-full_DisclosureOfDefinedBenefitPlansAbstract,확정급여제도에 대한 공시 [개요]
ifrs-full_DisclosureOfDefinedBenefitPlansExplanatory,확정급여제도에 대한 공시 [문장영역]
ifrs-full_DisclosureOfDefinedBenefitPlansLineItems,확정급여제도에 대한 공시 [항목]
ifrs-full_DisclosureOfDefinedBenefitPlansTable,확정급여제도에 대한 공시 [표]
ifrs-full_DisclosureOfDetailedInformationAboutBorrowingsAbstract,차입금에 대한 세부 정보 공시 [개요]
ifrs-full_DisclosureOfDetailedInformationAboutBorrowingsExplanatory,차입금에 대한 세부 정보 공시 [문장영역]
ifrs-full_DisclosureOfDetailedInformationAboutBorrowingsLineItems,차입금에 대한 세부 정보 공시 [항목]
ifrs-full_DisclosureOfDetailedInformationAboutBorrowingsTable,차입금에 대한 세부 정보 공시 [표]
ifrs-full_DisclosureOfDetailedInformationAboutHedgedItemsAbstract,위험회피대상항목에 대한 상세한 정보의 공시 [개요]
ifrs-full_DisclosureOfDetailedInformationAboutHedgedItemsExplanatory,위험회피대상항목에 대한 상세한 정보의 공시 [문장영역]
ifrs-full_DisclosureOfDetailedInformationAboutHedgedItemsLineItems,위험회피대상항목에 관한 상세한 정보의 공시 [항목]
ifrs-full_DisclosureOfDetailedInformationAboutHedgedItemsTable,위험회피대상항목에 대한 상세한 정보의 공시 [표]
ifrs-full_DisclosureOfDetailedInformationAboutHedgingInstrumentsAbstract,위험회피수단에 대한 세부 정보 공시 [개요]
ifrs-full_DisclosureOfDetailedInformationAboutHedgingInstrumentsExplanatory,위험회피수단에 대한 세부 정보 공시 [문장영역]
ifrs-full_DisclosureOfDetailedInformationAboutHedgingInstrumentsLineItems,위험회피수단에 대한 세부 정보 공시 [항목]
ifrs-full_DisclosureOfDetailedInformationAboutHedgingInstrumentsTable,위험회피수단에 대한 세부 정보 공시 [표]
ifrs-full_DisclosureOfDetailedInformationAboutIntangibleAssetsExplanatory,무형자산에 대한 세부 정보 공시 [문장영역]
ifrs-full_DisclosureOfDetailedInformationAboutInvestmentPropertyExplanatory,투자부동산에 대한 세부 정보 공시 [문장영역]
ifrs-full_DisclosureOfDetailedInformationAboutPropertyPlantAndEquipmentExplanatory,유형자산에 대한 세부 정보 공시 [문장영역]
ifrs-full_DisclosureOfEarningsPerShareExplanatory,주당이익에 대한 공시 [문장영역]
ifrs-full_DisclosureOfEffectOfInsuranceContractsInitiallyRecognisedAbstract,처음 인식한 보험계약의 영향 공시 [개요]
ifrs-full_DisclosureOfEffectOfInsuranceContractsInitiallyRecognisedExplanatory,처음 인식한 보험계약의 영향 공시 [문장영역]
ifrs-full_DisclosureOfEffectOfInsuranceContractsInitiallyRecognisedLineItems,처음 인식한 보험계약의 영향 공시 [항목]
ifrs-full_DisclosureOfEffectOfInsuranceContractsInitiallyRecognisedTable,처음 인식한 보험계약의 영향 공시 [표]
ifrs-full_DisclosureOfEntitysReportableSegmentsExplanatory,기업의 영업부문에 대한 공시 [문장영역]
ifrs-full_DisclosureOfEventsAfterReportingPeriodExplanatory,보고기간후사건 [문장영역]
ifrs-full_DisclosureOfFairValueMeasurementOfAssetsAbstract,자산의 공정가치측정에 대한 공시 [개요]
ifrs-full_DisclosureOfFairValueMeasurementOfAssetsExplanatory,자산의 공정가치측정에 대한 공시 [문장영역]
ifrs-full_DisclosureOfFairValueMeasurementOfAssetsLineItems,자산의 공정가치측정에 대한 공시 [항목]
ifrs-full_DisclosureOfFairValueMeasurementOfAssetsTable,자산의 공정가치측정에 대한 공시 [표]
ifrs-full_DisclosureOfFairValueMeasurementOfLiabilitiesAbstract,부채의 공정가치측정에 대한 공시 [개요]
ifrs-full_DisclosureOfFairValueMeasurementOfLiabilitiesExplanatory,부채의 공정가치측정에 대한 공시 [문장영역]
ifrs-full_DisclosureOfFairValueMeasurementOfLiabilitiesLineItems,부채의 공정가치측정에 대한 공시 [항목]
ifrs-full_DisclosureOfFairValueMeasurementOfLiabilitiesTable,부채의 공정가치측정에 대한 공시 [표]
ifrs-full_DisclosureOfFairValueOfFinancialInstrumentsExplanatory,금융상품의 공정가치에 대한 공시 [문장영역]
ifrs-full_DisclosureOfFairValueOfPlanAssetsAbstract,사외적립자산의 공정가치에 대한 공시 [개요]
ifrs-full_DisclosureOfFairValueOfPlanAssetsExplanatory,사외적립자산의 공정가치에 대한 공시 [문장영역]
ifrs-full_DisclosureOfFairValueOfPlanAssetsLineItems,사외적립자산의 공정가치에 대한 공시 [항목]
ifrs-full_DisclosureOfFairValueOfPlanAssetsTable,사외적립자산의 공정가치에 대한 공시 [표]
ifrs-full_DisclosureOfFeeAndCommissionIncomeExpenseExplanatory,수수료수익(비용)에 대한 공시 [문장영역]
ifrs-full_DisclosureOfFinancialAssetsTransferredDuringPeriodWhichDoNotQualifyForDerecognitionAbstract,전부가 제거되지 않은 양도된 금융자산에 대한 공시 [개요]
ifrs-full_DisclosureOfFinancialAssetsTransferredDuringPeriodWhichDoNotQualifyForDerecognitionExplanatory,전부가 제거되지 않은 양도된 금융자산에 대한 공시 [문장영역]
ifrs-full_DisclosureOfFinancialAssetsTransferredDuringPeriodWhichDoNotQualifyForDerecognitionLineItems,전부가 제거되지 않은 양도된 금융자산에 대한 공시 [항목]
ifrs-full_DisclosureOfFinancialAssetsTransferredDuringPeriodWhichDoNotQualifyForDerecognitionTable,전부가 제거되지 않은 양도된 금융자산에 대한 공시 [표]
ifrs-full_DisclosureOfGeneralAndAdministrativeExpenseExplanatory,일반관리비에 대한 공시 [문장영역]
ifrs-full_DisclosureOfGeographicalAreasAbstract,지역에 대한 공시 [개요]
ifrs-full_DisclosureOfGeographicalAreasExplanatory,지역에 대한 공시 [문장영역]
ifrs-full_DisclosureOfGeographicalAreasLineItems,지역에 대한 공시 [항목]
ifrs-full_DisclosureOfGeographicalAreasTable,지역에 대한 공시 [표]
ifrs-full_DisclosureOfIncomeTaxExplanatory,법인세에 대한 공시 [문장영역]
ifrs-full_DisclosureOfInformationAboutAmountsThatAffectedStatementOfComprehensiveIncomeAsResultOfHedgeAccountingAbstract,위험회피회계처리의 결과로 포괄손익계산서에 영향을 미친 금액에 대한 정보의 공시 [개요]
ifrs-full_DisclosureOfInformationAboutAmountsThatAffectedStatementOfComprehensiveIncomeAsResultOfHedgeAccountingExplanatory,위험회피회계처리의 결과로 포괄손익계산서에 영향을 미친 금액에 대한 정보의 공시 [문장영역]
ifrs-full_DisclosureOfInformationAboutAmountsThatAffectedStatementOfComprehensiveIncomeAsResultOfHedgeAccountingLineItems,위험회피회계처리의 결과로 포괄손익계산서에 영향을 미친 금액에 대한 정보의 공시 [항목]
ifrs-full_DisclosureOfInformationAboutAmountsThatAffectedStatementOfComprehensiveIncomeAsResultOfHedgeAccountingTable,위험회피회계처리의 결과로 포괄손익계산서에 영향을 미친 금액에 대한 정보의 공시 [표]
ifrs-full_DisclosureOfInformationAboutDefinedBenefitPlansAbstract,확정급여제도에 대한 정보 공시 [개요]
ifrs-full_DisclosureOfInformationAboutExpectedRecognitionOfContractualServiceMarginInProfitOrLossAbstract,당기손익 인식이 예상되는 보험계약마진에 대한 정보 공시 [개요]
ifrs-full_DisclosureOfInformationAboutExpectedRecognitionOfContractualServiceMarginInProfitOrLossExplanatory,당기손익 인식이 예상되는 보험계약마진에 대한 정보 공시 [문장영역]
ifrs-full_DisclosureOfInformationAboutExpectedRecognitionOfContractualServiceMarginInProfitOrLossLineItems,당기손익 인식이 예상되는 보험계약마진에 대한 정보 공시 [항목]
ifrs-full_DisclosureOfInformationAboutExpectedRecognitionOfContractualServiceMarginInProfitOrLossTable,당기손익 인식이 예상되는 보험계약마진에 대한 정보 공시 [표]
ifrs-full_DisclosureOfInformationAboutTermsAndConditionsOfHedgingInstrumentsAndHowTheyAffectFutureCashFlowsAbstract,위험회피수단의 조건에 대한 정보와 어떻게 미래의 현금흐름에 영향을 주는 가에 대한 정보의 공시 [개요]
ifrs-full_DisclosureOfInformationAboutTermsAndConditionsOfHedgingInstrumentsAndHowTheyAffectFutureCashFlowsExplanatory,위험회피수단의 조건에 대한 정보와 어떻게 미래의 현금흐름에 영향을 주는 가에 대한 정보의 공시 [문장영역]
ifrs-full_DisclosureOfInformationAboutTermsAndConditionsOfHedgingInstrumentsAndHowTheyAffectFutureCashFlowsLineItems,위험회피수단의 조건에 대한 정보와 어떻게 미래의 현금흐름에 영향을 주는가에 대한 정보의 공시 [항목]
ifrs-full_DisclosureOfInformationAboutTermsAndConditionsOfHedgingInstrumentsAndHowTheyAffectFutureCashFlowsTable,위험회피수단의 조건에 대한 정보와 어떻게 미래의 현금흐름에 영향을 주는 가에 대한 정보의 공시 [표]
ifrs-full_DisclosureOfInformationThatEnablesUsersOfFinancialStatementsToEvaluateChangesInLiabilitiesArisingFromFinancingActivitiesExplanatory,재무제표이용자들이 재무활동에서 생기는 부채의 변동을 평가할 수 있게 하는 정보의 공시 [문장영역]
ifrs-full_DisclosureOfInputsToMethodsUsedToMeasureContractsWithinScopeOfIFRS17Abstract,IFRS 17 적용범위에 포함되는 계약 측정에 사용한 방법의 투입변수 공시 [개요]
ifrs-full_DisclosureOfInputsToMethodsUsedToMeasureContractsWithinScopeOfIFRS17LineItems,IFRS 17 적용범위에 포함되는 계약 측정에 사용한 방법의 투입변수 공시 [항목]
ifrs-full_DisclosureOfInputsToMethodsUsedToMeasureContractsWithinScopeOfIFRS17Table,IFRS 17 적용범위에 포함되는 계약 측정에 사용한 방법의 투입변수 공시 [표]
ifrs-full_DisclosureOfInstrumentsWithPotentialFutureDilutiveEffectNotIncludedInCalculationOfDilutedEarningsPerShareExplanatory,희석주당이익을 계산할 때 고려하지 않았지만 잠재적 미래 희석효과를 가진 금융상품에 대한 공시에 대한 기술
ifrs-full_DisclosureOfInsuranceContractsExplanatory,보험계약에 대한 공시 [문장영역]
ifrs-full_DisclosureOfInsuranceRiskExplanatory,보험위험에 대한 공시 [문장영역]
ifrs-full_DisclosureOfIntangibleAssetsAbstract,무형자산에 대한 세부 정보 공시 [개요]
ifrs-full_DisclosureOfIntangibleAssetsExplanatory,무형자산에 대한 공시 [문장영역]
ifrs-full_DisclosureOfIntangibleAssetsLineItems,무형자산에 대한 세부 정보 공시 [항목]
ifrs-full_DisclosureOfIntangibleAssetsTable,무형자산에 대한 세부 정보 공시 [표]
ifrs-full_DisclosureOfInterestIncomeExpenseExplanatory,이자수익(비용)에 대한 공시 [문장영역]
ifrs-full_DisclosureOfInvestmentPropertyAbstract,투자부동산에 대한 세부 정보 공시 [개요]
ifrs-full_DisclosureOfInvestmentPropertyExplanatory,투자부동산 공시 [문장영역]
ifrs-full_DisclosureOfInvestmentPropertyLineItems,투자부동산에 대한 세부 정보 공시 [항목]
ifrs-full_DisclosureOfInvestmentPropertyTable,투자부동산에 대한 세부 정보 공시 [표]
ifrs-full_DisclosureOfMaturityAnalysisOfFinanceLeasePaymentsReceivableAbstract,금융리스채권의 만기분석 공시 [개요]
ifrs-full_DisclosureOfMaturityAnalysisOfFinanceLeasePaymentsReceivableExplanatory,금융리스채권의 만기분석 공시 [문장영역]
ifrs-full_DisclosureOfMaturityAnalysisOfFinanceLeasePaymentsReceivableLineItems,금융리스채권의 만기분석 공시 [항목]
ifrs-full_DisclosureOfMaturityAnalysisOfFinanceLeasePaymentsReceivableTable,금융리스채권의 만기분석 공시 [표]
ifrs-full_DisclosureOfNetDefinedBenefitLiabilityAssetAbstract,순확정급여부채(자산)에 대한 공시 [개요]
ifrs-full_DisclosureOfNetDefinedBenefitLiabilityAssetExplanatory,순확정급여부채(자산)에 대한 공시 [문장영역]
ifrs-full_DisclosureOfNetDefinedBenefitLiabilityAssetLineItems,순확정급여채무(자산)의 공시 [항목]
ifrs-full_DisclosureOfNetDefinedBenefitLiabilityAssetTable,순확정급여부채(자산)에 대한 공시 [표]
ifrs-full_DisclosureOfNonadjustingEventsAfterReportingPeriodAbstract,수정을 요하지 않는 보고기간후사건에 대한 공시 [개요]
ifrs-full_DisclosureOfNonadjustingEventsAfterReportingPeriodExplanatory,수정을 요하지 않는 보고기간후사건에 대한 공시 [문장영역]
ifrs-full_DisclosureOfNonadjustingEventsAfterReportingPeriodLineItems,수정을 요하지 않는 보고기간후사건에 대한 공시 [항목]
ifrs-full_DisclosureOfNonadjustingEventsAfterReportingPeriodTable,수정을 요하지 않는 보고기간후사건에 대한 공시 [표]
ifrs-full_DisclosureOfOffsettingOfFinancialAssetsAbstract,금융자산의 상계에 대한 공시 [개요]
ifrs-full_DisclosureOfOffsettingOfFinancialAssetsAndFinancialLiabilitiesExplanatory,금융자산과 금융부채의 상계에 대한 공시 [문장영역]
ifrs-full_DisclosureOfOffsettingOfFinancialAssetsExplanatory,금융자산의 상계에 대한 공시 [문장영역]
ifrs-full_DisclosureOfOffsettingOfFinancialAssetsLineItems,금융자산의 상계에 대한 공시 [항목]
ifrs-full_DisclosureOfOffsettingOfFinancialAssetsTable,금융자산의 상계에 대한 공시 [표]
ifrs-full_DisclosureOfOffsettingOfFinancialLiabilitiesAbstract,금융부채의 상계에 대한 공시 [개요]
ifrs-full_DisclosureOfOffsettingOfFinancialLiabilitiesExplanatory,금융부채의 상계에 대한 공시 [문장영역]
ifrs-full_DisclosureOfOffsettingOfFinancialLiabilitiesLineItems,금융부채의 상계에 대한 공시 [항목]
ifrs-full_DisclosureOfOffsettingOfFinancialLiabilitiesTable,금융부채의 상계에 대한 공시 [표]
ifrs-full_DisclosureOfOperatingSegmentsAbstract,영업부문에 대한 공시 [개요]
ifrs-full_DisclosureOfOperatingSegmentsExplanatory,영업부문에 대한 공시 [문장영역]
ifrs-full_DisclosureOfOperatingSegmentsLineItems,영업부문에 대한 공시 [항목]
ifrs-full_DisclosureOfOperatingSegmentsTable,영업부문에 대한 공시 [표]
ifrs-full_DisclosureOfOtherAssetsExplanatory,기타자산에 대한 공시 [문장영역]
ifrs-full_DisclosureOfOtherLiabilitiesExplanatory,기타부채에 대한 공시 [문장영역]
ifrs-full_DisclosureOfOtherOperatingIncomeExpenseExplanatory,기타영업수익(비용)에 대한 공시 [문장영역]
ifrs-full_DisclosureOfOtherProvisionsAbstract,기타충당부채에 대한 공시 [개요]
ifrs-full_DisclosureOfOtherProvisionsExplanatory,기타충당부채에 대한 공시 [문장영역]
ifrs-full_DisclosureOfOtherProvisionsLineItems,기타충당부채에 대한공시 [항목]
ifrs-full_DisclosureOfOtherProvisionsTable,기타충당부채에 대한 공시 [표]
ifrs-full_DisclosureOfPropertyPlantAndEquipmentAbstract,유형자산에 대한 세부 정보 공시 [개요]
ifrs-full_DisclosureOfPropertyPlantAndEquipmentExplanatory,유형자산에 대한 공시 [문장영역]
ifrs-full_DisclosureOfPropertyPlantAndEquipmentLineItems,유형자산에 대한 세부 정보 공시 [항목]
ifrs-full_DisclosureOfPropertyPlantAndEquipmentTable,유형자산에 대한 세부 정보 공시 [표]
ifrs-full_DisclosureOfQuantitativeInformationAboutRightofuseAssetsAbstract,사용권자산에 대한 양적 정보 공시 [개요]
ifrs-full_DisclosureOfQuantitativeInformationAboutRightofuseAssetsExplanatory,사용권자산에 대한 양적 정보 공시 [문장영역]
ifrs-full_DisclosureOfQuantitativeInformationAboutRightofuseAssetsLineItems,사용권자산에 대한 양적 정보 공시 [항목]
ifrs-full_DisclosureOfQuantitativeInformationAboutRightofuseAssetsTable,사용권자산에 대한 양적 정보 공시 [표]
ifrs-full_DisclosureOfReconciliationOfChangesInInsuranceContractsByRemainingCoverageAndIncurredClaimsAbstract,잔여보장부채 변동분과 발생사고부채 변동분의 차이조정 공시 [개요]
ifrs-full_DisclosureOfReconciliationOfChangesInInsuranceContractsByRemainingCoverageAndIncurredClaimsExplanatory,잔여보장부채 변동분과 발생사고부채 변동분의 차이조정 공시 [문장영역]
ifrs-full_DisclosureOfReconciliationOfChangesInInsuranceContractsByRemainingCoverageAndIncurredClaimsLineItems,잔여보장부채 변동분과 발생사고부채 변동분의 차이조정에 대한 공시 [항목]
ifrs-full_DisclosureOfReconciliationOfChangesInInsuranceContractsByRemainingCoverageAndIncurredClaimsTable,잔여보장부채 변동분과 발생사고부채 변동분의 차이조정 공시
ifrs-full_DisclosureOfReconciliationOfChangesInIntangibleAssetsAndGoodwillAbstract,무형자산 및 영업권의 변동내역에 대한 공시 [개요]
ifrs-full_DisclosureOfReconciliationOfChangesInIntangibleAssetsAndGoodwillExplanatory,무형자산 및 영업권의 변동내역에 대한 공시 [문장영역]
ifrs-full_DisclosureOfReconciliationOfChangesInIntangibleAssetsAndGoodwillLineItems,무형자산 및 영업권의 변동내역에 대한 공시 [항목]
ifrs-full_DisclosureOfReconciliationOfChangesInIntangibleAssetsAndGoodwillTable,무형자산 및 영업권의 변동내역에 대한 공시
ifrs-full_DisclosureOfReconciliationOfLiabilitiesArisingFromFinancingActivitiesAbstract,재무활동에서 생기는 부채의 조정에 관한 공시 [개요]
ifrs-full_DisclosureOfReconciliationOfLiabilitiesArisingFromFinancingActivitiesExplanatory,재무활동에서 생기는 부채의 조정에 관한 공시 [문장영역]
ifrs-full_DisclosureOfReconciliationOfLiabilitiesArisingFromFinancingActivitiesLineItems,재무활동에서 생기는 부채의 조정에 관한 공시 [항목]
ifrs-full_DisclosureOfReconciliationOfLiabilitiesArisingFromFinancingActivitiesTable,재무활동에서 생기는 부채의 조정에 관한 공시 [표]
ifrs-full_DisclosureOfRelatedPartyExplanatory,특수관계자에 대한 공시 [문장영역]
ifrs-full_DisclosureOfReservesAndOtherEquityInterestExplanatory,자본을 구성하는 적립금에 대한 공시 [문장영역]
ifrs-full_DisclosureOfReservesWithinEquityAbstract,자본을 구성하는 적립금에 대한 공시 [개요]
ifrs-full_DisclosureOfReservesWithinEquityLineItems,자본을 구성하는 적립금에 대한 공시 [항목]
ifrs-full_DisclosureOfReservesWithinEquityTable,자본을 구성하는 적립금에 대한 공시
ifrs-full_DisclosureOfSensitivityAnalysisForActuarialAssumptionsAbstract,보험수리적가정의 민감도분석에 대한 공시 [개요]
ifrs-full_DisclosureOfSensitivityAnalysisForActuarialAssumptionsExplanatory,보험수리적가정의 민감도분석에 대한 공시 [문장영역]
ifrs-full_DisclosureOfSensitivityAnalysisForActuarialAssumptionsLineItems,보험수리적가정의 민감도분석에 대한 공시 [항목]
ifrs-full_DisclosureOfSensitivityAnalysisForActuarialAssumptionsTable,보험수리적가정의 민감도분석에 대한 공시 [표]
ifrs-full_DisclosureOfSensitivityAnalysisOfFairValueMeasurementToChangesInUnobservableInputsAssetsAbstract,"관측할 수 없는 투입변수의 변동으로 인한 공정가치측정의 민감도분석 공시, 자산 [개요]"
ifrs-full_DisclosureOfSensitivityAnalysisOfFairValueMeasurementToChangesInUnobservableInputsAssetsExplanatory,"관측할 수 없는 투입변수의 변동으로 인한 공정가치측정의 민감도분석 공시, 자산 [문장영역]"
ifrs-full_DisclosureOfSensitivityAnalysisOfFairValueMeasurementToChangesInUnobservableInputsAssetsLineItems,"관측할 수 없는 투입변수의 변동으로 인한 공정가치측정의 민감도분석 공시, 자산 [항목]"
ifrs-full_DisclosureOfSensitivityAnalysisOfFairValueMeasurementToChangesInUnobservableInputsAssetsTable,"관측할 수 없는 투입변수의 변동으로 인한 공정가치측정의 민감도분석 공시, 자산 [표]"
ifrs-full_DisclosureOfSensitivityAnalysisOfFairValueMeasurementToChangesInUnobservableInputsLiabilitiesAbstract,"관측할 수 없는 투입변수의 변동으로 인한 공정가치측정의 민감도분석 공시, 부채 [개요]"
ifrs-full_DisclosureOfSensitivityAnalysisOfFairValueMeasurementToChangesInUnobservableInputsLiabilitiesExplanatory,"관측할 수 없는 투입변수의 변동으로 인한 공정가치측정의 민감도분석 공시, 부채 [문장영역]"
ifrs-full_DisclosureOfSensitivityAnalysisOfFairValueMeasurementToChangesInUnobservableInputsLiabilitiesLineItems,"관측할 수 없는 투입변수의 변동으로 인한 공정가치측정의 민감도분석 공시, 부채 [항목]"
ifrs-full_DisclosureOfSensitivityAnalysisOfFairValueMeasurementToChangesInUnobservableInputsLiabilitiesTable,"관측할 수 없는 투입변수의 변동으로 인한 공정가치측정의 민감도분석 공시, 부채 [표]"
ifrs-full_DisclosureOfSensitivityAnalysisToChangesInRiskExposuresThatAriseFromContractsWithinScopeOfIFRS17Abstract,IFRS 17의 적용범위에 포함되는 계약에서 생기는 위험 익스포저의 변동에 대한 민감도 분석 공시 [개요]
ifrs-full_DisclosureOfSensitivityAnalysisToChangesInRiskExposuresThatAriseFromContractsWithinScopeOfIFRS17Explanatory,IFRS 17의 적용범위에 포함되는 계약에서 생기는 위험 익스포저의 변동에 대한 민감도 분석 공시 [문장영역]
ifrs-full_DisclosureOfSensitivityAnalysisToChangesInRiskExposuresThatAriseFromContractsWithinScopeOfIFRS17LineItems,IFRS 17의 적용범위에 포함되는 계약에서 생기는 위험 익스포저의 변동에 대한 민감도 분석 공시 [항목]
ifrs-full_DisclosureOfSensitivityAnalysisToChangesInRiskExposuresThatAriseFromContractsWithinScopeOfIFRS17Table,IFRS 17의 적용범위에 포함되는 계약에서 생기는 위험 익스포저의 변동에 대한 민감도 분석 공시
ifrs-full_DisclosureOfShareCapitalReservesAndOtherEquityInterestExplanatory,"자본금, 적립금, 기타지분 [문장영역]"
ifrs-full_DisclosureOfSignificantUnobservableInputsUsedInFairValueMeasurementOfAssetsAbstract,자산의 공정가치측정에 사용된 관측가능하지 않은 투입변수에 대한 공시 [개요]
ifrs-full_DisclosureOfSignificantUnobservableInputsUsedInFairValueMeasurementOfAssetsExplanatory,자산의 공정가치측정에 사용된 관측가능하지 않은 투입변수에 대한 공시 [문장영역]
ifrs-full_DisclosureOfSignificantUnobservableInputsUsedInFairValueMeasurementOfAssetsLineItems,자산의 공정가치측정에 사용된 관측가능하지 않은 투입변수에 대한 공시 [항목]
ifrs-full_DisclosureOfSignificantUnobservableInputsUsedInFairValueMeasurementOfAssetsTable,자산의 공정가치측정에 사용된 관측가능하지 않은 투입변수에 대한 공시 [표]
ifrs-full_DisclosureOfSignificantUnobservableInputsUsedInFairValueMeasurementOfLiabilitiesAbstract,부채의 공정가치측정에 사용된 관측가능하지 않은 투입변수에 대한 공시 [개요]
ifrs-full_DisclosureOfSignificantUnobservableInputsUsedInFairValueMeasurementOfLiabilitiesExplanatory,부채의 공정가치측정에 사용된 관측가능하지 않은 투입변수에 대한 공시 [문장영역]
ifrs-full_DisclosureOfSignificantUnobservableInputsUsedInFairValueMeasurementOfLiabilitiesLineItems,부채의 공정가치측정에 사용된 관측가능하지 않은 투입변수에 대한 공시 [항목]
ifrs-full_DisclosureOfSignificantUnobservableInputsUsedInFairValueMeasurementOfLiabilitiesTable,부채의 공정가치측정에 사용된 관측가능하지 않은 투입변수에 대한 공시[표]
ifrs-full_DisclosureOfTransactionsBetweenRelatedPartiesAbstract,특수관계자거래에 대한 공시 [개요]
ifrs-full_DisclosureOfTransactionsBetweenRelatedPartiesExplanatory,특수관계자거래에 대한 공시 [문장영역]
ifrs-full_DisclosureOfTransactionsBetweenRelatedPartiesLineItems,특수관계자거래에 대한 공시 [항목]
ifrs-full_DisclosureOfTransactionsBetweenRelatedPartiesTable,특수관계자거래에 대한 공시 [표]
ifrs-full_DisclosureOfTransfersOfFinancialAssetsExplanatory,금융자산의 양도에 대한 공시 [문장영역]
ifrs-full_DiscountRateMeasurementInputMember,"할인율, 측정 투입변수 [구성요소]"
ifrs-full_DiscountedCashFlowMember,현금흐름할인법 [구성요소]
ifrs-full_DisposalsAndRetirementsIntangibleAssetsAndGoodwill,"처분과 폐기, 무형자산 및 영업권"
ifrs-full_DisposalsAndRetirementsIntangibleAssetsOtherThanGoodwill,"처분과 폐기, 영업권 이외의 무형자산"
ifrs-full_DisposalsIntangibleAssetsAndGoodwill,"처분, 무형자산 및 영업권"
ifrs-full_DisposalsIntangibleAssetsOtherThanGoodwill,"처분, 영업권 이외의 무형자산"
ifrs-full_DisposalsInvestmentProperty,"처분, 투자부동산"
ifrs-full_DisposalsPropertyPlantAndEquipment,"처분, 유형자산"
ifrs-full_DividendPayables,미지급 배당금
ifrs-full_DividendsPaid,소유주에 대한 배분으로 인식된 배당금
ifrs-full_DividendsPaidClassifiedAsFinancingActivities,재무활동으로 분류된 배당금 지급
ifrs-full_DividendsPaidOrdinaryShares,보통주에 지급된 배당금
ifrs-full_DividendsPaidToNoncontrollingInterests,비지배지분에 지급한 배당금
ifrs-full_DividendsReceivedClassifiedAsOperatingActivities,영업활동으로 분류된 배당금 수취
ifrs-full_DividendsReceivedFromAssociatesClassifiedAsInvestingActivities,"관계기업으로부터의 배당금 수취, 투자활동"
ifrs-full_DividendsReceivedFromInvestmentsAccountedForUsingEquityMethodClassifiedAsInvestingActivities,"지분법적용투자로부터의 배당금 수취, 투자활동"
ifrs-full_DividendsRecognisedForInvestmentsInEquityInstrumentsDesignatedAsMeasuredAtFairValueThroughOtherComprehensiveIncomeDerecognisedDuringPeriod,보고기간에 제거한 기타포괄손익-공정가치 측정 항목으로 지정된 지분상품에 대한 투자로 부터 인식된 배당금
ifrs-full_DividendsRecognisedForInvestmentsInEquityInstrumentsDesignatedAsMeasuredAtFairValueThroughOtherComprehensiveIncomeHeldAtEndOfReportingPeriod,보고기간 말 현재 보유하고 있는 기타포괄손익-공정가치 측정 항목으로 지정된 지분상품에 대한 투자로 부터 인식된 배당금
ifrs-full_EarningsPerShareAbstract,주당이익 [개요]
ifrs-full_EarningsPerShareExplanatory,주당이익 [문장영역]
ifrs-full_EarningsPerShareLineItems,주당이익 [항목]
ifrs-full_EarningsPerShareTable,주당이익 [표]
ifrs-full_EffectOfExchangeRateChangesOnCashAndCashEquivalents,현금및현금성자산에 대한 환율변동효과
ifrs-full_EffectOnAdjustmentToContractualServiceMarginOfChoiceNotToAdjustContractualServiceMarginForSomeChangesInFulfilmentCashFlowsForContractsWithDirectParticipationFeatures,"직접참가특성계약의 경우, 이행현금흐름의 일부 변동분에 대해 보험계약마진을 조정하지 않기로 한 선택이 보험계약마진의 조정에 미치는 영향"
ifrs-full_EliminationOfIntersegmentAmountsMember,부문간 제거한 금액 [구성요소]
ifrs-full_EmployeeBenefitsExpense,종업원급여비용
ifrs-full_EmployerContributions,사용자의 기여금
ifrs-full_EntitysTotalForRelatedPartiesMember,전체 특수관계자 [구성요소]
ifrs-full_EntitysTotalForSegmentConsolidationItemsMember,기업 전체 총계 [구성요소]
ifrs-full_EntitysTotalForSubsidiariesMember,전체 종속기업 [구성요소]
ifrs-full_Equity,자본
ifrs-full_EquityAbstract,자본 [개요]
ifrs-full_EquityAndLiabilities,자본과 부채
ifrs-full_EquityAndLiabilitiesAbstract,자본과 부채 [개요]
ifrs-full_EquityAttributableToOwnersOfParent,지배기업의 소유주에게 귀속되는 지분
ifrs-full_EquityAttributableToOwnersOfParentMember,지배기업의 소유주에게 귀속되는 지분 [구성요소]
ifrs-full_EquityInvestmentsMember,지분투자 [구성요소]
ifrs-full_EquityMember,자본 [구성요소]
ifrs-full_EstimateOfBenefitPaymentsExpectedToBePaidFromDefinedBenefitPlan,확정급여제도에서 지급될 것으로 예상되는 급여 지급액 추정치
ifrs-full_EstimatedFinancialEffectOfContingentLiabilities,우발부채의 추정재무영향
ifrs-full_EstimatesOfPresentValueOfFutureCashFlowsMember,미래 현금흐름의 현재가치 추정치 [구성요소]
ifrs-full_EstimatesOfPresentValueOfFutureCashInflowsMember,미래 현금유입액의 현재가치 추정치 [구성요소]
ifrs-full_EstimatesOfPresentValueOfFutureCashOutflowsMember,미래 현금유출액의 현재가치 추정치 [구성요소]
ifrs-full_EstimatesOfPresentValueOfFutureCashOutflowsOtherThanInsuranceAcquisitionCashFlowsMember,보험취득 현금흐름 외의 미래 현금유출액의 현재가치 추정치 [구성요소]
ifrs-full_EstimatesOfPresentValueOfInsuranceAcquisitionCashFlowsMember,보험취득 현금흐름의 현재가치 추정치 [구성요소]
ifrs-full_ExpenseFromCashsettledSharebasedPaymentTransactionsInWhichGoodsOrServicesReceivedDidNotQualifyForRecognitionAsAssets,제공받은 재화나 용역이 자산의 인식기준을 충족하지 못해 즉시 비용으로 인식되는 현금결제형 주식기준보상거래로 인해 당해 회계기간에 인식한 비용
ifrs-full_ExpenseFromEquitysettledSharebasedPaymentTransactionsInWhichGoodsOrServicesReceivedDidNotQualifyForRecognitionAsAssets,제공받은 재화나 용역이 자산의 인식기준을 충족하지 못해 즉시 비용으로 인식되는 주식결제형 주식기준보상거래로 인해 당해 회계기간에 인식한 비용
ifrs-full_ExpenseFromSharebasedPaymentTransactionsInWhichGoodsOrServicesReceivedDidNotQualifyForRecognitionAsAssets,제공받은 재화나 용역이 자산의 인식기준을 충족하지 못하는 주식기준보상거래로부터의 비용
ifrs-full_ExpenseFromSharebasedPaymentTransactionsInWhichGoodsOrServicesReceivedDidNotQualifyForRecognitionAsAssetsAbstract,제공받은 재화나 용역이 자산의 인식기준을 충족하지 못하는 주식기준보상거래로부터의 비용 [개요]
ifrs-full_ExpenseRecognisedDuringPeriodForBadAndDoubtfulDebtsForRelatedPartyTransaction,특수관계자 채권에 대하여 당해 기간 중 인식된 대손상각비
ifrs-full_ExpenseRelatingToLeasesOfLowvalueAssetsForWhichRecognitionExemptionHasBeenUsed,인식 면제 규정이 적용된 소액자산 리스에 관련되는 비용
ifrs-full_ExpenseRelatingToShorttermLeasesForWhichRecognitionExemptionHasBeenUsed,인식 면제 규정이 적용된 단기리스에 관련되는 비용
ifrs-full_ExpensesFromAllocationOfPremiumsPaidToReinsurer,재보험자에게 지급된 보험료 배분액에서 생기는 비용
ifrs-full_ExplanationOfFinancialEffectOfContingentLiabilities,우발부채의 측정된 재무적 영향의 추정금액에 대한 설명
ifrs-full_ExplanationOfMainEventsAndCircumstancesThatLedToRecognitionOfImpairmentLossesAndReversalsOfImpairmentLosses,손상차손과 손상차손 환입을 발생시킨 주요 사건과 상황에 대한 설명
ifrs-full_ExplanationOfRestrictionsOnRemittanceOfIncomeAndDisposalProceedsOfInvestmentProperty,투자부동산의 실현가능성 또는 임대수익과 처분대금의 송금에 대한 제약에 대한 설명
ifrs-full_ExplanationOfShareOptionsInSharebasedPaymentArrangement,주식기준보상약정에 대한 기술
ifrs-full_ExplanationWhenGreatestTransferActivityTookPlace,최대양도거래가 발생한 시기에 대한 설명
ifrs-full_FactorsUsedToIdentifyEntitysReportableSegments,보고부문을 식별하기 위하여 사용한 요소에 대한 기술
ifrs-full_FairValueHedgesMember,공정가치위험회피 [구성요소]
ifrs-full_FairValueOfInvestmentsInEquityInstrumentsDesignatedAsMeasuredAtFairValueThroughOtherComprehensiveIncome,기타포괄손익-공정가치 지정 지분상품투자
ifrs-full_FairValueOfInvestmentsInEquityInstrumentsMeasuredAtFairValueThroughOtherComprehensiveIncomeAtDateOfDerecognition,제거일 현재 기타포괄손익-공정가치 측정 항목으로 지정된 지분상품에 대한 투자의 공정가치
ifrs-full_FairValueOfTransferredFinancialAssetsAssociatedFinancialLiabilitiesThatAreNotDerecognisedInTheirEntiretyAbstract,전부가 제거되지 않은 양도된 금융자산(관련금융부채)의 공정가치 [개요]
ifrs-full_FairValueOfTransferredFinancialAssetsThatAreNotDerecognisedInTheirEntirety,전부가 제거되지 않은 양도된 금융자산의 공정가치
ifrs-full_FairValueOfUnderlyingItemsForContractsWithDirectParticipationFeatures,직접참가특성계약에 대한 기초항목의 공정가치
ifrs-full_FeeAndCommissionExpense,수수료비용
ifrs-full_FeeAndCommissionIncome,수수료수익
ifrs-full_FinanceIncomeExpensesFromReinsuranceContractsHeldRecognisedInProfitOrLoss,"당기손익으로 인식된, 보유재보험계약 금융수익(비용)"
ifrs-full_FinanceLeaseReceivables,금융리스채권
ifrs-full_FinancialAssets,금융자산
ifrs-full_FinancialAssetsAtAmortisedCost,상각후원가로 측정하는 금융자산
ifrs-full_FinancialAssetsAtAmortisedCostCategoryMember,"상각후원가로 측정하는 금융자산, 범주 [구성요소]"
ifrs-full_FinancialAssetsAtAmortisedCostMember,"상각후원가로 측정하는 금융자산, 분류 [구성요소]"
ifrs-full_FinancialAssetsAtFairValue,"금융자산, 공정가치"
ifrs-full_FinancialAssetsAtFairValueMember,공정가치로 측정하는 금융자산 [구성요소]
ifrs-full_FinancialAssetsAtFairValueThroughOtherComprehensiveIncome,기타포괄손익인식금융자산
ifrs-full_FinancialAssetsAtFairValueThroughOtherComprehensiveIncomeCategoryMember,공정가치평가를 기타포괄손익으로 인식하는 금융자산 [구성요소]
ifrs-full_FinancialAssetsAtFairValueThroughProfitOrLoss,당기손익인식금융자산
ifrs-full_FinancialAssetsAtFairValueThroughProfitOrLossCategoryMember,당기손익인식금융자산 [구성요소]
ifrs-full_FinancialAssetsAtFairValueThroughProfitOrLossDesignatedAsUponInitialRecognition,최초인식시점 또는 그 이후에 지정된 당기손익인식금융자산
ifrs-full_FinancialAssetsAtFairValueThroughProfitOrLossDesignatedUponInitialRecognitionCategoryMember,"최초인식시점 또는 그 이후에 지정된 당기손익인식금융자산, 범주 [구성요소]"
ifrs-full_FinancialAssetsAtFairValueThroughProfitOrLossMandatorilyMeasuredAtFairValueCategoryMember,의무적으로 공정가치로 측정된 당기손익인식금융자산 [구성요소]
ifrs-full_FinancialAssetsCategoryMember,"금융자산, 범주 [구성요소]"
ifrs-full_FinancialAssetsMeasuredAtFairValueThroughOtherComprehensiveIncome,기타포괄손익-공정가치로 측정되는 금융자산
ifrs-full_FinancialAssetsMeasuredAtFairValueThroughOtherComprehensiveIncomeCategoryMember,"기타포괄손익-공정가치로 측정하는 금융자산, 범주 [구성요소]"
ifrs-full_FinancialAssetsMember,"금융자산, 분류 [구성요소]"
ifrs-full_FinancialAssetsPledgedAsCollateralForLiabilitiesOrContingentLiabilities,부채나 우발부채에 대한 담보로 제공된 금융자산
ifrs-full_FinancialAssetsTypeMember,"금융자산, 유형 [구성요소]"
ifrs-full_FinancialAssetsWhichDoNotQualifyForDerecognitionAxis,전부가 제거되지 않은 양도된 금융자산 [축]
ifrs-full_FinancialAssetsWhichDoNotQualifyForDerecognitionMember,전부가 제거되지 않은 양도된 금융자산 [구성요소]
ifrs-full_FinancialAssetsWrittenOffDuringReportingPeriodAndStillSubjectToEnforcementActivityContractualAmountOutstanding,"보고기간 중 제각되고 여전히 회수활동이 계속되고 있는 금융자산, 계약상 미회수금액"
ifrs-full_FinancialInstrumentsCreditimpairedMember,신용이 손상된 금융상품 [구성요소]
ifrs-full_FinancialInstrumentsNotCreditimpairedMember,신용이 손상되지 않은 금융상품 [구성요소]
ifrs-full_FinancialInstrumentsSubjectToEnforceableMasterNettingArrangementOrSimilarAgreementNotSetOffAgainstFinancialAssets,금융자산과 상계되지 않는 구속력 있는 일괄상계계약 또는 유사한 계약을 조건으로 하는 금융상품
ifrs-full_FinancialInstrumentsSubjectToEnforceableMasterNettingArrangementOrSimilarAgreementNotSetOffAgainstFinancialLiabilities,금융부채와 상계되지 않는 구속력 있는 일괄상계계약 또는 유사한 계약을 조건으로하는 금융상품
ifrs-full_FinancialLiabilities,금융부채
ifrs-full_FinancialLiabilitiesAtAmortisedCost,상각후원가로 측정하는 금융부채
ifrs-full_FinancialLiabilitiesAtAmortisedCostCategoryMember,"상각후원가로 측정하는 금융부채, 범주 [구성요소]"
ifrs-full_FinancialLiabilitiesAtAmortisedCostMember,"상각후원가로 측정하는 금융부채, 분류 [구성요소]"
ifrs-full_FinancialLiabilitiesAtFairValue,"금융부채, 공정가치"
ifrs-full_FinancialLiabilitiesAtFairValueMember,공정가치로 측정하는 금융부채 [구성요소]
ifrs-full_FinancialLiabilitiesAtFairValueThroughProfitOrLoss,당기손익인식금융부채
ifrs-full_FinancialLiabilitiesAtFairValueThroughProfitOrLossCategoryMember,당기손익인식금융부채 [구성요소]
ifrs-full_FinancialLiabilitiesAtFairValueThroughProfitOrLossClassifiedAsHeldForTrading,단기매매금융부채의 정의를 충족한 유동 당기손익인식금융부채
ifrs-full_FinancialLiabilitiesAtFairValueThroughProfitOrLossDesignatedAsUponInitialRecognition,최초인식시점 또는 그 이후에 지정된 당기손익인식금융부채
ifrs-full_FinancialLiabilitiesAtFairValueThroughProfitOrLossDesignatedUponInitialRecognitionCategoryMember,"최초인식시점 또는 그 이후에 지정된 당기손익인식금융부채, 범주 [구성요소]"
ifrs-full_FinancialLiabilitiesAtFairValueThroughProfitOrLossThatMeetDefinitionOfHeldForTradingCategoryMember,단기매매금융부채로 분류된 당기손익인식금융부채 [구성요소]
ifrs-full_FinancialLiabilitiesCategoryMember,"금융부채, 범주 [구성요소]"
ifrs-full_FinancialLiabilitiesMember,"금융부채, 분류 [구성요소]"
ifrs-full_FinancialLiabilitiesTypeMember,"금융부채, 유형 [구성요소]"
ifrs-full_FinancialRiskMember,금융위험 [구성요소]
ifrs-full_FixedInterestRateMember,고정이자율 [구성요소]
ifrs-full_ForeignCountriesMember,외국 [구성요소]
ifrs-full_ForeignExchangeGain,외화거래이익
ifrs-full_ForeignExchangeLoss,외화거래손실
ifrs-full_ForwardContractMember,선도계약 [구성요소]
ifrs-full_FunctionalOrPresentationCurrencyMember,기능통화 또는 표시통화 [구성요소]
ifrs-full_FuturesContractMember,선물계약 [구성요소]
ifrs-full_GainLossOnChangeInFairValueOfHedgedItemUsedAsBasisForRecognisingHedgeIneffectiveness,위험회피의 비효과적인 부분을 인식하기 위해 사용된 위험회피대상항목의 평가손익
ifrs-full_GainLossOnChangeInFairValueOfHedgingInstrumentUsedAsBasisForRecognisingHedgeIneffectiveness,위험회피의 비효과적인 부분을 인식하기 위한 가정에 사용된 위험회피수단의 평가손익
ifrs-full_GainLossOnHedgeIneffectiveness,위험회피에서 비효과적인 부분의 손익
ifrs-full_GainLossOnHedgeIneffectivenessRecognisedInOtherComprehensiveIncome,기타포괄손익으로 인식하는 위험회피의 비효과적인 부분의 손익
ifrs-full_GainLossOnHedgeIneffectivenessRecognisedInProfitOrLoss,당기손익으로 인식하는 위험회피의 비효과적인 부분의 손익
ifrs-full_GainLossOnRemeasurementOfNetDefinedBenefitLiabilityAsset,"재측정이익(손실), 순 확정급여채무(자산)"
ifrs-full_GainLossOnRemeasurementOfNetDefinedBenefitLiabilityAssetAbstract,"재측정이익(손실), 순 확정급여채무(자산) [개요]"
ifrs-full_GainsArisingFromDerecognitionOfFinancialAssetsMeasuredAtAmortisedCost,상각후원가로 측정하는 금융자산의 제거에서 발생한 이익
ifrs-full_GainsLossesOnCashFlowHedgesBeforeTax,현금흐름위험회피의 세전차익(차손)
ifrs-full_GainsLossesOnCashFlowHedgesNetOfTax,현금흐름위험회피의 세후차익(차손)
ifrs-full_GainsLossesOnChangeInFairValueOfDerivativesAbstract,파생상품평가손익 [개요]
ifrs-full_GainsLossesOnExchangeDifferencesOnTranslationRecognisedInProfitOrLoss,외환차익(차손)
ifrs-full_GainsLossesOnFinancialAssetsMeasuredAtFairValueThroughOtherComprehensiveIncomeBeforeTax,기타포괄손익-공정가치로 측정되는 금융자산의 세전차손익
ifrs-full_GainsLossesOnFinancialAssetsMeasuredAtFairValueThroughOtherComprehensiveIncomeNetOfTax,기타포괄손익-공정가치로 측정되는 금융자산의 세후차손익
ifrs-full_GainsLossesOnHedgedItemAttributableToHedgedRisk,"위험회피대상항목에 대한 손익 중 회피대상위험에 관련되는 부분의 이익(손실), 공정가치위험회피"
ifrs-full_GainsLossesOnHedgesOfNetInvestmentsInForeignOperationsBeforeTax,해외사업장순투자의 위험회피의 세전이익(손실)
ifrs-full_GainsLossesOnHedgingInstrument,"위험회피수단의 이익(손실), 공정가치위험회피"
ifrs-full_GainsLossesRecognisedInOtherComprehensiveIncomeFairValueMeasurementAssets,"기타포괄손익으로 인식된 이익(손실)(외환차이 포함), 공정가치 측정, 자산"
ifrs-full_GainsLossesRecognisedInOtherComprehensiveIncomeFairValueMeasurementLiabilities,"기타포괄손익으로 인식된 이익(손실)(외환차이 포함), 공정가치 측정, 부채"
ifrs-full_GainsLossesRecognisedInProfitOrLossAttributableToChangeInUnrealisedGainsOrLossesForAssetsHeldAtEndOfPeriodFairValueMeasurement,"보고기간말에 보유하고 있는 자산과 관련된 미실현손익의 변동으로 인해 당기손익에 포함된 손익금액, 공정가치측정"
ifrs-full_GainsLossesRecognisedInProfitOrLossFairValueMeasurementAssets,"당기손익으로 인식된 이익(손실)(외환차이 포함), 공정가치 측정, 자산"
ifrs-full_GainsLossesRecognisedInProfitOrLossFairValueMeasurementEntitysOwnEquityInstruments,"당기손익으로 인식된 이익(손실)(외환차이 포함), 공정가치 측정, 자기지분상품"
ifrs-full_GainsLossesRecognisedInProfitOrLossFairValueMeasurementLiabilities,"당기손익으로 인식된 이익(손실)(외환차이 포함), 공정가치 측정, 부채"
ifrs-full_GainsOnChangeInFairValueOfDerivatives,파생상품평가이익
ifrs-full_GainsOnDisposalsOfInvestmentProperties,투자부동산처분이익
ifrs-full_GainsOnDisposalsOfPropertyPlantAndEquipment,유형자산처분이익
ifrs-full_GeneralAndAdministrativeExpense,일반관리비
ifrs-full_GeographicalAreasAxis,지역 [축]
ifrs-full_GeographicalAreasMember,지역 [구성요소]
ifrs-full_GoodwillMember,영업권 [구성요소]
ifrs-full_GrossCarryingAmountMember,총장부금액 [구성요소]
ifrs-full_GrossFinancialAssetsSetOffAgainstFinancialLiabilitiesSubjectToOffsettingEnforceableMasterNettingArrangementsOrSimilarAgreements,"상계를 조건으로하는 금융부채와 상쇄되는 총금융자산, 구속력 있는 일괄상계계약 또는 유사한 계약"
ifrs-full_GrossFinancialAssetsSubjectToOffsettingEnforceableMasterNettingArrangementsOrSimilarAgreements,"상계를 조건으로 하는 총금융자산, 구속력 있는 일괄상계계약 또는 유사한 계약"
ifrs-full_GrossFinancialLiabilitiesSetOffAgainstFinancialAssetsSubjectToOffsettingEnforceableMasterNettingArrangementsOrSimilarAgreements,"상계를 조건으로 하는 금융자산을 상쇄하는 총금융부채, 구속력 있는 일괄상계계약 또는 유사한 계약"
ifrs-full_GrossFinancialLiabilitiesSubjectToOffsettingEnforceableMasterNettingArrangementsOrSimilarAgreements,"상계를 조건으로하는 총금융부채, 구속력 있는 일괄상계계약 또는 유사한 계약"
ifrs-full_GrossLeaseLiabilities,총 리스부채
ifrs-full_GrossLoanCommitments,총 대출약정금액
ifrs-full_HedgedItemAssets,"위험회피대상항목, 자산"
ifrs-full_HedgedItemLiabilities,"위험회피대상항목, 부채"
ifrs-full_HedgedItemsAxis,위험회피대상항목 [축]
ifrs-full_HedgedItemsMember,위험회피대상항목 [구성요소]
ifrs-full_HedgesOfNetInvestmentInForeignOperationsMember,해외사업장 순투자의 위험회피 [구성요소]
ifrs-full_HedgingInstrumentAssets,"위험회피수단, 자산"
ifrs-full_HedgingInstrumentLiabilities,"위험회피수단, 부채"
ifrs-full_HedgingInstrumentsAxis,위험회피수단 [축]
ifrs-full_HedgingInstrumentsMember,위험회피수단 [구성요소]
ifrs-full_HistoricalVolatilityForSharesMeasurementInputMember,"주식의 역사적 변동성, 측정 투입변수 [구성요소]"
ifrs-full_ImpairmentLossImpairmentGainAndReversalOfImpairmentLossDeterminedInAccordanceWithIFRS9,IFRS 9에 따라 결정된 손상차손(환입)
ifrs-full_ImpairmentLossRecognisedInProfitOrLoss,당기손익으로 인식된 손상차손
ifrs-full_ImpairmentLossRecognisedInProfitOrLossIntangibleAssetsAndGoodwill,"당기손익으로 인식된 손상차손, 무형자산 및 영업권"
ifrs-full_ImpairmentLossRecognisedInProfitOrLossIntangibleAssetsOtherThanGoodwill,"당기손익으로 인식된 손상차손, 영업권 이외의 무형자산"
ifrs-full_ImpairmentLossRecognisedInProfitOrLossInvestmentProperty,"당기손익으로 인식된 손상차손, 투자부동산"
ifrs-full_ImpairmentLossRecognisedInProfitOrLossPropertyPlantAndEquipment,"당기손익으로 인식된 손상차손, 유형자산"
ifrs-full_IncomeFromAmountsRecoveredFromReinsurer,재보험자에게서 회수한 금액에서 생기는 수익
ifrs-full_IncomeFromContinuingOperationsAttributableToOwnersOfParent,지배기업의 소유주에게 귀속될 계속영업손익
ifrs-full_IncomeTaxExpenseContinuingOperations,법인세비용(수익)
ifrs-full_IncomeTaxRelatingToCashFlowHedgesOfOtherComprehensiveIncome,"기타포괄손익에 포함되는, 현금흐름위험회피에 관련되는 법인세"
ifrs-full_IncomeTaxRelatingToComponentsOfOtherComprehensiveIncome,기타포괄손익의 각 구성요소와 관련된 법인세
ifrs-full_IncomeTaxRelatingToFinancialAssetsMeasuredAtFairValueThroughOtherComprehensiveIncome,"기타포괄손익에 포함되는, 기타포괄손익-공정가치 측정 금융자산에 관련되는 법인세"
ifrs-full_IncomeTaxesPaidRefundClassifiedAsOperatingActivities,영업활동으로 분류된 법인세납부(환급)
ifrs-full_IncreaseDecreaseInCashAndCashEquivalents,현금및현금성자산의 증가(감소)
ifrs-full_IncreaseDecreaseInCashAndCashEquivalentsBeforeEffectOfExchangeRateChanges,환율변동효과전현금및현금성자산의 증가(감소)
ifrs-full_IncreaseDecreaseInDefinedBenefitObligationDueToReasonablyPossibleDecreaseInActuarialAssumption,보험수리적가정의 합리적인 범위 내에서의 발생가능한 감소로 인한 확정급여채무의 증가(감소)
ifrs-full_IncreaseDecreaseInDefinedBenefitObligationDueToReasonablyPossibleIncreaseInActuarialAssumption,보험수리적가정의 합리적인 범위 내에서의 발생가능한 증가로 인한 확정급여부채의 증가(감소)
ifrs-full_IncreaseDecreaseInExistingProvisionsOtherProvisions,"기존 충당부채의 증가, 기타충당부채"
ifrs-full_IncreaseDecreaseInFairValueMeasurementDueToReasonablyPossibleDecreaseInUnobservableInputRecognisedInProfitOrLossBeforeTaxAssets,"당기손익(세전)으로 인식된, 관측할 수 없는 투입변수의 가능성이 어느 정도 있는 감소로 인한 공정가치 측정치의 증가(감소), 자산"
ifrs-full_IncreaseDecreaseInFairValueMeasurementDueToReasonablyPossibleIncreaseInUnobservableInputRecognisedInProfitOrLossBeforeTaxAssets,"당기손익(세전)으로 인식된, 관측할 수 없는 투입변수의 가능성이 어느 정도 있는 증가로 인한 공정가치 측정치의 증가(감소), 자산"
ifrs-full_IncreaseDecreaseInFairValueMeasurementForSensitivityAnalysesInWhichMultipleInputsAreChangedSimultaneouslyAssetsAbstract,"하나 이상의 투입변수가 동시에 변동되는 경우의 민감도분석을 위한 공정가치 측정치의 증가(감소), 자산 [개요]"
ifrs-full_IncreaseDecreaseInFairValueMeasurementForSensitivityAnalysesInWhichMultipleInputsAreChangedSimultaneouslyLiabilitiesAbstract,"하나 이상의 투입변수가 동시에 변동되는 경우의 민감도분석을 위한 공정가치 측정치의 증가(감소), 부채 [개요]"
ifrs-full_IncreaseDecreaseInFinancialAssets,금융자산의 증가(감소)
ifrs-full_IncreaseDecreaseInFinancialAssetsAbstract,금융자산의 증가(감소) [개요]
ifrs-full_IncreaseDecreaseInIntangibleAssetsAndGoodwill,무형자산 및 영업권의 증가(감소)
ifrs-full_IncreaseDecreaseInNetDefinedBenefitLiabilityAssetResultingFromAdministrationCostsNotReflectedInReturnOnPlanAssets,사외적립자산 수익에 반영되지 않은 관리비로 인한 순확정급여부채(자산)의 증가(감소)
ifrs-full_IncreaseDecreaseInNetDefinedBenefitLiabilityAssetResultingFromExpenseIncomeInProfitOrLoss,당기손익으로 인식된 비용(수익)으로 인한 순확정급여부채(자산)의 증가(감소)
ifrs-full_IncreaseDecreaseInNumberOfSharesOutstanding,유통주식수에 대한 증가(감소)
ifrs-full_IncreaseDecreaseInProfitLossDueToReasonablyPossibleDecreaseInRiskExposureThatArisesFromContractsWithinScopeOfIFRS17,IFRS 17의 적용범위에 포함되는 계약에서 생기는 위험 익스포저의 가능성이 어느 정도 있는 감소에 기인하는 당기손익의 증가(감소)
ifrs-full_IncreaseDecreaseInWorkingCapital,운전자본의 증가(감소)
ifrs-full_IncreaseDecreaseThroughAcquisitionOfSubsidiary,"종속기업의 취득으로 인한 증가(감소), 자본"
ifrs-full_IncreaseDecreaseThroughAdditionalItemsNecessaryToUnderstandChangeInsuranceContractsLiabilityAsset,"보험계약의 순장부금액 변동을 이해하는 데 필요한 추가 항목에 따른 증가분(감소분), 보험계약부채(자산)"
ifrs-full_IncreaseDecreaseThroughAmortisationOfInsuranceAcquisitionCashFlowsInsuranceContractsLiabilityAsset,"보험취득 현금흐름의 상각에 따른 증가분(감소분), 보험계약부채(자산)"
ifrs-full_IncreaseDecreaseThroughAmountsRecognisedInProfitOrLossAggregateDifferenceBetweenFairValueAtInitialRecognitionAndAmountDeterminedUsingValuationTechniqueYetToBeRecognised,"당기손익으로 인식한 금액, 아직인식하지 아니한 최초인식시점의 공정가치와 거래가격의 총 손익차이"
ifrs-full_IncreaseDecreaseThroughBusinessCombinationsAndDisposalsNetDefinedBenefitLiabilityAsset,"사업결합과 사업처분에 의한 증가(감소), 순확정급여부채(자산)"
ifrs-full_IncreaseDecreaseThroughCashFlowsInsuranceContractsLiabilityAsset,"현금흐름에 의한 증가분(감소분), 보험계약 부채(자산)"
ifrs-full_IncreaseDecreaseThroughCashFlowsInsuranceContractsLiabilityAssetAbstract,"현금흐름에 따른 증가분(감소분), 보험계약부채(자산) [개요]"
ifrs-full_IncreaseDecreaseThroughChangeInDiscountRateOtherProvisions,"할인율의 변동을 통한 증가(감소), 기타충당부채"
ifrs-full_IncreaseDecreaseThroughChangeInEquityOfSubsidiaries,"종속기업의 자본 변동으로 인한 증가(감소), 자본"
ifrs-full_IncreaseDecreaseThroughChangeInRiskAdjustmentForNonfinancialRiskThatDoesNotRelateToFutureOrPastServiceInsuranceContractsLiabilityAsset,"미래 또는 과거 서비스와 관련 없는 비금융위험에 대한 위험조정의 변동에 따른 증가분(감소분), 보험계약부채(자산)"
ifrs-full_IncreaseDecreaseThroughChangesInEstimatesThatAdjustContractualServiceMarginInsuranceContractsLiabilityAsset,"보험계약마진을 조정하는 추정치의 변동분에 따른 증가분(감소분), 보험계약부채(자산)"
ifrs-full_IncreaseDecreaseThroughChangesInEstimatesThatDoNotAdjustContractualServiceMarginInsuranceContractsLiabilityAsset,"보험계약마진을 조정하지 않는 추정치의 변동분에 따른 증가분(감소분), 보험계약부채(자산)"
ifrs-full_IncreaseDecreaseThroughChangesInForeignExchangeRatesNetDefinedBenefitLiabilityAsset,"환율변동으로 인한 증가(감소), 순확정급여부채(자산)"
ifrs-full_IncreaseDecreaseThroughChangesThatRelateToCurrentServiceInsuranceContractsLiabilityAsset,"현행 서비스와 관련된 변동분으로 인한 증가분(감소분), 보험계약 부채(자산)"
ifrs-full_IncreaseDecreaseThroughChangesThatRelateToFutureServiceInsuranceContractsLiabilityAsset,"미래 서비스와 관련된 변동분에 따른 증가분(감소분), 보험계약부채(자산)"
ifrs-full_IncreaseDecreaseThroughChangesThatRelateToFutureServiceInsuranceContractsLiabilityAssetAbstract,"미래 서비스와 관련된 변동에 따른 증가분(감소분), 보험계약부채(자산) [개요]"
ifrs-full_IncreaseDecreaseThroughChangesThatRelateToPastServiceInsuranceContractsLiabilityAsset,"과거 서비스와 관련된 변동분에 따른 증가분(감소분), 보험계약부채(자산)"
ifrs-full_IncreaseDecreaseThroughDisposalOfSubsidiary,"종속기업의 처분으로 인한 증가(감소), 자본"
ifrs-full_IncreaseDecreaseThroughEffectOfChangesInRiskOfNonperformanceByIssuerOfReinsuranceContractsHeldInsuranceContractsLiabilityAsset,"보유재보험계약 발행자의 불이행위험의 변동 영향에 따른 증가분(감소분), 보험계약부채(자산)"
ifrs-full_IncreaseDecreaseThroughEffectsOfContractsAcquiredInPeriodInsuranceContractsLiabilityAsset,"보고기간에 취득한 계약의 영향에 따른 증가분(감소분), 보험계약부채(자산)"
ifrs-full_IncreaseDecreaseThroughEffectsOfContractsInitiallyRecognisedInPeriodInsuranceContractsLiabilityAsset,"해당 기간에 처음 인식한 계약의 영향에 따른 증가분(감소분), 보험계약부채(자산)"
ifrs-full_IncreaseDecreaseThroughEffectsOfGroupsOfOnerousContractsInitiallyRecognisedInPeriodInsuranceContractsLiabilityAsset,"보고기간에 처음 인식한 손실부담계약 집합의 영향에 따른 증가분(감소분), 보험계약부채(자산)"
ifrs-full_IncreaseDecreaseThroughExperienceAdjustmentsInsuranceContractsLiabilityAsset,"경험조정에 따른 증가분(감소분), 보험계약부채(자산)"
ifrs-full_IncreaseDecreaseThroughFinancingCashFlowsLiabilitiesArisingFromFinancingActivities,"재무현금흐름, 재무활동에서 생기는 부채의 증가(감소)"
ifrs-full_IncreaseDecreaseThroughForeignExchangeAndOtherMovementsFinancialAssets,"외화환산과 그 밖의 변동에 따른 증가(감소), 금융자산"
ifrs-full_IncreaseDecreaseThroughForeignExchangeFinancialAssets,"외화환산에 따른 증가(감소), 금융자산"
ifrs-full_IncreaseDecreaseThroughIncurredClaimsAndOtherIncurredInsuranceServiceExpensesInsuranceContractsLiabilityAsset,"발생한 보험금 및 그 밖의 발생한 보험서비스비용에 따른 증가분(감소분), 보험계약부채(자산)"
ifrs-full_IncreaseDecreaseThroughIncurredClaimsPaidAndOtherInsuranceServiceExpensesPaidForInsuranceContractsIssuedExcludingInsuranceAcquisitionCashFlowsInsuranceContractsLiabilityAsset,"보험취득 현금흐름을 제외하고 발행한 보험계약에 대해 지급한 보험금과 그 밖의 보험서비스비용에 따른 증가분(감소분), 보험계약부채(자산)"
ifrs-full_IncreaseDecreaseThroughIncurredClaimsRecoveredAndOtherInsuranceServiceExpensesRecoveredUnderReinsuranceContractsHeldInsuranceContractsLiabilityAsset,보유하고 있는 재보험계약에서 회수한보험금과 그 밖의 보험서비스비용의 증가(감소)
ifrs-full_IncreaseDecreaseThroughInsuranceAcquisitionCashFlowsInsuranceContractsLiabilityAsset,"보험취득 현금흐름에 따른 증가분(감소분), 보험계약부채(자산)"
ifrs-full_IncreaseDecreaseThroughInsuranceFinanceIncomeOrExpensesInsuranceContractsLiabilityAsset,"보험금융수익(비용)에 따른 증가분(감소분), 보험계약부채(자산)"
ifrs-full_IncreaseDecreaseThroughInsuranceRevenueInsuranceContractsLiabilityAsset,"보험 수익으로 인한 증가분(감소분), 보험계약 부채(자산)"
ifrs-full_IncreaseDecreaseThroughInsuranceRevenueNotRelatedToContractsThatExistedAtTransitionDateToWhichModifiedRetrospectiveApproachOrFairValueApproachHasBeenAppliedInsuranceContractsLiabilityAsset,"전환일에 존재했던 계약 중 수정소급법 또는 공정가치법을 적용한 보험계약과 관련되지 않은 보험수익의 증가분(감소분), 보험계약부채(자산)"
ifrs-full_IncreaseDecreaseThroughInsuranceRevenueRelatedToContractsThatExistedAtTransitionDateToWhichFairValueApproachHasBeenAppliedInsuranceContractsLiabilityAsset,"전환일에 존재했던 계약 중 공정가치법을 적용한 보험계약과 관련된 보험수익의 증가분(감소분), 보험계약부채(자산)"
ifrs-full_IncreaseDecreaseThroughInsuranceRevenueRelatedToContractsThatExistedAtTransitionDateToWhichModifiedRetrospectiveApproachHasBeenAppliedInsuranceContractsLiabilityAsset,"전환일에 존재했던 계약 중 수정소급법을 적용한 보험계약과 관련된 보험수익의 증가분(감소분), 보험계약부채(자산)"
ifrs-full_IncreaseDecreaseThroughInsuranceServiceExpensesInsuranceContractsLiabilityAsset,"보험서비스 비용으로 인한 증가분(감소분), 보험계약 부채(자산)"
ifrs-full_IncreaseDecreaseThroughInsuranceServiceExpensesInsuranceContractsLiabilityAssetAbstract,"보험서비스비용에 따른 증가분(감소분), 보험계약부채(자산) [개요]"
ifrs-full_IncreaseDecreaseThroughInsuranceServiceResultInsuranceContractsLiabilityAsset,"보험서비스 결과로 인한 증가분(감소분), 보험계약 부채(자산)"
ifrs-full_IncreaseDecreaseThroughInvestmentComponentsExcludedFromInsuranceRevenueAndInsuranceServiceExpensesInsuranceContractsLiabilityAsset,"보험수익 및 보험서비스비용에서 제외된 투자요소에 따른 증가분(감소분), 보험계약부채(자산)"
ifrs-full_IncreaseDecreaseThroughNetExchangeDifferencesIntangibleAssetsOtherThanGoodwill,"순외환차이에 의한 증가(감소), 영업권 이외의 무형자산"
ifrs-full_IncreaseDecreaseThroughNetExchangeDifferencesInvestmentProperty,"순외환차이에 의한 증가(감소), 투자부동산"
ifrs-full_IncreaseDecreaseThroughNetExchangeDifferencesOtherProvisions,"순외환차이에 의한 증가(감소), 기타충당부채"
ifrs-full_IncreaseDecreaseThroughNetExchangeDifferencesPropertyPlantAndEquipment,"순외환차이에 의한 증가(감소), 유형자산"
ifrs-full_IncreaseDecreaseThroughNewTransactionsAggregateDifferenceBetweenFairValueAtInitialRecognitionAndAmountDeterminedUsingValuationTechniqueYetToBeRecognised,"신규거래를 통한 증가(감소), 최초인식시점의 공정가치와 평가기법을 사용하여 결정된 금액의 총 차이금액"
ifrs-full_IncreaseDecreaseThroughOtherChangesAllowanceAccountForCreditLossesOfFinancialAssets,"기타 변동을 통한 증가(감소), 금융자산의 대손충당금"
ifrs-full_IncreaseDecreaseThroughOtherChangesIntangibleAssetsAndGoodwill,"기타변동에 따른 증가(감소), 무형자산 및 영업권"
ifrs-full_IncreaseDecreaseThroughOtherChangesIntangibleAssetsOtherThanGoodwill,"기타변동에 따른 증가(감소), 영업권 이외의 무형자산"
ifrs-full_IncreaseDecreaseThroughOtherChangesInvestmentProperty,"기타 변동에 따른 증가(감소), 투자부동산"
ifrs-full_IncreaseDecreaseThroughOtherChangesLiabilitiesArisingFromFinancingActivities,"그 밖의 변동, 재무활동에서 생기는 부채의 증가(감소)"
ifrs-full_IncreaseDecreaseThroughOtherChangesLiabilitiesUnderInsuranceContractsAndReinsuranceContractsIssued,"기타 변동에 의한 증가(감소), 발행된 보험계약과 재보험계약에 따른 부채"
ifrs-full_IncreaseDecreaseThroughOtherChangesNetDefinedBenefitLiabilityAsset,"기타 변동에 의한 증가(감소), 순확정급여부채(자산)"
ifrs-full_IncreaseDecreaseThroughOtherChangesPropertyPlantAndEquipment,"기타 변동에 따른 증가(감소), 유형자산"
ifrs-full_IncreaseDecreaseThroughOtherMovementsFinancialAssets,"기타 변동에 따른 증가(감소), 금융자산"
ifrs-full_IncreaseDecreaseThroughPremiumsPaidForReinsuranceContractsHeldInsuranceContractsLiabilityAsset,"보유재보험계약에 대해 지급한 보험료에 따른 증가분(감소분), 보험계약부채(자산)"
ifrs-full_IncreaseDecreaseThroughPremiumsReceivedForInsuranceContractsIssuedInsuranceContractsLiabilityAsset,"발행한 보험계약에 대해 수취한 보험료에 따른 증가분(감소분), 보험계약부채(자산)"
ifrs-full_IncreaseDecreaseThroughRecognitionOfContractualServiceMarginInProfitOrLossToReflectTransferOfServicesInsuranceContractsLiabilityAsset,"서비스 이전을 반영하기 위해 당기손익으로 인식한 보험계약마진 금액에 따른 증가분(감소분), 보험계약부채(자산)"
ifrs-full_IncreaseDecreaseThroughSharebasedPaymentTransactions,"주식기준보상거래에 따른 증가(감소), 지분"
ifrs-full_IncreaseDecreaseThroughTimeValueOfMoneyAdjustmentOtherProvisions,기간 경과에 따른 당기 증가
ifrs-full_IncreaseDecreaseThroughTransactionsWithOwners,"소유주와의 거래로 인한 증가(감소), 자본"
ifrs-full_IncreaseDecreaseThroughTransfersAndOtherChangesEquity,"기타변동에 따른 증가(감소), 자본"
ifrs-full_IncreaseDecreaseThroughTransfersAndOtherChangesIntangibleAssetsAndGoodwill,"대체와 기타변동에 따른 증가(감소), 무형자산 및 영업권"
ifrs-full_IncreaseDecreaseThroughTransfersAndOtherChangesOtherProvisions,"대체와 기타 변동에 따른 증가(감소), 기타충당부채"
ifrs-full_IncreaseDecreaseThroughTransfersAndOtherChangesPropertyPlantAndEquipment,"대체와 기타 변동에 따른 증가(감소), 유형자산"
ifrs-full_IncreaseDecreaseThroughTransfersFinancialAssets,"대체에 따른 증가(감소), 금융자산"
ifrs-full_IncreaseDecreaseThroughTransfersIntangibleAssetsAndGoodwill,"대체에 따른 증가(감소), 무형자산 및 영업권"
ifrs-full_IncreaseDecreaseThroughTransfersIntangibleAssetsOtherThanGoodwill,"대체에 따른 증가(감소), 영업권 이외의 무형자산"
ifrs-full_IncreaseDecreaseThroughTransfersPropertyPlantAndEquipment,"대체에 따른 증가(감소), 유형자산"
ifrs-full_IncreaseDecreaseThroughTreasuryShareTransactions,"자기주식 거래에 따른 증가(감소), 지분"
ifrs-full_IncreaseInFairValueMeasurementDueToChangeInMultipleUnobservableInputsToReflectReasonablyPossibleAlternativeAssumptionsRecognisedInOtherComprehensiveIncomeBeforeTaxAssets,"기타포괄손익(세전)으로 인식된, 가능성이 어느 정도 있고 대체할 수 있는 가정을 반영하기 위한 하나 이상의 관측할 수 없는 투입변수의 변동으로 인한 공정가치 측정치의 증가, 자산"
ifrs-full_IncreaseInFairValueMeasurementDueToChangeInMultipleUnobservableInputsToReflectReasonablyPossibleAlternativeAssumptionsRecognisedInProfitOrLossBeforeTaxAssets,"당기손익(세전)으로 인식된, 가능성이 어느 정도 있고 대체할 수 있는 가정을 반영하기 위한 하나 이상의 관측할 수 없는 투입변수의 변동으로 인한 공정가치 측정치의 증가, 자산"
ifrs-full_IncreaseInFairValueMeasurementDueToChangeInMultipleUnobservableInputsToReflectReasonablyPossibleAlternativeAssumptionsRecognisedInProfitOrLossBeforeTaxLiabilities,"당기손익(세전)으로 인식된, 가능성이 어느 정도 있고 대체할 수 있는 가정을 반영하기 위한 하나 이상의 관측할 수 없는 투입변수의 변동으로 인한 공정가치 측정치의 증가, 부채"
ifrs-full_IncreaseThroughOriginationOrPurchaseFinancialAssets,"발행 또는 매입에 따른 증가, 금융자산"
ifrs-full_IndicationOfUncertaintiesOfAmountOrTimingOfOutflowsContingentLiabilities,"유출될 경제적효익의 금액과 시기에 대한 불확실성 정도, 우발부채"
ifrs-full_InformationAboutMajorCustomers,주요 고객에 대한 정보
ifrs-full_InformationAboutUltimateRiskManagementStrategyInRelationToHedgingRelationshipsThatEntityFrequentlyResets,기업이 위험회피회계를 사용하고 수시로 재결정하는 위험회피관계를 지정함으로써 어떻게 위험관리전략을 반영하는지에 대한 기술
ifrs-full_InformationWhetherEntityCompliedWithAnyExternallyImposedCapitalRequirements,외부적으로 부과된 자본유지요건을 준수하였는지의 여부
ifrs-full_InputToMethodUsedToMeasureContractsWithinScopeOfIFRS17,IFRS 17 적용범위에 포함되는 계약 측정에 사용한 방법의 투입변수
ifrs-full_InputsToMethodsUsedToMeasureContractsWithinScopeOfIFRS17Axis,IFRS 17 적용범위에 포함되는 계약 측정에 사용한 방법의 투입변수 [축]
ifrs-full_InputsToMethodsUsedToMeasureContractsWithinScopeOfIFRS17Member,IFRS 17 적용범위에 포함되는 계약 측정에 사용한 방법의 투입변수 [구성요소]
ifrs-full_InsuranceContractsAxis,보험계약 [축]
ifrs-full_InsuranceContractsByComponentsAxis,구성요소별 보험계약 [축]
ifrs-full_InsuranceContractsByComponentsMember,구성요소별 보험계약 [구성요소]
ifrs-full_InsuranceContractsByRemainingCoverageAndIncurredClaimsAxis,잔여보장부채와 발생사고부채 [축]
ifrs-full_InsuranceContractsByRemainingCoverageAndIncurredClaimsMember,잔여보장부채와 발생사고부채 [구성요소]
ifrs-full_InsuranceContractsIssuedMember,발행한 보험계약 [구성요소]
ifrs-full_InsuranceContractsIssuedThatAreAssets,자산인 발행한 보험계약
ifrs-full_InsuranceContractsIssuedThatAreLiabilities,부채인 발행한 보험계약
ifrs-full_InsuranceContractsLiabilityAsset,보험계약부채(자산)
ifrs-full_InsuranceContractsMember,보험계약의 유형 [구성요소]
ifrs-full_InsuranceContractsMember2017,보험계약 [구성요소]
ifrs-full_InsuranceContractsOtherThanThoseToWhichPremiumAllocationApproachHasBeenAppliedMember,보험료배분접근법을 적용한 보험계약 외의 보험계약 [구성요소]
ifrs-full_InsuranceContractsThatAreAssets,자산인 보험계약
ifrs-full_InsuranceContractsThatAreLiabilities,부채인 보험계약
ifrs-full_InsuranceContractsToWhichPremiumAllocationApproachHasBeenAppliedMember,보험료배분접근법을 적용한 보험계약 [구성요소]
ifrs-full_InsuranceExpense,보험료
ifrs-full_InsuranceFinanceIncomeExpenses,보험금융수익(비용)
ifrs-full_InsuranceFinanceIncomeExpensesFromInsuranceContractsIssuedRecognisedInProfitOrLoss,당기손익으로 인식한 발행한 보험계약의 보험금융수익(비용)
ifrs-full_InsuranceRevenue,보험수익
ifrs-full_InsuranceRevenueAbstract,보험수익 [개요]
ifrs-full_InsuranceRevenueAllocationOfPortionOfPremiumsThatRelateToRecoveryOfInsuranceAcquisitionCashFlows,"보험수익, 보험취득 현금흐름의 회수와 관련되는 보험료 부분의 배분액"
ifrs-full_InsuranceRevenueAmountsRelatingToChangesInLiabilityForRemainingCoverage,"보험수익, 잔여보장부채의 변동과 관련되는 금액"
ifrs-full_InsuranceRevenueAmountsRelatingToChangesInLiabilityForRemainingCoverageAbstract,"보험수익, 잔여보장부채의 변동과 관련되는 금액 [개요]"
ifrs-full_InsuranceRevenueChangeInRiskAdjustmentForNonfinancialRisk,"보험수익, 비금융위험에 대한 위험조정의 변동분"
ifrs-full_InsuranceRevenueContractualServiceMarginRecognisedInProfitOrLossBecauseOfTransferOfServices,"보험수익, 서비스의 이전으로 당기손익에 인식한 보험계약마진"
ifrs-full_InsuranceRevenueInsuranceServiceExpensesIncurredDuringPeriodMeasuredAtAmountsExpectedAtBeginningOfPeriod,"보험수익, 보고기간에 발생한 보험서비스비용 (기초 예상 측정치)"
ifrs-full_InsuranceRevenueOtherAmounts,"보험수익, 그 밖의 금액"
ifrs-full_InsuranceRiskMember,보험위험 [구성요소]
ifrs-full_InsuranceServiceExpensesFromInsuranceContractsIssued,발행한 보험계약에서 생기는 보험서비스비용
ifrs-full_InsuranceServiceResult,보험서비스결과
ifrs-full_IntangibleAssetsAndGoodwill,무형자산 및 영업권
ifrs-full_IntangibleAssetsAndGoodwillMember,무형자산 및 영업권 [구성요소]
ifrs-full_IntangibleAssetsOtherThanGoodwill,영업권 이외의 무형자산
ifrs-full_IntangibleAssetsOtherThanGoodwillMember,영업권 이외의 무형자산 [구성요소]
ifrs-full_InterestExpense,이자비용
ifrs-full_InterestExpenseDefinedBenefitPlans,"이자비용, 확정급여제도"
ifrs-full_InterestExpenseIncomeDefinedBenefitPlans,"이자비용(수익), 확정급여제도"
ifrs-full_InterestExpenseIncomeNetDefinedBenefitLiabilityAsset,"이자비용(수익), 순확정급여부채(자산)"
ifrs-full_InterestExpenseOnBorrowings,차입금 이자비용
ifrs-full_InterestExpenseOnLeaseLiabilities,리스부채에 대한 이자비용
ifrs-full_InterestExpenseOnOtherFinancialLiabilities,기타 금융부채 이자비용
ifrs-full_InterestIncomeDefinedBenefitPlans,"이자수익, 확정급여제도"
ifrs-full_InterestIncomeOnCashAndCashEquivalents,현금및현금성자산으로부터의 이자수익
ifrs-full_InterestIncomeOnDebtInstrumentsHeld,보유하고있는 채권으로부터의 이자수익
ifrs-full_InterestIncomeOnFinancialAssetsDesignatedAtFairValueThroughProfitOrLoss,당기손익인식금융자산으로부터의 이자수익
ifrs-full_InterestIncomeOnLoansAndReceivables,대여금 및 채권으로부터의 이자수익
ifrs-full_InterestIncomeOnOtherFinancialAssets,기타 금융자산으로부터의 이자수익
ifrs-full_InterestPaidClassifiedAsOperatingActivities,영업활동으로 분류된 이자지급
ifrs-full_InterestRateMeasurementInputMember,"이자율, 측정 투입변수 [구성요소]"
ifrs-full_InterestRateRiskMember,이자율위험 [구성요소]
ifrs-full_InterestRateTypesMember,이자율 유형 [구성요소]
ifrs-full_InterestReceivedClassifiedAsOperatingActivities,영업활동으로 분류된 이자수취
ifrs-full_InterestRevenueCalculatedUsingEffectiveInterestMethod,유효이자율법을 사용하여 계산한 이자수익
ifrs-full_InterestRevenueExpense,이자수익(비용)
ifrs-full_InterestRevenueForFinancialAssetsMeasuredAtFairValueThroughOtherComprehensiveIncome,기타포괄손익-공정가치로 측정하는 금융자산의 이자수익
ifrs-full_InvestmentAccountedForUsingEquityMethod,지분법적용 투자지분
ifrs-full_InvestmentContractsLiabilities,투자계약부채
ifrs-full_InvestmentIncome,투자수익
ifrs-full_InvestmentProperty,투자부동산
ifrs-full_InvestmentPropertyMember,투자부동산 [구성요소]
ifrs-full_InvestmentsInEquityInstrumentsMeasuredAtFairValueThroughOtherComprehensiveIncomeMember,기타포괄손익-공정가치 지정 지분상품투자 [구성요소]
ifrs-full_InvestmentsInSubsidiariesJointVenturesAndAssociates,"종속기업, 공동기업과 관계기업에 대한 투자자산"
ifrs-full_IssuedCapital,자본금
ifrs-full_IssuedCapitalMember,자본금 [구성요소]
ifrs-full_IssuesFairValueMeasurementLiabilities,"발행, 공정가치측정, 부채"
ifrs-full_JointControlOrSignificantInfluenceMember,당해 기업을 공동지배하거나 당해 기업에 유의적인 영향력을 행사하는 기업 [구성요소]
ifrs-full_JointVenturesMember,공동기업 [구성요소]
ifrs-full_KeyManagementPersonnelCompensation,주요 경영진에 대한 보상
ifrs-full_KeyManagementPersonnelCompensationOtherLongtermBenefits,"주요 경영진에 대한 보상, 기타장기급여주요 경영진에 대한 보상, 기타장기종업원급여"
ifrs-full_KeyManagementPersonnelCompensationPostemploymentBenefits,"주요 경영진에 대한 보상, 퇴직급여"
ifrs-full_KeyManagementPersonnelCompensationSharebasedPayment,"주요 경영진에 대한 보상, 주식기준보상"
ifrs-full_KeyManagementPersonnelCompensationShorttermEmployeeBenefits,"주요 경영진에 대한 보상, 단기종업원급여"
ifrs-full_KeyManagementPersonnelOfEntityOrParentMember,당해 기업이나 당해 기업의 지배기업의 주요 경영진 [구성요소]
ifrs-full_LandAndBuildingsMember,토지와 건물 [구성요소]
ifrs-full_LandMember,토지 [구성요소]
ifrs-full_LaterThanFifteenYearsAndNotLaterThanTwentyYearsMember,15년 초과 20년 이내 [구성요소]
ifrs-full_LaterThanFiveYearsAndNotLaterThanTenYearsMember,5년 초과 10년 이내 [구성요소]
ifrs-full_LaterThanFiveYearsMember,5년 초과 [구성요소]
ifrs-full_LaterThanFourYearsAndNotLaterThanFiveYearsMember,4년 초과 5년 이내 [구성요소]
ifrs-full_LaterThanOneMonthAndNotLaterThanThreeMonthsMember,1개월 초과 3개월 이내 [구성요소]
ifrs-full_LaterThanOneYearAndNotLaterThanFiveYearsMember,1년 초과 5년 이내 [구성요소]
ifrs-full_LaterThanOneYearAndNotLaterThanThreeYearsMember,1년 초과 3년 이내 [구성요소]
ifrs-full_LaterThanOneYearAndNotLaterThanTwoYearsMember,1년 초과 2년 이내 [구성요소]
ifrs-full_LaterThanTenYearsAndNotLaterThanFifteenYearsMember,10년 초과 15년 이내 [구성요소]
ifrs-full_LaterThanTenYearsMember,10년 초과 [구성요소]
ifrs-full_LaterThanThreeMonthsAndNotLaterThanOneYearMember,3개월 초과 1년 이내 [구성요소]
ifrs-full_LaterThanThreeYearsAndNotLaterThanFiveYearsMember,3년 초과 5년 이내 [구성요소]
ifrs-full_LaterThanThreeYearsAndNotLaterThanFourYearsMember,3년 초과 4년 이내 [구성요소]
ifrs-full_LaterThanThreeYearsMember,3년초과 [구성요소]
ifrs-full_LaterThanTwentyYearsAndNotLaterThanTwentyfiveYearsMember,20년 초과 25년 이내 [구성요소]
ifrs-full_LaterThanTwoYearsAndNotLaterThanFiveYearsMember,2년 초과 5년 이내 [구성요소]
ifrs-full_LaterThanTwoYearsAndNotLaterThanThreeYearsMember,2년 초과 3년 이내 [구성요소]
ifrs-full_LeaseLiabilities,리스부채
ifrs-full_LeaseLiabilitiesMember,리스 부채 [구성요소]
ifrs-full_LeaseReceivablesMember,리스채권 [구성요소]
ifrs-full_LeaseholdImprovementsMember,임차시설개량권 [구성요소]
ifrs-full_LeasesAsLessorRelatedPartyTransactions,"리스제공자로서 리스, 특수관계자거래"
ifrs-full_LegalProceedingsContingentLiabilityMember,법적소송우발부채 [구성요소]
ifrs-full_Level1OfFairValueHierarchyMember,공정가치 서열체계 수준 1 [구성요소]
ifrs-full_Level2OfFairValueHierarchyMember,공정가치 서열체계 수준 2 [구성요소]
ifrs-full_Level3OfFairValueHierarchyMember,공정가치 서열체계 수준 3 [구성요소]
ifrs-full_LevelsOfFairValueHierarchyAxis,공정가치 서열체계의 수준 [축]
ifrs-full_Liabilities,부채
ifrs-full_LiabilitiesAbstract,부채 [개요]
ifrs-full_LiabilitiesArisingFromFinancingActivities,재무활동에서 생기는 부채
ifrs-full_LiabilitiesArisingFromFinancingActivitiesAxis,재무활동에서 생기는 부채 [축]
ifrs-full_LiabilitiesArisingFromFinancingActivitiesMember,재무활동에서 생기는 부채 [구성요소]
ifrs-full_LiabilitiesForIncurredClaimsMember,발생사고부채 [구성요소]
ifrs-full_LiabilitiesForIncurredClaimsThatAriseFromContractsWithinScopeOfIFRS17,IFRS 17의 적용범위에 포함되는 계약에서 생기는 발생사고부채
ifrs-full_LiabilitiesMember,부채 [구성요소]
ifrs-full_LiabilityAssetOfDefinedBenefitPlans,순확정급여부채(자산)
ifrs-full_LicencesMember,라이선스 [구성요소]
ifrs-full_LifeInsuranceContractsMember,생명보험계약 [구성요소]
ifrs-full_LifetimeExpectedCreditLossesMember,전체기간 기대신용손실 [구성요소]
ifrs-full_LineItemsByFunctionMember,기능별 항목 [구성요소]
ifrs-full_LineItemsOfRecognisedAssetsAndLiabilitiesRepresentingContinuingInvolvementInDerecognisedFinancialAssets,제거된 금융자산의 지속적 관여를 표시하는 인식된 자산 및 부채의 항목에 대한 기술
ifrs-full_LoanCommitmentsMember,대출약정 [구성요소]
ifrs-full_LoansAndReceivables,대여금 및 수취채권
ifrs-full_LoansAndReceivablesCategoryMember,대여금 및 수취채권 [구성요소]
ifrs-full_LoansReceived,금융기관 차입금(사채 제외)
ifrs-full_LongtermBorrowingsMember,장기 차입금 [구성요소]
ifrs-full_LongtermDeposits,장기예금
ifrs-full_LossComponentMember,손실 요소 [구성요소]
ifrs-full_LossesOnChangeInFairValueOfDerivatives,파생상품평가손실
ifrs-full_LossesOnDisposalsOfInvestmentProperties,투자부동산처분손실
ifrs-full_LossesOnDisposalsOfPropertyPlantAndEquipment,유형자산처분손실
ifrs-full_MajorComponentsOfTaxExpenseIncomeAbstract,법인세비용(수익)의 주요 구성요소 [개요]
ifrs-full_MajorOrdinaryShareTransactionsMember,주요한 보통주 거래 [구성요소]
ifrs-full_MarketRiskMember,시장위험 [구성요소]
ifrs-full_MaterialReconcilingItemsMember,중요한 조정사항 [구성요소]
ifrs-full_MaturityAxis,만기 [축]
ifrs-full_MeasurementAxis,측정 [축]
ifrs-full_MiscellaneousAssetsAbstract,기타자산 [개요]
ifrs-full_MiscellaneousLiabilitiesAbstract,그밖의 부채 [개요]
ifrs-full_MiscellaneousOtherOperatingExpense,그밖의 기타영업비용
ifrs-full_MiscellaneousOtherOperatingIncome,그밖의 기타영업이익
ifrs-full_MiscellaneousOtherProvisionsMember,그 밖의 기타충당부채 [구성요소]
ifrs-full_MiscellaneousOtherReservesMember,그밖의 기타 적립금 [구성요소]
ifrs-full_NatureOfFinancialAssetsTransferredDuringPeriodWhichDoNotQualifyForDerecognition,전부가 제거되지 않은 양도된 금융자산의 성격에 대한 기술
ifrs-full_NetAssetValueMember,순자산가치 [구성요소]
ifrs-full_NetDefinedBenefitLiabilityAssetAxis,순확정급여부채(자산) [축]
ifrs-full_NetDefinedBenefitLiabilityAssetMember,순확정급여부채(자산) [구성요소]
ifrs-full_NetFinancialAssetsSubjectToOffsettingEnforceableMasterNettingArrangementsOrSimilarAgreements,"상계를 조건으로 하는 순금융자산, 구속력 있는 일괄상계계약 또는 유사한 계약"
ifrs-full_NetFinancialAssetsSubjectToOffsettingEnforceableMasterNettingArrangementsOrSimilarAgreementsInStatementOfFinancialPosition,"상계를 조건으로 하는 순금융자산, 재무상태표상의 구속력 있는 일괄상계계약 또는 유사한 계약"
ifrs-full_NetFinancialLiabilitiesSubjectToOffsettingEnforceableMasterNettingArrangementsOrSimilarAgreements,"상계를 조건으로하는 순금융부채, 구속력 있는 일괄상계계약 또는 유사한 계약"
ifrs-full_NetFinancialLiabilitiesSubjectToOffsettingEnforceableMasterNettingArrangementsOrSimilarAgreementsInStatementOfFinancialPosition,"상계를 조건으로하는 순금융부채, 재무상태표상의 구속력 있는 일괄상계계약 또는 유사한 계약"
ifrs-full_NetInvestmentInFinanceLease,금융리스 순투자
ifrs-full_NetLiabilitiesOrAssetsForRemainingCoverageExcludingLossComponentMember,손실 요소를 제외한 잔여보장 요소에 대한 순부채(또는 순자산) [구성요소]
ifrs-full_NewProvisionsOtherProvisions,"새로운 충당부채, 기타충당부채"
ifrs-full_NominalAmountOfHedgingInstrument,위험회피수단의 명목금액
ifrs-full_NonadjustingEventsAfterReportingPeriodAxis,수정을 요하지 않는 보고기간 후 사건 [축]
ifrs-full_NonadjustingEventsMember,수정을 요하지 않는 보고기간 후 사건 [구성요소]
ifrs-full_NoncontrollingInterests,비지배지분
ifrs-full_NoncontrollingInterestsMember,비지배지분 [구성요소]
ifrs-full_NoncurrentAssetsOrDisposalGroupsClassifiedAsHeldForSaleOrAsHeldForDistributionToOwners,매각예정 또는 소유주에 대한 분배예정으로 분류된 비유동자산이나 처분자산집단
ifrs-full_NoncurrentAssetsOtherThanFinancialInstrumentsDeferredTaxAssetsPostemploymentBenefitAssetsAndRightsArisingUnderInsuranceContracts,"금융상품, 이연법인세자산, 퇴직급여자산 및 보험계약에서 발생하는 권리의 취득액을 제외한 비유동자산"
ifrs-full_NoncurrentLeaseLiabilities,비유동 리스부채
ifrs-full_NonlifeInsuranceContractsMember,비생명보험계약 [구성요소]
ifrs-full_NotLaterThanOneMonthMember,1개월 이내 [구성요소]
ifrs-full_NotLaterThanOneYearMember,1년 이내 [구성요소]
ifrs-full_NotLaterThanThreeMonthsMember,3개월 이내 [구성요소]
ifrs-full_NotMeasuredAtFairValueInStatementOfFinancialPositionButForWhichFairValueIsDisclosedMember,재무상태표상에 공정가치로 측정되지 않았지만 공시된 공정가치 [구성요소]
ifrs-full_NotionalAmount,명목금액
ifrs-full_NumberOfInstrumentsGrantedInSharebasedPaymentArrangement,주식기준보상약정에 따라 부여된 금융상품의 수량
ifrs-full_NumberOfSharesAuthorised,수권주식수
ifrs-full_NumberOfSharesIssued,발행주식수
ifrs-full_NumberOfSharesOutstanding,유통주식수의 수량
ifrs-full_OfficeEquipmentMember,사무용비품 [구성요소]
ifrs-full_OperatingExpense,영업비용
ifrs-full_OperatingSegmentsMember,영업부문 [구성요소]
ifrs-full_OptionContractMember,옵션계약 [구성요소]
ifrs-full_OrdinarySharesMember,보통주 [구성요소]
ifrs-full_OtherAssets,기타자산
ifrs-full_OtherAssetsAmountContributedToFairValueOfPlanAssets,"그 밖의 자산, 전체 사외적립자산에서 차지하는 금액"
ifrs-full_OtherAssetsMember,기타자산 [구성요소]
ifrs-full_OtherBorrowings,기타 차입금(사채 제외)
ifrs-full_OtherCashAndCashEquivalents,기타현금및현금성자산
ifrs-full_OtherComponentsOfDeferredTaxExpenseIncome,이연법인세비용(수익)의 기타 구성요소
ifrs-full_OtherComprehensiveIncome,기타포괄손익
ifrs-full_OtherComprehensiveIncomeAbstract,기타포괄손익 [개요]
ifrs-full_OtherComprehensiveIncomeBeforeTaxCashFlowHedges,"세전기타포괄손익, 현금흐름위험회피"
ifrs-full_OtherComprehensiveIncomeBeforeTaxFinanceIncomeExpensesFromReinsuranceContractsHeldExcludedFromProfitOrLoss,"세전기타포괄손익, 당기손익에서 제외되는 보유 재보험계약의 금융수익(비용)"
ifrs-full_OtherComprehensiveIncomeBeforeTaxGainsLossesFromInvestmentsInEquityInstruments,"세전기타포괄손익, 지분상품에 대한 투자자산"
ifrs-full_OtherComprehensiveIncomeBeforeTaxGainsLossesOnRemeasurementsOfDefinedBenefitPlans,"세전기타포괄손익, 확정급여제도의 재측정차익(차손)"
ifrs-full_OtherComprehensiveIncomeBeforeTaxInsuranceFinanceIncomeExpensesFromInsuranceContractsIssuedExcludedFromProfitOrLossThatWillBeReclassifiedToProfitOrLoss,"세전기타포괄손익, 당기손익에서 제외되나 당기손익으로 재분류될 발행한 보험계약의 보험금융수익(비용)"
ifrs-full_OtherComprehensiveIncomeNetOfTaxCashFlowHedges,"세후기타포괄손익, 현금흐름위험회피"
ifrs-full_OtherComprehensiveIncomeNetOfTaxChangeInFairValueOfFinancialLiabilityAttributableToChangeInCreditRiskOfLiability,"세후기타포괄손익, 신용위험 변동으로 인한 금융부채의 순공정가치변동"
ifrs-full_OtherComprehensiveIncomeNetOfTaxExchangeDifferencesOnTranslation,"세후기타포괄손익, 외화환산외환차이"
ifrs-full_OtherComprehensiveIncomeNetOfTaxFinanceIncomeExpensesFromReinsuranceContractsHeldExcludedFromProfitOrLoss,"세후기타포괄손익, 당기손익에서 제외되는 보유 재보험계약의 금융수익(비용)"
ifrs-full_OtherComprehensiveIncomeNetOfTaxFinancialAssetsMeasuredAtFairValueThroughOtherComprehensiveIncome,"세후기타포괄손익, 기타포괄손익-공정가치로 측정되는 금융자산"
ifrs-full_OtherComprehensiveIncomeNetOfTaxGainsLossesFromInvestmentsInEquityInstruments,"세후기타포괄손익, 지분상품에 대한 투자자산"
ifrs-full_OtherComprehensiveIncomeNetOfTaxGainsLossesOnRemeasurementsOfDefinedBenefitPlans,"세후기타포괄손익, 확정급여제도의 재측정손익"
ifrs-full_OtherComprehensiveIncomeNetOfTaxGainsLossesOnRevaluation,"세후기타포괄손익, 자산재평가차익(차손)"
ifrs-full_OtherComprehensiveIncomeNetOfTaxInsuranceFinanceIncomeExpensesFromInsuranceContractsIssuedExcludedFromProfitOrLossThatWillBeReclassifiedToProfitOrLoss,"세후기타포괄손익, 당기손익에서 제외되나 당기손익으로 재분류될 발행한 보험계약의 보험금융수익(비용)"
ifrs-full_OtherComprehensiveIncomeThatWillBeReclassifiedToProfitOrLossBeforeTax,당기손익으로 재분류되는 세전기타포괄손익
ifrs-full_OtherComprehensiveIncomeThatWillBeReclassifiedToProfitOrLossNetOfTax,당기손익으로 재분류되는 세후기타포괄손익
ifrs-full_OtherComprehensiveIncomeThatWillNotBeReclassifiedToProfitOrLossNetOfTax,당기손익으로 재분류 되지않는 세후기타포괄손익
ifrs-full_OtherContingentLiabilitiesMember,기타우발부채 [구성요소]
ifrs-full_OtherEquitySecuritiesMember,기타지분증권 [구성요소]
ifrs-full_OtherExpenseByNature,성격별 기타비용
ifrs-full_OtherFeeAndCommissionExpense,기타수수료비용
ifrs-full_OtherFeeAndCommissionIncome,기타 수수료 수익
ifrs-full_OtherFinanceCost,기타금융비용
ifrs-full_OtherFinanceIncome,기타금융수익
ifrs-full_OtherFinancialAssets,기타금융자산
ifrs-full_OtherFinancialLiabilities,기타금융부채
ifrs-full_OtherInflowsOutflowsOfCashClassifiedAsFinancingActivities,재무활동으로 분류된 기타의 현금유입(유출)
ifrs-full_OtherIntangibleAssets,기타무형자산
ifrs-full_OtherIntangibleAssetsMember,기타무형자산 [구성요소]
ifrs-full_OtherLiabilities,기타부채
ifrs-full_OtherLongtermBenefits,기타장기종업원급여
ifrs-full_OtherNonfinancialAssets,기타비금융자산
ifrs-full_OtherNonfinancialLiabilities,기타비금융부채
ifrs-full_OtherOperatingIncomeExpense,기타 영업이익(비용)
ifrs-full_OtherPayables,기타 미지급금
ifrs-full_OtherPropertyPlantAndEquipmentMember,기타유형자산 [구성요소]
ifrs-full_OtherProvisions,기타충당부채
ifrs-full_OtherProvisionsMember,기타충당부채 [구성요소]
ifrs-full_OtherRelatedPartiesMember,그 밖의 특수관계자 [구성요소]
ifrs-full_OtherReservesMember,기타적립금 [구성요소]
ifrs-full_OtherShorttermEmployeeBenefits,기타단기종업원급여
ifrs-full_OutstandingBalancesForRelatedPartyTransactionsAbstract,특수관계자거래의 채권·채무 잔액 [개요]
ifrs-full_OutstandingCommitmentsMadeByEntityRelatedPartyTransactions,"기업이 체결한 약정잔액, 특수관계자거래"
ifrs-full_ParValuePerShare,주당 액면가액
ifrs-full_ParentMember,지배기업 [구성요소]
ifrs-full_PastServiceCostDefinedBenefitPlans,"과거근무원가, 확정급여제도"
ifrs-full_PaymentsFromChangesInOwnershipInterestsInSubsidiaries,지배력을 상실하지 않는 종속기업에 대한 소유지분의 변동으로 인한 지급
ifrs-full_PaymentsFromPlanNetDefinedBenefitLiabilityAsset,"제도에서 지급한 금액, 순확정급여부채(자산)"
ifrs-full_PaymentsOfLeaseLiabilitiesClassifiedAsFinancingActivities,재무활동으로 분류된 리스부채의 지급
ifrs-full_PercentageOfReasonablyPossibleDecreaseInActuarialAssumption,보험수리적가정의 합리적인 범위 내에서의 발생가능한 감소율
ifrs-full_PercentageOfReasonablyPossibleDecreaseInUnobservableInputAssets,"관측할 수 없는 투입변수의 가능성이 어느 정도 있는 감소율, 자산"
ifrs-full_PercentageOfReasonablyPossibleIncreaseInActuarialAssumption,보험수리적가정의 합리적인 범위 내에서의 발생가능한 증가율
ifrs-full_PercentageOfReasonablyPossibleIncreaseInUnobservableInputAssets,"관측할 수 없는 투입변수의 가능성이 어느 정도 있는 증가율, 자산"
ifrs-full_PlanAssetsAtFairValue,"사외적립자산, 공정가치"
ifrs-full_PlanAssetsMember,사외적립자산 [구성요소]
ifrs-full_PostemploymentBenefitExpenseDefinedBenefitPlans,"퇴직급여비용, 확정급여제도"
ifrs-full_PostemploymentBenefitExpenseDefinedContributionPlans,"퇴직급여비용, 확정기여제도"
ifrs-full_PostemploymentBenefitExpenseInProfitOrLoss,당기손익에 포함되는 퇴직급여비용
ifrs-full_PreferenceSharesMember,우선주 [구성요소]
ifrs-full_Prepayments,선급금
ifrs-full_PresentValueOfDefinedBenefitObligationMember,확정급여채무의 현재가치 [구성요소]
ifrs-full_ProceedsFromBorrowingsClassifiedAsFinancingActivities,재무활동으로 분류된 차입금
ifrs-full_ProceedsFromChangesInOwnershipInterestsInSubsidiaries,지배력을 상실하지 않는 종속기업에 대한 소유지분의 변동으로 인한 현금유입
ifrs-full_ProceedsFromIssueOfBondsNotesAndDebentures,"담보·무담보부사채, 어음의 발행"
ifrs-full_ProceedsFromIssueOfSubordinatedLiabilities,후순위부채의 발행
ifrs-full_ProceedsFromSalesOfIntangibleAssetsClassifiedAsInvestingActivities,투자활동으로 분류된 무형자산의 처분
ifrs-full_ProceedsFromSalesOfInterestsInAssociates,관계기업 투자지분의 처분
ifrs-full_ProceedsFromSalesOfInvestmentProperty,투자부동산의 처분
ifrs-full_ProceedsFromSalesOfInvestmentsAccountedForUsingEquityMethod,지분법적용 투자지분의 처분
ifrs-full_ProceedsFromSalesOfPropertyPlantAndEquipmentClassifiedAsInvestingActivities,투자활동으로 분류된 유형자산의 처분으로 인한 현금유입
ifrs-full_ProfitLoss,당기순이익(손실)
ifrs-full_ProfitLossAttributableToAbstract,당기순이익(손실)의 귀속
ifrs-full_ProfitLossAttributableToNoncontrollingInterests,비지배지분에 귀속되는 당기순이익(손실)
ifrs-full_ProfitLossAttributableToOrdinaryEquityHoldersOfParentEntity,지배기업의 보통주에 귀속되는 당기순이익(손실)
ifrs-full_ProfitLossAttributableToOrdinaryEquityHoldersOfParentEntityIncludingDilutiveEffects,희석효과를 포함한 지배기업의 보통주에 귀속되는 당기순이익(손실)
ifrs-full_ProfitLossAttributableToOwnersOfParent,지배기업의 소유주에게 귀속되는 당기순이익(손실)
ifrs-full_ProfitLossBeforeTax,법인세비용차감전순이익(손실)
ifrs-full_ProfitLossFromContinuingOperations,계속영업이익(손실)
ifrs-full_ProfitLossFromContinuingOperationsAttributableToNoncontrollingInterests,비지배지분에 귀속될 계속영업이익(손실)
ifrs-full_ProfitLossFromContinuingOperationsAttributableToOrdinaryEquityHoldersOfParentEntity,지배기업의 보통주에 귀속되는 계속영업당기순이익(손실)
ifrs-full_ProfitLossFromOperatingActivities,영업활동으로부터의 이익(손실)
ifrs-full_PropertyManagementExpense,부동산관리비용
ifrs-full_PropertyPlantAndEquipment,유형자산
ifrs-full_PropertyPlantAndEquipmentCarryingAmountOfRevaluedAssets,"유형자산, 재평가된 자산"
ifrs-full_PropertyPlantAndEquipmentMember,유형자산 [구성요소]
ifrs-full_PropertyPlantAndEquipmentPledgedAsSecurity,담보로 제공된 유형자산
ifrs-full_PropertyPlantAndEquipmentRevaluationSurplus,"유형자산, 재평가잉여금"
ifrs-full_ProvisionForCreditCommitmentsMember,신용공여 충당부채 [구성요소]
ifrs-full_ProvisionForDecommissioningRestorationAndRehabilitationCosts,"사후처리, 복구, 정화 비용을 위한 충당부채"
ifrs-full_ProvisionForDecommissioningRestorationAndRehabilitationCostsMember,"사후처리, 복구, 정화 비용을 위한 충당부채 [구성요소]"
ifrs-full_ProvisionOfGuaranteesOrCollateralByEntityRelatedPartyTransactions,"기업의 보증이나 담보의 제공, 특수관계자거래"
ifrs-full_ProvisionUsedOtherProvisions,"사용된 충당부채, 기타충당부채"
ifrs-full_Provisions,충당부채
ifrs-full_ProvisionsForDoubtfulDebtsRelatedToOutstandingBalancesOfRelatedPartyTransaction,특수관계자거래의 채권 잔액에 대하여 설정된 대손충당금
ifrs-full_PurchaseOfIntangibleAssetsClassifiedAsInvestingActivities,투자활동으로 분류된 무형자산의 취득
ifrs-full_PurchaseOfInterestsInAssociates,관계기업 투자지분의 취득
ifrs-full_PurchaseOfInterestsInInvestmentsAccountedForUsingEquityMethod,지분법적용 투자지분의 취득
ifrs-full_PurchaseOfInvestmentProperty,투자부동산의 취득
ifrs-full_PurchaseOfPropertyPlantAndEquipmentClassifiedAsInvestingActivities,투자활동으로 분류된 유형자산의 취득
ifrs-full_PurchasesFairValueMeasurementAssets,"매입, 공정가치측정, 자산"
ifrs-full_PurchasesFairValueMeasurementLiabilities,"매입, 공정가치측정, 부채"
ifrs-full_PurchasesOfPropertyAndOtherAssetsRelatedPartyTransactions,"부동산과 그 밖의 자산의 구입, 특수관계자거래"
ifrs-full_QualitativeInformationAboutEntitysObjectivesPoliciesAndProcessesForManagingCapital,"자본관리를 위한 기업의 목적, 정책 및 절차에 대한 비계량적 정보"
ifrs-full_RangeAxis,범위 [축]
ifrs-full_RangesMember,범위 [구성요소]
ifrs-full_ReclassificationAdjustmentsOnCashFlowHedgesBeforeTax,현금흐름위험회피의 세전재분류조정
ifrs-full_ReclassificationAdjustmentsOnCashFlowHedgesForWhichHedgedItemAffectedProfitOrLossNetOfTax,당기손익에 영향을 주는 위험회피 항목에 대한 현금흐름위험회피의 세후재분류 조정
ifrs-full_ReclassificationAdjustmentsOnCashFlowHedgesNetOfTax,현금흐름위험회피의 세후재분류조정
ifrs-full_ReclassificationAdjustmentsOnFinancialAssetsMeasuredAtFairValueThroughOtherComprehensiveIncomeBeforeTax,"기타포괄손익-공정가치로 측정되는 금융자산의 재분류 조정, 세전"
ifrs-full_ReclassificationAdjustmentsOnFinancialAssetsMeasuredAtFairValueThroughOtherComprehensiveIncomeNetOfTax,기타포괄손익-공정가치로 측정되는 금융자산의 세후재분류조정
ifrs-full_ReclassificationAdjustmentsOnHedgesOfNetInvestmentsInForeignOperationsBeforeTax,해외사업장순투자의 위험회피의 세전재분류조정
ifrs-full_RecognisedAssetsDefinedBenefitPlan,순확정급여자산
ifrs-full_RecognisedAssetsRepresentingContinuingInvolvementInDerecognisedFinancialAssets,제거된 금융자산의 지속적 관여를 표시하는 인식된 자산
ifrs-full_RecognisedLiabilitiesDefinedBenefitPlan,순확정급여부채
ifrs-full_ReconciliationOfAccountingProfitMultipliedByApplicableTaxRatesAbstract,회계이익에 적용세율을 곱하여 산출한 금액에 대한 조정 [개요]
ifrs-full_ReconciliationOfAggregateDifferenceBetweenFairValueAtInitialRecognitionAndAmountDeterminedUsingValuationTechniqueYetToBeRecognisedAbstract,아직 인식하지 아니한 최초인식시점의 공정가치와 거래가격의 손익차이에 대한 조정 [개요]
ifrs-full_ReconciliationOfAverageEffectiveTaxRateAndApplicableTaxRateAbstract,평균유효세율과 적용세율간의 조정 [개요]
ifrs-full_ReconciliationOfChangesInFairValueMeasurementAssetsAbstract,"공정가치측정의 변경에 대한 조정, 자산 [개요]"
ifrs-full_ReconciliationOfChangesInFairValueMeasurementLiabilitiesAbstract,"공정가치측정의 변경에 대한 조정, 부채 [개요]"
ifrs-full_ReconciliationOfChangesInIntangibleAssetsAndGoodwillAbstract,무형자산 및 영업권의 변동내역 [개요]
ifrs-full_ReconciliationOfChangesInOtherProvisionsAbstract,기타충당부채의 변동에 대한 조정 [개요]
ifrs-full_ReinsuranceAssets,재보험자산
ifrs-full_ReinsuranceContractsHeldMember,보유 재보험계약 [구성요소]
ifrs-full_ReinsuranceContractsHeldThatAreAssets,자산인 보유 재보험계약
ifrs-full_ReinsuranceContractsHeldThatAreLiabilities,부채인 보유 재보험계약
ifrs-full_RelatedPartiesMember,특수관계자 [구성요소]
ifrs-full_RelatedPartyTransactionsAbstract,특수관계자거래 [개요]
ifrs-full_RentalExpense,임차료
ifrs-full_RentalIncome,임대료수입
ifrs-full_RentalIncomeFromInvestmentProperty,투자부동산에서 발생한 임대수익
ifrs-full_RepairsAndMaintenanceExpense,수선유지비
ifrs-full_RepaymentsOfBondsNotesAndDebentures,"담보·무담보부사채, 어음의 상환"
ifrs-full_RepaymentsOfBorrowingsClassifiedAsFinancingActivities,재무활동으로 분류된 차입금의 상환
ifrs-full_RepaymentsOfSubordinatedLiabilities,후순위부채의 상환
ifrs-full_ReportableSegmentsMember,보고부문 [구성요소]
ifrs-full_ReserveForCatastrophe,비상위험준비금
ifrs-full_ReserveForCatastropheMember,비상위험준비금 [구성요소]
ifrs-full_ReserveOfCashFlowHedges,현금흐름위험회피 적립금
ifrs-full_ReserveOfCashFlowHedgesContinuingHedges,"현금흐름위험회피 적립금, 계속되는 위험회피"
ifrs-full_ReserveOfCashFlowHedgesHedgingRelationshipsForWhichHedgeAccountingIsNoLongerApplied,"위험회피회계처리가 더 이상 적용되지 않는 현금흐름위험회피, 위험회피관계 적립금"
ifrs-full_ReserveOfCashFlowHedgesMember,현금흐름위험회피 적립금 [구성요소]
ifrs-full_ReserveOfChangeInFairValueOfFinancialLiabilityAttributableToChangeInCreditRiskOfLiability,신용위험 변동으로 인한 금융부채의 공정가치 변동 적립금
ifrs-full_ReserveOfChangeInFairValueOfFinancialLiabilityAttributableToChangeInCreditRiskOfLiabilityMember,신용위험 변동으로 인한 금융부채의 공정가치 변동 적립금 [구성요소]
ifrs-full_ReserveOfExchangeDifferencesOnTranslation,환산 관련 외환차이 적립금
ifrs-full_ReserveOfExchangeDifferencesOnTranslationMember,환산 관련 외환차이 적립금 [구성요소]
ifrs-full_ReserveOfFinanceIncomeExpensesFromReinsuranceContractsHeldExcludedFromProfitOrLoss,당기손익에서 제외되는 보유 재보험계약의 금융수익(비용) 적립금
ifrs-full_ReserveOfFinanceIncomeExpensesFromReinsuranceContractsHeldExcludedFromProfitOrLossMember,당기손익에서 제외되는 보유 재보험계약의 금융수익(비용) 적립금 [구성요소]
ifrs-full_ReserveOfGainsAndLossesFromInvestmentsInEquityInstruments,지분상품에 대한 투자자산으로 인한 손익 적립금
ifrs-full_ReserveOfGainsAndLossesFromInvestmentsInEquityInstrumentsMember,지분상품에 대한 투자자산으로 인한 손익 적립금 [구성요소]
ifrs-full_ReserveOfGainsAndLossesOnFinancialAssetsMeasuredAtFairValueThroughOtherComprehensiveIncome,기타포괄손익-공정가치로 측정되는 금융자산의 차손익적립금
ifrs-full_ReserveOfGainsAndLossesOnFinancialAssetsMeasuredAtFairValueThroughOtherComprehensiveIncomeMember,기타포괄손익-공정가치로 측정되는 금융자산의 차손익적립금 [구성요소]
ifrs-full_ReserveOfGainsAndLossesOnHedgingInstrumentsThatHedgeInvestmentsInEquityInstruments,지분상품투자 위험회피수단 차손익 적립금
ifrs-full_ReserveOfGainsAndLossesOnHedgingInstrumentsThatHedgeInvestmentsInEquityInstrumentsMember,지분상품투자 위험회피수단 차손익 적립금 [구성요소]
ifrs-full_ReserveOfInsuranceFinanceIncomeExpensesFromInsuranceContractsIssuedExcludedFromProfitOrLossThatWillBeReclassifiedToProfitOrLoss,당기손익에서 제외되나 당기손익으로 재분류될 발행한 보험계약의 보험금융수익(비용) 적립금
ifrs-full_ReserveOfInsuranceFinanceIncomeExpensesFromInsuranceContractsIssuedExcludedFromProfitOrLossThatWillBeReclassifiedToProfitOrLossMember,당기손익에서 제외되나 당기손익으로 재분류될 발행한 보험계약의 보험금융수익(비용) 적립금 [구성요소]
ifrs-full_ReserveOfRemeasurementsOfDefinedBenefitPlans,확정급여제도의 재측정 적립금
ifrs-full_ReserveOfRemeasurementsOfDefinedBenefitPlansMember,확정급여제도의 재측정 적립금 [구성요소]
ifrs-full_ReserveOfSharebasedPayments,주식기준보상 적립금
ifrs-full_ReservesWithinEquityAxis,자본을 구성하는 적립금 [축]
ifrs-full_RestrictionsOnRealisabilityOfInvestmentPropertyOrRemittanceOfIncomeAndProceedsOfDisposalOfInvestmentProperty,투자부동산의 실현가능성에 대한 또는 임대수익과 처분대금의 송금에 대한 제약
ifrs-full_RetainedEarnings,이익잉여금
ifrs-full_RetainedEarningsMember,이익잉여금 [구성요소]
ifrs-full_ReturnOnPlanAssetsExcludingInterestIncomeOrExpenseNetOfTaxDefinedBenefitPlans,"이자수익과 이자비용 외의 사외적립자산 세후 수익, 확정급여제도"
ifrs-full_ReturnOnPlanAssetsNetDefinedBenefitLiabilityAsset,"이자에 포함된 금액을 제외한 사외적립자산의 수익, 순확정급여부채(자산)"
ifrs-full_RevaluationSurplus,재평가잉여금
ifrs-full_RevaluationSurplusMember,재평가잉여금 [구성요소]
ifrs-full_Revenue,수익(매출액)
ifrs-full_RevenueFromDividends,배당수익(매출액)
ifrs-full_RevenueFromInterest,이자수익(매출액)
ifrs-full_RevenueFromRenderingOfServicesRelatedPartyTransactions,"용역의 제공으로 인한 수익, 특수관계자거래"
ifrs-full_ReversalAllowanceAccountForCreditLossesOfFinancialAssets,"환입, 금융자산의 대손충당금"
ifrs-full_ReversalOfImpairmentLossRecognisedInProfitOrLossIntangibleAssetsOtherThanGoodwill,"당기손익으로 인식된 손상차손환입, 영업권 이외의 무형자산"
ifrs-full_RightofuseAssets,사용권자산
ifrs-full_RightofuseAssetsMember,사용권자산 [구성요소]
ifrs-full_RightsPreferencesAndRestrictionsAttachingToClassOfShareCapital,"각 종류별 주식에 부여된 권리, 우선권 및 제한사항"
ifrs-full_RiskAdjustmentForNonfinancialRiskMember,비금융위험에 대한 위험조정 [구성요소]
ifrs-full_SaleOrIssueOfTreasuryShares,자기주식의 처분 및 발행
ifrs-full_SalesFairValueMeasurementAssets,"매도, 공정가치측정, 자산"
ifrs-full_SalesFairValueMeasurementLiabilities,"매도, 공정가치측정, 부채"
ifrs-full_SalesOfPropertyAndOtherAssetsRelatedPartyTransactions,"부동산과 그 밖의 자산의 매각, 특수관계자거래"
ifrs-full_SecuredBankLoansReceived,담보부 금융기관 차입금(사채 제외)
ifrs-full_SecuritisationsMember,증권화 [구성요소]
ifrs-full_SegmentConsolidationItemsAxis,부문의 합계 [축]
ifrs-full_SegmentsAxis,부문 [축]
ifrs-full_SegmentsMember,부문 [구성요소]
ifrs-full_SellingGeneralAndAdministrativeExpense,판매 및 일반관리비
ifrs-full_SellingGeneralAndAdministrativeExpenseMember,판매비와 일반관리비 [구성요소]
ifrs-full_SeparateMember,별도재무제표 [구성요소]
ifrs-full_ServicesExpense,용역비
ifrs-full_ServicesReceivedRelatedPartyTransactions,"제공받은용역, 특수관계자거래"
ifrs-full_SettlementsFairValueMeasurementLiabilities,"결제, 공정가치측정, 부채"
ifrs-full_ShareOfOtherComprehensiveIncomeOfAssociatesAndJointVenturesAccountedForUsingEquityMethodThatWillBeReclassifiedToProfitOrLossNetOfTax,당기손익으로 재분류되는 지분법 적용대상 관계기업과 공동기업의 세후기타포괄손익에 대한 지분
ifrs-full_ShareOfProfitLossOfAssociatesAndJointVenturesAccountedForUsingEquityMethod,지분법 적용대상인 관계기업과 공동기업의 당기순손익에 대한 지분
ifrs-full_SharePremium,주식발행초과금
ifrs-full_SharePremiumMember,주식발행초과금 [구성요소]
ifrs-full_SharebasedPaymentArrangementsMember,주식기준보상약정 [구성요소]
ifrs-full_SharesInEntityHeldByEntityOrByItsSubsidiariesOrAssociates,"발행주식 중 당해 기업, 종속기업 또는 관계기업이 소유하고 있는 주식수"
ifrs-full_ShorttermDepositsClassifiedAsCashEquivalents,현금성자산으로 분류된 단기예금
ifrs-full_ShorttermDepositsNotClassifiedAsCashEquivalents,현금성자산으로 분류되지 않는 단기예금
ifrs-full_ShorttermEmployeeBenefitsExpense,단기 종업원급여비용
ifrs-full_SignificantInvestmentsInSubsidiariesAxis,종속기업 [축]
ifrs-full_SignificantUnobservableInputAssets,"유의적이지만 관측할 수 없는 투입변수, 자산"
ifrs-full_SignificantUnobservableInputLiabilities,"유의적이지만 관측할 수 없는 투입변수, 부채"
ifrs-full_StatementOfCashFlowsAbstract,현금흐름표 [개요]
ifrs-full_StatementOfChangesInEquityAbstract,자본변동표 [개요]
ifrs-full_StatementOfChangesInEquityLineItems,자본변동표 [항목]
ifrs-full_StatementOfChangesInEquityTable,자본변동표 [표]
ifrs-full_StatementOfComprehensiveIncomeAbstract,포괄손익계산서 [개요]
ifrs-full_StatementOfFinancialPositionAbstract,재무상태표 [개요]
ifrs-full_StatementThatThereWereNoTransfersBetweenLevel1AndLevel2OfFairValueHierarchyAssets,"공정가치 서열체계의 수준 1과 수준 2 사이에 이동이 없었다는 사실을 기술, 자산"
ifrs-full_StatementThatThereWereNoTransfersBetweenLevel1AndLevel2OfFairValueHierarchyLiabilities,"공정가치 서열체계의 수준 1과 수준 2 사이에 이동이 없었다는 사실을 기술, 부채"
ifrs-full_StatutoryReserveMember,법정적립금 [구성요소]
ifrs-full_SubsidiariesMember,종속기업 [구성요소]
ifrs-full_SurplusDeficitInPlanAbstract,제도의 초과(과소) 적립액 [개요]
ifrs-full_SwapContractMember,스왑계약 [구성요소]
ifrs-full_TopOfRangeMember,상위범위 [구성요소]
ifrs-full_TransferFromInvestmentPropertyUnderConstructionOrDevelopmentInvestmentProperty,건설 혹은 개발 중인 투자부동산으로부터의 대체
ifrs-full_TransferFromToInventoriesAndOwnerOccupiedPropertyInvestmentProperty,투자부동산을 재고자산이나 자가사용부동산으로 대체하거나 재고자산이나 자가사용부동산을 투자부동산으로 대체
ifrs-full_TransfersIntoLevel3OfFairValueHierarchyAssets,"공정가치 서열체계 수준 3으로의 이동, 자산"
ifrs-full_TransfersIntoLevel3OfFairValueHierarchyLiabilities,"공정가치 서열체계 수준 3으로의 이동, 부채"
ifrs-full_TransfersOutOfLevel3OfFairValueHierarchyAssets,"공정가치 서열체계 수준 3으로부터의 이동, 자산"
ifrs-full_TransfersOutOfLevel3OfFairValueHierarchyLiabilities,"공정가치 서열체계 수준 3으로부터의 이동, 부채"
ifrs-full_TreasuryShares,자기주식
ifrs-full_TwelvemonthExpectedCreditLossesMember,12개월 기대신용손실 [구성요소]
ifrs-full_TypeOfMeasurementOfExpectedCreditLossesAxis,기대신용손실 측정의 유형 [축]
ifrs-full_TypeOfMeasurementOfExpectedCreditLossesMember,기대신용손실 측정의 유형 [구성요소]
ifrs-full_TypesOfContractsAxis,계약의 유형 [축]
ifrs-full_TypesOfContractsMember,계약의 유형 [구성요소]
ifrs-full_TypesOfCustomersAxis,고객의 유형 [축]
ifrs-full_TypesOfCustomersMember,고객의 유형 [구성요소]
ifrs-full_TypesOfFinancialAssetsAxis,금융자산의 유형 [축]
ifrs-full_TypesOfFinancialLiabilitiesAxis,금융부채 유형 [축]
ifrs-full_TypesOfHedgesAxis,위험회피유형 [축]
ifrs-full_TypesOfHedgesMember,위험회피 [구성요소]
ifrs-full_TypesOfInsuranceContractsAxis,보험계약의 유형 [축]
ifrs-full_TypesOfInterestRatesAxis,이자율 유형 [축]
ifrs-full_TypesOfRisksAxis,위험 유형 [축]
ifrs-full_TypesOfRisksMember,위험 [구성요소]
ifrs-full_TypesOfSharebasedPaymentArrangementsAxis,주식기준보상약정의 유형 [축]
ifrs-full_TypesOfTransferMember,양도의 유형 [구성요소]
ifrs-full_UnallocatedAmountsMember,미배분액 [구성요소]
ifrs-full_UndiscountedFinanceLeasePaymentsToBeReceived,받게 될 할인되지 않은 금융 리스료
ifrs-full_UndiscountedOperatingLeasePaymentsToBeReceived,받게 될 할인되지 않은 운용 리스료
ifrs-full_UndrawnBorrowingFacilities,차입한도 중 미사용금액
ifrs-full_UnearnedFinanceIncomeRelatingToFinanceLeasePaymentsReceivable,금융리스채권에 관련되는 미실현 금융수익
ifrs-full_UnobservableInputsAxis,관측할 수 없는 투입변수 [축]
ifrs-full_UnobservableInputsMember,관측할 수 없는 투입변수 [구성요소]
ifrs-full_UnusedProvisionReversedOtherProvisions,"환입된 충당부채, 기타충당부채"
ifrs-full_ValuationTechniquesMember,평가기법 [구성요소]
ifrs-full_ValuationTechniquesUsedInFairValueMeasurementAxis,공정가치측정에 사용된 평가기법 [축]
ifrs-full_ValueAddedTaxPayables,부가가치세 미지급금
ifrs-full_ValueAddedTaxReceivables,부가세미수금
ifrs-full_VehiclesMember,차량운반구 [구성요소]
ifrs-full_WagesAndSalaries,임금
ifrs-full_WeightedAverageCostOfCapitalMeasurementInputMember,"가중평균자본비용, 측정 투입변수 [구성요소]"
ifrs-full_WeightedAverageDurationOfDefinedBenefitObligation2019,확정급여채무의 가중평균만기
ifrs-full_WeightedAverageExercisePriceOfShareOptionsGrantedInSharebasedPaymentArrangement2019,주식기준보상약정 중 부여된 주식선택권의 가중평균행사가격
ifrs-full_WeightedAverageFairValueAtMeasurementDateShareOptionsGranted,"측정기준일 현재 공정가치의 가중평균, 부여한 주식선택권"
ifrs-full_WeightedAverageNumberOfInstrumentsUsedInCalculatingBasicEarningsLossPerInstrumentParticipatingEquityInstrumentsOtherThanOrdinaryShares,기본주당이익(손실)의 계산에 사용되는 보통주 외의 참가적 지분상품의 가중평균주식수
ifrs-full_WeightedAverageShares,가중평균유통보통주식수
